sector,trading_date,open,high,low,close,volume
1JANATAMF,01-01-15,5.1,5.3,5.1,5.3,91470
1JANATAMF,01-05-15,5.1,5.2,5.1,5.1,26123
1JANATAMF,01-06-15,5.2,5.3,5.1,5.2,78987
1JANATAMF,01-07-15,5.1,5.2,5.1,5.2,98861
1JANATAMF,01-08-15,5.1,5.3,5,5.2,103256
1JANATAMF,01-11-15,5.1,5.2,5.1,5.2,64717
1JANATAMF,01-12-15,5.1,5.2,5.1,5.1,34650
1JANATAMF,13-01-15,5.1,5.2,5.1,5.1,86072
1JANATAMF,14-01-15,5.2,5.3,5.1,5.2,113400
1JANATAMF,15-01-15,5.1,5.3,5.1,5.2,284893
1JANATAMF,18-01-15,5.2,5.2,5.1,5.1,61432
1JANATAMF,19-01-15,5.1,5.3,5.1,5.2,242408
1JANATAMF,20-01-15,5.1,5.2,5.1,5.1,20924
1JANATAMF,21-01-15,5.1,5.2,5.1,5.1,73675
1JANATAMF,22-01-15,5.1,5.2,5.1,5.1,19805
1JANATAMF,25-01-15,5.1,5.1,5,5,22283
1JANATAMF,26-01-15,5,5.1,4.9,5,38128
1JANATAMF,27-01-15,5,5.1,5,5.1,142284
1JANATAMF,28-01-15,5.1,5.2,5.1,5.1,63154
1JANATAMF,29-01-15,5.1,5.1,5,5.1,32330
1JANATAMF,02-01-15,5,5,4.8,5,78515
1JANATAMF,02-02-15,4.9,5,4.9,5,112541
1JANATAMF,02-03-15,4.9,5.2,4.9,5.1,214820
1JANATAMF,02-04-15,5.1,5.2,5,5.1,148262
1JANATAMF,02-05-15,5,5.1,5,5.1,80424
1JANATAMF,02-08-15,5,5.1,5,5,142314
1JANATAMF,02-09-15,5,5.1,4.9,5,63800
1JANATAMF,02-10-15,5,5.1,5,5,69826
1JANATAMF,02-11-15,5,5.1,4.9,5,102914
1JANATAMF,02-12-15,5,5.1,4.9,5,59240
1JANATAMF,15-02-15,5,5.1,5,5,81620
1JANATAMF,16-02-15,5,5.1,5,5,83642
1JANATAMF,17-02-15,5,5.1,5,5,88870
1JANATAMF,18-02-15,5,5.1,5,5,132968
1JANATAMF,19-02-15,4.9,5.1,4.9,5.1,162044
1JANATAMF,22-02-15,5,5,4.9,5,68580
1JANATAMF,23-02-15,5,5,4.9,4.9,94050
1JANATAMF,24-02-15,4.9,5,4.9,5,109090
1JANATAMF,25-02-15,5,5,4.9,5,100346
1JANATAMF,26-02-15,4.9,5,4.9,5,38653
1JANATAMF,03-01-15,5,5,4.9,5,51957
1JANATAMF,03-02-15,4.9,5,4.9,5,95485
1JANATAMF,03-03-15,4.9,5,4.9,4.9,26163
1JANATAMF,03-04-15,5,5,4.9,5,145248
1JANATAMF,03-05-15,4.9,4.9,4.8,4.8,181417
1JANATAMF,03-08-15,4.8,4.9,4.8,4.9,7937
1JANATAMF,03-09-15,4.8,4.9,4.8,4.8,33055
1JANATAMF,03-10-15,4.8,4.9,4.8,4.8,70304
1JANATAMF,03-11-15,4.8,4.8,4.8,4.8,62504
1JANATAMF,03-12-15,4.6,4.8,4.6,4.7,49733
1JANATAMF,15-03-15,4.8,4.8,4.7,4.7,21679
1JANATAMF,16-03-15,4.6,4.8,4.6,4.7,6694
1JANATAMF,18-03-15,4.7,4.8,4.7,4.7,49955
1JANATAMF,19-03-15,4.6,4.9,4.6,4.8,47934
1JANATAMF,22-03-15,4.7,4.9,4.7,4.8,29755
1JANATAMF,23-03-15,4.8,4.9,4.6,4.6,236203
1JANATAMF,24-03-15,4.7,4.8,4.7,4.8,53221
1JANATAMF,25-03-15,4.7,4.7,4.6,4.6,34158
1JANATAMF,29-03-15,4.6,4.7,4.6,4.6,98489
1JANATAMF,30-03-15,4.6,4.7,4.5,4.6,141667
1JANATAMF,31-03-15,4.6,4.6,4.5,4.5,25273
1JANATAMF,04-01-15,4.5,4.6,4.5,4.6,46311
1JANATAMF,04-02-15,4.5,4.6,4.5,4.6,91511
1JANATAMF,04-05-15,4.6,4.6,4.3,4.5,37355
1JANATAMF,04-06-15,4.5,4.5,4.3,4.5,27386
1JANATAMF,04-07-15,4.3,4.4,4.3,4.3,83382
1JANATAMF,04-08-15,4.3,4.5,4.3,4.3,77769
1JANATAMF,04-09-15,4.3,4.3,4.1,4.1,283615
1JANATAMF,04-12-15,4.1,4.3,4.1,4.1,19511
1JANATAMF,13-04-15,4,4.2,4,4.1,32863
1JANATAMF,15-04-15,4.1,4.2,4.1,4.2,51600
1JANATAMF,16-04-15,4.2,4.3,4.1,4.1,52906
1JANATAMF,19-04-15,4.1,4.3,4.1,4.2,55101
1JANATAMF,20-04-15,4.1,4.2,4.1,4.1,35879
1JANATAMF,21-04-15,4.1,4.2,4.1,4.2,54166
1JANATAMF,22-04-15,4.1,4.3,4.1,4.1,58222
1JANATAMF,23-04-15,4.1,4.2,4.1,4.1,80119
1JANATAMF,26-04-15,4.2,4.2,4.1,4.2,30710
1JANATAMF,27-04-15,4.1,4.2,4.1,4.1,593554
1JANATAMF,29-04-15,4.2,4.2,4.1,4.1,37007
1JANATAMF,30-04-15,4.1,4.2,4.1,4.2,80682
1JANATAMF,05-04-15,4.1,4.1,4,4.1,38460
1JANATAMF,05-05-15,4.2,4.2,4,4.1,42812
1JANATAMF,05-06-15,4,4.1,4,4.1,28108
1JANATAMF,05-07-15,4.1,4.3,4.1,4.2,93995
1JANATAMF,05-10-15,4.3,4.6,4.2,4.6,386695
1JANATAMF,05-11-15,4.5,4.8,4.5,4.8,269914
1JANATAMF,05-12-15,4.9,5.2,4.9,5,584965
1JANATAMF,13-05-15,5,5.2,4.6,4.9,207865
1JANATAMF,14-05-15,4.9,4.9,4.6,4.7,147879
1JANATAMF,17-05-15,4.6,4.8,4.5,4.6,131944
1JANATAMF,18-05-15,4.5,4.8,4.5,4.8,80314
1JANATAMF,19-05-15,4.8,4.9,4.7,4.8,133941
1JANATAMF,20-05-15,4.7,4.9,4.7,4.8,121724
1JANATAMF,21-05-15,4.7,4.9,4.7,4.8,259899
1JANATAMF,24-05-15,4.7,4.9,4.7,4.8,15845
1JANATAMF,25-05-15,4.7,4.8,4.7,4.8,211499
1JANATAMF,26-05-15,4.8,5,4.8,4.9,430948
1JANATAMF,27-05-15,4.8,5,4.8,4.9,283485
1JANATAMF,28-05-15,4.9,4.9,4.7,4.7,402056
1JANATAMF,31-05-15,4.7,4.8,4.7,4.7,93270
1JANATAMF,06-01-15,4.7,4.8,4.7,4.8,470540
1JANATAMF,06-02-15,4.7,4.9,4.7,4.9,408494
1JANATAMF,06-04-15,4.9,4.9,4.7,4.7,54952
1JANATAMF,06-07-15,4.8,4.8,4.7,4.7,55117
1JANATAMF,06-08-15,4.7,4.8,4.7,4.7,137552
1JANATAMF,06-09-15,4.8,4.9,4.7,4.7,242076
1JANATAMF,06-10-15,4.8,4.9,4.7,4.8,364390
1JANATAMF,06-11-15,4.8,5,4.8,4.9,333593
1JANATAMF,14-06-15,4.9,4.9,4.8,4.8,146116
1JANATAMF,15-06-15,4.8,4.9,4.7,4.8,159330
1JANATAMF,16-06-15,4.8,4.9,4.7,4.7,35915
1JANATAMF,17-06-15,4.7,4.9,4.7,4.8,53105
1JANATAMF,18-06-15,4.7,4.9,4.7,4.8,93459
1JANATAMF,21-06-15,4.7,4.9,4.7,4.8,28959
1JANATAMF,22-06-15,4.7,4.9,4.7,4.7,91091
1JANATAMF,23-06-15,4.7,4.8,4.7,4.7,94462
1JANATAMF,24-06-15,4.7,4.8,4.7,4.7,62727
1JANATAMF,25-06-15,4.7,4.8,4.7,4.7,33744
1JANATAMF,28-06-15,4.8,4.8,4.7,4.7,333763
1JANATAMF,29-06-15,4.7,4.8,4.7,4.8,282954
1JANATAMF,30-06-15,4.7,4.8,4.7,4.8,295061
1JANATAMF,07-02-15,4.8,4.8,4.7,4.8,77892
1JANATAMF,07-05-15,4.7,4.9,4.7,4.9,189133
1JANATAMF,07-06-15,4.8,4.9,4.8,4.8,45529
1JANATAMF,07-07-15,4.8,4.9,4.8,4.9,53852
1JANATAMF,07-08-15,4.9,4.9,4.8,4.9,122276
1JANATAMF,07-09-15,4.8,4.9,4.8,4.9,82785
1JANATAMF,07-12-15,4.9,5.1,4.9,5.1,624715
1JANATAMF,13-07-15,5.1,5.2,5,5.1,693171
1JANATAMF,14-07-15,5,5.3,5,5.2,529626
1JANATAMF,21-07-15,5.2,5.3,5.1,5.1,124211
1JANATAMF,22-07-15,5.1,5.2,5,5.1,156422
1JANATAMF,23-07-15,5,5.1,5,5.1,209254
1JANATAMF,26-07-15,5.1,5.2,5.1,5.2,183419
1JANATAMF,27-07-15,5.2,5.3,5.1,5.2,216980
1JANATAMF,28-07-15,5.2,5.4,5.2,5.3,486410
1JANATAMF,29-07-15,5.3,5.5,5.2,5.4,1310802
1JANATAMF,30-07-15,5.3,5.5,5.3,5.4,391674
1JANATAMF,08-02-15,5.4,5.7,5.3,5.6,623507
1JANATAMF,08-03-15,5.6,5.7,5.5,5.6,414591
1JANATAMF,08-04-15,5.5,5.7,5.5,5.6,672774
1JANATAMF,08-05-15,5.6,5.6,5.4,5.5,311800
1JANATAMF,08-06-15,5.4,5.5,5.3,5.4,302051
1JANATAMF,08-09-15,5.5,5.5,5.2,5.3,170561
1JANATAMF,08-10-15,5.2,5.4,5.2,5.3,382690
1JANATAMF,08-11-15,5.2,5.3,5.1,5.2,326060
1JANATAMF,08-12-15,5.2,5.4,5.2,5.3,147959
1JANATAMF,13-08-15,5.3,5.4,5.3,5.3,154954
1JANATAMF,16-08-15,5.5,5.5,5.1,5.1,780893
1JANATAMF,17-08-15,5.2,5.2,4.9,5,785091
1JANATAMF,18-08-15,5,5,4.9,4.9,557025
1JANATAMF,19-08-15,4.9,5,4.8,4.9,253721
1JANATAMF,20-08-15,4.9,5,4.8,4.9,217741
1JANATAMF,23-08-15,4.8,5,4.8,4.9,134321
1JANATAMF,24-08-15,4.9,5,4.9,4.9,169710
1JANATAMF,25-08-15,5,5,4.9,4.9,225964
1JANATAMF,26-08-15,4.8,5,4.8,4.9,72982
1JANATAMF,27-08-15,5,5,4.9,5,224723
1JANATAMF,30-08-15,5,5.1,4.9,5,236770
1JANATAMF,31-08-15,5,5,4.9,5,157729
1JANATAMF,09-01-15,5,5,4.9,4.9,132161
1JANATAMF,09-02-15,4.9,5,4.9,4.9,199972
1JANATAMF,09-06-15,4.1,4.5,4.1,4.5,400873
1JANATAMF,09-07-15,4.4,4.6,4.4,4.5,298410
1JANATAMF,09-08-15,4.6,4.7,4.5,4.6,799912
1JANATAMF,09-09-15,4.6,4.8,4.6,4.6,140672
1JANATAMF,09-10-15,4.6,4.7,4.5,4.5,205425
1JANATAMF,13-09-15,4.5,4.6,4.5,4.5,47198
1JANATAMF,14-09-15,4.5,4.6,4.5,4.5,197107
1JANATAMF,15-09-15,4.6,4.7,4.5,4.6,109573
1JANATAMF,16-09-15,4.5,4.6,4.5,4.6,225086
1JANATAMF,17-09-15,4.5,4.6,4.5,4.6,72735
1JANATAMF,20-09-15,4.5,4.7,4.5,4.6,112561
1JANATAMF,21-09-15,4.6,4.6,4.5,4.5,207185
1JANATAMF,22-09-15,4.6,4.6,4.5,4.5,453650
1JANATAMF,28-09-15,4.5,4.6,4.5,4.5,217128
1JANATAMF,29-09-15,4.5,4.6,4.5,4.5,57050
1JANATAMF,30-09-15,4.5,4.6,4.5,4.6,72901
1JANATAMF,10-01-15,4.6,4.7,4.5,4.7,385643
1JANATAMF,10-04-15,4.7,4.8,4.6,4.7,355286
1JANATAMF,10-05-15,4.6,4.6,4.5,4.6,315093
1JANATAMF,10-06-15,4.5,4.7,4.5,4.6,335512
1JANATAMF,10-07-15,4.7,4.9,4.6,4.8,1401503
1JANATAMF,10-08-15,4.8,4.9,4.7,4.8,412976
1JANATAMF,10-11-15,4.9,4.9,4.7,4.8,925775
1JANATAMF,10-12-15,4.8,4.9,4.8,4.9,414197
1JANATAMF,13-10-15,4.9,5,4.7,4.8,718469
1JANATAMF,14-10-15,4.8,4.8,4.7,4.7,133572
1JANATAMF,15-10-15,4.7,4.8,4.6,4.7,446809
1JANATAMF,18-10-15,4.7,4.7,4.5,4.5,533682
1JANATAMF,19-10-15,4.5,4.7,4.5,4.6,264737
1JANATAMF,20-10-15,4.5,4.6,4.5,4.6,151516
1JANATAMF,21-10-15,4.5,4.7,4.5,4.6,273348
1JANATAMF,25-10-15,4.5,4.6,4.5,4.5,212745
1JANATAMF,26-10-15,4.5,4.6,4.5,4.5,96873
1JANATAMF,27-10-15,4.5,4.6,4.5,4.5,170181
1JANATAMF,28-10-15,4.5,4.6,4.4,4.5,167106
1JANATAMF,29-10-15,4.5,4.6,4.5,4.5,211150
1JANATAMF,11-01-15,4.5,4.6,4.4,4.4,148397
1JANATAMF,11-02-15,4.4,4.5,4.4,4.5,423972
1JANATAMF,11-03-15,4.5,4.6,4.5,4.5,252430
1JANATAMF,11-04-15,4.5,4.6,4.4,4.5,92126
1JANATAMF,11-05-15,4.5,4.6,4.4,4.4,184754
1JANATAMF,11-08-15,4.4,4.5,4.4,4.4,214183
1JANATAMF,11-09-15,4.4,4.5,4.4,4.4,316843
1JANATAMF,11-10-15,4.4,4.5,4.3,4.3,189059
1JANATAMF,11-11-15,4.4,4.4,4.2,4.3,367861
1JANATAMF,11-12-15,4.3,4.3,4,4.2,699188
1JANATAMF,15-11-15,4.3,4.3,4.1,4.2,135426
1JANATAMF,16-11-15,4.1,4.3,4.1,4.3,103370
1JANATAMF,17-11-15,4.3,4.3,4.2,4.3,142890
1JANATAMF,18-11-15,4.2,4.4,4.2,4.3,35584
1JANATAMF,19-11-15,4.3,4.4,4.3,4.4,164159
1JANATAMF,22-11-15,4.4,4.4,4.3,4.4,298414
1JANATAMF,23-11-15,4.4,4.5,4.3,4.4,138901
1JANATAMF,24-11-15,4.4,4.5,4.3,4.4,72368
1JANATAMF,25-11-15,4.3,4.4,4.3,4.3,27013
1JANATAMF,26-11-15,4.4,4.5,4.3,4.4,65858
1JANATAMF,29-11-15,4.3,4.4,4.3,4.4,148256
1JANATAMF,30-11-15,4.3,4.4,4.3,4.3,206191
1JANATAMF,12-01-15,4.3,4.4,4.3,4.3,52165
1JANATAMF,12-02-15,4.4,4.4,4.3,4.3,437832
1JANATAMF,12-03-15,4.3,4.4,4.3,4.3,66340
1JANATAMF,12-06-15,4.3,4.4,4.3,4.3,158510
1JANATAMF,12-07-15,4.3,4.4,4.2,4.3,350751
1JANATAMF,12-08-15,4.3,4.4,4.3,4.3,302109
1JANATAMF,12-09-15,4.3,4.4,4.3,4.3,110232
1JANATAMF,12-10-15,4.3,4.4,4.2,4.3,421361
1JANATAMF,13-12-15,4.3,4.3,4.2,4.2,326444
1JANATAMF,14-12-15,4.2,4.4,4.2,4.3,252485
1JANATAMF,15-12-15,4.3,4.3,4.2,4.3,139886
1JANATAMF,17-12-15,4.2,4.3,4.2,4.3,63106
1JANATAMF,20-12-15,4.2,4.3,4.2,4.3,333055
1JANATAMF,21-12-15,4.2,4.4,4.2,4.4,326512
1JANATAMF,22-12-15,4.3,4.3,4.2,4.3,114702
1JANATAMF,23-12-15,4.3,4.3,4.2,4.2,292095
1JANATAMF,24-12-15,4.2,4.3,4.2,4.3,205031
1JANATAMF,27-12-15,4.3,4.3,4.2,4.2,338070
1JANATAMF,28-12-15,4.2,4.3,4.2,4.3,131964
1JANATAMF,29-12-15,4.2,4.3,4.2,4.2,260942
1JANATAMF,30-12-15,4.3,4.3,4.2,4.3,240322
1JANATAMF,31-12-15,4.3,4.3,4.2,4.3,87878
DBH1STMF,01-01-15,4.6,4.7,4.6,4.7,46749
DBH1STMF,01-05-15,4.7,4.7,4.6,4.6,35935
DBH1STMF,01-06-15,4.6,4.6,4.3,4.4,520450
DBH1STMF,01-07-15,4.6,4.6,4.5,4.6,66402
DBH1STMF,01-08-15,4.5,4.6,4.5,4.6,202283
DBH1STMF,01-11-15,4.5,4.7,4.5,4.6,68050
DBH1STMF,01-12-15,4.6,4.7,4.5,4.6,26025
DBH1STMF,13-01-15,4.5,4.6,4.5,4.6,42950
DBH1STMF,14-01-15,4.6,4.7,4.5,4.6,57225
DBH1STMF,15-01-15,4.5,4.7,4.5,4.6,80255
DBH1STMF,18-01-15,4.5,4.6,4.5,4.5,97900
DBH1STMF,19-01-15,4.5,4.6,4.4,4.5,103083
DBH1STMF,20-01-15,4.5,4.5,4.4,4.5,70670
DBH1STMF,21-01-15,4.5,4.5,4.4,4.4,70500
DBH1STMF,22-01-15,4.6,4.7,4.5,4.5,179217
DBH1STMF,25-01-15,4.4,4.5,4.3,4.4,119400
DBH1STMF,26-01-15,4.5,4.7,4.4,4.6,60370
DBH1STMF,27-01-15,4.3,4.5,4.3,4.4,161700
DBH1STMF,28-01-15,4.3,4.5,4.3,4.4,133900
DBH1STMF,29-01-15,4.3,4.4,4.3,4.3,133067
DBH1STMF,02-01-15,4.3,4.3,4.2,4.3,89821
DBH1STMF,02-02-15,4.3,4.3,4.2,4.3,149624
DBH1STMF,02-03-15,4.3,4.5,4.3,4.4,76730
DBH1STMF,02-04-15,4.4,4.5,4.4,4.5,138291
DBH1STMF,02-05-15,4.4,4.5,4.4,4.5,23373
DBH1STMF,02-08-15,4.5,4.5,4.4,4.4,23002
DBH1STMF,02-09-15,4.4,4.4,4.4,4.4,65419
DBH1STMF,02-10-15,4.4,4.5,4.3,4.5,188229
DBH1STMF,02-11-15,4.5,4.6,4.4,4.5,114122
DBH1STMF,02-12-15,4.4,4.6,4.4,4.6,153703
DBH1STMF,15-02-15,4.5,4.6,4.5,4.6,244369
DBH1STMF,16-02-15,4.5,4.6,4.5,4.6,259084
DBH1STMF,17-02-15,4.6,4.7,4.6,4.6,61773
DBH1STMF,18-02-15,4.6,4.7,4.6,4.7,86000
DBH1STMF,19-02-15,4.5,4.7,4.5,4.6,9500
DBH1STMF,22-02-15,4.5,4.6,4.5,4.6,85700
DBH1STMF,23-02-15,4.6,4.6,4.5,4.6,205500
DBH1STMF,24-02-15,4.6,4.6,4.6,4.6,236400
DBH1STMF,25-02-15,4.6,4.6,4.5,4.6,212300
DBH1STMF,26-02-15,4.5,4.6,4.5,4.5,74500
DBH1STMF,03-01-15,4.5,4.5,4.4,4.4,145875
DBH1STMF,03-02-15,4.4,4.5,4.4,4.4,24600
DBH1STMF,03-03-15,4.4,4.6,4.4,4.5,77500
DBH1STMF,03-04-15,4.5,4.6,4.5,4.6,256850
DBH1STMF,03-05-15,4.5,4.5,4.5,4.5,31000
DBH1STMF,03-08-15,4.4,4.6,4.4,4.5,8600
DBH1STMF,03-09-15,4.5,4.5,4.4,4.5,27690
DBH1STMF,03-10-15,4.4,4.6,4.4,4.4,45274
DBH1STMF,03-11-15,4.4,4.5,4.4,4.5,72756
DBH1STMF,03-12-15,4.4,4.5,4.4,4.5,24840
DBH1STMF,15-03-15,4.5,4.5,4.3,4.4,47600
DBH1STMF,16-03-15,4.4,4.5,4.3,4.4,59000
DBH1STMF,18-03-15,4.1,4.5,4.1,4.3,55000
DBH1STMF,19-03-15,4.4,4.4,4.3,4.4,19900
DBH1STMF,22-03-15,4.3,4.4,4,4.1,227250
DBH1STMF,23-03-15,4.2,4.2,4,4.1,337400
DBH1STMF,24-03-15,4.1,4.2,4.1,4.2,75000
DBH1STMF,25-03-15,4.1,4.2,4,4.1,121800
DBH1STMF,29-03-15,4.1,4.2,4.1,4.2,28350
DBH1STMF,30-03-15,4.2,4.2,4,4.1,247020
DBH1STMF,31-03-15,4.1,4.2,4,4.1,50780
DBH1STMF,04-01-15,4.1,4.2,4.1,4.1,16000
DBH1STMF,04-02-15,4,4.1,4,4.1,186250
DBH1STMF,04-05-15,4,4.2,4,4.1,222000
DBH1STMF,04-06-15,4,4,4,4,68600
DBH1STMF,04-07-15,4,4.1,3.8,3.9,305950
DBH1STMF,04-08-15,3.8,3.9,3.8,3.9,83800
DBH1STMF,04-09-15,3.9,3.9,3.8,3.9,88650
DBH1STMF,04-12-15,3.9,3.9,3.8,3.8,21000
DBH1STMF,13-04-15,3.9,3.9,3.6,3.7,98678
DBH1STMF,15-04-15,3.7,3.9,3.7,3.9,55412
DBH1STMF,16-04-15,3.8,3.9,3.8,3.9,151500
DBH1STMF,19-04-15,3.9,4,3.8,3.9,83700
DBH1STMF,20-04-15,3.8,4,3.8,3.9,147450
DBH1STMF,21-04-15,3.9,3.9,3.9,3.9,119422
DBH1STMF,22-04-15,3.8,3.9,3.7,3.8,117852
DBH1STMF,23-04-15,3.7,3.8,3.7,3.7,117100
DBH1STMF,26-04-15,3.8,3.9,3.7,3.8,41400
DBH1STMF,27-04-15,3.9,4,3.8,3.9,103200
DBH1STMF,29-04-15,3.8,3.9,3.7,3.7,92000
DBH1STMF,30-04-15,3.8,3.8,3.7,3.7,45800
DBH1STMF,05-04-15,3.7,3.7,3.7,3.7,238520
DBH1STMF,05-05-15,3.7,3.8,3.7,3.8,78100
DBH1STMF,05-06-15,3.7,3.9,3.7,3.9,215937
DBH1STMF,05-07-15,3.9,4,3.9,4,170600
DBH1STMF,05-10-15,4,4.3,4,4.2,92750
DBH1STMF,05-11-15,4.4,4.4,4,4.3,110925
DBH1STMF,05-12-15,4.4,4.7,4.4,4.5,711760
DBH1STMF,13-05-15,4.6,4.6,4.3,4.4,117325
DBH1STMF,14-05-15,4.3,4.3,4.1,4.3,119100
DBH1STMF,17-05-15,4.1,4.2,4.1,4.1,64800
DBH1STMF,18-05-15,4.1,4.4,4.1,4.3,94050
DBH1STMF,19-05-15,4.2,4.4,4.1,4.2,175600
DBH1STMF,20-05-15,4.1,4.2,4,4.1,322310
DBH1STMF,21-05-15,4.1,4.2,4,4.1,216400
DBH1STMF,24-05-15,4,4.2,4,4.2,8000
DBH1STMF,25-05-15,4,4.3,4,4.2,145149
DBH1STMF,26-05-15,4.2,4.3,4.1,4.2,109900
DBH1STMF,27-05-15,4.1,4.2,4,4.1,82402
DBH1STMF,28-05-15,4.1,4.1,4,4.1,90750
DBH1STMF,31-05-15,4.1,4.1,4,4,50200
DBH1STMF,06-01-15,4,4.1,3.9,4,72900
DBH1STMF,06-02-15,4,4.1,3.9,4,126970
DBH1STMF,06-04-15,4,4.1,4,4,133980
DBH1STMF,06-07-15,4.1,4.1,4,4,52070
DBH1STMF,06-08-15,4,4,3.8,3.8,253615
DBH1STMF,06-09-15,4,4,3.9,3.9,28200
DBH1STMF,06-10-15,4,4.1,3.9,3.9,191255
DBH1STMF,06-11-15,3.9,4,3.9,4,51500
DBH1STMF,14-06-15,4,4,3.8,3.8,94500
DBH1STMF,15-06-15,3.7,3.9,3.7,3.8,20500
DBH1STMF,16-06-15,4,4,3.8,3.9,39658
DBH1STMF,17-06-15,3.8,3.9,3.8,3.8,78500
DBH1STMF,18-06-15,3.9,4,3.8,3.8,56349
DBH1STMF,21-06-15,3.9,3.9,3.7,3.8,130470
DBH1STMF,22-06-15,3.8,3.8,3.8,3.8,44129
DBH1STMF,23-06-15,3.8,3.9,3.8,3.8,66110
DBH1STMF,24-06-15,3.8,4,3.8,3.9,115881
DBH1STMF,25-06-15,3.8,4,3.8,3.9,42024
DBH1STMF,28-06-15,3.8,3.9,3.8,3.8,13919
DBH1STMF,29-06-15,3.8,3.9,3.8,3.8,79305
DBH1STMF,30-06-15,3.8,3.9,3.8,3.8,59819
DBH1STMF,07-02-15,3.8,3.9,3.8,3.9,49290
DBH1STMF,07-05-15,3.8,3.9,3.8,3.9,119100
DBH1STMF,07-06-15,3.9,3.9,3.8,3.9,135095
DBH1STMF,07-07-15,3.8,4,3.8,3.9,31300
DBH1STMF,07-08-15,3.9,4,3.9,4,109066
DBH1STMF,07-09-15,3.9,4.1,3.9,4,111008
DBH1STMF,07-12-15,4,4.3,4,4.2,597505
DBH1STMF,13-07-15,4.3,4.3,4.2,4.3,280445
DBH1STMF,14-07-15,4.2,4.3,4.2,4.3,406798
DBH1STMF,21-07-15,4.3,4.4,4.2,4.3,82884
DBH1STMF,22-07-15,4.3,4.3,4.1,4.2,138166
DBH1STMF,23-07-15,4.2,4.3,4.1,4.2,211032
DBH1STMF,26-07-15,4.2,4.3,4.1,4.2,299166
DBH1STMF,27-07-15,4.2,4.3,4.1,4.2,125808
DBH1STMF,28-07-15,4.2,4.4,4.2,4.4,482719
DBH1STMF,29-07-15,4.4,4.5,4.3,4.3,468105
DBH1STMF,30-07-15,4.4,4.4,4.3,4.3,403300
DBH1STMF,08-02-15,4.3,4.5,4.3,4.4,435295
DBH1STMF,08-03-15,4.4,4.5,4.4,4.4,365779
DBH1STMF,08-04-15,4.4,4.5,4.4,4.4,251300
DBH1STMF,08-05-15,4.4,4.5,4.4,4.5,380270
DBH1STMF,08-06-15,4.5,4.6,4.4,4.5,360750
DBH1STMF,08-09-15,4.5,4.5,4.4,4.5,279640
DBH1STMF,08-10-15,4.5,4.5,4.4,4.4,266140
DBH1STMF,08-11-15,4.4,4.5,4.3,4.4,322200
DBH1STMF,08-12-15,4.3,4.4,4.3,4.4,70740
DBH1STMF,13-08-15,4.4,4.4,4.3,4.4,276696
DBH1STMF,16-08-15,4.4,4.5,4.3,4.4,264600
DBH1STMF,17-08-15,4.3,4.4,4.3,4.3,338000
DBH1STMF,18-08-15,4.3,4.4,4.3,4.4,579226
DBH1STMF,19-08-15,4.3,4.4,4.3,4.3,124100
DBH1STMF,20-08-15,4.3,4.4,4.3,4.3,229254
DBH1STMF,23-08-15,4.3,4.4,4.3,4.3,70062
DBH1STMF,24-08-15,4.3,4.4,4.3,4.3,61380
DBH1STMF,25-08-15,4.3,4.3,4.3,4.3,29480
DBH1STMF,26-08-15,4.3,4.4,4.3,4.3,129800
DBH1STMF,27-08-15,4.3,4.4,4.2,4.3,127904
DBH1STMF,30-08-15,4.2,4.3,4.2,4.3,63335
DBH1STMF,31-08-15,4.2,4.4,4.2,4.3,135893
DBH1STMF,09-01-15,4.3,4.3,4.2,4.3,74801
DBH1STMF,09-02-15,4.3,4.4,4.3,4.4,300200
DBH1STMF,09-03-15,4.3,4.5,4.3,4.4,530244
DBH1STMF,09-07-15,4.2,4.4,4.1,4.3,475541
DBH1STMF,09-08-15,4.3,4.6,4.3,4.5,581702
DBH1STMF,09-09-15,4.4,4.7,4.4,4.5,955770
DBH1STMF,09-10-15,4.6,4.6,4.4,4.5,746000
DBH1STMF,13-09-15,4.5,4.6,4.5,4.6,1132093
DBH1STMF,14-09-15,4.6,4.7,4.5,4.6,592717
DBH1STMF,15-09-15,4.6,4.8,4.6,4.8,874150
DBH1STMF,16-09-15,4.8,5,4.7,4.9,1022400
DBH1STMF,17-09-15,4.8,4.9,4.7,4.8,591160
DBH1STMF,20-09-15,4.9,4.9,4.7,4.7,33089
DBH1STMF,21-09-15,4.7,4.7,4.5,4.6,347000
DBH1STMF,22-09-15,4.6,4.6,4.4,4.5,118806
DBH1STMF,28-09-15,4.5,4.5,4.4,4.4,50527
DBH1STMF,29-09-15,4.4,4.5,4.3,4.4,1396820
DBH1STMF,30-09-15,4.4,4.7,4.4,4.6,398155
DBH1STMF,10-01-15,4.7,4.9,4.7,4.9,1154625
DBH1STMF,10-04-15,4.8,5.1,4.8,5,854549
DBH1STMF,10-05-15,4.9,4.9,4.8,4.9,261300
DBH1STMF,10-06-15,4.8,5,4.8,4.9,322102
DBH1STMF,10-07-15,4.9,5.3,4.9,5.3,1877301
DBH1STMF,10-08-15,5.3,5.7,5.3,5.5,1284768
DBH1STMF,10-11-15,5.4,5.6,5.2,5.5,1002432
DBH1STMF,10-12-15,5.5,5.7,5.5,5.5,1066625
DBH1STMF,13-10-15,5.5,5.6,5.4,5.5,1507430
DBH1STMF,14-10-15,5.4,5.5,5.4,5.4,915453
DBH1STMF,15-10-15,5.4,5.5,5.3,5.3,540435
DBH1STMF,18-10-15,5.3,5.4,5.2,5.3,2091753
DBH1STMF,19-10-15,5.2,5.2,5,5.1,137472
DBH1STMF,20-10-15,5.1,5.2,4.9,5,224600
DBH1STMF,21-10-15,4.9,5,4.9,5,78600
DBH1STMF,25-10-15,4.9,5,4.9,4.9,63130
DBH1STMF,26-10-15,5,5,4.8,4.9,16570
DBH1STMF,27-10-15,4.9,4.9,4.7,4.9,376600
DBH1STMF,28-10-15,5,5,4.9,4.9,62020
DBH1STMF,29-10-15,5,5.2,5,5.1,193920
DBH1STMF,11-01-15,5,5.2,5,5.1,383953
DBH1STMF,11-02-15,5.2,5.3,5.1,5.3,852710
DBH1STMF,11-03-15,5.3,5.4,5.2,5.3,867940
DBH1STMF,11-04-15,5.3,5.4,5.1,5.2,117803
DBH1STMF,11-05-15,5.2,5.3,5,5.1,268189
DBH1STMF,11-08-15,5.1,5.1,5,5.1,129050
DBH1STMF,11-09-15,5.1,5.1,4.9,4.9,171420
DBH1STMF,11-10-15,4.9,4.9,4.9,4.9,62387
DBH1STMF,11-11-15,4.8,5,4.8,4.8,207120
DBH1STMF,11-12-15,4.8,4.9,4.6,4.7,273390
DBH1STMF,15-11-15,4.7,4.7,4.6,4.7,194600
DBH1STMF,16-11-15,5,5,4.7,4.8,94201
DBH1STMF,17-11-15,4.8,4.9,4.8,4.8,200600
DBH1STMF,18-11-15,4.7,4.9,4.7,4.9,100050
DBH1STMF,19-11-15,4.9,4.9,4.8,4.9,95447
DBH1STMF,22-11-15,4.9,4.9,4.8,4.9,160500
DBH1STMF,23-11-15,5,5,4.9,5,272410
DBH1STMF,24-11-15,4.9,5,4.9,5,90230
DBH1STMF,25-11-15,5,5,4.9,4.9,240344
DBH1STMF,26-11-15,5,5.1,5,5,271860
DBH1STMF,29-11-15,5,5.1,5,5.1,150100
DBH1STMF,30-11-15,5,5.1,4.9,5,170255
DBH1STMF,12-01-15,4.9,5.1,4.9,5,93910
DBH1STMF,12-02-15,5,5,4.8,4.9,514700
DBH1STMF,12-03-15,4.9,5,4.9,4.9,124239
DBH1STMF,12-06-15,4.8,5,4.8,4.9,97775
DBH1STMF,12-07-15,4.9,5,4.9,4.9,78120
DBH1STMF,12-08-15,4.9,5,4.9,5,126731
DBH1STMF,12-09-15,4.9,5,4.9,5,48504
DBH1STMF,12-10-15,5,5.2,4.9,5.1,189350
DBH1STMF,13-12-15,5.1,5.1,4.9,5,96900
DBH1STMF,14-12-15,4.9,5,4.9,5,213927
DBH1STMF,15-12-15,5,5,4.9,5,43200
DBH1STMF,17-12-15,4.9,5,4.8,4.9,64550
DBH1STMF,20-12-15,4.9,5,4.9,4.9,45310
DBH1STMF,21-12-15,4.9,5,4.9,5,40290
DBH1STMF,22-12-15,4.9,5,4.9,5,220096
DBH1STMF,23-12-15,4.9,5,4.9,5,22995
DBH1STMF,24-12-15,4.9,5,4.9,5,71101
DBH1STMF,27-12-15,4.9,4.9,4.9,4.9,38950
DBH1STMF,28-12-15,4.9,5,4.9,5,39000
DBH1STMF,29-12-15,5,5,4.9,4.9,106740
DBH1STMF,30-12-15,4.9,5,4.9,5,35850
DBH1STMF,31-12-15,4.9,5,4.9,4.9,55380
GREENDELMF,01-01-15,4.6,4.6,4.5,4.5,4751
GREENDELMF,01-05-15,4.5,4.5,4.5,4.5,25780
GREENDELMF,01-06-15,4.5,4.5,4.4,4.5,41450
GREENDELMF,01-07-15,4.4,4.5,4.4,4.5,52686
GREENDELMF,01-08-15,4.4,4.5,4.4,4.5,59968
GREENDELMF,01-11-15,4.4,4.5,4.4,4.5,151600
GREENDELMF,01-12-15,4.5,4.5,4.4,4.5,58850
GREENDELMF,13-01-15,4.4,4.5,4.4,4.4,16450
GREENDELMF,14-01-15,4.5,4.5,4.3,4.4,187406
GREENDELMF,15-01-15,4.4,4.5,4.4,4.4,91450
GREENDELMF,18-01-15,4.5,4.5,4.4,4.5,173212
GREENDELMF,19-01-15,4.5,4.5,4.4,4.4,360900
GREENDELMF,20-01-15,4.5,4.6,4.4,4.4,87300
GREENDELMF,21-01-15,4.4,4.5,4.4,4.4,112800
GREENDELMF,22-01-15,4.4,4.4,4.4,4.4,139548
GREENDELMF,25-01-15,4.4,4.4,4.3,4.3,226000
GREENDELMF,26-01-15,4.3,4.3,4.2,4.3,52100
GREENDELMF,27-01-15,4.4,4.4,4.2,4.3,257876
GREENDELMF,28-01-15,4.3,4.4,4.3,4.3,52500
GREENDELMF,29-01-15,4.4,4.4,4.2,4.3,49200
GREENDELMF,02-01-15,4.3,4.4,4.2,4.2,24417
GREENDELMF,02-02-15,4.3,4.5,4.2,4.3,158906
GREENDELMF,02-03-15,4.3,4.4,4.3,4.4,119928
GREENDELMF,02-04-15,4.4,4.5,4.4,4.5,139058
GREENDELMF,02-05-15,4.4,4.5,4.4,4.5,198110
GREENDELMF,02-08-15,4.4,4.4,4.3,4.4,30348
GREENDELMF,02-09-15,4.4,4.4,4.2,4.3,828500
GREENDELMF,02-10-15,4.3,4.5,4.3,4.4,175186
GREENDELMF,02-11-15,4.5,4.6,4.3,4.4,368867
GREENDELMF,02-12-15,4.5,4.6,4.4,4.6,678311
GREENDELMF,15-02-15,4.7,4.7,4.4,4.5,133300
GREENDELMF,16-02-15,4.4,4.5,4.4,4.5,139185
GREENDELMF,17-02-15,4.5,4.6,4.5,4.6,269501
GREENDELMF,18-02-15,4.6,4.7,4.5,4.6,276000
GREENDELMF,19-02-15,4.6,4.7,4.5,4.6,303500
GREENDELMF,22-02-15,4.6,4.6,4.6,4.6,224600
GREENDELMF,23-02-15,4.7,4.7,4.6,4.6,293851
GREENDELMF,24-02-15,4.5,4.7,4.5,4.6,271528
GREENDELMF,25-02-15,4.6,4.6,4.4,4.4,490296
GREENDELMF,26-02-15,4.6,4.6,4.4,4.5,215600
GREENDELMF,03-01-15,4.6,4.7,4.5,4.7,56100
GREENDELMF,03-02-15,4.5,4.5,4.4,4.5,32500
GREENDELMF,03-03-15,4.4,4.5,4.4,4.5,202500
GREENDELMF,03-04-15,4.4,4.5,4.4,4.5,205931
GREENDELMF,03-05-15,4.4,4.5,4.4,4.4,6500
GREENDELMF,03-08-15,4.5,4.5,4.4,4.4,36100
GREENDELMF,03-09-15,4.4,4.4,4.3,4.4,120000
GREENDELMF,03-10-15,4.4,4.4,4.3,4.4,38000
GREENDELMF,03-11-15,4.3,4.4,4.3,4.4,204987
GREENDELMF,03-12-15,4.3,4.4,4.3,4.3,47100
GREENDELMF,15-03-15,4.3,4.4,4.2,4.3,325750
GREENDELMF,16-03-15,4.4,4.4,4.2,4.3,104620
GREENDELMF,18-03-15,4.2,4.3,4.2,4.3,151850
GREENDELMF,19-03-15,4.3,4.3,4.2,4.3,145500
GREENDELMF,22-03-15,4.2,4.3,4.2,4.2,39793
GREENDELMF,23-03-15,4.3,4.3,4.2,4.3,231500
GREENDELMF,24-03-15,4.2,4.2,4.2,4.2,178800
GREENDELMF,25-03-15,4.1,4.2,4.1,4.2,38500
GREENDELMF,29-03-15,4.2,4.2,4.1,4.2,130500
GREENDELMF,30-03-15,4.1,4.2,4.1,4.2,196969
GREENDELMF,31-03-15,4.2,4.2,4.1,4.2,93000
GREENDELMF,04-01-15,4.1,4.2,4.1,4.2,137000
GREENDELMF,04-02-15,4.1,4.2,4,4.1,46800
GREENDELMF,04-05-15,4.1,4.1,4.1,4.1,28355
GREENDELMF,04-06-15,4.1,4.2,4,4,143282
GREENDELMF,04-07-15,4,4,3.9,4,131544
GREENDELMF,04-08-15,3.9,3.9,3.8,3.9,139299
GREENDELMF,04-09-15,3.9,4,3.8,3.9,17000
GREENDELMF,04-12-15,3.8,3.9,3.8,3.8,176975
GREENDELMF,13-04-15,3.9,3.9,3.9,3.9,14233
GREENDELMF,15-04-15,3.7,4,3.7,3.9,20265
GREENDELMF,16-04-15,3.7,4.1,3.7,4,38500
GREENDELMF,19-04-15,4,4,3.9,4,17110
GREENDELMF,20-04-15,3.9,4,3.9,3.9,31990
GREENDELMF,21-04-15,3.8,4,3.8,3.9,72000
GREENDELMF,22-04-15,3.9,3.9,3.9,3.9,11500
GREENDELMF,23-04-15,3.8,3.9,3.7,3.8,137300
GREENDELMF,26-04-15,3.8,3.9,3.7,3.8,4800
GREENDELMF,27-04-15,3.8,4.1,3.8,4,197000
GREENDELMF,29-04-15,3.8,3.9,3.7,3.8,64700
GREENDELMF,30-04-15,3.8,3.8,3.7,3.7,18600
GREENDELMF,05-04-15,3.7,3.8,3.7,3.7,147500
GREENDELMF,05-05-15,3.7,3.8,3.6,3.8,176594
GREENDELMF,05-06-15,3.7,4.1,3.7,3.9,877150
GREENDELMF,05-07-15,3.9,4,3.8,3.9,228641
GREENDELMF,05-10-15,4,4.2,3.9,4.1,459659
GREENDELMF,05-11-15,4.2,4.3,4.1,4.2,187510
GREENDELMF,05-12-15,4.4,4.5,4.3,4.3,1245325
GREENDELMF,13-05-15,4.4,4.4,4.2,4.3,286700
GREENDELMF,14-05-15,4.1,4.2,4,4.2,278520
GREENDELMF,17-05-15,4,4,3.9,4,150475
GREENDELMF,18-05-15,3.9,4.1,3.9,4,106900
GREENDELMF,19-05-15,4,4.1,4,4.1,94800
GREENDELMF,20-05-15,3.9,4.1,3.9,4,58400
GREENDELMF,21-05-15,4,4.2,4,4,424500
GREENDELMF,24-05-15,4,4,4,4,26500
GREENDELMF,25-05-15,4,4.1,4,4.1,55600
GREENDELMF,26-05-15,4,4.2,4,4.1,402425
GREENDELMF,27-05-15,4,4.1,3.9,4,299030
GREENDELMF,28-05-15,3.9,4,3.9,3.9,75320
GREENDELMF,31-05-15,4,4,3.9,3.9,101000
GREENDELMF,06-01-15,3.9,4,3.9,3.9,20000
GREENDELMF,06-02-15,3.9,4,3.9,3.9,32320
GREENDELMF,06-04-15,3.9,3.9,3.8,3.9,82611
GREENDELMF,06-07-15,3.9,3.9,3.8,3.9,88895
GREENDELMF,06-08-15,3.9,3.9,3.8,3.8,46470
GREENDELMF,06-09-15,3.9,3.9,3.8,3.8,76950
GREENDELMF,06-10-15,3.7,4,3.7,3.9,99300
GREENDELMF,06-11-15,3.9,3.9,3.8,3.9,37500
GREENDELMF,14-06-15,3.8,3.9,3.7,3.8,40300
GREENDELMF,15-06-15,3.7,3.8,3.7,3.8,82000
GREENDELMF,16-06-15,3.7,3.8,3.7,3.8,80679
GREENDELMF,17-06-15,3.8,4,3.7,3.9,111726
GREENDELMF,18-06-15,3.8,3.9,3.8,3.9,92300
GREENDELMF,21-06-15,3.8,3.9,3.8,3.9,181283
GREENDELMF,22-06-15,3.8,4,3.8,3.9,116469
GREENDELMF,23-06-15,3.8,3.9,3.8,3.9,180660
GREENDELMF,24-06-15,3.8,3.9,3.8,3.9,61300
GREENDELMF,25-06-15,4,4.1,3.9,3.9,200143
GREENDELMF,28-06-15,3.9,4,3.8,3.8,44600
GREENDELMF,29-06-15,3.9,4,3.8,3.9,76590
GREENDELMF,30-06-15,3.8,4,3.8,4,60500
GREENDELMF,07-02-15,3.9,4,3.9,4,195460
GREENDELMF,07-05-15,3.9,3.9,3.9,3.9,70500
GREENDELMF,07-06-15,3.9,4,3.8,4,312322
GREENDELMF,07-07-15,3.9,4,3.9,4,242065
GREENDELMF,07-08-15,4,4.3,3.9,4.1,377124
GREENDELMF,07-09-15,4.1,4.2,4,4.2,672093
GREENDELMF,07-12-15,4.2,4.5,4.2,4.3,495680
GREENDELMF,13-07-15,4.3,4.4,4.3,4.3,64253
GREENDELMF,14-07-15,4.2,4.3,4.2,4.3,142193
GREENDELMF,21-07-15,4.3,4.4,4.2,4.4,269500
GREENDELMF,22-07-15,4.3,4.4,4.2,4.3,278043
GREENDELMF,23-07-15,4.2,4.4,4.2,4.4,309357
GREENDELMF,26-07-15,4.3,4.3,4.1,4.2,189500
GREENDELMF,27-07-15,4.2,4.4,4.2,4.4,202350
GREENDELMF,28-07-15,4.3,4.4,4.2,4.4,325440
GREENDELMF,29-07-15,4.3,4.4,4.3,4.3,578595
GREENDELMF,30-07-15,4.3,4.4,4.3,4.4,55673
GREENDELMF,08-02-15,4.4,4.5,4.3,4.4,213477
GREENDELMF,08-03-15,4.3,4.5,4.3,4.4,360925
GREENDELMF,08-04-15,4.4,4.6,4.4,4.4,244213
GREENDELMF,08-05-15,4.4,4.5,4.4,4.5,285621
GREENDELMF,08-06-15,4.5,4.6,4.4,4.5,376555
GREENDELMF,08-09-15,4.5,4.5,4.4,4.5,153541
GREENDELMF,08-10-15,4.5,4.6,4.4,4.5,161774
GREENDELMF,08-11-15,4.4,4.4,4.3,4.4,194352
GREENDELMF,08-12-15,4.4,4.4,4.4,4.4,92500
GREENDELMF,13-08-15,4.4,4.5,4.3,4.4,175500
GREENDELMF,16-08-15,4.5,4.5,4.4,4.4,302191
GREENDELMF,17-08-15,4.3,4.5,4.3,4.4,162155
GREENDELMF,18-08-15,4.4,4.4,4.4,4.4,51811
GREENDELMF,19-08-15,4.3,4.4,4.3,4.3,60766
GREENDELMF,20-08-15,4.3,4.4,4.3,4.3,38268
GREENDELMF,23-08-15,4.4,4.4,4.3,4.3,137645
GREENDELMF,24-08-15,4.2,4.3,4.2,4.3,111254
GREENDELMF,25-08-15,4.3,4.4,4.2,4.3,41442
GREENDELMF,26-08-15,4.3,4.4,4.3,4.3,60500
GREENDELMF,27-08-15,4.3,4.4,4.3,4.3,8312
GREENDELMF,30-08-15,4.3,4.4,4.3,4.4,67619
GREENDELMF,31-08-15,4.4,4.4,4.3,4.4,101500
GREENDELMF,09-01-15,4.4,4.5,4.3,4.4,140171
GREENDELMF,09-02-15,4.4,4.5,4.4,4.4,92421
GREENDELMF,09-03-15,4.4,4.6,4.4,4.5,309864
GREENDELMF,09-07-15,4.4,4.5,4.2,4.4,476619
GREENDELMF,09-08-15,4.4,4.5,4.4,4.4,425539
GREENDELMF,09-09-15,4.4,4.6,4.4,4.5,947500
GREENDELMF,09-10-15,4.5,4.6,4.4,4.5,939975
GREENDELMF,13-09-15,4.5,4.6,4.5,4.6,574640
GREENDELMF,14-09-15,4.6,4.7,4.5,4.6,636403
GREENDELMF,15-09-15,4.6,4.7,4.6,4.7,657200
GREENDELMF,16-09-15,4.6,4.7,4.5,4.6,314611
GREENDELMF,17-09-15,4.6,4.7,4.6,4.7,657000
GREENDELMF,20-09-15,4.6,4.7,4.6,4.6,53321
GREENDELMF,21-09-15,4.5,4.6,4.5,4.5,281900
GREENDELMF,22-09-15,4.5,4.5,4.4,4.4,57500
GREENDELMF,28-09-15,4.4,4.4,4.4,4.4,63250
GREENDELMF,29-09-15,4.4,4.5,4.3,4.5,67000
GREENDELMF,30-09-15,4.4,4.5,4.4,4.5,70272
GREENDELMF,10-01-15,4.5,4.7,4.5,4.7,406400
GREENDELMF,10-04-15,4.6,4.7,4.5,4.6,236400
GREENDELMF,10-05-15,4.6,5,4.5,4.9,1337936
GREENDELMF,10-06-15,4.9,5.2,4.9,5.2,1614080
GREENDELMF,10-07-15,5.1,5.6,5,5.5,3520574
GREENDELMF,10-08-15,5.4,5.8,5.4,5.7,2155006
GREENDELMF,10-11-15,5.7,5.8,5.3,5.6,1560792
GREENDELMF,10-12-15,5.5,5.5,5.2,5.4,1265772
GREENDELMF,13-10-15,5.5,5.5,5.2,5.3,1699466
GREENDELMF,14-10-15,5.4,5.4,5,5.1,1674890
GREENDELMF,15-10-15,5.1,5.3,5,5.1,872950
GREENDELMF,18-10-15,5.3,5.3,4.9,4.9,718925
GREENDELMF,19-10-15,4.9,4.9,4.8,4.9,736925
GREENDELMF,20-10-15,4.9,5.1,4.9,5,1260950
GREENDELMF,21-10-15,4.9,5.1,4.9,4.9,669825
GREENDELMF,25-10-15,4.9,4.9,4.6,4.6,604174
GREENDELMF,26-10-15,4.8,4.9,4.6,4.9,1099832
GREENDELMF,27-10-15,4.8,5.1,4.8,5,1652002
GREENDELMF,28-10-15,5,5.2,4.9,5.2,719607
GREENDELMF,29-10-15,5,5.4,5,5.2,2325720
GREENDELMF,11-01-15,5.3,5.6,5.1,5.1,1451800
GREENDELMF,11-02-15,5.1,5.3,4.9,5.2,1062575
GREENDELMF,11-03-15,5.2,5.5,5.1,5.1,735370
GREENDELMF,11-04-15,5.1,5.2,5,5.1,133307
GREENDELMF,11-05-15,5,5.1,4.9,5,537865
GREENDELMF,11-08-15,5.1,5.1,4.8,4.9,207158
GREENDELMF,11-09-15,4.9,4.9,4.7,4.8,581903
GREENDELMF,11-10-15,4.8,4.8,4.7,4.7,487750
GREENDELMF,11-11-15,4.6,5,4.6,4.9,1440200
GREENDELMF,11-12-15,4.9,5,4.8,4.9,833490
GREENDELMF,15-11-15,4.9,4.9,4.7,4.7,251311
GREENDELMF,16-11-15,4.7,4.8,4.6,4.8,531885
GREENDELMF,17-11-15,4.8,4.8,4.5,4.6,1020345
GREENDELMF,18-11-15,4.7,4.9,4.5,4.8,423332
GREENDELMF,19-11-15,4.8,4.8,4.7,4.7,333635
GREENDELMF,22-11-15,4.6,4.9,4.6,4.8,166254
GREENDELMF,23-11-15,4.8,5,4.8,4.9,673058
GREENDELMF,24-11-15,4.9,4.9,4.8,4.8,153203
GREENDELMF,25-11-15,4.9,5,4.7,4.7,402210
GREENDELMF,26-11-15,4.8,4.9,4.8,4.9,304464
GREENDELMF,29-11-15,4.8,5,4.8,5,312460
GREENDELMF,30-11-15,4.9,5,4.8,4.9,157505
GREENDELMF,12-01-15,4.8,4.9,4.8,4.9,48038
GREENDELMF,12-02-15,5,5,4.7,4.8,626477
GREENDELMF,12-03-15,4.8,4.8,4.7,4.8,623206
GREENDELMF,12-06-15,4.7,4.8,4.7,4.7,65250
GREENDELMF,12-07-15,4.8,4.8,4.6,4.7,505250
GREENDELMF,12-08-15,4.7,4.8,4.6,4.7,91377
GREENDELMF,12-09-15,4.7,4.8,4.7,4.7,185589
GREENDELMF,12-10-15,4.7,4.8,4.6,4.8,147910
GREENDELMF,13-12-15,4.6,4.7,4.6,4.6,109893
GREENDELMF,14-12-15,4.6,4.7,4.5,4.7,342555
GREENDELMF,15-12-15,4.7,4.7,4.6,4.7,443310
GREENDELMF,17-12-15,4.7,4.8,4.6,4.7,314098
GREENDELMF,20-12-15,4.6,4.7,4.6,4.7,24185
GREENDELMF,21-12-15,4.6,4.8,4.6,4.7,164770
GREENDELMF,22-12-15,4.7,4.9,4.7,4.8,420600
GREENDELMF,23-12-15,4.8,4.8,4.7,4.7,469100
GREENDELMF,24-12-15,4.7,4.8,4.6,4.7,255876
GREENDELMF,27-12-15,4.7,4.7,4.6,4.6,276000
GREENDELMF,28-12-15,4.7,4.7,4.6,4.7,129396
GREENDELMF,29-12-15,4.7,4.9,4.7,4.8,350766
GREENDELMF,30-12-15,4.7,4.9,4.7,4.8,34892
GREENDELMF,31-12-15,4.7,4.8,4.7,4.7,17821
ICB3RDNRB,01-01-15,4.3,4.5,4.3,4.4,104701
ICB3RDNRB,01-05-15,4.4,4.4,4.3,4.3,41495
ICB3RDNRB,01-06-15,4.3,4.4,4.3,4.4,91761
ICB3RDNRB,01-07-15,4.4,4.4,4.3,4.4,145595
ICB3RDNRB,01-08-15,4.3,4.4,4.3,4.4,139884
ICB3RDNRB,01-11-15,4.4,4.4,4.3,4.4,67800
ICB3RDNRB,01-12-15,4.3,4.4,4.3,4.3,29450
ICB3RDNRB,13-01-15,4.4,4.4,4.3,4.4,112395
ICB3RDNRB,14-01-15,4.3,4.4,4.3,4.4,17192
ICB3RDNRB,15-01-15,4.3,4.4,4.3,4.3,74680
ICB3RDNRB,18-01-15,4.3,4.4,4.3,4.4,126500
ICB3RDNRB,19-01-15,4.3,4.4,4.3,4.4,15542
ICB3RDNRB,20-01-15,4.3,4.6,4.3,4.5,645480
ICB3RDNRB,21-01-15,4.4,4.5,4.4,4.4,207455
ICB3RDNRB,22-01-15,4.4,4.4,4.3,4.3,372650
ICB3RDNRB,25-01-15,4.3,4.4,4.3,4.3,128620
ICB3RDNRB,26-01-15,4.3,4.3,4.2,4.2,296893
ICB3RDNRB,27-01-15,4.4,4.5,4.3,4.4,632574
ICB3RDNRB,28-01-15,4.4,4.4,4.3,4.3,32600
ICB3RDNRB,29-01-15,4.3,4.4,4.3,4.3,409700
ICB3RDNRB,02-01-15,4.3,4.3,4.3,4.3,74500
ICB3RDNRB,02-02-15,4.3,4.4,4.2,4.3,304564
ICB3RDNRB,02-03-15,4.4,4.5,4.4,4.4,1056824
ICB3RDNRB,02-04-15,4.5,4.5,4.4,4.4,223544
ICB3RDNRB,02-05-15,4.4,4.4,4.4,4.4,397305
ICB3RDNRB,02-08-15,4.4,4.5,4.3,4.3,284508
ICB3RDNRB,02-09-15,4.3,4.4,4.3,4.3,260502
ICB3RDNRB,02-10-15,4.3,4.4,4.3,4.4,162949
ICB3RDNRB,02-11-15,4.4,4.4,4.3,4.3,188155
ICB3RDNRB,02-12-15,4.3,4.4,4.3,4.4,475883
ICB3RDNRB,15-02-15,4.3,4.4,4.3,4.4,299636
ICB3RDNRB,16-02-15,4.4,4.4,4.3,4.3,79243
ICB3RDNRB,17-02-15,4.4,4.4,4.3,4.4,254701
ICB3RDNRB,18-02-15,4.3,4.4,4.3,4.4,139143
ICB3RDNRB,19-02-15,4.4,4.4,4.3,4.4,59850
ICB3RDNRB,22-02-15,4.4,4.4,4.3,4.4,75131
ICB3RDNRB,23-02-15,4.3,4.4,4.3,4.3,36300
ICB3RDNRB,24-02-15,4.3,4.4,4.3,4.3,105500
ICB3RDNRB,25-02-15,4.4,4.4,4.3,4.3,60920
ICB3RDNRB,26-02-15,4.3,4.4,4.3,4.3,249250
ICB3RDNRB,03-01-15,4.3,4.4,4.3,4.4,1050
ICB3RDNRB,03-02-15,4.3,4.4,4.3,4.3,166408
ICB3RDNRB,03-03-15,4.4,4.4,4.3,4.3,149500
ICB3RDNRB,03-04-15,4.3,4.4,4.3,4.4,141100
ICB3RDNRB,03-05-15,4.3,4.4,4.3,4.3,29300
ICB3RDNRB,03-08-15,4.3,4.4,4.3,4.3,97600
ICB3RDNRB,03-09-15,4.3,4.3,4.3,4.3,13000
ICB3RDNRB,03-10-15,4.3,4.3,4.3,4.3,85011
ICB3RDNRB,03-11-15,4.3,4.4,4.3,4.3,50100
ICB3RDNRB,03-12-15,4.3,4.3,4.2,4.3,49670
ICB3RDNRB,15-03-15,4.2,4.3,4.2,4.2,64821
ICB3RDNRB,16-03-15,4.2,4.2,4.1,4.2,39500
ICB3RDNRB,18-03-15,4.2,4.2,4.1,4.2,73900
ICB3RDNRB,19-03-15,4.2,4.3,4.2,4.2,97010
ICB3RDNRB,22-03-15,4.2,4.2,4.1,4.2,21694
ICB3RDNRB,23-03-15,4.2,4.2,4.1,4.1,101500
ICB3RDNRB,24-03-15,4.2,4.2,4.1,4.1,62250
ICB3RDNRB,25-03-15,4.1,4.2,4,4.1,69500
ICB3RDNRB,29-03-15,4.1,4.1,4,4.1,52300
ICB3RDNRB,30-03-15,4.1,4.1,3.9,3.9,159000
ICB3RDNRB,31-03-15,4,4.1,4,4.1,31600
ICB3RDNRB,04-01-15,4,4.1,3.9,4,26863
ICB3RDNRB,04-02-15,4,4.1,3.9,4.1,131500
ICB3RDNRB,04-05-15,4,4.1,3.9,4,106093
ICB3RDNRB,04-06-15,4,4.1,3.9,4.1,104500
ICB3RDNRB,04-07-15,4,4,3.9,4,92400
ICB3RDNRB,04-08-15,3.9,4,3.9,3.9,58800
ICB3RDNRB,04-09-15,3.9,4,3.8,3.9,225800
ICB3RDNRB,04-12-15,3.9,4,3.8,3.9,45000
ICB3RDNRB,13-04-15,3.9,3.9,3.8,3.9,40970
ICB3RDNRB,15-04-15,3.8,3.9,3.8,3.9,83200
ICB3RDNRB,16-04-15,4,4,3.9,3.9,73450
ICB3RDNRB,19-04-15,3.9,4,3.9,4,57850
ICB3RDNRB,20-04-15,4,4,3.9,3.9,66100
ICB3RDNRB,21-04-15,3.9,3.9,3.8,3.9,111093
ICB3RDNRB,22-04-15,3.9,4,3.9,4,148546
ICB3RDNRB,23-04-15,3.9,4,3.8,3.9,114000
ICB3RDNRB,26-04-15,3.9,3.9,3.8,3.9,25100
ICB3RDNRB,27-04-15,3.9,3.9,3.8,3.8,194925
ICB3RDNRB,29-04-15,3.9,3.9,3.8,3.9,62743
ICB3RDNRB,30-04-15,3.9,3.9,3.8,3.9,15837
ICB3RDNRB,05-04-15,3.8,3.8,3.7,3.8,51000
ICB3RDNRB,05-05-15,3.7,3.8,3.7,3.7,34651
ICB3RDNRB,05-06-15,3.8,3.9,3.7,3.8,46410
ICB3RDNRB,05-07-15,3.7,3.9,3.7,3.8,78800
ICB3RDNRB,05-10-15,3.8,4.1,3.8,4.1,464250
ICB3RDNRB,05-11-15,4,4.3,4,4.3,314900
ICB3RDNRB,05-12-15,4.4,4.7,4.2,4.6,978219
ICB3RDNRB,13-05-15,4.5,4.5,4.2,4.3,221450
ICB3RDNRB,14-05-15,4.1,4.3,4.1,4.2,220250
ICB3RDNRB,17-05-15,4.1,4.1,4,4,208700
ICB3RDNRB,18-05-15,4,4.2,4,4.2,98700
ICB3RDNRB,19-05-15,4.1,4.3,4.1,4.2,142000
ICB3RDNRB,20-05-15,4.1,4.3,4.1,4.1,164785
ICB3RDNRB,21-05-15,4.2,4.2,4.1,4.2,119969
ICB3RDNRB,24-05-15,4.1,4.3,4.1,4.3,62500
ICB3RDNRB,25-05-15,4.1,4.3,4.1,4.2,119600
ICB3RDNRB,26-05-15,4.3,4.3,4.1,4.1,276169
ICB3RDNRB,27-05-15,4.1,4.2,4.1,4.1,81600
ICB3RDNRB,28-05-15,4.2,4.2,4.1,4.1,57000
ICB3RDNRB,31-05-15,4.2,4.2,4,4.1,154660
ICB3RDNRB,06-01-15,4.1,4.3,4.1,4.2,113500
ICB3RDNRB,06-02-15,4.1,4.2,4.1,4.2,52420
ICB3RDNRB,06-04-15,4.2,4.2,4.1,4.1,86150
ICB3RDNRB,06-07-15,4.1,4.2,4,4.1,210750
ICB3RDNRB,06-08-15,4.1,4.2,4,4.1,254450
ICB3RDNRB,06-09-15,4.2,4.2,4,4,359455
ICB3RDNRB,06-10-15,4.1,4.3,4,4.2,434224
ICB3RDNRB,06-11-15,4.2,4.4,4.2,4.3,425200
ICB3RDNRB,14-06-15,4.2,4.2,4.1,4.1,121000
ICB3RDNRB,15-06-15,4.1,4.1,4.1,4.1,68304
ICB3RDNRB,16-06-15,4.1,4.2,4,4.2,240030
ICB3RDNRB,17-06-15,4.1,4.4,4.1,4.3,298980
ICB3RDNRB,18-06-15,4.2,4.2,4.1,4.2,40610
ICB3RDNRB,21-06-15,4.1,4.2,4.1,4.2,97620
ICB3RDNRB,22-06-15,4.1,4.3,4.1,4.3,150803
ICB3RDNRB,23-06-15,4.3,4.3,4.1,4.3,176023
ICB3RDNRB,24-06-15,4.3,4.3,4.2,4.3,55742
ICB3RDNRB,25-06-15,4.2,4.3,4.1,4.2,68580
ICB3RDNRB,28-06-15,4.1,4.3,4.1,4.3,133450
ICB3RDNRB,29-06-15,4.2,4.2,4.1,4.2,152786
ICB3RDNRB,30-06-15,4.1,4.3,4.1,4.3,153192
ICB3RDNRB,07-02-15,4.2,4.4,4.2,4.3,150275
ICB3RDNRB,07-05-15,4.2,4.3,4.2,4.3,35400
ICB3RDNRB,07-06-15,4.2,4.3,4.2,4.2,8250
ICB3RDNRB,07-07-15,4.2,4.3,4.1,4.2,285325
ICB3RDNRB,07-08-15,4.2,4.3,4.2,4.2,6500
ICB3RDNRB,07-09-15,4.2,4.3,4.2,4.3,125372
ICB3RDNRB,07-12-15,4.2,4.4,4.2,4.3,195820
ICB3RDNRB,13-07-15,4.3,4.4,4.3,4.4,105925
ICB3RDNRB,14-07-15,4.4,4.5,4.3,4.4,243348
ICB3RDNRB,21-07-15,4.4,4.5,4.3,4.4,110900
ICB3RDNRB,22-07-15,4.4,4.5,4.3,4.4,138850
ICB3RDNRB,23-07-15,4.3,4.5,4.3,4.4,140308
ICB3RDNRB,26-07-15,4.4,4.5,4.3,4.5,338143
ICB3RDNRB,27-07-15,4.5,4.5,4.3,4.5,629249
ICB3RDNRB,28-07-15,4.5,4.6,4.4,4.5,367453
ICB3RDNRB,29-07-15,4.6,4.6,4.5,4.6,273320
ICB3RDNRB,30-07-15,4.6,4.6,4.5,4.6,261000
ICB3RDNRB,08-02-15,4.6,4.6,4.5,4.6,83040
ICB3RDNRB,08-03-15,4.5,4.5,4.5,4.5,133765
ICB3RDNRB,08-04-15,4.5,4.5,4.4,4.5,306237
ICB3RDNRB,08-05-15,4.5,4.6,4.4,4.4,242025
ICB3RDNRB,08-06-15,4.5,4.6,4.4,4.5,186669
ICB3RDNRB,08-09-15,4.4,4.5,4.4,4.4,62472
ICB3RDNRB,08-10-15,4.4,4.5,4.4,4.4,23725
ICB3RDNRB,08-11-15,4.4,4.4,4.2,4.3,173946
ICB3RDNRB,08-12-15,4.3,4.5,4.3,4.4,140893
ICB3RDNRB,13-08-15,4.4,4.6,4.4,4.6,663845
ICB3RDNRB,16-08-15,4.5,4.5,4.4,4.5,288571
ICB3RDNRB,17-08-15,4.5,4.5,4.4,4.4,189320
ICB3RDNRB,18-08-15,4.4,4.5,4.4,4.4,335350
ICB3RDNRB,19-08-15,4.4,4.5,4.4,4.4,69493
ICB3RDNRB,20-08-15,4.4,4.5,4.4,4.4,65922
ICB3RDNRB,23-08-15,4.4,4.5,4.4,4.5,49070
ICB3RDNRB,24-08-15,4.3,4.5,4.3,4.5,207426
ICB3RDNRB,25-08-15,4.4,4.5,4.4,4.4,155873
ICB3RDNRB,26-08-15,4.4,4.4,4.3,4.3,553235
ICB3RDNRB,27-08-15,4.4,4.4,4.3,4.4,417930
ICB3RDNRB,30-08-15,4.3,4.4,4.3,4.4,415376
ICB3RDNRB,31-08-15,4.4,4.5,4.3,4.4,221850
ICB3RDNRB,09-01-15,4.3,4.4,4.3,4.3,685644
ICB3RDNRB,09-03-15,4.1,4.2,3.9,4,1314525
ICB3RDNRB,09-06-15,4.1,4.2,4,4.1,420037
ICB3RDNRB,09-07-15,4.1,4.3,4,4.2,947797
ICB3RDNRB,09-08-15,4.3,4.5,4.2,4.3,1224270
ICB3RDNRB,09-09-15,4.3,4.4,4.2,4.2,304317
ICB3RDNRB,09-10-15,4.2,4.4,4.2,4.3,524800
ICB3RDNRB,13-09-15,4.4,4.4,4.2,4.3,489867
ICB3RDNRB,14-09-15,4.2,4.4,4.2,4.2,240500
ICB3RDNRB,15-09-15,4.2,4.3,4.2,4.3,98880
ICB3RDNRB,16-09-15,4.2,4.3,4.2,4.2,191900
ICB3RDNRB,17-09-15,4.3,4.3,4.2,4.2,102335
ICB3RDNRB,20-09-15,4.2,4.2,4.2,4.2,225000
ICB3RDNRB,21-09-15,4.3,4.3,4.1,4.2,145220
ICB3RDNRB,22-09-15,4.1,4.2,4.1,4.2,73550
ICB3RDNRB,28-09-15,4.1,4.2,4.1,4.1,157558
ICB3RDNRB,29-09-15,4.2,4.2,4.1,4.2,35730
ICB3RDNRB,30-09-15,4.2,4.3,4.1,4.2,557324
ICB3RDNRB,10-01-15,4.2,4.3,4.1,4.3,397662
ICB3RDNRB,10-04-15,4.3,4.4,4.2,4.2,208291
ICB3RDNRB,10-05-15,4.2,4.3,4.2,4.3,268650
ICB3RDNRB,10-06-15,4.3,4.3,4.2,4.3,48565
ICB3RDNRB,10-07-15,4.3,4.5,4.2,4.4,752049
ICB3RDNRB,10-08-15,4.5,4.5,4.4,4.4,251698
ICB3RDNRB,10-11-15,4.5,4.5,4.3,4.4,693559
ICB3RDNRB,10-12-15,4.4,4.5,4.4,4.4,192659
ICB3RDNRB,13-10-15,4.4,4.5,4.3,4.3,479152
ICB3RDNRB,14-10-15,4.3,4.3,4.2,4.2,107296
ICB3RDNRB,15-10-15,4.2,4.3,4.2,4.2,141600
ICB3RDNRB,18-10-15,4.2,4.3,4.1,4.2,160100
ICB3RDNRB,19-10-15,4.2,4.2,4.1,4.2,66878
ICB3RDNRB,20-10-15,4.3,4.3,4.1,4.1,89280
ICB3RDNRB,21-10-15,4.1,4.2,4.1,4.1,32000
ICB3RDNRB,25-10-15,4.1,4.2,4.1,4.1,72400
ICB3RDNRB,26-10-15,4.1,4.2,4.1,4.1,164750
ICB3RDNRB,27-10-15,4.1,4.1,4.1,4.1,198500
ICB3RDNRB,28-10-15,4.1,4.1,4,4.1,114420
ICB3RDNRB,29-10-15,4.2,4.2,4,4.1,124055
ICB3RDNRB,11-01-15,4,4.1,4,4.1,81100
ICB3RDNRB,11-02-15,4.1,4.1,4,4.1,63600
ICB3RDNRB,11-03-15,4.1,4.1,4,4,71895
ICB3RDNRB,11-04-15,4,4.1,4,4,231287
ICB3RDNRB,11-05-15,4,4.1,4,4,118700
ICB3RDNRB,11-08-15,4,4,4,4,48400
ICB3RDNRB,11-09-15,4.1,4.1,4,4,253700
ICB3RDNRB,11-10-15,4.1,4.1,3.9,3.9,542010
ICB3RDNRB,11-11-15,4,4,3.9,3.9,294991
ICB3RDNRB,11-12-15,3.9,4,3.9,4,179059
ICB3RDNRB,15-11-15,3.9,4,3.9,3.9,113400
ICB3RDNRB,16-11-15,3.9,4,3.9,4,213200
ICB3RDNRB,17-11-15,3.9,4,3.9,4,43175
ICB3RDNRB,18-11-15,4,4,3.9,4,212520
ICB3RDNRB,19-11-15,4,4.1,4,4.1,206363
ICB3RDNRB,22-11-15,4.1,4.1,4,4.1,401810
ICB3RDNRB,23-11-15,4.1,4.2,4,4.1,295625
ICB3RDNRB,24-11-15,4.1,4.1,4,4.1,69720
ICB3RDNRB,25-11-15,4,4.1,4,4.1,39975
ICB3RDNRB,26-11-15,4.1,4.1,4,4,106489
ICB3RDNRB,29-11-15,4.1,4.1,4,4.1,85104
ICB3RDNRB,30-11-15,4,4.1,4,4,66979
ICB3RDNRB,12-01-15,4,4.1,4,4,322590
ICB3RDNRB,12-02-15,4,4.1,4,4,92920
ICB3RDNRB,12-03-15,4.1,4.1,4,4,254500
ICB3RDNRB,12-06-15,4,4.1,4,4.1,59265
ICB3RDNRB,12-07-15,4,4.2,4,4.2,623719
ICB3RDNRB,12-08-15,4.2,4.2,4.1,4.1,145798
ICB3RDNRB,12-09-15,4.1,4.2,4.1,4.2,290926
ICB3RDNRB,12-10-15,4.1,4.2,4.1,4.1,242150
ICB3RDNRB,13-12-15,4.2,4.2,4.1,4.2,249701
ICB3RDNRB,14-12-15,4.1,4.2,4.1,4.1,76595
ICB3RDNRB,15-12-15,4.1,4.2,4.1,4.2,59400
ICB3RDNRB,17-12-15,4.1,4.2,4.1,4.1,49810
ICB3RDNRB,20-12-15,4.1,4.1,4,4.1,42307
ICB3RDNRB,21-12-15,4.1,4.1,4,4.1,190200
ICB3RDNRB,22-12-15,4.1,4.2,4,4.1,90900
ICB3RDNRB,23-12-15,4,4.2,4,4.1,95590
ICB3RDNRB,24-12-15,4.1,4.2,4.1,4.1,43476
ICB3RDNRB,27-12-15,4.1,4.1,4,4.1,27400
ICB3RDNRB,28-12-15,4.1,4.2,4,4.2,458520
ICB3RDNRB,29-12-15,4.1,4.2,4.1,4.1,66300
ICB3RDNRB,30-12-15,4.2,4.2,4.1,4.2,101422
ICB3RDNRB,31-12-15,4.2,4.2,4.1,4.1,51310
ICBEPMF1S1,01-01-15,4.5,4.6,4.5,4.5,8377
ICBEPMF1S1,01-05-15,4.4,4.6,4.4,4.5,47878
ICBEPMF1S1,01-06-15,4.6,4.6,4.5,4.6,26150
ICBEPMF1S1,01-07-15,4.5,4.6,4.5,4.6,192320
ICBEPMF1S1,01-08-15,4.6,4.6,4.4,4.5,311513
ICBEPMF1S1,01-11-15,4.5,4.6,4.5,4.6,21917
ICBEPMF1S1,01-12-15,4.5,4.5,4.5,4.5,34765
ICBEPMF1S1,13-01-15,4.4,4.6,4.4,4.6,72700
ICBEPMF1S1,14-01-15,4.5,4.5,4.5,4.5,46700
ICBEPMF1S1,15-01-15,4.5,4.5,4.4,4.5,22106
ICBEPMF1S1,18-01-15,4.4,4.4,4.3,4.4,173350
ICBEPMF1S1,19-01-15,4.4,4.5,4.3,4.4,55466
ICBEPMF1S1,20-01-15,4.4,4.5,4.4,4.5,98800
ICBEPMF1S1,21-01-15,4.4,4.5,4.3,4.4,92206
ICBEPMF1S1,22-01-15,4.4,4.4,4.3,4.3,20018
ICBEPMF1S1,25-01-15,4.4,4.4,4.3,4.3,47000
ICBEPMF1S1,26-01-15,4.3,4.4,4.3,4.4,47775
ICBEPMF1S1,27-01-15,4.3,4.5,4.3,4.4,31350
ICBEPMF1S1,28-01-15,4.4,4.5,4.4,4.5,27040
ICBEPMF1S1,29-01-15,4.4,4.5,4.4,4.4,33535
ICBEPMF1S1,02-01-15,4.4,4.5,4.4,4.4,13000
ICBEPMF1S1,02-02-15,4.4,4.4,4.3,4.4,28000
ICBEPMF1S1,02-03-15,4.4,4.5,4.3,4.4,36620
ICBEPMF1S1,02-04-15,4.4,4.5,4.4,4.4,74200
ICBEPMF1S1,02-05-15,4.4,4.5,4.4,4.4,132228
ICBEPMF1S1,02-08-15,4.4,4.5,4.4,4.5,43500
ICBEPMF1S1,02-09-15,4.5,4.5,4.4,4.4,118600
ICBEPMF1S1,02-10-15,4.4,4.5,4.4,4.4,73696
ICBEPMF1S1,02-11-15,4.4,4.5,4.4,4.5,19700
ICBEPMF1S1,02-12-15,4.5,4.6,4.5,4.6,85759
ICBEPMF1S1,15-02-15,4.5,4.7,4.5,4.6,86398
ICBEPMF1S1,16-02-15,4.6,4.6,4.5,4.5,48900
ICBEPMF1S1,17-02-15,4.5,4.6,4.5,4.5,65472
ICBEPMF1S1,18-02-15,4.5,4.6,4.5,4.6,19728
ICBEPMF1S1,19-02-15,4.7,4.7,4.5,4.5,35000
ICBEPMF1S1,22-02-15,4.5,4.5,4.5,4.5,31975
ICBEPMF1S1,23-02-15,4.5,4.6,4.5,4.5,30500
ICBEPMF1S1,24-02-15,4.5,4.5,4.4,4.5,76000
ICBEPMF1S1,25-02-15,4.5,4.5,4.4,4.5,85940
ICBEPMF1S1,26-02-15,4.6,4.6,4.4,4.4,9000
ICBEPMF1S1,03-01-15,4.6,4.6,4.4,4.4,19500
ICBEPMF1S1,03-02-15,4.4,4.5,4.3,4.4,143100
ICBEPMF1S1,03-03-15,4.4,4.5,4.4,4.5,159500
ICBEPMF1S1,03-04-15,4.5,4.6,4.4,4.6,98000
ICBEPMF1S1,03-05-15,4.5,4.6,4.4,4.4,28500
ICBEPMF1S1,03-08-15,4.4,4.5,4.4,4.5,21500
ICBEPMF1S1,03-09-15,4.4,4.5,4.4,4.5,114500
ICBEPMF1S1,03-10-15,4.4,4.5,4.4,4.5,33912
ICBEPMF1S1,03-11-15,4.4,4.5,4.4,4.4,76700
ICBEPMF1S1,03-12-15,4.4,4.4,4.3,4.4,28600
ICBEPMF1S1,15-03-15,4.4,4.5,4.4,4.4,12500
ICBEPMF1S1,16-03-15,4.4,4.4,4.3,4.3,43616
ICBEPMF1S1,18-03-15,4.4,4.4,4.3,4.3,19975
ICBEPMF1S1,19-03-15,4.3,4.3,4.3,4.3,3080
ICBEPMF1S1,22-03-15,4.3,4.4,4.3,4.3,93500
ICBEPMF1S1,23-03-15,4.5,4.5,4.3,4.4,14200
ICBEPMF1S1,24-03-15,4.4,4.4,4.3,4.3,38000
ICBEPMF1S1,25-03-15,4.3,4.3,4.2,4.3,18700
ICBEPMF1S1,29-03-15,4.3,4.4,4.3,4.3,81500
ICBEPMF1S1,30-03-15,4.3,4.3,4.2,4.2,12750
ICBEPMF1S1,31-03-15,4.2,4.3,4.2,4.2,156500
ICBEPMF1S1,04-01-15,4.2,4.2,4.1,4.2,13250
ICBEPMF1S1,04-02-15,4.1,4.2,4.1,4.1,14450
ICBEPMF1S1,04-05-15,4.1,4.2,4.1,4.1,54650
ICBEPMF1S1,04-06-15,4.1,4.1,4,4,34100
ICBEPMF1S1,04-07-15,4,4,3.6,3.8,84067
ICBEPMF1S1,04-08-15,3.8,4,3.8,4,41219
ICBEPMF1S1,04-09-15,4,4,3.8,3.8,107816
ICBEPMF1S1,04-12-15,3.8,4,3.8,3.9,18000
ICBEPMF1S1,13-04-15,3.9,4,3.8,3.9,23442
ICBEPMF1S1,15-04-15,3.9,4,3.9,4,33138
ICBEPMF1S1,16-04-15,3.9,4,3.8,3.9,80500
ICBEPMF1S1,19-04-15,3.9,4.1,3.9,4,40533
ICBEPMF1S1,20-04-15,4,4.1,3.9,4,149200
ICBEPMF1S1,21-04-15,3.9,4.2,3.9,4.2,59100
ICBEPMF1S1,22-04-15,4,4.2,3.9,4,142468
ICBEPMF1S1,23-04-15,3.9,4,3.8,3.9,88000
ICBEPMF1S1,26-04-15,3.9,3.9,3.9,3.9,10000
ICBEPMF1S1,27-04-15,4,4,3.9,4,18000
ICBEPMF1S1,29-04-15,3.9,4,3.9,4,24950
ICBEPMF1S1,30-04-15,4,4,3.9,3.9,76782
ICBEPMF1S1,05-04-15,3.9,4,3.9,3.9,125802
ICBEPMF1S1,05-05-15,3.8,3.8,3.7,3.8,102500
ICBEPMF1S1,05-06-15,3.8,4,3.8,4,40800
ICBEPMF1S1,05-07-15,3.9,4.1,3.9,4.1,180910
ICBEPMF1S1,05-10-15,4.2,4.4,4.2,4.3,78100
ICBEPMF1S1,05-11-15,4.3,4.6,4.3,4.5,406599
ICBEPMF1S1,05-12-15,4.6,4.9,4.6,4.9,605581
ICBEPMF1S1,13-05-15,4.8,4.9,4.6,4.8,257423
ICBEPMF1S1,14-05-15,4.5,4.8,4.5,4.7,237960
ICBEPMF1S1,17-05-15,4.7,4.7,4.4,4.5,85356
ICBEPMF1S1,18-05-15,4.5,4.6,4.5,4.6,86066
ICBEPMF1S1,19-05-15,4.6,4.7,4.5,4.6,162000
ICBEPMF1S1,20-05-15,4.6,4.7,4.5,4.7,36100
ICBEPMF1S1,21-05-15,4.7,4.8,4.6,4.7,61900
ICBEPMF1S1,24-05-15,4.5,4.5,4.5,4.5,500
ICBEPMF1S1,25-05-15,4.5,4.8,4.5,4.7,32400
ICBEPMF1S1,26-05-15,4.8,4.8,4.7,4.8,45289
ICBEPMF1S1,27-05-15,4.7,4.7,4.5,4.6,30000
ICBEPMF1S1,28-05-15,4.8,4.8,4.4,4.5,22610
ICBEPMF1S1,31-05-15,4.5,4.7,4.5,4.5,14500
ICBEPMF1S1,06-01-15,4.6,4.7,4.4,4.6,40300
ICBEPMF1S1,06-02-15,4.5,4.6,4.5,4.5,42000
ICBEPMF1S1,06-04-15,4.5,4.5,4.3,4.4,49700
ICBEPMF1S1,06-07-15,4.6,4.7,4.4,4.5,61500
ICBEPMF1S1,06-08-15,4.4,4.9,4.4,4.8,927289
ICBEPMF1S1,06-09-15,4.7,4.9,4.7,4.9,379400
ICBEPMF1S1,06-10-15,4.9,5.3,4.9,5.3,1226585
ICBEPMF1S1,06-11-15,5.2,5.8,5.2,5.8,765752
ICBEPMF1S1,14-06-15,5.8,5.8,5.3,5.3,270921
ICBEPMF1S1,15-06-15,5.1,5.2,5,5.1,229899
ICBEPMF1S1,16-06-15,5.1,5.5,5,5.4,356745
ICBEPMF1S1,17-06-15,5.4,5.5,5.2,5.3,362000
ICBEPMF1S1,18-06-15,5.3,5.5,5.1,5.2,273000
ICBEPMF1S1,21-06-15,5.2,5.4,5,5.3,275000
ICBEPMF1S1,22-06-15,5.3,5.5,5.2,5.4,308457
ICBEPMF1S1,23-06-15,5.4,5.5,5.3,5.4,139902
ICBEPMF1S1,24-06-15,5.6,5.7,5.4,5.5,349295
ICBEPMF1S1,25-06-15,5.7,5.7,5.4,5.5,76000
ICBEPMF1S1,28-06-15,5.4,5.7,5.3,5.6,147500
ICBEPMF1S1,29-06-15,5.6,5.7,5.3,5.6,154751
ICBEPMF1S1,30-06-15,5.5,5.7,5.4,5.5,262600
ICBEPMF1S1,07-02-15,5.3,5.6,5.3,5.5,165370
ICBEPMF1S1,07-05-15,5.4,5.5,5.2,5.4,214833
ICBEPMF1S1,07-06-15,5.2,5.5,5.2,5.3,143750
ICBEPMF1S1,07-07-15,5.1,5.3,5,5.1,200950
ICBEPMF1S1,07-08-15,5.3,5.5,5.3,5.4,205500
ICBEPMF1S1,07-09-15,5.3,5.5,5.1,5.3,171950
ICBEPMF1S1,07-12-15,5.3,5.6,5.3,5.5,157065
ICBEPMF1S1,13-07-15,5.4,5.6,5.4,5.5,83448
ICBEPMF1S1,14-07-15,5.6,5.7,5.5,5.5,472107
ICBEPMF1S1,21-07-15,5.4,5.9,5.4,5.8,219641
ICBEPMF1S1,22-07-15,6,6,5.5,5.6,553325
ICBEPMF1S1,23-07-15,5.6,5.9,5.6,5.8,224455
ICBEPMF1S1,26-07-15,5.8,6,5.7,5.9,300290
ICBEPMF1S1,27-07-15,5.7,5.9,5.6,5.9,313345
ICBEPMF1S1,28-07-15,5.8,6.2,5.8,6.1,397654
ICBEPMF1S1,29-07-15,6.1,6.2,6,6,421509
ICBEPMF1S1,30-07-15,6,6.1,5.8,5.9,132100
ICBEPMF1S1,08-02-15,5.8,5.9,5.7,5.9,255400
ICBEPMF1S1,08-03-15,5.7,5.8,5.7,5.7,148428
ICBEPMF1S1,08-04-15,5.8,6,5.8,6,582701
ICBEPMF1S1,08-05-15,5.9,6.1,5.8,6,310259
ICBEPMF1S1,08-06-15,5.9,6,5.7,5.8,233017
ICBEPMF1S1,08-09-15,5.8,6,5.8,5.9,213112
ICBEPMF1S1,08-10-15,5.7,5.8,5.6,5.7,276000
ICBEPMF1S1,08-11-15,5.7,5.9,5.7,5.8,71345
ICBEPMF1S1,08-12-15,6,6,5.6,5.7,229075
ICBEPMF1S1,13-08-15,5.9,6.1,5.7,6,604331
ICBEPMF1S1,16-08-15,6.2,6.2,5.9,6,509295
ICBEPMF1S1,17-08-15,6,6.1,5.9,6,332500
ICBEPMF1S1,18-08-15,5.9,6.2,5.9,6.1,757800
ICBEPMF1S1,19-08-15,6.1,6.2,6,6.2,565317
ICBEPMF1S1,20-08-15,6.2,6.4,6.1,6.3,374501
ICBEPMF1S1,23-08-15,6,6.4,6,6.4,257840
ICBEPMF1S1,24-08-15,6.3,6.3,6.2,6.2,257653
ICBEPMF1S1,25-08-15,6.2,6.4,6.2,6.3,283742
ICBEPMF1S1,26-08-15,6.2,6.4,6.2,6.3,208687
ICBEPMF1S1,27-08-15,6.2,6.3,6.1,6.3,336175
ICBEPMF1S1,30-08-15,6.3,6.4,6.2,6.3,170900
ICBEPMF1S1,31-08-15,6.3,6.3,6,6,127255
ICBEPMF1S1,09-01-15,6,6.1,5.8,5.8,562900
ICBEPMF1S1,09-03-15,5.7,5.7,5.3,5.5,602390
ICBEPMF1S1,09-06-15,5.6,5.9,5.5,5.8,442320
ICBEPMF1S1,09-07-15,5.8,6,5.7,5.9,305401
ICBEPMF1S1,09-08-15,5.9,6.4,5.8,6.4,3578500
ICBEPMF1S1,09-09-15,6.2,6.3,6.1,6.2,430524
ICBEPMF1S1,09-10-15,6.2,6.8,6.2,6.8,1029600
ICBEPMF1S1,13-09-15,7,7,6.3,6.5,169914
ICBEPMF1S1,14-09-15,6.7,7,6.5,6.5,64000
ICBEPMF1S1,15-09-15,6.5,6.6,6.2,6.5,473745
ICBEPMF1S1,16-09-15,6.3,6.5,6.3,6.4,78993
ICBEPMF1S1,17-09-15,6.3,6.5,6.3,6.4,106000
ICBEPMF1S1,20-09-15,6.3,6.4,6.2,6.3,157400
ICBEPMF1S1,21-09-15,6.3,6.4,6.2,6.3,141082
ICBEPMF1S1,22-09-15,6.2,6.3,6.2,6.2,65000
ICBEPMF1S1,28-09-15,6.2,6.3,6.2,6.3,38510
ICBEPMF1S1,29-09-15,6.2,6.3,6.2,6.3,37770
ICBEPMF1S1,30-09-15,6.2,6.3,6.1,6.2,54538
ICBEPMF1S1,10-01-15,6.1,6.4,6.1,6.4,194580
ICBEPMF1S1,10-04-15,6.4,6.5,6.3,6.4,208374
ICBEPMF1S1,10-05-15,6.3,6.5,6.3,6.4,140937
ICBEPMF1S1,10-06-15,6.4,6.6,6.4,6.5,128871
ICBEPMF1S1,10-07-15,6.4,6.6,6.4,6.5,251294
ICBEPMF1S1,10-08-15,6.5,6.9,6.5,6.8,220614
ICBEPMF1S1,10-11-15,6.8,7,6.8,7,303850
ICBEPMF1S1,10-12-15,7,7,6.8,6.9,231476
ICBEPMF1S1,13-10-15,6.8,6.9,6.7,6.8,162520
ICBEPMF1S1,14-10-15,6.8,6.8,6.7,6.7,50275
ICBEPMF1S1,15-10-15,6.7,6.7,6.5,6.6,50300
ICBEPMF1S1,18-10-15,6.5,6.6,6.3,6.4,146525
ICBEPMF1S1,19-10-15,6.5,6.6,6.4,6.5,85304
ICBEPMF1S1,20-10-15,6.4,6.4,6.3,6.3,74875
ICBEPMF1S1,21-10-15,6.3,6.4,6,6.2,236400
ICBEPMF1S1,25-10-15,6,6.1,6,6,7500
ICBEPMF1S1,26-10-15,6,6.3,6,6.2,48140
ICBEPMF1S1,27-10-15,6.1,6.1,6,6.1,31725
ICBEPMF1S1,28-10-15,6.1,6.2,6,6.1,30300
ICBEPMF1S1,29-10-15,6,6.1,6,6,48750
ICBEPMF1S1,11-01-15,6,6.2,6,6.1,44820
ICBEPMF1S1,11-02-15,6.1,6.1,6,6,70670
ICBEPMF1S1,11-03-15,6,6.1,6,6,28000
ICBEPMF1S1,11-04-15,6,6.3,6,6.3,86650
ICBEPMF1S1,11-05-15,6.1,6.1,6,6.1,40601
ICBEPMF1S1,11-08-15,6.1,6.1,6.1,6.1,11130
ICBEPMF1S1,11-09-15,6,6.1,5.9,6,96300
ICBEPMF1S1,11-10-15,5.9,6,5.6,5.9,86166
ICBEPMF1S1,11-11-15,5.8,5.8,5.6,5.8,45256
ICBEPMF1S1,11-12-15,5.7,5.7,5.4,5.6,87500
ICBEPMF1S1,15-11-15,5.6,5.7,5.6,5.6,46000
ICBEPMF1S1,16-11-15,5.6,5.7,5.6,5.7,82400
ICBEPMF1S1,17-11-15,5.7,5.7,5.5,5.6,171166
ICBEPMF1S1,18-11-15,5.7,5.8,5.6,5.7,44450
ICBEPMF1S1,19-11-15,5.7,5.7,5.6,5.7,8100
ICBEPMF1S1,22-11-15,5.6,5.8,5.6,5.7,92000
ICBEPMF1S1,23-11-15,5.9,6,5.6,5.8,136369
ICBEPMF1S1,24-11-15,5.7,5.7,5.6,5.6,103200
ICBEPMF1S1,25-11-15,5.5,5.7,5.4,5.5,119850
ICBEPMF1S1,26-11-15,5.4,5.6,5.4,5.5,45000
ICBEPMF1S1,29-11-15,5.5,5.7,5.5,5.5,173000
ICBEPMF1S1,30-11-15,5.6,5.7,5.5,5.7,83340
ICBEPMF1S1,12-01-15,5.7,5.8,5.6,5.8,124700
ICBEPMF1S1,12-02-15,5.8,5.8,5.7,5.8,24600
ICBEPMF1S1,12-03-15,5.6,5.8,5.6,5.6,118369
ICBEPMF1S1,12-06-15,5.6,5.6,5.5,5.6,75874
ICBEPMF1S1,12-07-15,5.5,5.6,5.5,5.5,60400
ICBEPMF1S1,12-08-15,5.5,5.5,5.5,5.5,47800
ICBEPMF1S1,12-09-15,5.5,5.6,5.5,5.6,103500
ICBEPMF1S1,12-10-15,5.5,5.6,5.5,5.6,16740
ICBEPMF1S1,13-12-15,5.5,5.7,5.5,5.6,21400
ICBEPMF1S1,14-12-15,5.5,5.6,5.5,5.6,35600
ICBEPMF1S1,15-12-15,5.5,5.7,5.5,5.6,23615
ICBEPMF1S1,17-12-15,5.7,5.7,5.5,5.5,50440
ICBEPMF1S1,20-12-15,5.5,5.5,5.4,5.5,29600
ICBEPMF1S1,21-12-15,5.6,5.7,5.5,5.6,90900
ICBEPMF1S1,22-12-15,5.6,5.7,5.6,5.7,50310
ICBEPMF1S1,23-12-15,5.6,5.8,5.6,5.7,61900
ICBEPMF1S1,24-12-15,5.6,5.8,5.6,5.8,96809
ICBEPMF1S1,27-12-15,5.7,5.7,5.6,5.7,54860
ICBEPMF1S1,28-12-15,5.7,5.7,5.7,5.7,73550
ICBEPMF1S1,29-12-15,5.7,5.8,5.7,5.8,24400
ICBEPMF1S1,30-12-15,5.7,5.9,5.7,5.9,84251
ICBEPMF1S1,31-12-15,5.9,6,5.8,5.9,5000
IFILISLMF1,01-01-15,5.8,5.9,5.6,5.7,67500
IFILISLMF1,01-05-15,5.7,5.9,5.5,5.6,68471
IFILISLMF1,01-06-15,5.5,5.7,5.5,5.6,47153
IFILISLMF1,01-07-15,5.5,5.8,5.5,5.5,76245
IFILISLMF1,01-08-15,5.4,5.8,5.4,5.6,179532
IFILISLMF1,01-11-15,5.5,5.6,5.5,5.5,46395
IFILISLMF1,01-12-15,5.6,5.8,5.5,5.7,76250
IFILISLMF1,13-01-15,5.5,5.8,5.5,5.7,350831
IFILISLMF1,14-01-15,5.6,6,5.6,5.9,286165
IFILISLMF1,15-01-15,5.7,5.9,5.7,5.8,183000
IFILISLMF1,18-01-15,5.7,5.9,5.7,5.9,115400
IFILISLMF1,19-01-15,5.7,6.1,5.7,5.9,212800
IFILISLMF1,20-01-15,5.7,6.1,5.7,6.1,435560
IFILISLMF1,21-01-15,5.9,6.1,5.8,6.1,255081
IFILISLMF1,22-01-15,5.8,6,5.8,6,65840
IFILISLMF1,25-01-15,5.8,6.1,5.7,5.7,114000
IFILISLMF1,26-01-15,5.7,5.8,5.7,5.7,83650
IFILISLMF1,27-01-15,5.7,5.8,5.7,5.8,31718
IFILISLMF1,28-01-15,5.7,5.9,5.7,5.7,30400
IFILISLMF1,29-01-15,5.7,5.9,5.7,5.7,50500
IFILISLMF1,02-01-15,5.7,5.8,5.6,5.7,66848
IFILISLMF1,02-02-15,5.7,5.7,5.6,5.7,125300
IFILISLMF1,02-03-15,5.7,6,5.7,5.9,208193
IFILISLMF1,02-04-15,5.8,5.9,5.8,5.8,42210
IFILISLMF1,02-05-15,5.9,6.1,5.8,6,420089
IFILISLMF1,02-08-15,5.9,6,5.9,6,225650
IFILISLMF1,02-09-15,6.1,6.4,5.8,6.3,1163231
IFILISLMF1,02-10-15,6.1,6.2,6,6.1,99179
IFILISLMF1,02-11-15,6.1,6.4,6.1,6.4,3056184
IFILISLMF1,02-12-15,6.4,6.5,6.2,6.4,396668
IFILISLMF1,15-02-15,6.5,6.7,6.2,6.3,1099262
IFILISLMF1,16-02-15,6.2,6.3,6,6.3,1013150
IFILISLMF1,17-02-15,6.1,6.3,6,6.3,169389
IFILISLMF1,18-02-15,6.4,6.4,6.1,6.2,245879
IFILISLMF1,19-02-15,6.1,6.3,6.1,6.2,62720
IFILISLMF1,22-02-15,6.1,6.4,6.1,6.3,276470
IFILISLMF1,23-02-15,6.2,6.2,6.1,6.1,87828
IFILISLMF1,24-02-15,6.1,6.2,6.1,6.1,151345
IFILISLMF1,25-02-15,6.1,6.2,5.9,6,219944
IFILISLMF1,26-02-15,6.1,6.1,5.9,6,150350
IFILISLMF1,03-01-15,6.2,6.3,5.8,6,292300
IFILISLMF1,03-02-15,5.9,6,5.9,5.9,30400
IFILISLMF1,03-03-15,5.9,6,5.9,5.9,7510
IFILISLMF1,03-04-15,5.9,6,5.8,5.9,197377
IFILISLMF1,03-05-15,5.8,6,5.8,5.9,161142
IFILISLMF1,03-08-15,5.9,6.1,5.8,5.9,26500
IFILISLMF1,03-09-15,5.9,6,5.9,5.9,21845
IFILISLMF1,03-10-15,5.9,6,5.9,5.9,135800
IFILISLMF1,03-11-15,6,6,5.9,5.9,30550
IFILISLMF1,03-12-15,5.9,6,5.9,5.9,122000
IFILISLMF1,15-03-15,6,6,5.8,5.9,253373
IFILISLMF1,16-03-15,5.8,5.9,5.8,5.8,54490
IFILISLMF1,18-03-15,5.8,5.8,5.7,5.8,98973
IFILISLMF1,19-03-15,5.8,6,5.7,5.7,85600
IFILISLMF1,22-03-15,5.7,5.9,5.7,5.9,335000
IFILISLMF1,23-03-15,5.9,6,5.7,6,314589
IFILISLMF1,24-03-15,5.8,5.9,5.7,5.8,83800
IFILISLMF1,25-03-15,5.7,5.9,5.7,5.9,25800
IFILISLMF1,29-03-15,5.8,5.9,5.6,5.7,379825
IFILISLMF1,30-03-15,5.7,5.8,5.6,5.6,182680
IFILISLMF1,31-03-15,5.6,5.6,5.5,5.6,105020
IFILISLMF1,04-01-15,5.6,5.7,5.6,5.7,22500
IFILISLMF1,04-02-15,5.6,5.8,5.6,5.7,39295
IFILISLMF1,04-05-15,5.6,5.7,5.6,5.7,59500
IFILISLMF1,04-06-15,5.6,5.6,5.3,5.3,395787
IFILISLMF1,04-07-15,5.4,5.6,5.3,5.5,83900
IFILISLMF1,04-08-15,5.4,5.5,5.1,5.3,243540
IFILISLMF1,04-09-15,5.5,5.6,4.8,5.1,665263
IFILISLMF1,04-12-15,5.1,5.2,4.8,4.9,63658
IFILISLMF1,13-04-15,4.8,5.1,4.8,5.1,25500
IFILISLMF1,15-04-15,5.1,5.2,4.9,5.2,238478
IFILISLMF1,16-04-15,5,5.3,4.9,5.2,153250
IFILISLMF1,19-04-15,5.1,5.5,5.1,5.4,75700
IFILISLMF1,20-04-15,5.3,5.3,5.2,5.2,71000
IFILISLMF1,21-04-15,5.1,5.2,5,5.2,63004
IFILISLMF1,22-04-15,5.2,5.5,4.9,5.1,211087
IFILISLMF1,23-04-15,5,5.1,4.9,4.9,119950
IFILISLMF1,26-04-15,5,5.2,4.7,4.8,221086
IFILISLMF1,27-04-15,5,5.2,5,5.1,245894
IFILISLMF1,29-04-15,5.1,5.3,5.1,5.2,117300
IFILISLMF1,30-04-15,5,5.1,5,5.1,16550
IFILISLMF1,05-04-15,4.9,5.1,4.9,5,24900
IFILISLMF1,05-05-15,5,5.2,4.9,5.1,85500
IFILISLMF1,05-06-15,4.9,5.3,4.9,5,157250
IFILISLMF1,05-07-15,5,5.1,4.9,5,131000
IFILISLMF1,05-10-15,5.1,5.5,5.1,5.4,252918
IFILISLMF1,05-11-15,5.8,5.8,5.4,5.7,320950
IFILISLMF1,05-12-15,5.7,6.2,5.6,6.1,1520058
IFILISLMF1,13-05-15,5.9,6.1,5.8,6,454995
IFILISLMF1,14-05-15,5.9,6,5.8,5.9,462714
IFILISLMF1,17-05-15,5.7,5.9,5.5,5.8,352749
IFILISLMF1,18-05-15,5.8,6,5.8,5.9,205411
IFILISLMF1,19-05-15,5.7,6.1,5.7,6,349595
IFILISLMF1,20-05-15,6,6.1,5.8,6,86866
IFILISLMF1,21-05-15,6,6.1,6,6,191100
IFILISLMF1,24-05-15,5.9,6.3,5.9,5.9,46525
IFILISLMF1,25-05-15,6.3,6.3,5.9,6.2,203026
IFILISLMF1,26-05-15,6.1,6.3,6,6.1,71322
IFILISLMF1,27-05-15,6,6,5.9,6,296310
IFILISLMF1,28-05-15,6.3,6.3,5.8,5.9,203000
IFILISLMF1,31-05-15,5.8,5.9,5.7,5.8,111650
IFILISLMF1,06-01-15,5.7,6.2,5.7,5.8,46100
IFILISLMF1,06-02-15,5.8,6.1,5.8,5.8,43834
IFILISLMF1,06-04-15,5.7,6,5.7,5.9,59160
IFILISLMF1,06-07-15,5.8,6,5.8,6,476197
IFILISLMF1,06-08-15,5.8,6,5.8,5.9,365782
IFILISLMF1,06-09-15,5.8,6,5.8,5.9,60047
IFILISLMF1,06-10-15,5.9,6.2,5.9,6.1,255549
IFILISLMF1,06-11-15,6,6.2,6,6.1,148610
IFILISLMF1,14-06-15,6.1,6.2,6,6.1,97391
IFILISLMF1,15-06-15,6.1,6.2,6,6,71001
IFILISLMF1,16-06-15,6,6.4,6,6.3,816670
IFILISLMF1,17-06-15,6.3,6.6,6.2,6.4,249000
IFILISLMF1,18-06-15,6.2,6.4,6.1,6.2,568820
IFILISLMF1,21-06-15,6.1,6.4,6.1,6.4,123724
IFILISLMF1,22-06-15,6.3,6.4,6.2,6.3,175681
IFILISLMF1,23-06-15,6.2,6.4,6.1,6.4,187650
IFILISLMF1,24-06-15,6.3,6.5,6.3,6.4,297889
IFILISLMF1,25-06-15,6.3,6.4,6.3,6.3,93355
IFILISLMF1,28-06-15,6.2,6.4,6.2,6.3,172703
IFILISLMF1,29-06-15,6.3,6.4,6.2,6.3,115483
IFILISLMF1,30-06-15,6.2,6.6,6.2,6.5,427307
IFILISLMF1,07-02-15,6.5,6.5,6.4,6.5,272469
IFILISLMF1,07-05-15,6.3,6.5,6.3,6.4,168697
IFILISLMF1,07-06-15,6.4,6.5,6.3,6.4,146168
IFILISLMF1,07-07-15,6.4,6.4,6.3,6.4,157120
IFILISLMF1,07-08-15,6.3,6.5,6.3,6.4,107450
IFILISLMF1,07-09-15,6.3,6.4,6.2,6.3,164487
IFILISLMF1,07-12-15,6.5,6.5,6.4,6.5,262220
IFILISLMF1,13-07-15,6.5,6.5,6.4,6.5,407848
IFILISLMF1,14-07-15,6.5,6.6,6.4,6.5,763165
IFILISLMF1,21-07-15,6.5,6.6,6.4,6.5,660147
IFILISLMF1,22-07-15,6.6,6.8,6.4,6.7,1380818
IFILISLMF1,23-07-15,6.6,7,6.6,7,634735
IFILISLMF1,26-07-15,7,7.3,6.9,7.2,1489162
IFILISLMF1,27-07-15,7.1,7.3,6.8,6.9,1033164
IFILISLMF1,28-07-15,6.9,7.3,6.9,6.9,1184025
IFILISLMF1,29-07-15,7,7.1,6.8,7,759176
IFILISLMF1,30-07-15,6.9,7,6.8,6.9,237306
IFILISLMF1,08-02-15,6.9,7.1,6.9,7,442700
IFILISLMF1,08-03-15,7,7,6.9,7,470738
IFILISLMF1,08-04-15,6.9,7,6.8,6.9,907784
IFILISLMF1,08-05-15,6.9,7,6.8,6.8,1024900
IFILISLMF1,08-06-15,6.9,7,6.8,6.8,568400
IFILISLMF1,08-09-15,6.8,6.9,6.3,6.5,764010
IFILISLMF1,08-10-15,6.4,6.7,6.4,6.6,192419
IFILISLMF1,08-11-15,6.6,6.7,6.5,6.7,402874
IFILISLMF1,08-12-15,6.6,6.8,6.4,6.6,869878
IFILISLMF1,13-08-15,6.9,7,6.6,6.8,1513204
IFILISLMF1,16-08-15,6.9,7,6.8,6.8,1735919
IFILISLMF1,17-08-15,6.8,6.8,6.7,6.7,789080
IFILISLMF1,18-08-15,6.7,7,6.7,7,2463745
IFILISLMF1,19-08-15,7,7.1,6.9,7,849432
IFILISLMF1,20-08-15,7.1,7.2,7,7.2,883370
IFILISLMF1,23-08-15,7.2,7.3,7.1,7.2,913570
IFILISLMF1,24-08-15,7.2,7.4,7.1,7.2,1355965
IFILISLMF1,25-08-15,7,7.4,7,7.3,1899738
IFILISLMF1,26-08-15,7.3,7.4,7.1,7.3,1379849
IFILISLMF1,27-08-15,7.2,7.4,7.1,7.2,320575
IFILISLMF1,30-08-15,7.1,7.2,7,7.1,381012
IFILISLMF1,31-08-15,7.1,7.2,7,7,418373
IFILISLMF1,09-01-15,7,7.1,6.9,7,814141
IFILISLMF1,09-03-15,6.3,6.7,6.3,6.4,3942991
IFILISLMF1,09-06-15,6.3,6.6,6.3,6.5,807209
IFILISLMF1,09-07-15,6.4,6.7,6.4,6.5,1022201
IFILISLMF1,09-08-15,6.5,6.8,6.4,6.7,1776826
IFILISLMF1,09-09-15,6.8,7,6.6,6.9,7479000
IFILISLMF1,09-10-15,6.8,7.2,6.7,7,3088071
IFILISLMF1,13-09-15,6.9,6.9,6.6,6.7,167000
IFILISLMF1,14-09-15,6.7,7,6.7,7,1062485
IFILISLMF1,15-09-15,6.7,6.9,6.7,6.9,216000
IFILISLMF1,16-09-15,6.7,6.9,6.7,6.9,40211
IFILISLMF1,17-09-15,7,7,6.8,6.9,76680
IFILISLMF1,20-09-15,6.8,6.9,6.7,6.9,117506
IFILISLMF1,21-09-15,6.8,6.8,6.8,6.8,52252
IFILISLMF1,22-09-15,6.8,6.8,6.7,6.7,42238
IFILISLMF1,28-09-15,6.7,6.8,6.7,6.8,63000
IFILISLMF1,29-09-15,6.7,6.8,6.6,6.7,157600
IFILISLMF1,30-09-15,6.6,6.7,6.4,6.5,228527
IFILISLMF1,10-01-15,6.4,6.6,6.4,6.5,94209
IFILISLMF1,10-04-15,6.5,6.6,6.5,6.5,12389
IFILISLMF1,10-05-15,6.5,6.6,6.4,6.5,219367
IFILISLMF1,10-06-15,6.5,6.5,6.4,6.5,405000
IFILISLMF1,10-07-15,6.4,6.6,6.4,6.5,628935
IFILISLMF1,10-08-15,6.6,6.7,6.4,6.5,630180
IFILISLMF1,10-11-15,6.6,6.9,6.4,6.7,511562
IFILISLMF1,10-12-15,6.7,6.9,6.5,6.8,300860
IFILISLMF1,13-10-15,6.7,6.7,6.6,6.6,49990
IFILISLMF1,14-10-15,6.7,6.7,6.5,6.5,195430
IFILISLMF1,15-10-15,6.4,6.5,6.4,6.4,86269
IFILISLMF1,18-10-15,6.3,6.5,6.2,6.3,137890
IFILISLMF1,19-10-15,6.3,6.4,6.2,6.3,117636
IFILISLMF1,20-10-15,6.2,6.4,6.2,6.3,55014
IFILISLMF1,21-10-15,6.2,6.3,6.1,6.2,133156
IFILISLMF1,25-10-15,6.1,6.1,6,6.1,50408
IFILISLMF1,26-10-15,6.1,6.3,6,6.1,188100
IFILISLMF1,27-10-15,6.2,6.2,6,6.1,47500
IFILISLMF1,28-10-15,6,6.1,6,6,13949
IFILISLMF1,29-10-15,6.1,6.1,6,6.1,62372
IFILISLMF1,11-01-15,6.1,6.2,6,6,86085
IFILISLMF1,11-02-15,6,6.1,6,6,76623
IFILISLMF1,11-03-15,6.1,6.2,6,6.2,206480
IFILISLMF1,11-04-15,6.1,6.2,6,6.2,98680
IFILISLMF1,11-05-15,6.1,6.2,6,6.1,13957
IFILISLMF1,11-08-15,6.1,6.1,5.9,6,361103
IFILISLMF1,11-09-15,5.9,6,5.8,5.9,283920
IFILISLMF1,11-10-15,5.9,5.9,5.7,5.7,466306
IFILISLMF1,11-11-15,5.8,5.9,5.5,5.7,215125
IFILISLMF1,11-12-15,5.7,5.9,5.7,5.8,13693
IFILISLMF1,15-11-15,5.7,5.9,5.7,5.8,42840
IFILISLMF1,16-11-15,5.8,5.9,5.8,5.8,15147
IFILISLMF1,17-11-15,5.8,5.8,5.7,5.8,108399
IFILISLMF1,18-11-15,5.8,5.8,5.7,5.8,26120
IFILISLMF1,19-11-15,5.8,5.9,5.8,5.8,81575
IFILISLMF1,22-11-15,5.8,6,5.8,6,36980
IFILISLMF1,23-11-15,5.9,6,5.9,6,50500
IFILISLMF1,24-11-15,5.9,6,5.9,6,39790
IFILISLMF1,25-11-15,5.9,6,5.9,5.9,7700
IFILISLMF1,26-11-15,5.9,6,5.9,6,18356
IFILISLMF1,29-11-15,5.9,6.1,5.9,6,130450
IFILISLMF1,30-11-15,6,6.1,6,6.1,54900
IFILISLMF1,12-01-15,6.1,6.3,6.1,6.2,305743
IFILISLMF1,12-02-15,6.2,6.3,6.1,6.3,139600
IFILISLMF1,12-03-15,6.2,6.3,6.2,6.3,42460
IFILISLMF1,12-06-15,6.2,6.4,6.2,6.3,46915
IFILISLMF1,12-07-15,6.3,6.4,6.1,6.2,29446
IFILISLMF1,12-08-15,6.3,6.3,6.2,6.2,15565
IFILISLMF1,12-09-15,6.2,6.3,6.2,6.2,28388
IFILISLMF1,12-10-15,6.2,6.3,6.2,6.3,33886
IFILISLMF1,13-12-15,6.3,6.3,6.2,6.3,6004
IFILISLMF1,14-12-15,6.2,6.3,6.1,6.2,34593
IFILISLMF1,15-12-15,6.2,6.3,6,6.1,73014
IFILISLMF1,17-12-15,6.1,6.2,6.1,6.2,56263
IFILISLMF1,20-12-15,6.1,6.2,6.1,6.2,72410
IFILISLMF1,21-12-15,6.1,6.2,6.1,6.2,31570
IFILISLMF1,22-12-15,6.2,6.3,6.2,6.2,48453
IFILISLMF1,23-12-15,6.2,6.2,6.1,6.2,422370
IFILISLMF1,24-12-15,5.9,6.3,5.9,6.2,35640
IFILISLMF1,27-12-15,6.2,6.3,6.2,6.3,67288
IFILISLMF1,28-12-15,6.3,6.3,6.2,6.3,83578
IFILISLMF1,29-12-15,6.2,6.3,6.2,6.2,115182
IFILISLMF1,30-12-15,6.2,6.3,6.2,6.3,65969
IFILISLMF1,31-12-15,6.3,6.3,6.2,6.3,144901
PF1STMF,01-01-15,4.6,4.6,4.5,4.6,12901
PF1STMF,01-05-15,4.5,4.6,4.5,4.6,5465
PF1STMF,01-06-15,4.5,4.6,4.5,4.5,34168
PF1STMF,01-07-15,4.5,4.5,4.4,4.5,145567
PF1STMF,01-08-15,4.5,4.5,4.5,4.5,23170
PF1STMF,01-11-15,4.6,4.6,4.4,4.5,43650
PF1STMF,01-12-15,4.5,4.5,4.4,4.5,8500
PF1STMF,13-01-15,4.4,4.5,4.4,4.5,17580
PF1STMF,14-01-15,4.5,4.5,4.4,4.5,28780
PF1STMF,15-01-15,4.4,4.6,4.4,4.6,23500
PF1STMF,18-01-15,4.5,4.5,4.4,4.4,51500
PF1STMF,19-01-15,4.5,4.5,4.4,4.4,26995
PF1STMF,20-01-15,4.4,4.5,4.4,4.4,31600
PF1STMF,21-01-15,4.4,4.4,4.3,4.4,66394
PF1STMF,22-01-15,4.4,4.4,4.3,4.4,13550
PF1STMF,25-01-15,4.3,4.5,4.3,4.3,46651
PF1STMF,26-01-15,4.4,4.6,4.2,4.5,191584
PF1STMF,27-01-15,4.5,5,4.5,5,1041415
PF1STMF,28-01-15,4.9,5.5,4.9,5.3,878045
PF1STMF,29-01-15,5.1,5.6,5.1,5.3,580000
PF1STMF,02-01-15,4.9,5.4,4.9,5.3,85971
PF1STMF,02-02-15,5.4,5.4,5,5.3,98776
PF1STMF,02-03-15,5.3,5.7,5.1,5.5,581870
PF1STMF,02-04-15,5.2,5.6,5.2,5.5,251280
PF1STMF,02-05-15,5.2,5.2,5.1,5.2,50300
PF1STMF,02-08-15,5.1,5.2,5.1,5.1,94559
PF1STMF,02-09-15,5.4,5.5,4.9,5.3,92820
PF1STMF,02-10-15,5.5,5.6,4.8,4.9,735672
PF1STMF,02-11-15,5,5.3,5,5.3,262520
PF1STMF,02-12-15,5.1,5.2,5,5.1,115500
PF1STMF,15-02-15,5.1,5.1,5,5,40510
PF1STMF,16-02-15,5,5.1,4.8,4.9,432036
PF1STMF,17-02-15,4.9,5.2,4.7,5,138768
PF1STMF,18-02-15,5,5,5,5,32800
PF1STMF,19-02-15,5,5.3,5,5.1,444132
PF1STMF,22-02-15,5,5.2,5,5.1,31500
PF1STMF,23-02-15,5,5.3,5,5.3,428385
PF1STMF,24-02-15,5.2,5.4,5.2,5.2,175901
PF1STMF,25-02-15,5.1,5.2,5.1,5.2,21600
PF1STMF,26-02-15,5.1,5.2,5,5.1,62854
PF1STMF,03-01-15,5,5.2,5,5.1,52401
PF1STMF,03-02-15,5.1,5.2,4.9,5,42099
PF1STMF,03-03-15,5,5,4.9,5,17000
PF1STMF,03-04-15,5,5,4.9,4.9,8671
PF1STMF,03-05-15,4.8,4.9,4.8,4.9,18500
PF1STMF,03-08-15,4.8,4.8,4.7,4.8,27700
PF1STMF,03-09-15,4.7,4.8,4.7,4.8,3365
PF1STMF,03-10-15,4.7,4.9,4.7,4.9,11619
PF1STMF,03-11-15,4.8,4.8,4.6,4.7,39974
PF1STMF,03-12-15,4.7,4.7,4.6,4.7,6601
PF1STMF,15-03-15,4.7,4.7,4.6,4.6,21000
PF1STMF,16-03-15,4.5,4.6,4.5,4.5,7500
PF1STMF,18-03-15,4.6,4.6,4.5,4.5,4500
PF1STMF,19-03-15,4.5,4.5,4.4,4.5,36000
PF1STMF,22-03-15,4.4,4.6,4.4,4.5,12002
PF1STMF,23-03-15,4.5,4.5,4.5,4.5,35900
PF1STMF,24-03-15,4.4,4.5,4.4,4.4,19000
PF1STMF,25-03-15,4.5,4.5,4.3,4.4,91000
PF1STMF,29-03-15,4.5,4.5,4.4,4.5,43850
PF1STMF,30-03-15,4.4,4.4,4.4,4.4,11000
PF1STMF,31-03-15,4.4,4.4,4.3,4.4,45000
PF1STMF,04-01-15,4.4,4.4,4.3,4.3,2000
PF1STMF,04-02-15,4.3,4.4,4.3,4.3,3889
PF1STMF,04-05-15,4.3,4.4,4.3,4.4,15000
PF1STMF,04-06-15,4.3,4.4,4.3,4.3,7000
PF1STMF,04-07-15,4.3,4.3,4.1,4.1,100000
PF1STMF,04-08-15,4,4.1,4,4,51500
PF1STMF,04-09-15,4.2,4.2,4.1,4.1,12000
PF1STMF,04-12-15,4,4.3,4,4.1,7600
PF1STMF,13-04-15,4.1,4.1,4.1,4.1,20500
PF1STMF,15-04-15,4.1,4.3,4.1,4.3,9500
PF1STMF,16-04-15,4.1,4.2,4.1,4.1,11000
PF1STMF,19-04-15,4.1,4.1,4.1,4.1,21500
PF1STMF,20-04-15,4.1,4.2,4,4.1,58380
PF1STMF,21-04-15,4,4.1,4,4,17780
PF1STMF,22-04-15,4,4.1,4,4,8000
PF1STMF,23-04-15,4,4.1,4,4,5298
PF1STMF,26-04-15,4.1,4.1,4,4.1,10500
PF1STMF,27-04-15,4,4.1,4,4,23400
PF1STMF,29-04-15,4,4,4,4,19000
PF1STMF,30-04-15,4,4,4,4,7820
PF1STMF,05-04-15,3.9,4,3.9,4,37500
PF1STMF,05-05-15,4,4,3.9,4,48500
PF1STMF,05-06-15,4,4.1,4,4,4062
PF1STMF,05-07-15,4,4.1,3.9,4,46000
PF1STMF,05-10-15,4.1,4.4,4,4.4,143951
PF1STMF,05-11-15,4.5,4.7,4.4,4.6,133462
PF1STMF,05-12-15,4.7,4.9,4.7,4.8,118291
PF1STMF,13-05-15,4.7,4.7,4.4,4.4,241887
PF1STMF,14-05-15,4.3,4.5,4.3,4.4,47892
PF1STMF,17-05-15,4.6,4.6,4.1,4.2,31596
PF1STMF,18-05-15,4.4,4.4,4.3,4.4,27919
PF1STMF,19-05-15,4.7,4.7,4.4,4.4,148396
PF1STMF,20-05-15,4.4,4.5,4.4,4.4,42800
PF1STMF,21-05-15,4.4,4.6,4.3,4.4,170000
PF1STMF,24-05-15,4.3,4.3,4.3,4.3,9000
PF1STMF,25-05-15,4.5,4.6,4.4,4.5,30700
PF1STMF,26-05-15,4.5,4.6,4.4,4.5,10500
PF1STMF,27-05-15,4.5,4.6,4.3,4.5,112600
PF1STMF,28-05-15,4.5,4.5,4.4,4.4,42400
PF1STMF,31-05-15,4.4,4.5,4.4,4.5,7501
PF1STMF,06-01-15,4.4,4.5,4.4,4.5,15600
PF1STMF,06-02-15,4.4,4.5,4.4,4.4,32705
PF1STMF,06-04-15,4.3,4.4,4.2,4.3,76455
PF1STMF,06-07-15,4.5,4.5,4.3,4.4,42090
PF1STMF,06-08-15,4.2,4.5,4.2,4.4,42995
PF1STMF,06-09-15,4.2,4.4,4.2,4.3,7872
PF1STMF,06-10-15,4.4,4.6,4.4,4.5,77850
PF1STMF,06-11-15,4.4,4.6,4.4,4.5,629800
PF1STMF,14-06-15,4.4,4.4,4.3,4.4,8500
PF1STMF,15-06-15,4.3,4.4,4.3,4.4,8000
PF1STMF,16-06-15,4.3,4.6,4.3,4.4,409510
PF1STMF,17-06-15,4.3,4.6,4.3,4.4,11030
PF1STMF,18-06-15,4.6,4.6,4.4,4.5,14810
PF1STMF,21-06-15,4.4,4.5,4.4,4.5,9501
PF1STMF,22-06-15,4.4,4.6,4.4,4.6,38158
PF1STMF,23-06-15,5,5,4.5,4.6,132639
PF1STMF,24-06-15,4.6,4.7,4.5,4.6,93450
PF1STMF,25-06-15,4.6,4.7,4.6,4.7,53500
PF1STMF,28-06-15,4.5,4.7,4.5,4.6,50950
PF1STMF,29-06-15,4.6,4.7,4.5,4.6,140900
PF1STMF,30-06-15,4.5,4.7,4.5,4.6,124788
PF1STMF,07-02-15,4.8,4.9,4.6,4.7,179070
PF1STMF,07-05-15,4.6,4.7,4.6,4.6,64391
PF1STMF,07-06-15,4.5,4.7,4.5,4.6,29260
PF1STMF,07-07-15,4.6,4.7,4.5,4.6,14000
PF1STMF,07-08-15,4.6,4.7,4.6,4.6,13120
PF1STMF,07-09-15,4.6,4.7,4.5,4.7,118540
PF1STMF,07-12-15,4.7,4.8,4.6,4.8,96600
PF1STMF,13-07-15,4.8,4.8,4.6,4.8,77270
PF1STMF,14-07-15,4.9,4.9,4.8,4.9,52576
PF1STMF,21-07-15,4.9,4.9,4.7,4.7,12050
PF1STMF,22-07-15,4.7,4.8,4.7,4.8,82200
PF1STMF,23-07-15,4.8,4.9,4.7,4.9,50920
PF1STMF,26-07-15,4.7,4.9,4.7,4.9,180700
PF1STMF,27-07-15,5,5,4.9,5,233680
PF1STMF,28-07-15,5,5.1,5,5.1,133240
PF1STMF,29-07-15,5.2,5.4,5.2,5.3,516610
PF1STMF,30-07-15,5.2,5.3,5.2,5.2,65362
PF1STMF,08-02-15,5.4,5.4,5.2,5.3,157808
PF1STMF,08-03-15,5.3,5.3,5,5.1,724750
PF1STMF,08-04-15,5.1,5.3,5,5.2,1159334
PF1STMF,08-05-15,5.1,5.2,5,5,445900
PF1STMF,08-06-15,5,5.1,4.9,5.1,217260
PF1STMF,08-09-15,4.9,5.1,4.9,5,59000
PF1STMF,08-10-15,4.9,5,4.9,4.9,41000
PF1STMF,08-11-15,4.8,5,4.8,4.9,87925
PF1STMF,08-12-15,4.8,5,4.8,4.9,42920
PF1STMF,13-08-15,4.9,5.1,4.8,5,97086
PF1STMF,16-08-15,4.9,4.9,4.8,4.8,2212
PF1STMF,17-08-15,4.7,4.9,4.7,4.9,152455
PF1STMF,18-08-15,4.7,4.8,4.7,4.7,54400
PF1STMF,19-08-15,4.7,4.8,4.7,4.8,63100
PF1STMF,20-08-15,4.7,4.9,4.7,4.8,20500
PF1STMF,23-08-15,4.8,4.9,4.6,4.7,71843
PF1STMF,24-08-15,4.7,4.8,4.7,4.7,23000
PF1STMF,25-08-15,4.7,4.9,4.7,4.8,71910
PF1STMF,26-08-15,4.7,4.9,4.7,4.8,30600
PF1STMF,27-08-15,4.8,4.9,4.7,4.8,23955
PF1STMF,30-08-15,4.9,4.9,4.7,4.8,53900
PF1STMF,31-08-15,4.7,4.9,4.7,4.8,365481
PF1STMF,09-01-15,4.9,5.1,4.8,5,271300
PF1STMF,09-03-15,4.5,4.6,4.5,4.5,201500
PF1STMF,09-06-15,4.6,4.8,4.3,4.7,122764
PF1STMF,09-07-15,4.6,4.9,4.5,4.8,566950
PF1STMF,09-08-15,4.8,5,4.6,4.7,361460
PF1STMF,09-09-15,4.8,4.8,4.6,4.7,33100
PF1STMF,09-10-15,4.7,4.8,4.6,4.8,191850
PF1STMF,13-09-15,4.8,4.8,4.7,4.7,33304
PF1STMF,14-09-15,4.7,4.8,4.6,4.7,27510
PF1STMF,15-09-15,4.6,4.7,4.6,4.7,2500
PF1STMF,16-09-15,4.6,4.7,4.6,4.6,7500
PF1STMF,17-09-15,4.6,4.6,4.6,4.6,11000
PF1STMF,20-09-15,4.6,4.7,4.6,4.7,41200
PF1STMF,21-09-15,4.6,4.7,4.6,4.6,44500
PF1STMF,22-09-15,4.6,4.6,4.6,4.6,57000
PF1STMF,28-09-15,4.5,4.8,4.5,4.8,58500
PF1STMF,29-09-15,4.8,4.8,4.6,4.7,12987
PF1STMF,30-09-15,4.6,4.7,4.5,4.6,49847
PF1STMF,10-01-15,4.5,4.9,4.5,4.8,295900
PF1STMF,10-04-15,4.8,4.8,4.6,4.7,54700
PF1STMF,10-05-15,4.6,4.8,4.6,4.6,2845
PF1STMF,10-06-15,4.6,4.6,4.5,4.6,369216
PF1STMF,10-07-15,4.6,4.9,4.5,4.8,292978
PF1STMF,10-08-15,4.7,4.8,4.7,4.8,74252
PF1STMF,10-11-15,4.8,4.9,4.7,4.8,111351
PF1STMF,10-12-15,4.8,5,4.6,4.9,598457
PF1STMF,13-10-15,4.9,5,4.8,5,182500
PF1STMF,14-10-15,4.9,4.9,4.8,4.8,14316
PF1STMF,15-10-15,4.8,4.8,4.7,4.8,15200
PF1STMF,18-10-15,4.7,4.7,4.6,4.7,61500
PF1STMF,19-10-15,4.8,4.8,4.6,4.8,96683
PF1STMF,20-10-15,4.8,4.8,4.6,4.7,75115
PF1STMF,21-10-15,4.7,4.7,4.6,4.7,18500
PF1STMF,25-10-15,4.7,4.8,4.6,4.7,6000
PF1STMF,26-10-15,4.6,4.7,4.5,4.5,100002
PF1STMF,27-10-15,4.5,4.5,4.3,4.4,374880
PF1STMF,28-10-15,4.4,4.5,4.3,4.3,84580
PF1STMF,29-10-15,4.4,4.5,4.4,4.4,31665
PF1STMF,11-01-15,4.4,4.4,4.3,4.3,92844
PF1STMF,11-02-15,4.3,4.3,4.2,4.3,82092
PF1STMF,11-03-15,4.3,4.5,4.3,4.4,62208
PF1STMF,11-04-15,4.4,4.4,4.3,4.4,91922
PF1STMF,11-05-15,4.3,4.4,4.3,4.3,1028
PF1STMF,11-08-15,4.3,4.3,4.3,4.3,18860
PF1STMF,11-09-15,4.3,4.3,4.2,4.3,21175
PF1STMF,11-10-15,4.3,4.3,4.2,4.2,59920
PF1STMF,11-11-15,4.2,4.2,4.2,4.2,46210
PF1STMF,11-12-15,4.2,4.3,4.2,4.2,16465
PF1STMF,15-11-15,4.1,4.2,4.1,4.2,22500
PF1STMF,16-11-15,4.2,4.4,4.2,4.3,66212
PF1STMF,17-11-15,4.2,4.3,4.1,4.2,197370
PF1STMF,18-11-15,4.2,4.2,4.1,4.2,13220
PF1STMF,19-11-15,4.2,4.2,4.2,4.2,108800
PF1STMF,22-11-15,4.1,4.3,4.1,4.3,143000
PF1STMF,23-11-15,4.3,4.3,4.2,4.2,27900
PF1STMF,24-11-15,4.2,4.3,4.2,4.2,17000
PF1STMF,25-11-15,4.2,4.2,4.2,4.2,63000
PF1STMF,26-11-15,4.2,4.2,4.2,4.2,19200
PF1STMF,29-11-15,4.2,4.2,4.2,4.2,27600
PF1STMF,30-11-15,4.2,4.3,4.2,4.3,64036
PF1STMF,12-01-15,4.3,4.3,4.3,4.3,100000
PF1STMF,12-02-15,4.2,4.3,4.2,4.2,175710
PF1STMF,12-03-15,4.3,4.3,4.2,4.2,11501
PF1STMF,12-06-15,4.2,4.3,4.2,4.3,36500
PF1STMF,12-07-15,4.2,4.3,4.2,4.3,32130
PF1STMF,12-08-15,4.3,4.3,4.2,4.2,139700
PF1STMF,12-09-15,4.2,4.3,4.2,4.2,112000
PF1STMF,12-10-15,4.2,4.3,4.2,4.2,49296
PF1STMF,13-12-15,4.2,4.3,4.2,4.2,47971
PF1STMF,14-12-15,4.3,4.3,4.1,4.2,113224
PF1STMF,15-12-15,4.2,4.2,4.1,4.1,77000
PF1STMF,17-12-15,4.2,4.2,4.1,4.2,32000
PF1STMF,20-12-15,4.2,4.2,4.1,4.2,49900
PF1STMF,21-12-15,4.2,4.3,4.1,4.3,85346
PF1STMF,22-12-15,4.2,4.3,4.2,4.2,31270
PF1STMF,23-12-15,4.2,4.2,4.2,4.2,11000
PF1STMF,24-12-15,4.2,4.2,4.1,4.1,68880
PF1STMF,27-12-15,4.2,4.2,4.2,4.2,8180
PF1STMF,28-12-15,4.2,4.3,4.1,4.2,159683
PF1STMF,29-12-15,4.2,4.3,4.2,4.2,112100
PF1STMF,30-12-15,4.3,4.3,4.2,4.3,38271
PF1STMF,31-12-15,4.3,4.3,4.2,4.2,37400
PHPMF1,01-01-15,4.8,4.8,4.6,4.7,37497
PHPMF1,01-05-15,4.6,4.7,4.5,4.6,175978
PHPMF1,01-06-15,4.6,4.7,4.5,4.6,60397
PHPMF1,01-07-15,4.6,4.6,4.5,4.6,113517
PHPMF1,01-08-15,4.6,4.7,4.5,4.6,151773
PHPMF1,01-11-15,4.6,4.7,4.5,4.6,108387
PHPMF1,01-12-15,4.6,4.7,4.5,4.6,147620
PHPMF1,13-01-15,4.6,4.6,4.5,4.6,126359
PHPMF1,14-01-15,4.6,4.6,4.5,4.6,437806
PHPMF1,15-01-15,4.5,4.6,4.5,4.5,188664
PHPMF1,18-01-15,4.5,4.6,4.4,4.5,193439
PHPMF1,19-01-15,4.5,4.6,4.4,4.4,274720
PHPMF1,20-01-15,4.5,4.6,4.4,4.5,204714
PHPMF1,21-01-15,4.4,4.5,4.4,4.5,131292
PHPMF1,22-01-15,4.5,4.5,4.4,4.4,196503
PHPMF1,25-01-15,4.4,4.5,4.3,4.4,242237
PHPMF1,26-01-15,4.4,4.5,4.3,4.4,102661
PHPMF1,27-01-15,4.4,4.5,4.3,4.4,117862
PHPMF1,28-01-15,4.5,4.6,4.4,4.6,497938
PHPMF1,29-01-15,4.6,4.6,4.5,4.5,333831
PHPMF1,02-01-15,4.6,4.6,4.4,4.5,127390
PHPMF1,02-02-15,4.5,4.5,4.4,4.5,314134
PHPMF1,02-03-15,4.5,4.6,4.4,4.6,335478
PHPMF1,02-04-15,4.5,4.7,4.5,4.6,381793
PHPMF1,02-05-15,4.6,4.6,4.4,4.5,481321
PHPMF1,02-08-15,4.5,4.6,4.5,4.5,319567
PHPMF1,02-09-15,4.5,4.5,4.5,4.5,163798
PHPMF1,02-10-15,4.5,4.6,4.5,4.5,72498
PHPMF1,02-11-15,4.5,4.5,4.4,4.5,115043
PHPMF1,02-12-15,4.5,4.6,4.5,4.5,89755
PHPMF1,15-02-15,4.6,4.6,4.5,4.5,314666
PHPMF1,16-02-15,4.5,4.6,4.5,4.5,132441
PHPMF1,17-02-15,4.6,4.6,4.5,4.6,716256
PHPMF1,18-02-15,4.5,4.7,4.5,4.6,322720
PHPMF1,19-02-15,4.6,4.6,4.5,4.5,381236
PHPMF1,22-02-15,4.5,4.6,4.5,4.5,35503
PHPMF1,23-02-15,4.6,4.6,4.5,4.5,121316
PHPMF1,24-02-15,4.6,4.6,4.5,4.5,64589
PHPMF1,25-02-15,4.6,4.6,4.3,4.4,460844
PHPMF1,26-02-15,4.4,4.5,4.4,4.4,129881
PHPMF1,03-01-15,4.5,4.5,4.4,4.4,101189
PHPMF1,03-02-15,4.5,4.5,4.4,4.4,158560
PHPMF1,03-03-15,4.4,4.5,4.4,4.4,50624
PHPMF1,03-04-15,4.4,4.5,4.4,4.5,72055
PHPMF1,03-05-15,4.4,4.5,4.4,4.5,88324
PHPMF1,03-08-15,4.4,4.6,4.4,4.5,271382
PHPMF1,03-09-15,4.4,4.5,4.4,4.4,23736
PHPMF1,03-10-15,4.4,4.5,4.4,4.4,35410
PHPMF1,03-11-15,4.4,4.5,4.4,4.4,184230
PHPMF1,03-12-15,4.4,4.4,4.3,4.4,107431
PHPMF1,15-03-15,4.5,4.5,4.4,4.4,147789
PHPMF1,16-03-15,4.4,4.4,4.3,4.4,223545
PHPMF1,18-03-15,4.3,4.4,4.1,4.3,462136
PHPMF1,19-03-15,4.3,4.3,4.2,4.3,25356
PHPMF1,22-03-15,4.3,4.4,4.2,4.4,184615
PHPMF1,23-03-15,4.3,4.4,4.3,4.3,113747
PHPMF1,24-03-15,4.3,4.3,4.2,4.3,369654
PHPMF1,25-03-15,4.3,4.4,4.2,4.3,103139
PHPMF1,29-03-15,4.3,4.3,4.2,4.2,322873
PHPMF1,30-03-15,4.2,4.3,4.2,4.2,191239
PHPMF1,31-03-15,4.3,4.3,4.2,4.2,39299
PHPMF1,04-01-15,4.2,4.3,4.2,4.2,56897
PHPMF1,04-02-15,4.2,4.3,4.2,4.3,70721
PHPMF1,04-05-15,4.2,4.3,4.2,4.2,153729
PHPMF1,04-06-15,4.2,4.2,4.1,4.2,235725
PHPMF1,04-07-15,4,4.1,4,4.1,311705
PHPMF1,04-08-15,4,4.1,4,4,197257
PHPMF1,04-09-15,4,4.1,4,4,197735
PHPMF1,04-12-15,4,4.1,4,4,108659
PHPMF1,13-04-15,4,4,3.9,3.9,45117
PHPMF1,15-04-15,3.9,4,3.9,4,72764
PHPMF1,16-04-15,4,4.2,4,4,86798
PHPMF1,19-04-15,4,4.1,4,4,61004
PHPMF1,20-04-15,4,4.1,3.9,4,218243
PHPMF1,21-04-15,4,4.1,4,4,279733
PHPMF1,22-04-15,4,4.1,4,4,232947
PHPMF1,23-04-15,4,4.1,4,4,362165
PHPMF1,26-04-15,4,4,4,4,280595
PHPMF1,27-04-15,4,4,3.9,4,23407
PHPMF1,29-04-15,3.9,4,3.9,3.9,55825
PHPMF1,30-04-15,4,4,3.9,4,234440
PHPMF1,05-04-15,4,4,3.9,3.9,131336
PHPMF1,05-05-15,4,4,3.9,3.9,110262
PHPMF1,05-06-15,3.9,4,3.9,4,56639
PHPMF1,05-07-15,3.9,4,3.9,3.9,117233
PHPMF1,05-10-15,4,4.2,3.9,4.2,280988
PHPMF1,05-11-15,4.3,4.5,4.1,4.5,429278
PHPMF1,05-12-15,4.5,4.9,4.5,4.8,1010011
PHPMF1,13-05-15,4.7,4.7,4.5,4.5,228322
PHPMF1,14-05-15,4.5,4.5,4.3,4.4,324239
PHPMF1,17-05-15,4.4,4.4,4.1,4.1,262786
PHPMF1,18-05-15,4.2,4.4,4.1,4.3,334983
PHPMF1,19-05-15,4.2,4.4,4.2,4.3,150738
PHPMF1,20-05-15,4.3,4.4,4.2,4.3,334329
PHPMF1,21-05-15,4.2,4.5,4.2,4.3,207764
PHPMF1,24-05-15,4.3,4.4,4.2,4.3,223996
PHPMF1,25-05-15,4.3,4.5,4.3,4.4,205845
PHPMF1,26-05-15,4.5,4.6,4.4,4.5,312115
PHPMF1,27-05-15,4.5,4.5,4.4,4.4,331263
PHPMF1,28-05-15,4.4,4.5,4.3,4.4,144293
PHPMF1,31-05-15,4.3,4.5,4.3,4.3,169662
PHPMF1,06-01-15,4.3,4.5,4.3,4.4,415437
PHPMF1,06-02-15,4.3,4.5,4.3,4.3,236282
PHPMF1,06-04-15,4.3,4.4,4.3,4.3,175907
PHPMF1,06-07-15,4.3,4.6,4.3,4.4,401648
PHPMF1,06-08-15,4.3,4.4,4.3,4.3,115843
PHPMF1,06-09-15,4.3,4.4,4.3,4.3,137340
PHPMF1,06-10-15,4.3,4.5,4.3,4.5,390984
PHPMF1,06-11-15,4.5,4.5,4.3,4.4,113619
PHPMF1,14-06-15,4.4,4.4,4.3,4.4,49774
PHPMF1,15-06-15,4.4,4.4,4.3,4.3,64838
PHPMF1,16-06-15,4.3,4.4,4.3,4.4,199250
PHPMF1,17-06-15,4.3,4.5,4.3,4.5,785511
PHPMF1,18-06-15,4.4,4.5,4.3,4.4,461288
PHPMF1,21-06-15,4.3,4.4,4.3,4.4,67066
PHPMF1,22-06-15,4.3,4.4,4.3,4.4,36054
PHPMF1,23-06-15,4.3,4.4,4.3,4.3,176554
PHPMF1,24-06-15,4.3,4.5,4.3,4.4,2872933
PHPMF1,25-06-15,4.4,4.5,4.3,4.4,245951
PHPMF1,28-06-15,4.4,4.4,4.3,4.3,78487
PHPMF1,29-06-15,4.4,4.5,4.3,4.4,328459
PHPMF1,30-06-15,4.3,4.5,4.3,4.5,468374
PHPMF1,07-02-15,4.5,4.5,4.4,4.5,439469
PHPMF1,07-05-15,4.4,4.5,4.4,4.5,224037
PHPMF1,07-06-15,4.4,4.5,4.4,4.5,110604
PHPMF1,07-07-15,4.4,4.5,4.4,4.5,129034
PHPMF1,07-08-15,4.4,4.5,4.4,4.4,127364
PHPMF1,07-09-15,4.4,4.6,4.4,4.5,234762
PHPMF1,07-12-15,4.5,4.7,4.5,4.6,432514
PHPMF1,13-07-15,4.7,4.8,4.6,4.7,148893
PHPMF1,14-07-15,4.7,4.8,4.6,4.8,288491
PHPMF1,21-07-15,4.7,4.8,4.6,4.7,260125
PHPMF1,22-07-15,4.7,4.7,4.6,4.6,348878
PHPMF1,23-07-15,4.6,4.7,4.6,4.7,338075
PHPMF1,26-07-15,4.7,4.8,4.6,4.7,638779
PHPMF1,27-07-15,4.7,4.8,4.6,4.7,408504
PHPMF1,28-07-15,4.7,5.1,4.7,5.1,1650068
PHPMF1,29-07-15,5.2,5.4,5,5.1,1472480
PHPMF1,30-07-15,5,5.2,5,5,843487
PHPMF1,08-02-15,5,5.1,5,5,323302
PHPMF1,08-03-15,5.1,5.1,4.9,4.9,584379
PHPMF1,08-04-15,5,5,4.9,5,1178663
PHPMF1,08-05-15,4.9,5.1,4.9,4.9,598178
PHPMF1,08-06-15,5,5.1,4.8,4.9,535724
PHPMF1,08-09-15,5,5,4.9,5,390694
PHPMF1,08-10-15,4.9,5,4.8,4.8,177306
PHPMF1,08-11-15,4.9,4.9,4.6,4.7,515462
PHPMF1,08-12-15,4.7,4.9,4.7,4.8,160338
PHPMF1,13-08-15,4.8,4.9,4.7,4.9,113850
PHPMF1,16-08-15,4.9,4.9,4.6,4.7,600682
PHPMF1,17-08-15,4.6,4.7,4.4,4.5,617308
PHPMF1,18-08-15,4.5,4.5,4.4,4.4,258393
PHPMF1,19-08-15,4.4,4.6,4.4,4.5,507627
PHPMF1,20-08-15,4.5,4.6,4.4,4.5,319708
PHPMF1,23-08-15,4.5,4.6,4.4,4.4,136821
PHPMF1,24-08-15,4.3,4.5,4.3,4.5,80260
PHPMF1,25-08-15,4.4,4.5,4.4,4.4,90864
PHPMF1,26-08-15,4.5,4.5,4.4,4.4,91576
PHPMF1,27-08-15,4.4,4.5,4.3,4.4,202547
PHPMF1,30-08-15,4.4,4.5,4.4,4.4,43965
PHPMF1,31-08-15,4.4,4.5,4.3,4.3,645543
PHPMF1,09-01-15,4.4,4.4,4.3,4.3,546431
PHPMF1,09-02-15,4.3,4.4,4.3,4.3,191883
PHPMF1,09-03-15,4.3,4.5,4.3,4.4,176766
PHPMF1,09-06-15,4.4,4.5,4.4,4.4,403471
PHPMF1,09-08-15,4.4,4.4,4.2,4.3,798716
PHPMF1,09-09-15,4.3,4.4,4.3,4.3,451968
PHPMF1,09-10-15,4.4,4.5,4.3,4.4,314231
PHPMF1,13-09-15,4.4,4.4,4.3,4.3,236555
PHPMF1,14-09-15,4.3,4.4,4.3,4.3,102168
PHPMF1,15-09-15,4.4,4.4,4.3,4.3,118613
PHPMF1,16-09-15,4.3,4.4,4.3,4.3,205047
PHPMF1,17-09-15,4.3,4.4,4.3,4.4,467837
PHPMF1,20-09-15,4.3,4.4,4.3,4.4,126236
PHPMF1,21-09-15,4.3,4.4,4.3,4.3,162598
PHPMF1,22-09-15,4.3,4.4,4.3,4.3,170026
PHPMF1,28-09-15,4.3,4.4,4.3,4.3,59127
PHPMF1,29-09-15,4.3,4.4,4.3,4.3,493202
PHPMF1,30-09-15,4.3,4.4,4.2,4.3,698497
PHPMF1,10-01-15,4.4,4.6,4.3,4.5,1478006
PHPMF1,10-04-15,4.5,4.6,4.4,4.4,563422
PHPMF1,10-05-15,4.4,4.4,4.3,4.4,208668
PHPMF1,10-06-15,4.4,4.5,4.3,4.4,199648
PHPMF1,10-07-15,4.4,4.7,4.3,4.6,1315376
PHPMF1,10-08-15,4.5,4.7,4.5,4.7,1139013
PHPMF1,10-11-15,4.7,4.8,4.6,4.7,1261857
PHPMF1,10-12-15,4.7,4.8,4.6,4.7,550155
PHPMF1,13-10-15,4.7,4.8,4.6,4.6,670586
PHPMF1,14-10-15,4.6,4.7,4.5,4.5,471821
PHPMF1,15-10-15,4.5,4.6,4.5,4.5,201100
PHPMF1,18-10-15,4.6,4.6,4.4,4.5,437019
PHPMF1,19-10-15,4.5,4.6,4.4,4.5,348122
PHPMF1,20-10-15,4.5,4.5,4.4,4.4,317705
PHPMF1,21-10-15,4.4,4.5,4.4,4.4,216023
PHPMF1,25-10-15,4.4,4.4,4.4,4.4,183735
PHPMF1,26-10-15,4.4,4.4,4.3,4.4,132904
PHPMF1,27-10-15,4.4,4.5,4.3,4.4,86534
PHPMF1,28-10-15,4.4,4.4,4.3,4.3,79476
PHPMF1,29-10-15,4.3,4.5,4.3,4.5,120029
PHPMF1,11-01-15,4.4,4.4,4.3,4.3,147922
PHPMF1,11-02-15,4.3,4.3,4.1,4.2,203094
PHPMF1,11-03-15,4.3,4.4,4.2,4.2,257226
PHPMF1,11-04-15,4.2,4.3,4.2,4.3,274876
PHPMF1,11-05-15,4.2,4.3,4.2,4.3,34147
PHPMF1,11-08-15,4.3,4.3,4.2,4.2,43335
PHPMF1,11-09-15,4.2,4.2,4.2,4.2,200196
PHPMF1,11-10-15,4.3,4.3,4.2,4.2,64816
PHPMF1,11-11-15,4.2,4.3,4.1,4.1,467907
PHPMF1,11-12-15,4.1,4.2,4.1,4.1,1433160
PHPMF1,15-11-15,4,4.2,4,4.1,172089
PHPMF1,16-11-15,4.1,4.2,4.1,4.2,122268
PHPMF1,17-11-15,4.1,4.2,4.1,4.2,338645
PHPMF1,18-11-15,4.2,4.2,4.1,4.2,44164
PHPMF1,19-11-15,4.1,4.2,4.1,4.1,149197
PHPMF1,22-11-15,4.1,4.2,4.1,4.2,173452
PHPMF1,23-11-15,4.2,4.3,4.2,4.2,78045
PHPMF1,24-11-15,4.2,4.2,4.1,4.1,139475
PHPMF1,25-11-15,4.1,4.2,4.1,4.2,26096
PHPMF1,26-11-15,4.2,4.2,4.1,4.2,201364
PHPMF1,29-11-15,4.2,4.2,4.1,4.1,135295
PHPMF1,30-11-15,4.1,4.2,4.1,4.1,135493
PHPMF1,12-01-15,4.1,4.2,4.1,4.1,220117
PHPMF1,12-02-15,4.2,4.2,4.1,4.2,692119
PHPMF1,12-03-15,4.1,4.2,4.1,4.1,124768
PHPMF1,12-06-15,4.1,4.2,4.1,4.1,304550
PHPMF1,12-07-15,4.1,4.2,4.1,4.1,260994
PHPMF1,12-08-15,4.2,4.3,4.1,4.2,881263
PHPMF1,12-09-15,4.2,4.2,4.1,4.2,261318
PHPMF1,12-10-15,4.2,4.2,4.1,4.1,123979
PHPMF1,13-12-15,4.1,4.2,4.1,4.2,111048
PHPMF1,14-12-15,4.2,4.2,4.1,4.1,224212
PHPMF1,15-12-15,4.1,4.2,4.1,4.1,130032
PHPMF1,17-12-15,4.1,4.2,4.1,4.1,113177
PHPMF1,20-12-15,4.1,4.1,4,4.1,84050
PHPMF1,21-12-15,4.1,4.2,4,4.2,230694
PHPMF1,22-12-15,4.1,4.2,4.1,4.1,59036
PHPMF1,23-12-15,4.1,4.2,4.1,4.1,78043
PHPMF1,24-12-15,4.1,4.1,4,4.1,38540
PHPMF1,27-12-15,4.1,4.1,4,4.1,35037
PHPMF1,28-12-15,4.1,4.1,4,4.1,77922
PHPMF1,29-12-15,4.1,4.1,4,4,163640
PHPMF1,30-12-15,4,4.1,4,4.1,239077
PHPMF1,31-12-15,4,4.1,4,4.1,74858
POPULAR1MF,01-01-15,5,5.1,4.9,5,170584
POPULAR1MF,01-05-15,4.9,5,4.9,4.9,40434
POPULAR1MF,01-06-15,5,5,4.9,5,219767
POPULAR1MF,01-07-15,4.9,5,4.9,4.9,340827
POPULAR1MF,01-08-15,4.9,5.1,4.9,5,481436
POPULAR1MF,01-11-15,5,5.1,4.9,5.1,497893
POPULAR1MF,01-12-15,4.9,5.1,4.9,5,321713
POPULAR1MF,13-01-15,5.2,5.2,4.9,5,190076
POPULAR1MF,14-01-15,5.1,5.2,4.9,5,519936
POPULAR1MF,15-01-15,5,5.1,4.9,5,180729
POPULAR1MF,18-01-15,5.1,5.1,4.9,4.9,281250
POPULAR1MF,19-01-15,4.9,4.9,4.8,4.8,371369
POPULAR1MF,20-01-15,4.8,4.9,4.8,4.8,210112
POPULAR1MF,21-01-15,4.9,5,4.7,4.8,441187
POPULAR1MF,22-01-15,4.9,5,4.7,4.8,222609
POPULAR1MF,25-01-15,4.7,4.8,4.7,4.7,150956
POPULAR1MF,26-01-15,4.8,5,4.7,4.7,528206
POPULAR1MF,27-01-15,4.8,4.8,4.6,4.7,297595
POPULAR1MF,28-01-15,4.8,4.8,4.7,4.7,262731
POPULAR1MF,29-01-15,4.7,4.9,4.7,4.8,678496
POPULAR1MF,02-01-15,4.7,4.8,4.7,4.8,175317
POPULAR1MF,02-02-15,4.7,4.9,4.7,4.8,570821
POPULAR1MF,02-03-15,4.8,4.9,4.7,4.8,369770
POPULAR1MF,02-04-15,4.8,4.9,4.7,4.8,153638
POPULAR1MF,02-05-15,4.7,4.9,4.7,4.8,417048
POPULAR1MF,02-08-15,4.8,4.9,4.8,4.8,166115
POPULAR1MF,02-09-15,4.8,4.9,4.7,4.8,181587
POPULAR1MF,02-10-15,4.8,4.8,4.7,4.8,371618
POPULAR1MF,02-11-15,4.7,4.9,4.7,4.8,143227
POPULAR1MF,02-12-15,4.8,4.9,4.7,4.8,207006
POPULAR1MF,15-02-15,4.8,4.9,4.7,4.8,107803
POPULAR1MF,16-02-15,4.8,4.9,4.8,4.8,331052
POPULAR1MF,17-02-15,4.8,4.9,4.8,4.9,371253
POPULAR1MF,18-02-15,4.9,4.9,4.8,4.9,343128
POPULAR1MF,19-02-15,4.9,5,4.8,4.9,123091
POPULAR1MF,22-02-15,4.9,4.9,4.8,4.8,480678
POPULAR1MF,23-02-15,4.8,4.9,4.8,4.8,39624
POPULAR1MF,24-02-15,4.8,4.9,4.8,4.8,59000
POPULAR1MF,25-02-15,4.8,4.9,4.8,4.9,66560
POPULAR1MF,26-02-15,4.9,4.9,4.6,4.7,739883
POPULAR1MF,03-01-15,4.7,4.8,4.7,4.7,95049
POPULAR1MF,03-02-15,4.6,4.8,4.6,4.7,33832
POPULAR1MF,03-03-15,4.7,4.8,4.7,4.7,176682
POPULAR1MF,03-04-15,4.6,4.8,4.6,4.7,22616
POPULAR1MF,03-05-15,4.6,4.7,4.6,4.7,49074
POPULAR1MF,03-08-15,4.7,4.8,4.7,4.8,186735
POPULAR1MF,03-09-15,4.7,4.7,4.7,4.7,12144
POPULAR1MF,03-10-15,4.7,4.7,4.7,4.7,86967
POPULAR1MF,03-11-15,4.8,4.8,4.7,4.7,67982
POPULAR1MF,03-12-15,4.6,4.7,4.5,4.6,98678
POPULAR1MF,15-03-15,4.5,4.7,4.5,4.6,52800
POPULAR1MF,16-03-15,4.6,4.6,4.5,4.6,140832
POPULAR1MF,18-03-15,4.6,4.6,4.5,4.5,121264
POPULAR1MF,19-03-15,4.6,4.6,4.5,4.6,102526
POPULAR1MF,22-03-15,4.5,4.6,4.5,4.5,207270
POPULAR1MF,23-03-15,4.5,4.7,4.5,4.5,214450
POPULAR1MF,24-03-15,4.5,4.6,4.5,4.6,100829
POPULAR1MF,25-03-15,4.5,4.6,4.3,4.5,676291
POPULAR1MF,29-03-15,4.4,4.5,4.3,4.4,358497
POPULAR1MF,30-03-15,4.4,4.5,4.3,4.4,89527
POPULAR1MF,31-03-15,4.3,4.5,4.3,4.4,133337
POPULAR1MF,04-01-15,4.4,4.4,4.3,4.3,31398
POPULAR1MF,04-02-15,4.3,4.5,4.3,4.4,59517
POPULAR1MF,04-05-15,4.4,4.5,4.4,4.4,82690
POPULAR1MF,04-06-15,4.4,4.4,4.3,4.3,93571
POPULAR1MF,04-07-15,4.4,4.4,4.3,4.3,132073
POPULAR1MF,04-08-15,4.2,4.3,4.1,4.2,352359
POPULAR1MF,04-09-15,4.2,4.2,4.1,4.1,295550
POPULAR1MF,04-12-15,4,4.2,4,4.1,171156
POPULAR1MF,13-04-15,4,4.4,4,4.2,203556
POPULAR1MF,15-04-15,4,4.6,4,4.6,444500
POPULAR1MF,16-04-15,4.3,4.3,4.2,4.2,471459
POPULAR1MF,19-04-15,4.1,4.3,4.1,4.3,76022
POPULAR1MF,20-04-15,4.2,4.2,4.1,4.2,21072
POPULAR1MF,21-04-15,4.2,4.2,4.1,4.1,273617
POPULAR1MF,22-04-15,4.1,4.1,4.1,4.1,40521
POPULAR1MF,23-04-15,4.1,4.1,4.1,4.1,106137
POPULAR1MF,26-04-15,4.1,4.2,4,4.1,217103
POPULAR1MF,27-04-15,4.1,4.1,4,4.1,488383
POPULAR1MF,29-04-15,4.1,4.1,4,4.1,238415
POPULAR1MF,30-04-15,4.1,4.1,4.1,4.1,88715
POPULAR1MF,05-04-15,4.1,4.1,3.9,3.9,322548
POPULAR1MF,05-05-15,3.9,4.1,3.9,4,93733
POPULAR1MF,05-06-15,3.9,4.1,3.9,4,32346
POPULAR1MF,05-07-15,4.1,4.1,4,4.1,37745
POPULAR1MF,05-10-15,4.2,4.5,4.1,4.5,446835
POPULAR1MF,05-11-15,4.6,4.8,4.5,4.6,328568
POPULAR1MF,05-12-15,4.6,5,4.5,4.8,1167768
POPULAR1MF,13-05-15,4.8,5,4.5,4.6,268271
POPULAR1MF,14-05-15,4.6,4.6,4.3,4.5,251494
POPULAR1MF,17-05-15,4.4,4.5,4.3,4.4,182123
POPULAR1MF,18-05-15,4.3,4.7,4.3,4.7,852066
POPULAR1MF,19-05-15,4.6,4.8,4.6,4.7,94500
POPULAR1MF,20-05-15,4.6,4.7,4.6,4.6,289980
POPULAR1MF,21-05-15,4.6,4.8,4.5,4.6,306564
POPULAR1MF,24-05-15,4.4,4.8,4.4,4.7,175332
POPULAR1MF,25-05-15,4.8,4.8,4.6,4.7,587841
POPULAR1MF,26-05-15,4.7,4.9,4.7,4.7,257887
POPULAR1MF,27-05-15,4.7,4.8,4.6,4.7,724397
POPULAR1MF,28-05-15,4.9,4.9,4.5,4.5,157886
POPULAR1MF,31-05-15,4.5,4.7,4.5,4.5,160761
POPULAR1MF,06-01-15,4.5,4.7,4.5,4.6,486909
POPULAR1MF,06-02-15,4.6,4.7,4.5,4.6,291193
POPULAR1MF,06-04-15,4.5,4.6,4.5,4.5,352601
POPULAR1MF,06-07-15,4.6,4.6,4.5,4.5,173863
POPULAR1MF,06-08-15,4.5,4.6,4.5,4.5,256202
POPULAR1MF,06-09-15,4.5,4.6,4.4,4.5,171342
POPULAR1MF,06-10-15,4.6,4.7,4.5,4.7,2396074
POPULAR1MF,06-11-15,4.7,4.8,4.6,4.7,308188
POPULAR1MF,14-06-15,4.6,4.7,4.6,4.7,65847
POPULAR1MF,15-06-15,4.6,4.6,4.5,4.6,110702
POPULAR1MF,16-06-15,4.5,4.7,4.5,4.5,167801
POPULAR1MF,17-06-15,4.5,4.7,4.5,4.6,108138
POPULAR1MF,18-06-15,4.5,4.6,4.5,4.6,267469
POPULAR1MF,21-06-15,4.5,4.7,4.5,4.6,91645
POPULAR1MF,22-06-15,4.5,4.7,4.5,4.6,139600
POPULAR1MF,23-06-15,4.8,4.8,4.5,4.5,150853
POPULAR1MF,24-06-15,4.5,4.7,4.5,4.6,79949
POPULAR1MF,25-06-15,4.6,4.7,4.6,4.6,51699
POPULAR1MF,28-06-15,4.5,4.6,4.5,4.5,36269
POPULAR1MF,29-06-15,4.5,4.7,4.5,4.6,562470
POPULAR1MF,30-06-15,4.6,4.8,4.6,4.7,199206
POPULAR1MF,07-02-15,4.7,4.8,4.7,4.7,411571
POPULAR1MF,07-05-15,4.7,4.8,4.7,4.7,232633
POPULAR1MF,07-06-15,4.6,4.8,4.6,4.7,56017
POPULAR1MF,07-07-15,4.7,4.8,4.7,4.7,187718
POPULAR1MF,07-08-15,4.7,4.9,4.7,4.7,254930
POPULAR1MF,07-09-15,4.7,4.8,4.6,4.7,522220
POPULAR1MF,07-12-15,4.8,5,4.7,4.9,838866
POPULAR1MF,13-07-15,4.8,5.2,4.8,5.2,1898575
POPULAR1MF,14-07-15,5.3,5.4,5.1,5.3,1754595
POPULAR1MF,21-07-15,5.1,5.4,5.1,5.3,794755
POPULAR1MF,22-07-15,5.3,5.3,5,5.1,407188
POPULAR1MF,23-07-15,5,5.2,5,5.1,267990
POPULAR1MF,26-07-15,5.1,5.3,5.1,5.2,486626
POPULAR1MF,27-07-15,5.2,5.3,5.1,5.2,619943
POPULAR1MF,28-07-15,5.3,5.5,5.2,5.4,1195334
POPULAR1MF,29-07-15,5.7,5.8,5.4,5.7,2403493
POPULAR1MF,30-07-15,5.7,5.9,5.4,5.5,1645938
POPULAR1MF,08-02-15,5.3,5.6,5.3,5.4,1665191
POPULAR1MF,08-03-15,5.5,5.6,5.4,5.5,1099549
POPULAR1MF,08-04-15,5.4,5.5,5.3,5.5,869125
POPULAR1MF,08-05-15,5.3,5.6,5.3,5.3,1324530
POPULAR1MF,08-06-15,5.3,5.4,5.1,5.1,1474099
POPULAR1MF,08-09-15,5.1,5.3,5.1,5.2,289921
POPULAR1MF,08-10-15,5.1,5.3,4.9,5,1971051
POPULAR1MF,08-11-15,5.1,5.2,5,5.1,1127916
POPULAR1MF,08-12-15,5,5.2,5,5.2,426063
POPULAR1MF,13-08-15,5.2,5.3,5,5.1,540197
POPULAR1MF,16-08-15,5.2,5.3,4.9,4.9,978324
POPULAR1MF,17-08-15,5,5,4.8,4.8,907684
POPULAR1MF,18-08-15,4.8,4.9,4.7,4.8,369724
POPULAR1MF,19-08-15,4.8,4.9,4.7,4.7,824809
POPULAR1MF,20-08-15,4.7,4.9,4.7,4.9,581829
POPULAR1MF,23-08-15,4.7,4.9,4.7,4.8,187552
POPULAR1MF,24-08-15,4.8,4.8,4.7,4.7,250285
POPULAR1MF,25-08-15,4.7,4.8,4.7,4.7,396526
POPULAR1MF,26-08-15,4.6,4.8,4.6,4.7,732862
POPULAR1MF,27-08-15,4.7,4.8,4.7,4.8,633401
POPULAR1MF,30-08-15,4.7,4.9,4.7,4.8,334513
POPULAR1MF,31-08-15,4.8,4.8,4.7,4.8,246566
POPULAR1MF,09-01-15,4.7,4.8,4.7,4.8,1314688
POPULAR1MF,09-02-15,4.8,4.9,4.7,4.8,406614
POPULAR1MF,09-03-15,4.7,4.9,4.7,4.8,241801
POPULAR1MF,09-06-15,4.8,4.9,4.8,4.8,387533
POPULAR1MF,09-08-15,4.4,4.5,4.3,4.4,647259
POPULAR1MF,09-09-15,4.4,4.8,4.4,4.5,490948
POPULAR1MF,09-10-15,4.5,4.6,4.4,4.4,376195
POPULAR1MF,13-09-15,4.5,4.5,4.3,4.4,1066037
POPULAR1MF,14-09-15,4.4,4.5,4.4,4.4,216920
POPULAR1MF,15-09-15,4.4,4.5,4.3,4.4,492805
POPULAR1MF,16-09-15,4.4,4.5,4.3,4.4,103442
POPULAR1MF,17-09-15,4.4,4.4,4.3,4.3,305599
POPULAR1MF,20-09-15,4.4,4.4,4.3,4.4,339807
POPULAR1MF,21-09-15,4.4,4.4,4.3,4.3,200684
POPULAR1MF,22-09-15,4.4,4.4,4.3,4.4,219329
POPULAR1MF,28-09-15,4.4,4.5,4.3,4.4,236050
POPULAR1MF,29-09-15,4.4,4.4,4.3,4.3,340972
POPULAR1MF,30-09-15,4.3,4.4,4.3,4.3,565346
POPULAR1MF,10-01-15,4.4,4.6,4.3,4.5,757903
POPULAR1MF,10-04-15,4.5,4.7,4.4,4.6,1401021
POPULAR1MF,10-05-15,4.5,4.6,4.4,4.5,265974
POPULAR1MF,10-06-15,4.5,4.6,4.4,4.5,752570
POPULAR1MF,10-07-15,4.5,4.8,4.5,4.7,1538588
POPULAR1MF,10-08-15,4.7,4.8,4.6,4.8,737009
POPULAR1MF,10-11-15,4.8,4.9,4.7,4.8,2738769
POPULAR1MF,10-12-15,4.8,5,4.8,4.9,1603165
POPULAR1MF,13-10-15,4.8,5,4.7,4.7,600099
POPULAR1MF,14-10-15,4.7,4.7,4.6,4.7,441408
POPULAR1MF,15-10-15,4.6,4.7,4.6,4.7,300865
POPULAR1MF,18-10-15,4.6,4.8,4.5,4.6,661860
POPULAR1MF,19-10-15,4.6,4.7,4.4,4.5,485330
POPULAR1MF,20-10-15,4.5,4.5,4.4,4.5,332042
POPULAR1MF,21-10-15,4.5,4.6,4.5,4.5,63778
POPULAR1MF,25-10-15,4.5,4.6,4.4,4.5,83771
POPULAR1MF,26-10-15,4.4,4.5,4.4,4.4,222069
POPULAR1MF,27-10-15,4.4,4.5,4.4,4.4,299522
POPULAR1MF,28-10-15,4.4,4.5,4.4,4.4,78281
POPULAR1MF,29-10-15,4.4,4.6,4.4,4.5,441310
POPULAR1MF,11-01-15,4.5,4.5,4.3,4.4,462438
POPULAR1MF,11-02-15,4.4,4.5,4.4,4.5,596381
POPULAR1MF,11-03-15,4.5,4.5,4.4,4.5,592509
POPULAR1MF,11-04-15,4.4,4.5,4.4,4.4,104297
POPULAR1MF,11-05-15,4.4,4.5,4.4,4.5,652134
POPULAR1MF,11-08-15,4.4,4.5,4.4,4.4,134888
POPULAR1MF,11-09-15,4.4,4.5,4.3,4.3,427223
POPULAR1MF,11-10-15,4.3,4.4,4.3,4.3,117320
POPULAR1MF,11-11-15,4.4,4.4,4.1,4.2,372034
POPULAR1MF,11-12-15,4.3,4.3,4.1,4.2,276908
POPULAR1MF,15-11-15,4.3,4.3,4.1,4.2,153609
POPULAR1MF,16-11-15,4.1,4.3,4.1,4.3,149604
POPULAR1MF,17-11-15,4.3,4.4,4.2,4.3,124067
POPULAR1MF,18-11-15,4.2,4.3,4.2,4.3,172372
POPULAR1MF,19-11-15,4.2,4.4,4.2,4.3,375962
POPULAR1MF,22-11-15,4.2,4.3,4.2,4.3,143871
POPULAR1MF,23-11-15,4.3,4.4,4.3,4.3,431291
POPULAR1MF,24-11-15,4.3,4.4,4.2,4.2,450590
POPULAR1MF,25-11-15,4.3,4.4,4.2,4.2,379239
POPULAR1MF,26-11-15,4.3,4.4,4.2,4.4,111793
POPULAR1MF,29-11-15,4.4,4.4,4.2,4.2,384625
POPULAR1MF,30-11-15,4.2,4.3,4.2,4.2,328336
POPULAR1MF,12-01-15,4.2,4.2,4.2,4.2,80173
POPULAR1MF,12-02-15,4.2,4.3,4.2,4.2,340485
POPULAR1MF,12-03-15,4.2,4.3,4.2,4.2,119992
POPULAR1MF,12-06-15,4.2,4.3,4.2,4.2,652534
POPULAR1MF,12-07-15,4.2,4.3,4.2,4.2,633031
POPULAR1MF,12-08-15,4.3,4.4,4.2,4.2,638053
POPULAR1MF,12-09-15,4.2,4.3,4.2,4.3,286386
POPULAR1MF,12-10-15,4.3,4.3,4.2,4.2,240239
POPULAR1MF,13-12-15,4.2,4.3,4.2,4.3,172407
POPULAR1MF,14-12-15,4.2,4.3,4.2,4.3,282563
POPULAR1MF,15-12-15,4.2,4.3,4.2,4.2,561323
POPULAR1MF,17-12-15,4.2,4.3,4.1,4.2,149053
POPULAR1MF,20-12-15,4.2,4.3,4.1,4.2,444794
POPULAR1MF,21-12-15,4.3,4.3,4.1,4.2,174833
POPULAR1MF,22-12-15,4.2,4.3,4.1,4.2,242618
POPULAR1MF,23-12-15,4.2,4.3,4.1,4.2,127948
POPULAR1MF,24-12-15,4.1,4.2,4.1,4.2,371060
POPULAR1MF,27-12-15,4.2,4.3,4.1,4.2,126148
POPULAR1MF,28-12-15,4.1,4.3,4.1,4.2,268181
POPULAR1MF,29-12-15,4.2,4.2,4.1,4.2,372941
POPULAR1MF,30-12-15,4.2,4.3,4.1,4.2,175550
POPULAR1MF,31-12-15,4.2,4.3,4.2,4.2,150958
RNSPIN,01-01-15,29.5,30,27.6,27.8,427365
RNSPIN,01-05-15,27.8,28.6,27.3,27.7,239412
RNSPIN,01-06-15,28.2,28.5,27.5,28.3,211021
RNSPIN,01-07-15,28.2,29,28.2,28.4,367809
RNSPIN,01-08-15,28.9,28.9,28.3,28.6,162242
RNSPIN,01-11-15,28,29.2,28,28.7,373477
RNSPIN,01-12-15,29,29,28.6,28.9,300703
RNSPIN,13-01-15,29.1,29.3,28.7,28.9,255985
RNSPIN,14-01-15,29,31.7,28.9,30.3,848062
RNSPIN,15-01-15,30.9,32,30.2,30.6,542132
RNSPIN,18-01-15,30,30.1,29.1,29.4,374599
RNSPIN,19-01-15,29.5,30,29.1,29.3,210702
RNSPIN,20-01-15,29.2,29.7,29,29.6,240749
RNSPIN,21-01-15,29.4,29.7,28.7,28.9,350348
RNSPIN,22-01-15,28.1,29.5,28.1,29.1,226707
RNSPIN,25-01-15,29.8,30,28.6,28.9,115587
RNSPIN,26-01-15,29,29.3,28.7,28.7,197875
RNSPIN,27-01-15,29.3,29.4,27.9,28.9,160478
RNSPIN,28-01-15,29.1,29.1,28.4,28.6,221205
RNSPIN,29-01-15,28.4,28.6,27.9,28,196860
RNSPIN,02-01-15,28.7,29,27,27.2,177283
RNSPIN,02-02-15,27.3,27.3,26.3,26.9,188635
RNSPIN,02-03-15,27,27.6,26.9,27.1,65772
RNSPIN,02-04-15,27.2,27.5,27.1,27.3,108619
RNSPIN,02-05-15,27,28.5,26.9,28.1,146377
RNSPIN,02-08-15,28.6,28.9,27.7,28.6,225775
RNSPIN,02-09-15,29,29,28.2,28.3,139171
RNSPIN,02-10-15,28.4,29,28.3,28.7,146204
RNSPIN,02-11-15,28.7,29.9,28.4,28.7,194407
RNSPIN,02-12-15,28.8,29.1,28.5,28.8,250440
RNSPIN,15-02-15,29,29.3,28.6,29.2,178298
RNSPIN,16-02-15,29.2,30.8,29.2,29.9,830908
RNSPIN,17-02-15,30.3,30.4,29.3,29.5,148540
RNSPIN,18-02-15,29.4,29.7,28.7,28.8,261424
RNSPIN,19-02-15,28.8,29,27.6,27.9,275270
RNSPIN,22-02-15,27.7,29.5,27.6,28.2,208983
RNSPIN,23-02-15,28.7,29,28.2,28.3,137184
RNSPIN,24-02-15,28.6,29,28.1,28.2,101599
RNSPIN,25-02-15,28.4,28.8,27.7,27.8,250692
RNSPIN,26-02-15,28,28.4,27.6,27.8,154266
RNSPIN,03-01-15,28,28.1,27.1,27.3,198512
RNSPIN,03-02-15,27.5,28,27,27.6,221064
RNSPIN,03-03-15,27.4,27.8,27.3,27.4,170808
RNSPIN,03-04-15,27.5,27.9,27.4,27.7,124327
RNSPIN,03-05-15,27.5,28.1,27.4,27.7,145492
RNSPIN,03-08-15,28.1,28.1,27.4,27.6,107816
RNSPIN,03-09-15,27.5,28,27.3,27.4,247347
RNSPIN,03-10-15,27.5,27.5,27,27.2,270162
RNSPIN,03-11-15,27.2,27.3,26.6,26.7,213330
RNSPIN,03-12-15,26.7,26.9,25.9,26,310415
RNSPIN,15-03-15,26.1,26.1,23.4,24.6,223020
RNSPIN,16-03-15,24.1,25.5,24.1,24.5,198686
RNSPIN,18-03-15,24.1,24.7,23.8,24.2,252756
RNSPIN,19-03-15,24,24.9,23.9,24.7,107672
RNSPIN,22-03-15,25.1,26,25,25.8,198366
RNSPIN,23-03-15,26.3,26.4,24.9,25,209335
RNSPIN,24-03-15,25.2,25.3,23.7,24,458023
RNSPIN,25-03-15,23.8,24,23.4,23.8,267898
RNSPIN,29-03-15,23.8,24.5,23.8,24.2,155212
RNSPIN,30-03-15,24,24.5,23.9,24,90489
RNSPIN,31-03-15,24.4,24.4,23.9,24,110763
RNSPIN,04-01-15,24.2,24.3,24,24.3,288306
RNSPIN,04-02-15,24.5,24.5,24,24.1,107702
RNSPIN,04-05-15,23.1,24.2,23,23.5,87456
RNSPIN,04-06-15,24,24,22.8,22.9,222727
RNSPIN,04-07-15,23.2,23.2,21.4,22,303829
RNSPIN,04-08-15,22,22,21.4,21.5,279686
RNSPIN,04-09-15,22,23,21,22.1,210225
RNSPIN,04-12-15,22.5,22.6,21.3,21.8,86605
RNSPIN,13-04-15,22,22,21,21.3,189102
RNSPIN,15-04-15,21.2,22.2,21.1,21.8,142577
RNSPIN,16-04-15,22.3,22.6,21.9,22,212585
RNSPIN,19-04-15,22.1,23,21.7,22.6,141465
RNSPIN,20-04-15,22.5,23.3,22.1,22.2,136612
RNSPIN,21-04-15,21.8,22.4,21.5,21.6,273910
RNSPIN,22-04-15,21.5,22.3,21.2,21.8,214082
RNSPIN,23-04-15,21.7,22.1,21,21.5,278105
RNSPIN,26-04-15,21.9,23.4,20.8,22.4,418583
RNSPIN,27-04-15,24,24.6,23,24.6,458130
RNSPIN,29-04-15,22.2,22.2,22.2,22.2,239544
RNSPIN,30-04-15,20,21.5,20,20,1153254
RNSPIN,05-04-15,19.4,20.3,18,18.1,645440
RNSPIN,05-05-15,19.3,19.3,18,18.6,293980
RNSPIN,05-06-15,18.2,19.2,18.2,19,199877
RNSPIN,05-07-15,19.2,19.4,18.6,19,257647
RNSPIN,05-10-15,19.2,19.5,18.7,19.4,215638
RNSPIN,05-11-15,19,20.1,19,19.7,297208
RNSPIN,05-12-15,19.5,20,18.8,19,205459
RNSPIN,13-05-15,19.8,19.8,18.5,19.2,234490
RNSPIN,14-05-15,19,19.9,19,19.7,145113
RNSPIN,17-05-15,19.5,19.5,18,18.4,412528
RNSPIN,18-05-15,18.1,18.7,18,18.4,414751
RNSPIN,19-05-15,18.6,18.9,18.3,18.4,325437
RNSPIN,20-05-15,18.8,19,18.5,18.9,497120
RNSPIN,21-05-15,19.6,19.6,18.7,18.9,307805
RNSPIN,24-05-15,19,19.5,18.5,18.9,108428
RNSPIN,25-05-15,19.8,19.8,18.9,19.3,383357
RNSPIN,26-05-15,20,20,19,19,363550
RNSPIN,27-05-15,19.5,19.5,18.9,19,327017
RNSPIN,28-05-15,19,19.1,18.5,18.7,261807
RNSPIN,31-05-15,18.7,19.2,18.5,18.6,305239
RNSPIN,06-01-15,18.6,18.9,18.5,18.6,317618
RNSPIN,06-02-15,18.6,18.9,18.6,18.7,206529
RNSPIN,06-04-15,18.7,19,18.6,18.8,126462
RNSPIN,06-07-15,19,19.2,18.9,19.1,338823
RNSPIN,06-08-15,19.1,19.1,18.9,19,307657
RNSPIN,06-09-15,19,19.3,18.8,19.1,321793
RNSPIN,06-10-15,19.1,19.6,19.1,19.5,400707
RNSPIN,06-11-15,19.4,20.7,19,19.7,917608
RNSPIN,14-06-15,19.5,19.5,18.7,19,404170
RNSPIN,15-06-15,19,19.7,18.9,19.4,326004
RNSPIN,16-06-15,19.4,20.2,19.4,20,521164
RNSPIN,17-06-15,20.7,22,20.2,22,1557593
RNSPIN,18-06-15,23,24.2,21.4,22.1,798728
RNSPIN,21-06-15,22.1,23.3,22,23,522120
RNSPIN,22-06-15,23.1,24.4,23,23.9,748255
RNSPIN,23-06-15,23.9,26.1,23.9,25.2,1993492
RNSPIN,24-06-15,25,26.5,23.6,24.9,1370610
RNSPIN,25-06-15,24.9,25.4,23.6,23.8,509331
RNSPIN,28-06-15,25.5,25.5,21.9,22.2,402611
RNSPIN,29-06-15,23.5,24.4,22.2,24,413280
RNSPIN,30-06-15,24.5,26.2,24.5,25.7,1386744
RNSPIN,07-02-15,26,28.2,25.9,27.1,1012650
RNSPIN,07-05-15,27.2,28,25.4,25.6,352977
RNSPIN,07-06-15,25.5,25.5,23.5,23.8,383880
RNSPIN,07-07-15,24.6,25,24.2,24.3,98779
RNSPIN,07-08-15,23.6,25.1,23.6,24.9,348763
RNSPIN,07-09-15,25.3,26,25,25.8,525430
RNSPIN,07-12-15,25.6,26,25,25.3,299643
RNSPIN,13-07-15,25.6,25.6,24.1,24.5,307266
RNSPIN,14-07-15,24.6,25.4,24.5,24.8,255907
RNSPIN,21-07-15,24.8,25,24.6,24.8,155858
RNSPIN,22-07-15,24.8,25,24.7,24.8,250911
RNSPIN,23-07-15,25.2,25.2,24.6,24.8,311286
RNSPIN,26-07-15,24.8,25.2,24.4,24.6,547014
RNSPIN,27-07-15,24.6,24.8,24.4,24.5,310510
RNSPIN,28-07-15,24.8,24.8,24,24,329282
RNSPIN,29-07-15,24,24.3,23.5,23.9,535569
RNSPIN,30-07-15,24,24,22.7,23,729399
RNSPIN,08-02-15,23.9,24.7,23,23.1,643992
RNSPIN,08-03-15,23.5,23.8,22.9,23,448491
RNSPIN,08-04-15,23.8,23.8,23,23.1,602370
RNSPIN,08-05-15,23.6,25.4,23.4,24.9,742226
RNSPIN,08-06-15,26,26.9,22.9,23.7,537268
RNSPIN,08-09-15,23.8,24.3,23.7,23.9,223968
RNSPIN,08-10-15,23.9,24.3,23.6,23.7,144489
RNSPIN,08-11-15,24,24.7,23.7,24.1,270018
RNSPIN,08-12-15,24.3,25.9,24.3,25,504859
RNSPIN,13-08-15,25.2,25.8,23.5,24.7,455514
RNSPIN,16-08-15,24.6,24.7,23.8,23.9,304590
RNSPIN,17-08-15,24.1,24.1,23.6,23.8,239682
RNSPIN,18-08-15,23.9,24.5,23.7,24,195053
RNSPIN,19-08-15,24.3,24.4,24,24.1,212351
RNSPIN,20-08-15,24.1,24.3,23.9,24.1,231910
RNSPIN,23-08-15,24.1,24.3,23.5,23.7,273996
RNSPIN,24-08-15,23.7,23.9,23.2,23.4,185665
RNSPIN,25-08-15,23.4,23.9,23.2,23.4,174935
RNSPIN,26-08-15,23.4,23.8,23.2,23.7,128729
RNSPIN,27-08-15,23.7,24,23.6,23.7,169008
RNSPIN,30-08-15,23.8,23.8,22.4,22.6,1030493
RNSPIN,31-08-15,22.3,23.3,21.5,22.1,929954
RNSPIN,09-01-15,22.9,23,21.9,22.2,234022
RNSPIN,09-02-15,22.2,22.7,21.8,22,526646
RNSPIN,09-03-15,22.4,22.4,21.9,22,267489
RNSPIN,09-06-15,22.8,22.8,22,22.3,166909
RNSPIN,09-07-15,22.6,23,22.5,23,100320
RNSPIN,09-08-15,23.3,23.6,22.9,23.1,117023
RNSPIN,09-09-15,23,23.2,22.6,22.8,84752
RNSPIN,09-10-15,22.7,22.9,22.2,22.3,176719
RNSPIN,13-09-15,22.5,22.6,21.8,21.9,249944
RNSPIN,14-09-15,22,22.5,21.7,22,197122
RNSPIN,15-09-15,22.3,22.3,22,22,145045
RNSPIN,16-09-15,22.4,22.5,21.8,22,185693
RNSPIN,17-09-15,22,22.3,21.8,22.1,195524
RNSPIN,20-09-15,22.3,22.3,22,22,221536
RNSPIN,21-09-15,22.1,22.5,22,22.4,135633
RNSPIN,22-09-15,22.5,22.8,22.3,22.5,171813
RNSPIN,28-09-15,22.5,22.6,22.3,22.4,125316
RNSPIN,29-09-15,22.4,22.5,22.3,22.5,109902
RNSPIN,30-09-15,22.6,22.6,22,22.2,295132
RNSPIN,10-01-15,22.1,22.4,22,22.1,260509
RNSPIN,10-04-15,22,22.2,21.9,22,99810
RNSPIN,10-05-15,22,22,21.7,21.9,156432
RNSPIN,10-06-15,21.8,22,21.8,21.9,168640
RNSPIN,10-07-15,21.9,22,21.5,21.5,243936
RNSPIN,10-08-15,21.5,21.6,20.9,21,272070
RNSPIN,10-11-15,21.1,21.1,20,20.3,172086
RNSPIN,10-12-15,20.6,20.9,20.4,20.5,186502
RNSPIN,13-10-15,20.5,21.5,20.4,21.5,103115
RNSPIN,14-10-15,21,21.5,21,21.4,87281
RNSPIN,15-10-15,21.6,21.9,21.2,21.8,125727
RNSPIN,18-10-15,21.9,21.9,21.1,21.3,64531
RNSPIN,19-10-15,21.4,21.6,20.7,21,79795
RNSPIN,20-10-15,21.3,21.9,20.9,21.4,234381
RNSPIN,21-10-15,21.3,21.7,21.1,21.4,76483
RNSPIN,25-10-15,21.4,21.7,21.3,21.7,103658
RNSPIN,26-10-15,21.8,21.9,21.5,21.7,180319
RNSPIN,27-10-15,21.8,21.8,21.3,21.4,85317
RNSPIN,28-10-15,21.9,21.9,20.2,20.4,423426
RNSPIN,29-10-15,20.3,20.6,19,20.3,150082
RNSPIN,11-01-15,20.2,20.2,19.5,20.1,197580
RNSPIN,11-02-15,20.5,21.2,20.3,21.1,186156
RNSPIN,11-03-15,21.4,21.9,21.1,21.8,174363
RNSPIN,11-04-15,21.5,21.5,20.8,20.8,184658
RNSPIN,11-05-15,21,22,20.7,21.3,151483
RNSPIN,11-08-15,21.1,21.3,20.9,20.9,182826
RNSPIN,11-09-15,20.8,21,20.7,20.8,215450
RNSPIN,11-10-15,20.9,21.3,20.8,20.9,268355
RNSPIN,11-11-15,21,21.4,20.9,21,319007
RNSPIN,11-12-15,20.9,21.2,20.9,21.1,79346
RNSPIN,15-11-15,21,21,20.6,20.6,137240
RNSPIN,16-11-15,21,21.1,20.8,21.1,100080
RNSPIN,17-11-15,21.2,21.2,20.9,20.9,113410
RNSPIN,18-11-15,20.9,21.2,20.9,21.1,152091
RNSPIN,19-11-15,21.4,21.6,21.2,21.4,295792
RNSPIN,22-11-15,21.8,22.2,21.6,22.1,384018
RNSPIN,23-11-15,22.2,22.5,21.9,22,251390
RNSPIN,24-11-15,22,22,21.6,21.7,98123
RNSPIN,25-11-15,21.9,21.9,21.4,21.5,57951
RNSPIN,26-11-15,21.6,21.7,20.9,21.2,167452
RNSPIN,29-11-15,21.3,21.6,20.9,21.1,154070
RNSPIN,30-11-15,21.1,21.8,21.1,21.4,171032
RNSPIN,12-01-15,21.3,21.4,21,21.2,245632
RNSPIN,12-02-15,21.2,21.5,21.2,21.4,285616
RNSPIN,12-03-15,21.2,21.4,21.2,21.3,147883
RNSPIN,12-06-15,21.2,21.4,21.2,21.3,118977
RNSPIN,12-07-15,21.3,21.4,21.1,21.1,149161
RNSPIN,12-08-15,21.3,21.3,21,21.1,183607
RNSPIN,12-09-15,21.2,21.2,21,21,320066
RNSPIN,12-10-15,21.1,21.2,20.9,20.9,199863
RNSPIN,13-12-15,21,21.1,20.6,20.7,288526
RNSPIN,14-12-15,20.7,20.7,20.4,20.6,213155
RNSPIN,15-12-15,21.1,21.1,20,20.1,201225
RNSPIN,17-12-15,20.5,20.5,20.1,20.1,169538
RNSPIN,20-12-15,20.1,20.2,19.9,19.9,170227
RNSPIN,21-12-15,20.2,21.3,20.1,21,261252
RNSPIN,22-12-15,21.3,21.7,21.3,21.4,198262
RNSPIN,23-12-15,21.5,21.8,21.1,21.3,270240
RNSPIN,24-12-15,21.5,21.8,21.3,21.7,157385
RNSPIN,27-12-15,21.9,23,21.9,22.7,600707
RNSPIN,28-12-15,22.7,23.1,22.2,22.3,165174
RNSPIN,29-12-15,22.2,22.8,22.2,22.3,164096
RNSPIN,30-12-15,22.3,22.5,22,22.1,280729
RNSPIN,31-12-15,22.4,22.6,21.8,22.1,345678
1JANATAMF,01-01-12,9,9.1,8.7,8.9,701000
1JANATAMF,01-02-12,8.7,9.1,8.7,8.9,757000
1JANATAMF,01-03-12,9,9,8.8,8.8,480000
1JANATAMF,01-04-12,8.9,9.5,8.7,9.2,3313500
1JANATAMF,01-05-12,9.1,9.4,9,9.2,988500
1JANATAMF,01-08-12,9,9.4,8.9,9.2,1882500
1JANATAMF,01-09-12,9,9,8.8,8.9,924500
1JANATAMF,01-10-12,8.9,9.5,8.8,9.2,1708000
1JANATAMF,01-11-12,9,9.1,8.9,9,6471000
1JANATAMF,01-12-12,9,9,8.9,8.9,215000
1JANATAMF,15-01-12,8.8,9.3,8.7,9.1,641000
1JANATAMF,16-01-12,8.8,8.9,8.7,8.7,259000
1JANATAMF,18-01-12,8.6,8.8,8.3,8.3,305000
1JANATAMF,19-01-12,8.6,8.8,8.5,8.6,137000
1JANATAMF,22-01-12,8.8,8.9,8.4,8.4,181500
1JANATAMF,23-01-12,8.2,8.5,8.1,8.3,153500
1JANATAMF,24-01-12,8.1,8.4,8.1,8.1,124500
1JANATAMF,25-01-12,8.1,8.2,7.9,8.1,190000
1JANATAMF,26-01-12,8.1,8.1,7.9,7.9,279000
1JANATAMF,29-01-12,7.9,8,7.6,7.7,141000
1JANATAMF,30-01-12,7.4,7.9,7.4,7.7,74000
1JANATAMF,31-01-12,7.8,7.9,7.6,7.6,112000
1JANATAMF,02-01-12,7.5,7.7,7.2,7.2,151500
1JANATAMF,02-02-12,7.2,7.4,7.1,7.1,114500
1JANATAMF,02-06-12,7,7,6.5,6.7,133500
1JANATAMF,02-07-12,6.8,7.3,6.8,7.3,234500
1JANATAMF,02-08-12,7.6,7.6,7.1,7.1,166000
1JANATAMF,02-09-12,7,7.4,7,7.2,103000
1JANATAMF,02-12-12,7.2,7.6,7.2,7.5,282500
1JANATAMF,13-02-12,7.4,7.7,7.3,7.4,118000
1JANATAMF,14-02-12,7.4,7.5,7.3,7.3,39500
1JANATAMF,15-02-12,7.2,7.6,7.2,7.4,49000
1JANATAMF,16-02-12,7.5,7.5,7.3,7.3,41500
1JANATAMF,19-02-12,7.1,7.3,7,7,181500
1JANATAMF,20-02-12,7,7.3,7,7,153000
1JANATAMF,22-02-12,7.1,7.3,7.1,7.1,29000
1JANATAMF,23-02-12,7.3,7.5,7.2,7.4,246000
1JANATAMF,26-02-12,7.5,7.7,7.5,7.5,163500
1JANATAMF,27-02-12,7.5,7.5,7.3,7.3,95000
1JANATAMF,28-02-12,7.3,7.5,7.3,7.4,74000
1JANATAMF,29-02-12,7.4,7.8,7.4,7.5,291500
1JANATAMF,03-01-12,7.5,7.5,7.2,7.2,159000
1JANATAMF,03-04-12,7.3,7.4,7.1,7.3,370000
1JANATAMF,03-05-12,7.3,7.3,7.1,7.1,279500
1JANATAMF,03-06-12,7,7.2,7,7,406000
1JANATAMF,03-07-12,7,7.1,7,7,192500
1JANATAMF,03-08-12,7,7.2,7,7,74000
1JANATAMF,03-11-12,7.1,7.2,7,7,79500
1JANATAMF,03-12-12,7.1,7.1,7,7,16500
1JANATAMF,13-03-12,7.1,7.3,7.1,7.3,183500
1JANATAMF,14-03-12,7.2,7.3,7.1,7.1,130500
1JANATAMF,15-03-12,7.1,7.3,7.1,7.1,47000
1JANATAMF,18-03-12,7.3,7.4,7.1,7.1,283500
1JANATAMF,19-03-12,7.1,7.3,7.1,7.1,182000
1JANATAMF,20-03-12,7.1,7.3,7.1,7.2,106000
1JANATAMF,21-03-12,7.2,7.3,7.2,7.2,174500
1JANATAMF,22-03-12,7.2,7.3,7.1,7.2,65000
1JANATAMF,25-03-12,7.3,7.4,7.2,7.2,153000
1JANATAMF,27-03-12,7.1,7.4,7.1,7.3,170000
1JANATAMF,28-03-12,7.3,7.5,7.3,7.3,452000
1JANATAMF,29-03-12,7.5,7.9,7.4,7.6,715000
1JANATAMF,04-01-12,7.8,7.9,7.6,7.8,519000
1JANATAMF,04-02-12,8,8,7.7,7.8,270000
1JANATAMF,04-03-12,7.6,7.8,7.6,7.6,168500
1JANATAMF,04-04-12,7.6,7.7,7.4,7.5,99500
1JANATAMF,04-05-12,7.5,7.7,7.3,7.5,253000
1JANATAMF,04-08-12,7.5,7.6,7.4,7.5,192000
1JANATAMF,04-09-12,7.5,7.5,7.3,7.3,115500
1JANATAMF,04-10-12,7.6,7.6,7.3,7.4,158500
1JANATAMF,04-11-12,7.5,7.7,7.4,7.5,700000
1JANATAMF,04-12-12,7.5,7.7,7.5,7.5,145500
1JANATAMF,15-04-12,7.7,7.8,7.5,7.6,451000
1JANATAMF,16-04-12,7.8,7.8,7.6,7.6,206500
1JANATAMF,17-04-12,7.6,7.9,7.6,7.8,287500
1JANATAMF,18-04-12,7.8,8,7.8,7.9,858500
1JANATAMF,19-04-12,7.8,7.9,7.6,7.6,161500
1JANATAMF,22-04-12,7.5,7.8,7.5,7.6,425000
1JANATAMF,23-04-12,7.6,7.8,7.6,7.6,580500
1JANATAMF,24-04-12,7.6,7.8,7.6,7.6,263000
1JANATAMF,25-04-12,7.5,7.7,7.5,7.5,189500
1JANATAMF,26-04-12,7.5,7.7,7.4,7.4,73500
1JANATAMF,29-04-12,7.4,7.5,7.3,7.4,144000
1JANATAMF,30-04-12,7.6,7.7,7.4,7.4,183000
1JANATAMF,05-02-12,7.5,7.6,7.5,7.5,116000
1JANATAMF,05-03-12,7.5,7.5,7.2,7.2,306000
1JANATAMF,05-07-12,7.3,7.4,7.2,7.3,43000
1JANATAMF,05-08-12,7.4,7.4,7.2,7.2,283000
1JANATAMF,05-09-12,7.3,7.3,7.1,7.2,210000
1JANATAMF,05-10-12,7.2,7.4,7.2,7.3,241500
1JANATAMF,13-05-12,7.3,7.3,7.2,7.2,77500
1JANATAMF,14-05-12,7.2,7.3,7.2,7.2,72000
1JANATAMF,15-05-12,7.2,7.4,7.2,7.2,85500
1JANATAMF,16-05-12,7.3,7.3,7.2,7.2,228500
1JANATAMF,17-05-12,7.3,7.3,7.2,7.2,48000
1JANATAMF,20-05-12,7.1,7.3,7.1,7.1,142500
1JANATAMF,21-05-12,7.2,7.5,7.1,7.3,95500
1JANATAMF,22-05-12,7.2,7.3,7.2,7.2,53000
1JANATAMF,23-05-12,7.1,7.2,7,7.1,103500
1JANATAMF,24-05-12,7.1,7.3,7.1,7.1,40000
1JANATAMF,27-05-12,7,7.1,6.9,7,134000
1JANATAMF,28-05-12,7,7.1,6.9,6.9,274000
1JANATAMF,29-05-12,6.9,7,6.9,6.9,327000
1JANATAMF,30-05-12,6.9,7.1,6.9,7,70500
1JANATAMF,31-05-12,7,7.1,7,7,90500
1JANATAMF,06-03-12,7,7.2,7,7.1,50000
1JANATAMF,06-04-12,7.3,7.3,6.9,6.9,120500
1JANATAMF,06-05-12,7,7.1,6.9,6.9,42500
1JANATAMF,06-06-12,7,7.1,6.9,7,80500
1JANATAMF,06-07-12,6.9,7,6.9,6.9,90500
1JANATAMF,06-10-12,6.9,7,6.9,6.9,25000
1JANATAMF,06-11-12,7,7,6.9,6.9,68000
1JANATAMF,06-12-12,6.9,7,6.9,6.9,62500
1JANATAMF,13-06-12,6.9,7,6.9,6.9,49500
1JANATAMF,14-06-12,6.9,7.1,6.9,6.9,62000
1JANATAMF,17-06-12,6.9,7,6.9,6.9,140500
1JANATAMF,18-06-12,6.9,7,6.9,6.9,82500
1JANATAMF,19-06-12,6.9,7,6.9,6.9,62000
1JANATAMF,20-06-12,6.8,7,6.8,6.8,41500
1JANATAMF,21-06-12,6.8,7,6.8,6.9,78000
1JANATAMF,24-06-12,6.9,7.1,6.8,6.8,37500
1JANATAMF,25-06-12,6.6,6.9,6.6,6.8,33500
1JANATAMF,26-06-12,6.9,7.1,6.7,7,74000
1JANATAMF,27-06-12,7,7.3,6.9,7.1,142000
1JANATAMF,28-06-12,7.1,7.3,7,7.1,87000
1JANATAMF,07-02-12,7,7,6.9,6.9,27000
1JANATAMF,07-03-12,6.9,7,6.8,6.9,40000
1JANATAMF,07-04-12,6.8,7,6.8,6.8,43500
1JANATAMF,07-05-12,6.9,6.9,6.8,6.8,45000
1JANATAMF,07-08-12,6.9,6.9,6.6,6.7,140500
1JANATAMF,07-09-12,6.7,6.9,6.7,6.7,44000
1JANATAMF,07-10-12,6.7,6.7,6.3,6.4,148500
1JANATAMF,07-11-12,6.3,6.7,6.3,6.4,35500
1JANATAMF,07-12-12,6.6,6.8,6.5,6.6,63000
1JANATAMF,15-07-12,6.4,6.6,6.3,6.3,61500
1JANATAMF,16-07-12,6.2,6.5,6.2,6.4,34500
1JANATAMF,17-07-12,6.4,6.5,6.3,6.4,33500
1JANATAMF,18-07-12,6.4,6.6,6.3,6.3,44500
1JANATAMF,19-07-12,6.4,6.6,6.4,6.4,83500
1JANATAMF,22-07-12,6.4,6.5,6.3,6.3,57500
1JANATAMF,23-07-12,6.3,6.5,6.3,6.3,64000
1JANATAMF,24-07-12,6.4,6.6,6.4,6.5,76500
1JANATAMF,25-07-12,6.4,6.5,6.4,6.4,38500
1JANATAMF,26-07-12,6.4,6.5,6.3,6.4,152000
1JANATAMF,29-07-12,6.4,6.4,6.2,6.3,155000
1JANATAMF,30-07-12,6.3,6.4,6.3,6.3,32500
1JANATAMF,08-01-12,6.3,6.4,6.2,6.3,61500
1JANATAMF,08-02-12,6.3,6.4,6.1,6.1,211500
1JANATAMF,08-05-12,6.2,6.2,6.1,6.1,57000
1JANATAMF,08-06-12,6.2,6.2,6.1,6.1,133500
1JANATAMF,08-07-12,6.1,6.2,6,6,103500
1JANATAMF,08-08-12,6,6.1,5.9,5.9,93000
1JANATAMF,08-12-12,6,6.2,6,6.1,263500
1JANATAMF,13-08-12,5.6,5.9,5.6,5.8,204500
1JANATAMF,14-08-12,5.7,5.8,5.5,5.7,96000
1JANATAMF,26-08-12,5.7,5.9,5.5,5.6,236500
1JANATAMF,27-08-12,5.7,5.9,5.6,5.7,78500
1JANATAMF,28-08-12,5.6,5.7,5.5,5.6,257000
1JANATAMF,29-08-12,5.7,5.9,5.6,5.7,247000
1JANATAMF,30-08-12,5.6,5.9,5.6,5.7,83500
1JANATAMF,09-02-12,5.6,5.9,5.6,5.7,56500
1JANATAMF,09-03-12,5.7,5.9,5.7,5.7,100500
1JANATAMF,09-04-12,5.7,5.9,5.7,5.7,174000
1JANATAMF,09-05-12,5.7,5.8,5.7,5.7,83000
1JANATAMF,09-06-12,5.6,5.7,5.6,5.6,78000
1JANATAMF,09-09-12,5.6,5.7,5.4,5.5,212500
1JANATAMF,09-10-12,5.4,5.6,5.4,5.5,85500
1JANATAMF,09-11-12,5.4,5.6,5.4,5.5,49000
1JANATAMF,09-12-12,5.5,5.6,5.4,5.5,78500
1JANATAMF,13-09-12,5.5,5.7,5.4,5.6,97000
1JANATAMF,16-09-12,5.7,6,5.4,5.8,371500
1JANATAMF,17-09-12,5.8,6.3,5.8,6.2,623500
1JANATAMF,18-09-12,6.4,6.8,6.3,6.7,797500
1JANATAMF,19-09-12,7,7.3,6.8,7.3,1008000
1JANATAMF,20-09-12,7.3,8,7,7.9,2628000
1JANATAMF,23-09-12,8.2,8.6,8.1,8.6,1751500
1JANATAMF,24-09-12,8.5,8.8,7.9,8,1173000
1JANATAMF,25-09-12,8.4,8.4,7.7,8.1,1231000
1JANATAMF,26-09-12,8.4,8.8,8.1,8.2,1344000
1JANATAMF,27-09-12,8.1,8.8,8.1,8.5,1529500
1JANATAMF,30-09-12,8.6,8.9,8.3,8.3,1180000
1JANATAMF,10-01-12,8,8.8,8,8.6,1536500
1JANATAMF,10-01-12,8,8.8,8,8.6,1536500
1JANATAMF,10-02-12,9,9.4,8.9,9.4,3346000
1JANATAMF,10-03-12,10.3,10.3,9.2,9.3,4667500
1JANATAMF,10-04-12,9,9.9,8.5,9.4,2253500
1JANATAMF,10-07-12,9.8,9.8,8.5,8.5,1353000
1JANATAMF,10-08-12,8.5,8.9,7.8,8,1026500
1JANATAMF,10-09-12,8.4,8.8,8.3,8.8,834000
1JANATAMF,10-10-12,9.4,9.5,8.2,8.3,833500
1JANATAMF,10-11-12,8.3,8.5,8,8.1,746000
1JANATAMF,14-10-12,8.5,8.6,7.8,7.8,799000
1JANATAMF,15-10-12,7.3,8.5,7.3,8.5,764000
1JANATAMF,16-10-12,8.8,9,8.1,8.2,837500
1JANATAMF,17-10-12,8.2,8.5,8.1,8.2,421500
1JANATAMF,18-10-12,8.6,8.7,8.3,8.3,625500
1JANATAMF,21-10-12,8.4,8.5,8.1,8.2,300500
1JANATAMF,22-10-12,8.2,8.3,8,8,292000
1JANATAMF,23-10-12,8.1,8.5,8.1,8.3,286000
1JANATAMF,30-10-12,8.3,8.4,8,8.1,212500
1JANATAMF,31-10-12,8.1,8.5,8.1,8.2,517000
1JANATAMF,11-01-12,8.2,8.4,8.1,8.1,282500
1JANATAMF,11-04-12,8.3,8.3,7.9,7.9,404000
1JANATAMF,11-05-12,8,8.1,7.9,7.9,303000
1JANATAMF,11-06-12,8,8.3,8,8.2,645000
1JANATAMF,11-07-12,8.4,8.4,8,8,385000
1JANATAMF,11-08-12,8,8.1,7.8,7.8,239500
1JANATAMF,11-11-12,7.9,7.9,7.3,7.4,394500
1JANATAMF,11-12-12,7.7,7.7,7.1,7.3,275500
1JANATAMF,13-11-12,7.4,7.5,7.2,7.4,343000
1JANATAMF,14-11-12,7.4,7.5,7.2,7.2,275000
1JANATAMF,15-11-12,7.2,7.9,7.2,7.8,613500
1JANATAMF,18-11-12,8,8.2,7.4,7.7,627500
1JANATAMF,19-11-12,7.6,7.8,7.4,7.4,261500
1JANATAMF,20-11-12,7.4,7.6,7.3,7.3,142500
1JANATAMF,21-11-12,7.5,7.5,7.3,7.3,92500
1JANATAMF,22-11-12,7.5,7.7,7.3,7.3,1007500
1JANATAMF,26-11-12,7.3,7.4,7.2,7.2,470500
1JANATAMF,27-11-12,7.2,7.4,7.1,7.1,191000
1JANATAMF,28-11-12,7.2,7.3,7.1,7.1,165000
1JANATAMF,29-11-12,7.3,7.8,7.3,7.7,391500
1JANATAMF,12-02-12,8,8,7.4,7.4,436000
1JANATAMF,12-03-12,7.4,7.5,7.3,7.3,137500
1JANATAMF,12-04-12,7.2,7.5,7.2,7.3,339000
1JANATAMF,12-05-12,7.7,7.7,7.1,7.2,377500
1JANATAMF,12-06-12,7.2,7.3,7.2,7.2,87000
1JANATAMF,12-09-12,7.2,7.2,7,7,133500
1JANATAMF,12-10-12,7.1,7.1,6.8,6.8,296500
1JANATAMF,12-11-12,6.8,7.3,6.8,7.2,365500
1JANATAMF,12-12-12,7.3,7.4,7.2,7.2,205500
1JANATAMF,13-12-12,7.1,7.2,7,7.1,72500
1JANATAMF,17-12-12,7.2,7.3,7.2,7.2,177500
1JANATAMF,18-12-12,7.2,7.2,7.1,7.1,113500
1JANATAMF,19-12-12,7,7.2,7,7.1,248500
1JANATAMF,20-12-12,7.2,7.2,7,7,344500
1JANATAMF,23-12-12,6.9,7,6.8,6.8,287500
1JANATAMF,24-12-12,6.9,7.1,6.8,7,441500
1JANATAMF,26-12-12,7,7.3,6.9,7.1,277000
1JANATAMF,27-12-12,7.2,7.2,7,7.1,127500
1JANATAMF,30-12-12,7.2,7.2,7,7,80000
DBH1STMF,01-01-12,8.4,8.6,8.2,8.3,906500
DBH1STMF,01-02-12,8.4,8.6,8.3,8.3,421500
DBH1STMF,01-03-12,8.4,8.5,8.3,8.4,240500
DBH1STMF,01-04-12,8.4,8.9,8.4,8.7,1698500
DBH1STMF,01-05-12,8.7,8.9,8.6,8.7,1094000
DBH1STMF,01-08-12,8.8,8.8,8.5,8.6,594500
DBH1STMF,01-09-12,8.6,8.6,8.2,8.2,505000
DBH1STMF,01-10-12,8.4,8.4,8.1,8.2,348500
DBH1STMF,01-11-12,8.2,8.5,8.1,8.3,424500
DBH1STMF,01-12-12,8.3,8.5,8.1,8.2,142000
DBH1STMF,15-01-12,8.3,8.3,8.1,8.1,149000
DBH1STMF,16-01-12,8.1,8.1,7.7,7.8,416000
DBH1STMF,18-01-12,7.6,8.1,7.6,7.7,252500
DBH1STMF,19-01-12,8,8.1,7.9,7.9,446500
DBH1STMF,22-01-12,8,8,7.6,7.7,219000
DBH1STMF,23-01-12,7.6,7.8,7.3,7.4,729000
DBH1STMF,24-01-12,7.6,7.8,7.3,7.3,507000
DBH1STMF,25-01-12,7.3,7.5,7.2,7.4,212500
DBH1STMF,26-01-12,7.3,7.4,7.2,7.3,229500
DBH1STMF,29-01-12,7.3,7.3,6.8,6.9,332500
DBH1STMF,30-01-12,6.8,7,6.7,6.9,199000
DBH1STMF,31-01-12,7,7.1,6.7,6.9,451500
DBH1STMF,02-01-12,6.7,6.7,6.4,6.5,179500
DBH1STMF,02-02-12,6.6,6.8,6.5,6.5,128000
DBH1STMF,02-06-12,6.5,6.6,6,6.2,338500
DBH1STMF,02-07-12,6.7,6.8,6.4,6.7,229500
DBH1STMF,02-08-12,6.7,6.7,6.2,6.3,157000
DBH1STMF,02-09-12,6.4,6.8,6.4,6.7,203000
DBH1STMF,02-12-12,6.6,7.2,6.6,6.9,317500
DBH1STMF,13-02-12,7,7.2,6.8,6.8,467000
DBH1STMF,14-02-12,6.7,6.9,6.4,6.5,467000
DBH1STMF,15-02-12,6.8,6.8,6.4,6.4,354500
DBH1STMF,16-02-12,6.6,6.7,6.4,6.6,183000
DBH1STMF,19-02-12,6.5,6.7,6.5,6.6,88500
DBH1STMF,20-02-12,6.5,6.8,6.5,6.7,736000
DBH1STMF,22-02-12,6.8,6.9,6.7,6.8,223000
DBH1STMF,23-02-12,6.9,7.2,6.9,7,318000
DBH1STMF,26-02-12,7.2,7.3,7,7,676500
DBH1STMF,27-02-12,7.2,7.2,6.7,6.8,326500
DBH1STMF,28-02-12,7,7.1,6.8,6.8,392000
DBH1STMF,29-02-12,6.9,7.1,6.8,6.9,648000
DBH1STMF,03-01-12,6.9,7,6.8,6.8,149500
DBH1STMF,03-04-12,6.8,6.9,6.6,6.8,384500
DBH1STMF,03-05-12,6.9,7,6.6,6.6,269500
DBH1STMF,03-06-12,6.6,6.8,6.6,6.6,164500
DBH1STMF,03-07-12,6.7,6.7,6.5,6.5,87500
DBH1STMF,03-08-12,6.6,6.7,6.5,6.6,136500
DBH1STMF,03-11-12,6.7,6.7,6.5,6.5,53500
DBH1STMF,03-12-12,6.6,6.7,6.6,6.6,21000
DBH1STMF,13-03-12,6.8,6.9,6.7,6.8,221500
DBH1STMF,14-03-12,6.9,7,6.7,6.8,316500
DBH1STMF,15-03-12,6.9,7,6.8,6.8,312000
DBH1STMF,18-03-12,7,7.2,6.9,7,500500
DBH1STMF,19-03-12,6.9,7.1,6.9,6.9,208000
DBH1STMF,20-03-12,6.9,7.1,6.9,6.9,380500
DBH1STMF,21-03-12,7,7,6.8,6.8,421000
DBH1STMF,22-03-12,6.8,7,6.8,6.8,455500
DBH1STMF,25-03-12,6.9,7,6.8,6.8,352000
DBH1STMF,27-03-12,6.9,7,6.8,6.9,501500
DBH1STMF,28-03-12,6.8,7.3,6.8,7.1,983500
DBH1STMF,29-03-12,7.3,7.8,7.1,7.7,1781500
DBH1STMF,04-01-12,7.9,8.4,7.9,8.3,1586000
DBH1STMF,04-02-12,8.2,8.4,8.1,8.1,1013500
DBH1STMF,04-03-12,8,8.1,7.8,7.8,701000
DBH1STMF,04-04-12,7.8,7.9,7.5,7.5,390000
DBH1STMF,04-05-12,7.5,7.9,7.4,7.7,576500
DBH1STMF,04-08-12,7.7,7.9,7.5,7.5,489000
DBH1STMF,04-09-12,7.5,7.6,7.3,7.3,446500
DBH1STMF,04-10-12,7.5,7.6,7.3,7.4,643500
DBH1STMF,04-11-12,7.6,7.8,7.5,7.5,509000
DBH1STMF,04-12-12,7.6,7.8,7.6,7.7,598000
DBH1STMF,15-04-12,7.8,7.8,7.5,7.6,967500
DBH1STMF,16-04-12,7.8,7.8,7.5,7.6,1004000
DBH1STMF,17-04-12,7.6,7.7,7.6,7.6,433500
DBH1STMF,18-04-12,7.6,7.8,7.6,7.7,1018000
DBH1STMF,19-04-12,7.7,7.7,7.4,7.4,728500
DBH1STMF,22-04-12,7.3,7.5,7.3,7.3,295000
DBH1STMF,23-04-12,7.5,7.5,7.2,7.2,240500
DBH1STMF,24-04-12,7.2,7.4,7.1,7.1,779000
DBH1STMF,25-04-12,7.3,7.3,7,7,230000
DBH1STMF,26-04-12,7,7.2,7,7,314000
DBH1STMF,29-04-12,6.9,7,6.8,6.8,226500
DBH1STMF,30-04-12,6.9,7.1,6.9,6.9,228000
DBH1STMF,05-02-12,7,7.1,6.9,7,106000
DBH1STMF,05-03-12,6.9,7.1,6.9,6.9,176000
DBH1STMF,05-07-12,6.9,7,6.8,6.8,164000
DBH1STMF,05-08-12,6.9,6.9,6.7,6.7,149500
DBH1STMF,05-09-12,6.7,6.7,6.5,6.5,264500
DBH1STMF,05-10-12,6.6,6.8,6.4,6.6,358500
DBH1STMF,13-05-12,6.8,6.9,6.5,6.5,157000
DBH1STMF,14-05-12,6.5,6.7,6.5,6.5,132000
DBH1STMF,15-05-12,6.6,6.7,6.5,6.5,269000
DBH1STMF,16-05-12,6.5,6.7,6.5,6.5,327500
DBH1STMF,17-05-12,6.6,6.6,6.5,6.5,178500
DBH1STMF,20-05-12,6.5,6.6,6.5,6.5,47000
DBH1STMF,21-05-12,6.6,6.7,6.5,6.5,304500
DBH1STMF,22-05-12,6.6,6.6,6.4,6.4,229000
DBH1STMF,23-05-12,6.4,6.5,6.2,6.3,195000
DBH1STMF,24-05-12,6.4,6.5,6.3,6.3,149500
DBH1STMF,27-05-12,6.3,6.4,6.2,6.2,189000
DBH1STMF,28-05-12,6.3,6.3,6.1,6.1,191000
DBH1STMF,29-05-12,6.3,6.3,6,6.2,238000
DBH1STMF,30-05-12,6.2,6.3,6.1,6.1,154000
DBH1STMF,31-05-12,6.2,6.2,6.1,6.2,101000
DBH1STMF,06-03-12,6.3,6.4,6.2,6.3,138000
DBH1STMF,06-04-12,6.4,6.4,6.1,6.1,349000
DBH1STMF,06-05-12,6.2,6.3,6.1,6.2,81000
DBH1STMF,06-06-12,6.2,6.3,6.2,6.2,110500
DBH1STMF,06-07-12,6.2,6.4,6.2,6.3,93500
DBH1STMF,06-10-12,6.2,6.3,6.1,6.1,29000
DBH1STMF,06-11-12,6.2,6.3,6.1,6.2,84500
DBH1STMF,06-12-12,6.2,6.3,6.1,6.1,61000
DBH1STMF,13-06-12,6.1,6.3,6.1,6.1,53000
DBH1STMF,14-06-12,6.2,6.2,6.1,6.1,62500
DBH1STMF,17-06-12,6.1,6.2,6,6,123000
DBH1STMF,18-06-12,6.1,6.1,5.9,5.9,156000
DBH1STMF,19-06-12,5.8,6,5.8,5.9,74000
DBH1STMF,20-06-12,5.9,5.9,5.7,5.8,76000
DBH1STMF,21-06-12,6,6,5.8,5.8,145500
DBH1STMF,24-06-12,5.9,6,5.8,5.8,133500
DBH1STMF,25-06-12,5.7,5.9,5.7,5.8,33000
DBH1STMF,26-06-12,5.8,6,5.8,6,109500
DBH1STMF,27-06-12,5.9,6.1,5.9,6,245000
DBH1STMF,28-06-12,6.1,6.1,6,6,175000
DBH1STMF,07-02-12,6,6,5.7,5.7,159500
DBH1STMF,07-03-12,5.8,6,5.8,5.8,74500
DBH1STMF,07-04-12,5.9,5.9,5.7,5.8,95500
DBH1STMF,07-05-12,5.8,5.9,5.7,5.8,100500
DBH1STMF,07-08-12,5.9,5.9,5.8,5.8,69000
DBH1STMF,07-09-12,5.8,5.8,5.7,5.7,55500
DBH1STMF,07-10-12,5.6,5.7,5.5,5.5,258000
DBH1STMF,07-11-12,5.3,5.8,5.3,5.7,316000
DBH1STMF,07-12-12,5.5,5.8,5.5,5.6,94500
DBH1STMF,15-07-12,5.5,5.5,5.3,5.3,76000
DBH1STMF,16-07-12,5.3,5.5,5.2,5.3,60500
DBH1STMF,17-07-12,5.4,5.5,5.3,5.3,61000
DBH1STMF,18-07-12,5.5,5.6,5.4,5.4,108500
DBH1STMF,19-07-12,5.6,5.6,5.4,5.4,245500
DBH1STMF,22-07-12,5.3,5.4,5.3,5.3,73000
DBH1STMF,23-07-12,5.3,5.5,5.3,5.4,39000
DBH1STMF,24-07-12,5.4,5.7,5.4,5.5,168500
DBH1STMF,25-07-12,5.5,5.6,5.4,5.4,81500
DBH1STMF,26-07-12,5.6,5.6,5.4,5.5,90500
DBH1STMF,29-07-12,5.5,5.6,5.5,5.5,55500
DBH1STMF,30-07-12,5.6,5.7,5.5,5.5,100500
DBH1STMF,08-01-12,5.6,5.8,5.5,5.7,265500
DBH1STMF,08-02-12,5.7,5.9,5.6,5.8,582000
DBH1STMF,08-05-12,5.7,6,5.6,5.9,230500
DBH1STMF,08-06-12,5.9,6.2,5.9,6.1,452500
DBH1STMF,08-07-12,6.3,6.3,5.9,6,100000
DBH1STMF,08-08-12,6,6,5.7,5.8,125000
DBH1STMF,08-12-12,5.7,5.9,5.6,5.6,204000
DBH1STMF,13-08-12,5.2,5.4,4.9,5,649000
DBH1STMF,14-08-12,4.9,5.1,4.9,5,245500
DBH1STMF,26-08-12,5.3,5.4,5,5.3,243000
DBH1STMF,27-08-12,5.2,5.2,5.1,5.1,282000
DBH1STMF,28-08-12,5,5.2,5,5.1,167000
DBH1STMF,29-08-12,5.1,5.4,5.1,5.3,501000
DBH1STMF,30-08-12,5.4,5.5,5.2,5.3,275500
DBH1STMF,09-02-12,5.4,5.4,5,5,1240000
DBH1STMF,09-03-12,5.1,5.2,5.1,5.1,88000
DBH1STMF,09-04-12,5.3,5.3,5.1,5.1,240000
DBH1STMF,09-05-12,5.1,5.2,5.1,5.1,431000
DBH1STMF,09-06-12,5,5.1,4.9,5,561000
DBH1STMF,09-09-12,5,5.1,4.9,5,275500
DBH1STMF,09-10-12,5,5.1,5,5,444000
DBH1STMF,09-11-12,5.1,5.1,4.9,5,337500
DBH1STMF,09-12-12,5,5.1,5,5,323500
DBH1STMF,13-09-12,5,5.2,5,5.1,495500
DBH1STMF,16-09-12,5.1,5.4,5.1,5.2,524500
DBH1STMF,17-09-12,5.3,5.7,5.2,5.7,935500
DBH1STMF,18-09-12,6.2,6.2,5.8,6.1,1523000
DBH1STMF,19-09-12,6.4,6.7,6.2,6.7,1014000
DBH1STMF,20-09-12,6.9,7.3,6.4,7.3,1727500
DBH1STMF,23-09-12,7.9,8,7.6,8,2004500
DBH1STMF,24-09-12,8.7,8.8,7.7,7.9,2790500
DBH1STMF,25-09-12,8,8.6,8,8.5,2638000
DBH1STMF,26-09-12,8.6,9.2,8.6,8.9,2661000
DBH1STMF,27-09-12,9,9.4,8.7,8.9,1699500
DBH1STMF,30-09-12,9.4,9.5,8.5,8.7,2944000
DBH1STMF,10-01-12,8.6,9.5,8.3,9.3,2109000
DBH1STMF,10-01-12,8.6,9.5,8.3,9.3,2109000
DBH1STMF,10-02-12,9.9,10.2,9.8,10.2,2780000
DBH1STMF,10-03-12,11.2,11.2,9.9,10,5583000
DBH1STMF,10-04-12,10,10.5,9.1,10.1,2842000
DBH1STMF,10-07-12,10.6,10.6,9.1,9.1,1957000
DBH1STMF,10-08-12,8.7,9.4,8.2,8.6,1394500
DBH1STMF,10-09-12,9.4,9.4,8.8,9.3,1067500
DBH1STMF,10-10-12,9.9,10,8.5,8.7,877000
DBH1STMF,10-11-12,8.5,8.9,8.2,8.3,1036000
DBH1STMF,14-10-12,8.5,8.9,7.9,8,794500
DBH1STMF,15-10-12,8,8.8,7.7,8.8,1164000
DBH1STMF,16-10-12,9.5,9.5,8.5,8.5,1005500
DBH1STMF,17-10-12,8.5,8.8,8.3,8.6,413500
DBH1STMF,18-10-12,8.4,9,8.4,8.6,831000
DBH1STMF,21-10-12,8.8,8.9,8.4,8.4,377000
DBH1STMF,22-10-12,8.6,8.6,8.2,8.3,443500
DBH1STMF,23-10-12,8.1,8.7,8.1,8.3,504000
DBH1STMF,30-10-12,8.4,8.5,8.2,8.3,270000
DBH1STMF,31-10-12,8.3,8.8,8.2,8.6,619000
DBH1STMF,11-01-12,8.7,8.9,8.4,8.4,362500
DBH1STMF,11-04-12,8.5,8.6,8.2,8.2,382500
DBH1STMF,11-05-12,8.3,8.5,8,8.1,614000
DBH1STMF,11-06-12,8.3,8.7,8.3,8.5,628500
DBH1STMF,11-07-12,8.7,8.9,8.3,8.4,563500
DBH1STMF,11-08-12,8.5,8.6,8.2,8.2,572000
DBH1STMF,11-11-12,8.2,8.3,7.6,7.7,600000
DBH1STMF,11-12-12,7.9,8,7.5,7.5,539500
DBH1STMF,13-11-12,7.6,7.9,7.5,7.7,369500
DBH1STMF,14-11-12,7.8,7.9,7.4,7.5,463000
DBH1STMF,15-11-12,7.8,8.2,7.5,8.1,771500
DBH1STMF,18-11-12,8.2,8.7,8.2,8.3,1131500
DBH1STMF,19-11-12,8.1,8.2,7.9,7.9,600000
DBH1STMF,20-11-12,8,8.1,7.8,7.8,502000
DBH1STMF,21-11-12,7.8,8.2,7.8,7.8,393500
DBH1STMF,22-11-12,7.7,8.1,7.7,7.8,302000
DBH1STMF,26-11-12,8.2,8.2,7.6,7.7,384500
DBH1STMF,27-11-12,7.7,7.9,7.6,7.7,301500
DBH1STMF,28-11-12,7.9,7.9,7.5,7.6,350000
DBH1STMF,29-11-12,7.7,8,7.7,7.8,712000
DBH1STMF,12-02-12,8,8,7.2,7.4,577000
DBH1STMF,12-03-12,7.4,7.6,7.3,7.3,210500
DBH1STMF,12-04-12,7.5,7.5,7.3,7.3,385500
DBH1STMF,12-05-12,7.6,7.6,7.2,7.2,227000
DBH1STMF,12-06-12,7.2,7.3,7.1,7.2,245500
DBH1STMF,12-09-12,7.1,7.1,6.9,6.9,141500
DBH1STMF,12-10-12,6.9,6.9,6.6,6.6,280000
DBH1STMF,12-11-12,6.6,7.2,6.5,7.1,456500
DBH1STMF,12-12-12,7.2,7.5,7,7,402000
DBH1STMF,13-12-12,7.1,7.3,7,7,212000
DBH1STMF,17-12-12,7.2,7.4,7.1,7.1,266000
DBH1STMF,18-12-12,7.2,7.3,7,7,213500
DBH1STMF,19-12-12,7.2,7.2,7,7,300500
DBH1STMF,20-12-12,7.2,7.2,7,7,171500
DBH1STMF,23-12-12,7,7,6.9,6.9,72500
DBH1STMF,24-12-12,6.9,7.2,6.9,7,250500
DBH1STMF,26-12-12,7.2,7.2,7,7,207000
DBH1STMF,27-12-12,7.2,7.2,7,7.1,230000
DBH1STMF,30-12-12,7.1,7.2,7.1,7.1,194000
GREENDELMF,01-01-12,6.9,7,6.9,6.9,365500
GREENDELMF,01-02-12,6.9,7.1,6.9,6.9,428000
GREENDELMF,01-03-12,6.9,7,6.9,6.9,166000
GREENDELMF,01-04-12,7,7.2,6.9,7.1,1408000
GREENDELMF,01-05-12,7.3,7.3,7,7,778500
GREENDELMF,01-08-12,7,7.2,7,7,212500
GREENDELMF,01-09-12,7,7.1,6.8,6.9,567000
GREENDELMF,01-10-12,7,7,6.7,6.7,159000
GREENDELMF,01-11-12,6.9,7.1,6.8,6.9,409000
GREENDELMF,01-12-12,6.8,6.9,6.7,6.7,69500
GREENDELMF,15-01-12,6.7,6.8,6.6,6.6,96500
GREENDELMF,16-01-12,6.5,6.7,6.5,6.5,140000
GREENDELMF,18-01-12,6.3,6.6,6.2,6.3,110000
GREENDELMF,19-01-12,6.6,6.7,6.5,6.5,151500
GREENDELMF,22-01-12,6.4,6.4,6.1,6.2,149000
GREENDELMF,23-01-12,6.1,6.2,6,6,76500
GREENDELMF,24-01-12,6.2,6.2,6,6,128000
GREENDELMF,25-01-12,6,6.2,5.9,6,121500
GREENDELMF,26-01-12,6,6.2,6,6,65000
GREENDELMF,29-01-12,6,6.1,5.8,5.8,113500
GREENDELMF,30-01-12,5.7,5.9,5.7,5.8,54000
GREENDELMF,31-01-12,6.1,6.1,5.7,5.7,82500
GREENDELMF,02-01-12,5.6,5.7,5.3,5.3,67000
GREENDELMF,02-02-12,5.5,5.6,5.2,5.3,87000
GREENDELMF,02-06-12,5.1,5.2,4.9,4.9,85000
GREENDELMF,02-07-12,5.3,5.3,5.2,5.3,96500
GREENDELMF,02-08-12,5.3,5.6,5.2,5.2,64500
GREENDELMF,02-09-12,5.1,5.5,5.1,5.4,91500
GREENDELMF,02-12-12,5.5,5.9,5.4,5.8,123000
GREENDELMF,13-02-12,5.9,5.9,5.7,5.7,282000
GREENDELMF,14-02-12,5.6,5.6,5.5,5.5,19500
GREENDELMF,15-02-12,5.6,5.7,5.5,5.5,50500
GREENDELMF,16-02-12,5.6,5.6,5.4,5.5,41000
GREENDELMF,19-02-12,5.4,5.7,5.4,5.4,44500
GREENDELMF,20-02-12,5.4,5.5,5.4,5.4,138500
GREENDELMF,22-02-12,5.7,5.7,5.5,5.5,129000
GREENDELMF,23-02-12,5.5,5.7,5.5,5.6,319000
GREENDELMF,26-02-12,5.7,5.9,5.7,5.8,395000
GREENDELMF,27-02-12,6,6,5.7,5.7,222500
GREENDELMF,28-02-12,5.9,6,5.8,5.8,117000
GREENDELMF,29-02-12,5.9,6.1,5.8,5.9,366500
GREENDELMF,03-01-12,5.9,5.9,5.7,5.7,232500
GREENDELMF,03-04-12,5.7,5.7,5.6,5.6,174500
GREENDELMF,03-05-12,5.6,5.7,5.5,5.5,118500
GREENDELMF,03-06-12,5.5,5.6,5.5,5.5,55000
GREENDELMF,03-07-12,5.5,5.7,5.5,5.5,79500
GREENDELMF,03-08-12,5.5,5.6,5.5,5.5,188500
GREENDELMF,03-11-12,5.6,5.6,5.4,5.5,34000
GREENDELMF,03-12-12,5.5,5.6,5.4,5.4,19000
GREENDELMF,13-03-12,5.7,5.8,5.5,5.7,121500
GREENDELMF,14-03-12,5.5,5.8,5.5,5.7,106500
GREENDELMF,15-03-12,5.6,5.9,5.6,5.7,65000
GREENDELMF,18-03-12,5.9,6,5.8,5.9,209500
GREENDELMF,19-03-12,5.7,6,5.7,5.8,29000
GREENDELMF,20-03-12,5.8,6,5.8,5.8,65000
GREENDELMF,21-03-12,5.9,6.1,5.9,5.9,159500
GREENDELMF,22-03-12,5.9,6,5.9,5.9,40000
GREENDELMF,25-03-12,6,6,5.9,6,140000
GREENDELMF,27-03-12,6.1,6.2,6,6.1,228000
GREENDELMF,28-03-12,6.2,6.4,6.1,6.3,518000
GREENDELMF,29-03-12,6.3,6.9,6.2,6.5,702000
GREENDELMF,04-01-12,6.9,7.1,6.6,6.9,842000
GREENDELMF,04-02-12,6.9,7.1,6.8,6.9,191000
GREENDELMF,04-03-12,6.7,6.9,6.7,6.7,244500
GREENDELMF,04-04-12,6.8,6.8,6.4,6.4,386500
GREENDELMF,04-05-12,6.4,6.7,6.3,6.5,86500
GREENDELMF,04-08-12,6.6,6.6,6.4,6.4,134000
GREENDELMF,04-09-12,6.2,6.7,6.2,6.4,149000
GREENDELMF,04-10-12,6.5,6.6,6.3,6.3,317500
GREENDELMF,04-11-12,6.6,6.7,6.5,6.6,357000
GREENDELMF,04-12-12,6.7,6.8,6.6,6.6,217000
GREENDELMF,15-04-12,6.8,6.9,6.6,6.7,503000
GREENDELMF,16-04-12,6.7,6.8,6.6,6.6,395000
GREENDELMF,17-04-12,6.6,6.8,6.6,6.6,462500
GREENDELMF,18-04-12,6.7,6.9,6.7,6.7,505500
GREENDELMF,19-04-12,6.6,6.7,6.6,6.6,252500
GREENDELMF,22-04-12,6.5,6.7,6.5,6.6,315500
GREENDELMF,23-04-12,6.5,6.6,6.5,6.5,135500
GREENDELMF,24-04-12,6.4,6.7,6.4,6.5,211000
GREENDELMF,25-04-12,6.6,6.6,6.3,6.3,409500
GREENDELMF,26-04-12,6.2,6.5,6.1,6.1,348000
GREENDELMF,29-04-12,6.1,6.1,5.8,5.9,170500
GREENDELMF,30-04-12,6,6.2,5.9,5.9,509000
GREENDELMF,05-02-12,6.1,6.2,5.9,6,251000
GREENDELMF,05-03-12,6,6.1,5.9,5.9,336500
GREENDELMF,05-07-12,5.9,6,5.8,5.8,28000
GREENDELMF,05-08-12,5.8,6,5.8,5.8,173000
GREENDELMF,05-09-12,5.9,5.9,5.4,5.4,590000
GREENDELMF,05-10-12,5.3,5.9,5.2,5.8,455000
GREENDELMF,13-05-12,5.7,5.7,5.5,5.5,203500
GREENDELMF,14-05-12,5.4,5.6,5.4,5.5,154000
GREENDELMF,15-05-12,5.6,5.6,5.5,5.5,121500
GREENDELMF,16-05-12,5.6,5.6,5.4,5.4,137000
GREENDELMF,17-05-12,5.4,5.5,5.4,5.4,34000
GREENDELMF,20-05-12,5.5,5.5,5.4,5.4,17000
GREENDELMF,21-05-12,5.5,5.7,5.4,5.5,73000
GREENDELMF,22-05-12,5.6,5.6,5.4,5.4,156500
GREENDELMF,23-05-12,5.3,5.5,5.2,5.2,137500
GREENDELMF,24-05-12,5.3,5.4,5.2,5.2,398500
GREENDELMF,27-05-12,5.1,5.3,5.1,5.2,28500
GREENDELMF,28-05-12,5.1,5.4,5.1,5.2,436000
GREENDELMF,29-05-12,5.1,5.3,5.1,5.2,249000
GREENDELMF,30-05-12,5.3,5.4,5.2,5.3,164000
GREENDELMF,31-05-12,5.3,5.5,5.3,5.3,182000
GREENDELMF,06-03-12,5.2,5.4,5.2,5.3,93500
GREENDELMF,06-04-12,5.4,5.4,5.1,5.2,209500
GREENDELMF,06-05-12,5.2,5.2,5.1,5.1,117500
GREENDELMF,06-06-12,5.2,5.3,5.1,5.2,136500
GREENDELMF,06-07-12,5.2,5.3,5.2,5.2,107500
GREENDELMF,06-10-12,5.1,5.3,5.1,5.2,101500
GREENDELMF,06-11-12,5.2,5.2,5,5,283500
GREENDELMF,06-12-12,5.1,5.2,5,5,189000
GREENDELMF,13-06-12,5.1,5.1,5,5,81000
GREENDELMF,14-06-12,5,5.1,4.9,4.9,373000
GREENDELMF,17-06-12,4.9,5.1,4.9,5,121000
GREENDELMF,18-06-12,5,5.1,4.9,4.9,187500
GREENDELMF,19-06-12,5,5.1,4.9,4.9,51500
GREENDELMF,20-06-12,4.9,5,4.9,4.9,79500
GREENDELMF,21-06-12,4.9,5.1,4.9,4.9,96500
GREENDELMF,24-06-12,5.1,5.1,4.6,4.7,381500
GREENDELMF,25-06-12,4.7,4.9,4.7,4.8,181500
GREENDELMF,26-06-12,4.9,5.1,4.7,4.9,176500
GREENDELMF,27-06-12,4.9,5.1,4.9,5,156500
GREENDELMF,28-06-12,5,5.1,5,5,97500
GREENDELMF,07-02-12,5.1,5.1,4.8,4.8,63500
GREENDELMF,07-03-12,4.9,5,4.9,4.9,39500
GREENDELMF,07-04-12,4.8,4.9,4.8,4.8,90500
GREENDELMF,07-05-12,4.9,4.9,4.8,4.8,63000
GREENDELMF,07-08-12,5,5,4.9,4.9,405000
GREENDELMF,07-09-12,4.9,4.9,4.8,4.8,272000
GREENDELMF,07-10-12,4.8,4.8,4.6,4.6,165500
GREENDELMF,07-11-12,4.6,4.8,4.5,4.7,90500
GREENDELMF,07-12-12,4.7,4.8,4.7,4.8,172500
GREENDELMF,15-07-12,4.7,4.8,4.7,4.7,133000
GREENDELMF,16-07-12,4.6,4.8,4.6,4.7,110000
GREENDELMF,17-07-12,4.7,4.8,4.7,4.7,253000
GREENDELMF,18-07-12,4.9,4.9,4.7,4.8,57000
GREENDELMF,19-07-12,4.8,4.9,4.8,4.8,23000
GREENDELMF,22-07-12,4.8,4.9,4.8,4.8,114500
GREENDELMF,23-07-12,4.8,4.9,4.8,4.8,94000
GREENDELMF,24-07-12,4.9,5,4.9,4.9,105000
GREENDELMF,25-07-12,5,5,4.8,4.9,60500
GREENDELMF,26-07-12,4.9,5,4.9,4.9,150000
GREENDELMF,29-07-12,4.8,4.9,4.8,4.8,86500
GREENDELMF,30-07-12,4.8,4.9,4.8,4.8,19500
GREENDELMF,08-01-12,4.5,4.8,4.5,4.7,21500
GREENDELMF,08-02-12,4.7,4.9,4.6,4.6,91000
GREENDELMF,08-05-12,4.6,4.8,4.6,4.7,13000
GREENDELMF,08-06-12,5,5,4.7,4.7,20500
GREENDELMF,08-07-12,4.8,4.8,4.6,4.6,31500
GREENDELMF,08-08-12,4.6,4.7,4.6,4.6,64500
GREENDELMF,08-12-12,4.6,4.8,4.6,4.7,55000
GREENDELMF,13-08-12,4.6,4.6,4.5,4.5,215000
GREENDELMF,14-08-12,4.4,4.6,4.4,4.5,76000
GREENDELMF,26-08-12,4.5,4.8,4.5,4.6,118000
GREENDELMF,27-08-12,4.6,4.8,4.5,4.7,168500
GREENDELMF,28-08-12,4.7,4.7,4.5,4.5,165500
GREENDELMF,29-08-12,4.5,4.9,4.5,4.7,160000
GREENDELMF,30-08-12,4.8,4.9,4.7,4.8,664000
GREENDELMF,09-02-12,4.8,4.9,4.7,4.7,48500
GREENDELMF,09-03-12,4.8,4.8,4.7,4.7,202500
GREENDELMF,09-04-12,4.6,4.8,4.6,4.7,207500
GREENDELMF,09-05-12,4.6,4.8,4.6,4.7,333000
GREENDELMF,09-06-12,4.6,4.7,4.6,4.6,203500
GREENDELMF,09-09-12,4.7,4.7,4.5,4.6,303500
GREENDELMF,09-10-12,4.6,4.8,4.6,4.7,66000
GREENDELMF,09-11-12,4.6,4.8,4.6,4.7,298500
GREENDELMF,09-12-12,4.7,4.8,4.7,4.7,330500
GREENDELMF,13-09-12,4.6,4.8,4.6,4.7,143500
GREENDELMF,16-09-12,4.7,5,4.6,4.8,785500
GREENDELMF,17-09-12,4.9,5.2,4.9,5.2,721000
GREENDELMF,18-09-12,5.1,5.7,5.1,5.5,281500
GREENDELMF,19-09-12,5.8,6,5.6,6,558500
GREENDELMF,20-09-12,6.4,6.6,5.8,6.6,1386500
GREENDELMF,23-09-12,7.2,7.2,6.7,7.2,1599500
GREENDELMF,24-09-12,7.7,7.7,6.8,7.1,2056500
GREENDELMF,25-09-12,7.1,7.8,7,7.6,3784500
GREENDELMF,26-09-12,8.2,8.3,7.7,8,3264500
GREENDELMF,27-09-12,8.6,8.8,8.3,8.6,4233500
GREENDELMF,30-09-12,8.8,9.2,8.1,8.4,5563500
GREENDELMF,10-01-12,8.1,8.9,7.6,8.7,3236500
GREENDELMF,10-01-12,8.1,8.9,7.6,8.7,3236500
GREENDELMF,10-02-12,9.2,9.5,9.1,9.4,8679000
GREENDELMF,10-03-12,10.3,10.3,8.9,9,7134500
GREENDELMF,10-04-12,8.6,9.5,8.2,9.1,3199000
GREENDELMF,10-07-12,9.1,9.2,8.2,8.2,1939500
GREENDELMF,10-08-12,7.6,8.6,7.4,7.7,1198000
GREENDELMF,10-09-12,8.2,8.4,7.9,8.4,1103500
GREENDELMF,10-10-12,8.9,9,7.9,7.9,920000
GREENDELMF,10-11-12,7.7,8.2,7.6,7.6,655000
GREENDELMF,14-10-12,7.9,8,7.3,7.4,975000
GREENDELMF,15-10-12,7.4,8.1,7.3,8.1,1286500
GREENDELMF,16-10-12,8.8,8.8,7.8,8,1825500
GREENDELMF,17-10-12,7.9,8.4,7.9,8.2,874500
GREENDELMF,18-10-12,8.2,8.5,8.1,8.3,1012500
GREENDELMF,21-10-12,8.4,8.5,8,8,673500
GREENDELMF,22-10-12,8,8.2,8,8,652500
GREENDELMF,23-10-12,8.1,8.4,8.1,8.2,858500
GREENDELMF,30-10-12,8.3,8.3,8.1,8.2,560000
GREENDELMF,31-10-12,8.1,8.6,8.1,8.1,739500
GREENDELMF,11-01-12,8.2,8.4,8,8.1,439000
GREENDELMF,11-04-12,8.1,8.2,7.7,7.8,534500
GREENDELMF,11-05-12,7.8,8,7.8,7.8,291500
GREENDELMF,11-06-12,7.9,8.1,7.7,8,950000
GREENDELMF,11-07-12,8.2,8.3,7.9,7.9,1006500
GREENDELMF,11-08-12,7.8,8,7.8,7.8,684000
GREENDELMF,11-11-12,7.6,7.9,7.5,7.6,1246500
GREENDELMF,11-12-12,7.7,7.8,7.6,7.6,536000
GREENDELMF,13-11-12,7.6,7.7,7.5,7.5,1897500
GREENDELMF,14-11-12,7.6,7.6,7.3,7.4,1982000
GREENDELMF,15-11-12,7.5,8,7.4,7.8,1016500
GREENDELMF,18-11-12,8.4,8.4,7.7,7.7,736000
GREENDELMF,19-11-12,7.5,7.8,7.5,7.5,333500
GREENDELMF,20-11-12,7.5,7.6,7.4,7.4,282000
GREENDELMF,21-11-12,7.4,7.5,7.4,7.4,454500
GREENDELMF,22-11-12,7.5,7.6,7.4,7.4,523500
GREENDELMF,26-11-12,7.2,7.4,7.2,7.2,334000
GREENDELMF,27-11-12,7.2,7.4,7.2,7.2,333000
GREENDELMF,28-11-12,7.2,7.3,7.1,7.1,261000
GREENDELMF,29-11-12,7.4,7.7,7.2,7.5,357500
GREENDELMF,12-02-12,7.7,7.7,7.3,7.3,502500
GREENDELMF,12-03-12,7.3,7.3,7.1,7.1,401500
GREENDELMF,12-04-12,7.1,7.2,7,7.1,108500
GREENDELMF,12-05-12,7.2,7.3,7,7,327000
GREENDELMF,12-06-12,7.1,7.1,6.9,6.9,171500
GREENDELMF,12-09-12,6.9,6.9,6.6,6.6,249000
GREENDELMF,12-10-12,6.9,6.9,6.4,6.4,145500
GREENDELMF,12-11-12,6.4,7,6.3,7,506000
GREENDELMF,12-12-12,7,7.4,6.7,6.8,584500
GREENDELMF,13-12-12,6.9,7.1,6.8,6.8,252500
GREENDELMF,17-12-12,7,7.1,6.9,7,163000
GREENDELMF,18-12-12,7,7,6.8,6.8,177000
GREENDELMF,19-12-12,6.8,7.2,6.8,7,354000
GREENDELMF,20-12-12,7,7.1,6.9,6.9,126000
GREENDELMF,23-12-12,6.9,7.1,6.8,6.8,101000
GREENDELMF,24-12-12,6.9,7.1,6.8,7,173500
GREENDELMF,26-12-12,7,7,6.8,6.8,559000
GREENDELMF,27-12-12,6.8,6.9,6.8,6.8,349000
GREENDELMF,30-12-12,6.8,7,6.8,6.9,193000
ICB3RDNRB,01-01-12,7.8,8,7.8,7.8,121000
ICB3RDNRB,01-02-12,7.9,8,7.9,7.9,331000
ICB3RDNRB,01-03-12,7.9,8,7.9,7.9,130000
ICB3RDNRB,01-04-12,8,8.2,7.9,8.1,441500
ICB3RDNRB,01-05-12,8.1,8.2,8,8,110000
ICB3RDNRB,01-08-12,8,8,7.8,7.8,80500
ICB3RDNRB,01-09-12,7.8,7.9,7.5,7.5,178000
ICB3RDNRB,01-10-12,7.7,7.7,7.4,7.4,260000
ICB3RDNRB,01-11-12,7.5,7.6,7.3,7.3,553500
ICB3RDNRB,01-12-12,7.5,7.5,7.1,7.2,557500
ICB3RDNRB,15-01-12,7.1,7.3,7.1,7.1,161500
ICB3RDNRB,16-01-12,7,7.2,7,7,202000
ICB3RDNRB,18-01-12,6.9,7.1,6.9,6.9,97500
ICB3RDNRB,19-01-12,7.1,7.4,7.1,7.2,131000
ICB3RDNRB,22-01-12,7.3,7.3,6.8,6.9,338500
ICB3RDNRB,23-01-12,6.8,7,6.8,6.9,131000
ICB3RDNRB,24-01-12,6.9,7,6.8,6.8,122500
ICB3RDNRB,25-01-12,6.7,7,6.7,6.8,228500
ICB3RDNRB,26-01-12,6.9,6.9,6.7,6.7,150000
ICB3RDNRB,29-01-12,6.7,6.8,6.5,6.5,161000
ICB3RDNRB,30-01-12,6.7,6.7,6.4,6.6,171000
ICB3RDNRB,31-01-12,6.9,6.9,6.4,6.4,103000
ICB3RDNRB,02-01-12,6.4,6.6,6.1,6.2,162500
ICB3RDNRB,02-02-12,6.4,6.5,6.2,6.2,65500
ICB3RDNRB,02-06-12,6.1,6.3,5.9,6,141500
ICB3RDNRB,02-07-12,6.4,6.6,6.2,6.6,294500
ICB3RDNRB,02-08-12,6.7,6.7,6.1,6.2,109000
ICB3RDNRB,02-09-12,6.2,6.5,6.2,6.4,56000
ICB3RDNRB,02-12-12,6.5,6.6,6.4,6.4,178500
ICB3RDNRB,13-02-12,6.5,6.6,6.4,6.4,126000
ICB3RDNRB,14-02-12,6.4,6.5,6.3,6.3,55500
ICB3RDNRB,15-02-12,6.3,6.4,6.3,6.3,40000
ICB3RDNRB,16-02-12,6.3,6.4,6.3,6.3,126500
ICB3RDNRB,19-02-12,6.2,6.4,6.2,6.2,33500
ICB3RDNRB,20-02-12,6.4,6.4,6.2,6.3,102000
ICB3RDNRB,22-02-12,6.3,6.5,6.3,6.4,158000
ICB3RDNRB,23-02-12,6.5,6.6,6.4,6.4,231000
ICB3RDNRB,26-02-12,6.5,6.8,6.5,6.7,318500
ICB3RDNRB,27-02-12,6.7,6.7,6.5,6.5,107500
ICB3RDNRB,28-02-12,6.7,6.8,6.6,6.7,257000
ICB3RDNRB,29-02-12,6.6,6.8,6.5,6.6,141500
ICB3RDNRB,03-01-12,6.7,6.7,6.5,6.5,70000
ICB3RDNRB,03-04-12,6.4,6.6,6.4,6.4,149500
ICB3RDNRB,03-05-12,6.5,6.6,6.3,6.3,77500
ICB3RDNRB,03-06-12,6.6,6.6,6.4,6.4,28500
ICB3RDNRB,03-07-12,6.4,6.4,6.2,6.2,145000
ICB3RDNRB,03-08-12,6.2,6.4,6.2,6.2,58500
ICB3RDNRB,03-11-12,6.4,6.4,6.2,6.2,87000
ICB3RDNRB,03-12-12,6.3,6.4,6.2,6.2,68000
ICB3RDNRB,13-03-12,6.4,6.5,6.4,6.4,42000
ICB3RDNRB,14-03-12,6.4,6.4,6.3,6.3,63500
ICB3RDNRB,15-03-12,6.5,6.5,6.4,6.4,144500
ICB3RDNRB,18-03-12,6.5,6.7,6.5,6.5,139500
ICB3RDNRB,19-03-12,6.5,6.6,6.4,6.4,62500
ICB3RDNRB,20-03-12,6.5,6.7,6.5,6.5,84500
ICB3RDNRB,21-03-12,6.6,6.7,6.5,6.5,115000
ICB3RDNRB,22-03-12,6.6,6.6,6.5,6.5,41000
ICB3RDNRB,25-03-12,6.7,6.8,6.6,6.6,133000
ICB3RDNRB,27-03-12,6.7,6.8,6.6,6.6,191000
ICB3RDNRB,28-03-12,6.6,7,6.6,6.8,276500
ICB3RDNRB,29-03-12,6.9,7.4,6.9,7.1,640000
ICB3RDNRB,04-01-12,7.3,7.5,7.2,7.4,395500
ICB3RDNRB,04-02-12,7.3,7.7,7.3,7.4,334500
ICB3RDNRB,04-03-12,7.6,7.6,7.2,7.2,252500
ICB3RDNRB,04-04-12,7.3,7.3,6.9,7,185000
ICB3RDNRB,04-05-12,7,7.4,6.9,7.3,186000
ICB3RDNRB,04-08-12,7.3,7.3,7,7.1,90000
ICB3RDNRB,04-09-12,7.2,7.3,7,7.1,102500
ICB3RDNRB,04-10-12,7.2,7.3,7.1,7.2,121500
ICB3RDNRB,04-11-12,7.1,7.5,7.1,7.2,306000
ICB3RDNRB,04-12-12,7.3,7.5,7.2,7.2,240000
ICB3RDNRB,15-04-12,7.2,7.5,7.2,7.3,234500
ICB3RDNRB,16-04-12,7.3,7.5,7.3,7.3,372500
ICB3RDNRB,17-04-12,7.3,7.5,7.2,7.2,339500
ICB3RDNRB,18-04-12,7.5,7.5,7.3,7.4,236500
ICB3RDNRB,19-04-12,7.3,7.4,7.2,7.2,116500
ICB3RDNRB,22-04-12,7.2,7.3,7.1,7.2,178500
ICB3RDNRB,23-04-12,7.2,7.2,7.1,7.1,245000
ICB3RDNRB,24-04-12,7.1,7.2,7,7,217500
ICB3RDNRB,25-04-12,6.9,7.1,6.9,6.9,126500
ICB3RDNRB,26-04-12,6.9,7,6.7,6.9,105500
ICB3RDNRB,29-04-12,6.6,6.9,6.6,6.6,91500
ICB3RDNRB,30-04-12,6.7,6.9,6.6,6.7,108500
ICB3RDNRB,05-02-12,6.8,7,6.7,6.8,35500
ICB3RDNRB,05-03-12,7.1,7.1,6.7,6.7,95500
ICB3RDNRB,05-07-12,6.7,6.8,6.7,6.7,52500
ICB3RDNRB,05-08-12,6.6,6.8,6.6,6.7,32000
ICB3RDNRB,05-09-12,6.6,6.7,6.5,6.5,105000
ICB3RDNRB,05-10-12,6.8,6.9,6.6,6.7,29000
ICB3RDNRB,13-05-12,6.6,6.9,6.5,6.6,60000
ICB3RDNRB,14-05-12,6.4,6.7,6.2,6.5,92000
ICB3RDNRB,15-05-12,6.5,6.6,6.5,6.5,74000
ICB3RDNRB,16-05-12,6.6,6.7,6.5,6.5,37500
ICB3RDNRB,17-05-12,6.5,6.6,6.5,6.5,27500
ICB3RDNRB,20-05-12,6.5,6.6,6.4,6.4,72000
ICB3RDNRB,21-05-12,6.7,6.7,6.4,6.4,151500
ICB3RDNRB,22-05-12,6.6,6.6,6.5,6.5,61000
ICB3RDNRB,23-05-12,6.5,6.5,6.3,6.3,76500
ICB3RDNRB,24-05-12,6.2,6.5,6.2,6.3,20500
ICB3RDNRB,27-05-12,6.2,6.4,6.2,6.2,53000
ICB3RDNRB,28-05-12,6.4,6.4,6.2,6.3,71000
ICB3RDNRB,29-05-12,6.3,6.3,6.2,6.2,81500
ICB3RDNRB,30-05-12,6.5,6.5,6.3,6.3,37500
ICB3RDNRB,31-05-12,6.3,6.4,6.3,6.3,24000
ICB3RDNRB,06-03-12,6.2,6.5,6.2,6.3,32000
ICB3RDNRB,06-04-12,6.5,6.5,6.2,6.2,45500
ICB3RDNRB,06-05-12,6.1,6.7,6.1,6.3,119500
ICB3RDNRB,06-06-12,6.3,6.6,6.3,6.5,222500
ICB3RDNRB,06-07-12,6.4,6.6,6.4,6.5,68000
ICB3RDNRB,06-10-12,6.3,6.4,6.2,6.3,28000
ICB3RDNRB,06-11-12,6.3,6.3,6.1,6.1,80500
ICB3RDNRB,06-12-12,6.2,6.4,6.2,6.3,72000
ICB3RDNRB,13-06-12,6.2,6.4,6.1,6.2,145500
ICB3RDNRB,14-06-12,6.2,6.2,6,6.1,162000
ICB3RDNRB,17-06-12,6,6.2,6,6,40500
ICB3RDNRB,18-06-12,6,6.1,5.9,6,147000
ICB3RDNRB,19-06-12,6.1,6.1,6,6,64000
ICB3RDNRB,20-06-12,6,6.1,5.8,5.8,166000
ICB3RDNRB,21-06-12,5.9,6,5.9,5.9,128000
ICB3RDNRB,24-06-12,6.2,6.2,5.9,5.9,98000
ICB3RDNRB,25-06-12,5.9,6,5.8,5.9,50000
ICB3RDNRB,26-06-12,5.9,6.1,5.8,5.9,152500
ICB3RDNRB,27-06-12,5.9,6.1,5.9,6,61500
ICB3RDNRB,28-06-12,6,6.2,6,6.1,58000
ICB3RDNRB,07-02-12,6,6.1,5.9,5.9,35000
ICB3RDNRB,07-03-12,5.8,6.1,5.8,5.9,73000
ICB3RDNRB,07-04-12,5.9,6,5.9,5.9,103500
ICB3RDNRB,07-05-12,6,6,5.8,5.9,115500
ICB3RDNRB,07-08-12,6,6,5.8,5.9,145000
ICB3RDNRB,07-09-12,5.8,6,5.7,5.7,45000
ICB3RDNRB,07-10-12,5.7,5.7,5.5,5.5,144500
ICB3RDNRB,07-11-12,5.6,5.7,5.4,5.5,45500
ICB3RDNRB,07-12-12,5.8,5.8,5.6,5.6,40500
ICB3RDNRB,15-07-12,5.6,5.7,5.5,5.5,83500
ICB3RDNRB,16-07-12,5.4,5.7,5.4,5.6,50000
ICB3RDNRB,17-07-12,5.6,5.7,5.5,5.6,60500
ICB3RDNRB,18-07-12,5.8,5.9,5.7,5.8,74500
ICB3RDNRB,19-07-12,5.9,6,5.6,5.7,102500
ICB3RDNRB,22-07-12,5.6,5.9,5.6,5.7,25500
ICB3RDNRB,23-07-12,5.6,5.8,5.4,5.5,132500
ICB3RDNRB,24-07-12,5.6,5.9,5.6,5.8,103500
ICB3RDNRB,25-07-12,5.9,6,5.8,5.8,190000
ICB3RDNRB,26-07-12,5.8,6,5.8,5.9,182500
ICB3RDNRB,29-07-12,5.8,6,5.8,5.8,74500
ICB3RDNRB,30-07-12,5.9,6,5.8,5.8,175500
ICB3RDNRB,08-01-12,5.3,5.4,5,5,613000
ICB3RDNRB,08-02-12,4.7,5.1,4.7,4.9,309000
ICB3RDNRB,08-05-12,4.9,4.9,4.7,4.8,261500
ICB3RDNRB,08-06-12,4.9,5,4.8,4.8,119000
ICB3RDNRB,08-07-12,4.9,4.9,4.8,4.8,268500
ICB3RDNRB,08-08-12,4.8,4.8,4.7,4.7,197000
ICB3RDNRB,08-12-12,4.8,5,4.8,4.8,256500
ICB3RDNRB,13-08-12,4.9,4.9,4.8,4.8,261000
ICB3RDNRB,14-08-12,4.9,4.9,4.8,4.9,452000
ICB3RDNRB,26-08-12,4.9,5.1,4.9,5,299000
ICB3RDNRB,27-08-12,5,5.1,5,5,75000
ICB3RDNRB,28-08-12,5,5.1,5,5,155000
ICB3RDNRB,29-08-12,5,5.1,4.9,5,358500
ICB3RDNRB,30-08-12,5,5.3,5,5,439500
ICB3RDNRB,09-02-12,5.1,5.2,5,5,56500
ICB3RDNRB,09-03-12,5.1,5.1,5,5,113500
ICB3RDNRB,09-04-12,5,5.1,5,5,210000
ICB3RDNRB,09-05-12,5,5.1,4.9,4.9,226000
ICB3RDNRB,09-06-12,5,5,4.9,4.9,102000
ICB3RDNRB,09-09-12,4.9,5,4.9,4.9,54000
ICB3RDNRB,09-10-12,4.9,5,4.8,4.9,189500
ICB3RDNRB,09-11-12,4.9,5,4.8,4.9,61000
ICB3RDNRB,09-12-12,4.8,5.1,4.8,5,346500
ICB3RDNRB,13-09-12,5.1,5.2,5,5.1,249500
ICB3RDNRB,16-09-12,5,5.2,5,5.1,142500
ICB3RDNRB,17-09-12,5.3,5.6,5.2,5.5,906000
ICB3RDNRB,18-09-12,5.8,6,5.8,6,1010000
ICB3RDNRB,19-09-12,6.6,6.6,6.4,6.6,911000
ICB3RDNRB,20-09-12,7,7.2,6.6,7.2,1487500
ICB3RDNRB,23-09-12,7.9,7.9,7.6,7.9,1970500
ICB3RDNRB,24-09-12,8.6,8.6,7.3,7.8,2182000
ICB3RDNRB,25-09-12,8,8.4,7.3,8.2,2178500
ICB3RDNRB,26-09-12,8.2,9,8.2,8.5,2200500
ICB3RDNRB,27-09-12,8.5,9.2,8.5,9,2304000
ICB3RDNRB,30-09-12,9.1,9.3,8.3,8.3,2415500
ICB3RDNRB,10-01-12,8.2,9.1,7.9,9,2414000
ICB3RDNRB,10-01-12,8.2,9.1,7.9,9,2414000
ICB3RDNRB,10-02-12,9.4,9.9,9.4,9.9,5949000
ICB3RDNRB,10-03-12,10.8,10.8,9.9,10,7523500
ICB3RDNRB,10-04-12,10,10.8,9.1,10,2629500
ICB3RDNRB,10-07-12,10.2,10.4,9,9,2297500
ICB3RDNRB,10-08-12,9,9,8.1,8.2,1850000
ICB3RDNRB,10-09-12,8.5,9,8.4,8.9,1360000
ICB3RDNRB,10-10-12,8.9,9.3,8.2,8.3,847500
ICB3RDNRB,10-11-12,8.4,8.6,8,8.2,944500
ICB3RDNRB,14-10-12,8.5,8.6,7.7,7.8,773000
ICB3RDNRB,15-10-12,7.7,8.5,7.6,8.4,1017500
ICB3RDNRB,16-10-12,8.7,9,8.2,8.3,714000
ICB3RDNRB,17-10-12,8.3,8.5,8.1,8.3,443000
ICB3RDNRB,18-10-12,8.3,8.6,8.2,8.2,568500
ICB3RDNRB,21-10-12,8.4,8.4,8,8.1,335500
ICB3RDNRB,22-10-12,8.2,8.3,7.9,8,516000
ICB3RDNRB,23-10-12,8.3,8.3,7.9,8,637500
ICB3RDNRB,30-10-12,8,8.1,7.9,7.9,168500
ICB3RDNRB,31-10-12,8,8.3,7.9,7.9,512500
ICB3RDNRB,11-01-12,8.1,8.2,7.8,7.8,408500
ICB3RDNRB,11-04-12,8.1,8.1,7.6,7.6,368000
ICB3RDNRB,11-05-12,7.7,7.8,7.5,7.6,291000
ICB3RDNRB,11-06-12,7.8,8.1,7.7,8,816500
ICB3RDNRB,11-07-12,8.2,8.2,8,8,783000
ICB3RDNRB,11-08-12,7.8,8,7.7,7.7,411000
ICB3RDNRB,11-11-12,7.8,7.8,7.1,7.2,538500
ICB3RDNRB,11-12-12,7.2,7.4,6.6,6.8,592000
ICB3RDNRB,13-11-12,6.9,7.3,6.8,7.1,555500
ICB3RDNRB,14-11-12,7.2,7.4,6.9,7,199500
ICB3RDNRB,15-11-12,7.1,7.7,7,7.6,883500
ICB3RDNRB,18-11-12,7.8,8.1,7.7,7.7,455000
ICB3RDNRB,19-11-12,7.6,7.8,7.4,7.4,494500
ICB3RDNRB,20-11-12,7.4,7.7,7.2,7.2,523000
ICB3RDNRB,21-11-12,7.6,7.6,7,7.1,465000
ICB3RDNRB,22-11-12,7.4,7.5,7.3,7.4,258000
ICB3RDNRB,26-11-12,7.4,7.4,7.2,7.2,154500
ICB3RDNRB,27-11-12,7.1,7.3,7,7.1,285500
ICB3RDNRB,28-11-12,7.2,7.4,7.1,7.1,216000
ICB3RDNRB,29-11-12,7.4,7.8,7.3,7.7,314500
ICB3RDNRB,12-02-12,7.7,7.7,7.2,7.2,243500
ICB3RDNRB,12-03-12,7.4,7.4,7.1,7.1,178000
ICB3RDNRB,12-04-12,7.1,7.3,7.1,7.2,169000
ICB3RDNRB,12-05-12,7.2,7.3,7.1,7.1,250500
ICB3RDNRB,12-06-12,7.1,7.2,7,7.1,227500
ICB3RDNRB,12-09-12,7,7.1,6.8,6.8,217500
ICB3RDNRB,12-10-12,7,7,6.8,6.8,251000
ICB3RDNRB,12-11-12,6.6,7.4,6.6,7.3,395500
ICB3RDNRB,12-12-12,7.2,7.5,6.9,7,300500
ICB3RDNRB,13-12-12,7,7.2,7,7.1,100500
ICB3RDNRB,17-12-12,7.2,7.3,7,7.1,198000
ICB3RDNRB,18-12-12,7.2,7.2,7,7,152000
ICB3RDNRB,19-12-12,7.2,7.2,7,7,232500
ICB3RDNRB,20-12-12,7.2,7.2,6.9,6.9,268000
ICB3RDNRB,23-12-12,7,7,6.9,6.9,182500
ICB3RDNRB,24-12-12,6.9,7.2,6.9,7,109000
ICB3RDNRB,26-12-12,7,7.1,6.9,6.9,317500
ICB3RDNRB,27-12-12,6.9,7.1,6.9,7,328500
ICB3RDNRB,30-12-12,7,7.2,6.9,6.9,132000
ICBEPMF1S1,01-01-12,8.6,8.8,8.6,8.7,69000
ICBEPMF1S1,01-02-12,8.7,8.9,8.7,8.8,117000
ICBEPMF1S1,01-03-12,8.8,9,8.8,8.8,78000
ICBEPMF1S1,01-04-12,8.8,9.2,8.8,9.1,220000
ICBEPMF1S1,01-05-12,9.2,9.3,8.9,8.9,79000
ICBEPMF1S1,01-08-12,8.9,9,8.8,8.8,72000
ICBEPMF1S1,01-09-12,8.8,8.8,8.5,8.5,72000
ICBEPMF1S1,01-10-12,8.6,8.6,8.4,8.5,89500
ICBEPMF1S1,01-11-12,8.5,8.7,8.5,8.6,33000
ICBEPMF1S1,01-12-12,8.6,8.6,8.4,8.4,73000
ICBEPMF1S1,15-01-12,8.4,8.5,8.2,8.3,87500
ICBEPMF1S1,16-01-12,8.4,8.4,8.1,8.1,45500
ICBEPMF1S1,18-01-12,8.1,8.3,8,8.1,29000
ICBEPMF1S1,19-01-12,8.3,8.6,8.2,8.2,112000
ICBEPMF1S1,22-01-12,8.3,8.3,7.9,7.9,88000
ICBEPMF1S1,23-01-12,7.8,8.1,7.8,7.9,48000
ICBEPMF1S1,24-01-12,7.9,8,7.8,7.8,62000
ICBEPMF1S1,25-01-12,7.7,8.1,7.6,7.8,74000
ICBEPMF1S1,26-01-12,7.9,8.2,7.7,7.9,59500
ICBEPMF1S1,29-01-12,7.7,7.8,7.4,7.4,86000
ICBEPMF1S1,30-01-12,7.4,7.6,7.2,7.4,44500
ICBEPMF1S1,31-01-12,7.6,7.6,7.1,7.2,36500
ICBEPMF1S1,02-01-12,7.1,7.2,6.9,6.9,70500
ICBEPMF1S1,02-02-12,6.9,7,6.8,6.9,30500
ICBEPMF1S1,02-06-12,6.6,6.6,6.3,6.4,86500
ICBEPMF1S1,02-07-12,6.8,7,6.5,6.9,72500
ICBEPMF1S1,02-08-12,7,7,6.7,6.7,30500
ICBEPMF1S1,02-09-12,6.7,7,6.6,6.9,38500
ICBEPMF1S1,02-12-12,7,7.3,6.8,7.2,180500
ICBEPMF1S1,13-02-12,7.2,7.4,7.1,7.1,63000
ICBEPMF1S1,14-02-12,6.9,7,6.9,6.9,41000
ICBEPMF1S1,15-02-12,7,7.2,7,7,26500
ICBEPMF1S1,16-02-12,7,7.2,7,7,78500
ICBEPMF1S1,19-02-12,7.2,7.2,7,7,10500
ICBEPMF1S1,20-02-12,7.1,7.1,6.9,6.9,59000
ICBEPMF1S1,22-02-12,7,7.1,6.9,7,38500
ICBEPMF1S1,23-02-12,7.1,7.3,7,7.2,183000
ICBEPMF1S1,26-02-12,7.4,7.9,7.4,7.8,199000
ICBEPMF1S1,27-02-12,7.7,7.8,7.4,7.5,140000
ICBEPMF1S1,28-02-12,7.6,7.8,7.5,7.5,133500
ICBEPMF1S1,29-02-12,7.7,8,7.6,7.7,144500
ICBEPMF1S1,03-01-12,7.8,7.8,7.4,7.4,68500
ICBEPMF1S1,03-04-12,7.5,7.5,7.2,7.3,76500
ICBEPMF1S1,03-05-12,7.5,7.5,6.7,6.8,141000
ICBEPMF1S1,03-06-12,7.1,7.2,7,7.1,40000
ICBEPMF1S1,03-07-12,7,7.1,6.9,6.9,45000
ICBEPMF1S1,03-08-12,7,7.2,7,7,36500
ICBEPMF1S1,03-11-12,7,7.1,7,7,18500
ICBEPMF1S1,03-12-12,7,7.2,7,7.1,41000
ICBEPMF1S1,13-03-12,7.3,7.4,7.1,7.2,73500
ICBEPMF1S1,14-03-12,7.2,7.3,7.2,7.2,16000
ICBEPMF1S1,15-03-12,7.3,7.5,7.3,7.3,45000
ICBEPMF1S1,18-03-12,7.3,7.6,7.3,7.4,107500
ICBEPMF1S1,19-03-12,7.5,7.5,7.3,7.3,52500
ICBEPMF1S1,20-03-12,7.5,7.6,7.4,7.4,84000
ICBEPMF1S1,21-03-12,7.6,7.6,7.4,7.4,51500
ICBEPMF1S1,22-03-12,7.5,7.5,7.3,7.4,47000
ICBEPMF1S1,25-03-12,7.4,7.7,7.4,7.6,84000
ICBEPMF1S1,27-03-12,7.5,7.7,7.4,7.6,105500
ICBEPMF1S1,28-03-12,7.8,8,7.7,7.9,252000
ICBEPMF1S1,29-03-12,7.9,8.5,7.9,8.1,484500
ICBEPMF1S1,04-01-12,8.4,8.8,8.1,8.5,205500
ICBEPMF1S1,04-02-12,8.8,9.1,8.6,8.6,295000
ICBEPMF1S1,04-03-12,8.7,9.1,8.6,8.6,323000
ICBEPMF1S1,04-04-12,8.6,8.7,8.5,8.5,120500
ICBEPMF1S1,04-05-12,8.5,8.8,8.4,8.7,187500
ICBEPMF1S1,04-08-12,9,9.1,8.5,8.5,115000
ICBEPMF1S1,04-09-12,8.5,8.9,8.5,8.8,124000
ICBEPMF1S1,04-10-12,8.7,8.9,8.5,8.7,124000
ICBEPMF1S1,04-11-12,8.7,8.8,8.5,8.5,168500
ICBEPMF1S1,04-12-12,8.5,8.8,8.2,8.5,179500
ICBEPMF1S1,15-04-12,8.6,8.8,8.2,8.2,468500
ICBEPMF1S1,16-04-12,8.7,8.7,8.2,8.3,294500
ICBEPMF1S1,17-04-12,8.3,8.5,8.2,8.3,92500
ICBEPMF1S1,18-04-12,8.3,8.6,8.3,8.5,84000
ICBEPMF1S1,19-04-12,8.3,8.5,8.3,8.3,66500
ICBEPMF1S1,22-04-12,8.3,8.5,8.2,8.3,200500
ICBEPMF1S1,23-04-12,8.2,8.4,8.1,8.1,213000
ICBEPMF1S1,24-04-12,8.2,8.3,8.2,8.2,93000
ICBEPMF1S1,25-04-12,8.2,8.3,8,8,124500
ICBEPMF1S1,26-04-12,8,8.1,8,8,118500
ICBEPMF1S1,29-04-12,7.5,8.1,7.5,7.9,63000
ICBEPMF1S1,30-04-12,8.1,8.1,7.9,8,48500
ICBEPMF1S1,05-02-12,8.1,8.2,7.9,8,22500
ICBEPMF1S1,05-03-12,7.6,8,7.6,7.9,47500
ICBEPMF1S1,05-07-12,7.6,8.2,7.5,8,57000
ICBEPMF1S1,05-08-12,8.2,8.2,8,8,98500
ICBEPMF1S1,05-09-12,7.9,8,7.7,7.8,86000
ICBEPMF1S1,05-10-12,7.5,8.1,7.5,8,44000
ICBEPMF1S1,13-05-12,8,8.1,7.9,7.9,48500
ICBEPMF1S1,14-05-12,8.1,8.2,7.9,8,72500
ICBEPMF1S1,15-05-12,8,8.1,8,8,57000
ICBEPMF1S1,16-05-12,8,8.1,8,8,70000
ICBEPMF1S1,17-05-12,8.2,8.2,7.9,8.1,101000
ICBEPMF1S1,20-05-12,8.1,8.1,7.9,7.9,52500
ICBEPMF1S1,21-05-12,7.9,8.2,7.9,7.9,69000
ICBEPMF1S1,22-05-12,8,8.1,7.8,7.8,148000
ICBEPMF1S1,23-05-12,7.9,7.9,7.7,7.7,71000
ICBEPMF1S1,24-05-12,7.7,7.9,7.7,7.7,60000
ICBEPMF1S1,27-05-12,7.7,7.8,7.7,7.7,28000
ICBEPMF1S1,28-05-12,7.8,7.8,7.6,7.6,52000
ICBEPMF1S1,29-05-12,7.5,7.8,7.5,7.6,31500
ICBEPMF1S1,30-05-12,7.7,7.8,7.6,7.6,14000
ICBEPMF1S1,31-05-12,7.6,7.8,7.6,7.7,8500
ICBEPMF1S1,06-03-12,7.8,8,7.7,7.9,47500
ICBEPMF1S1,06-04-12,8,8,7.7,7.7,63000
ICBEPMF1S1,06-05-12,7.7,7.8,7.7,7.7,48000
ICBEPMF1S1,06-06-12,7.8,7.9,7.7,7.7,18500
ICBEPMF1S1,06-07-12,7.8,7.9,7.8,7.8,6000
ICBEPMF1S1,06-10-12,7.7,7.7,7.7,7.7,17500
ICBEPMF1S1,06-11-12,7.8,7.8,7.5,7.5,69500
ICBEPMF1S1,06-12-12,7.6,7.7,7.5,7.6,42500
ICBEPMF1S1,13-06-12,7.7,7.8,7.6,7.6,80500
ICBEPMF1S1,14-06-12,7.6,7.9,7.6,7.6,47000
ICBEPMF1S1,17-06-12,7.6,7.8,7.6,7.7,46000
ICBEPMF1S1,18-06-12,7.3,7.8,7.3,7.4,13000
ICBEPMF1S1,19-06-12,7.6,7.8,7.5,7.5,70500
ICBEPMF1S1,20-06-12,7.5,7.5,7.4,7.4,66500
ICBEPMF1S1,21-06-12,7.6,7.7,7.3,7.5,37500
ICBEPMF1S1,24-06-12,7.6,7.7,7.6,7.6,16500
ICBEPMF1S1,25-06-12,7.5,7.6,7.3,7.4,44000
ICBEPMF1S1,26-06-12,7.3,7.8,7.3,7.6,47500
ICBEPMF1S1,27-06-12,7.6,8.1,7.5,8,65000
ICBEPMF1S1,28-06-12,8,8.1,7.8,7.9,77500
ICBEPMF1S1,07-02-12,7.8,7.9,7.7,7.7,15000
ICBEPMF1S1,07-03-12,7.6,7.8,7.6,7.7,22000
ICBEPMF1S1,07-04-12,7.7,7.7,7.6,7.6,10000
ICBEPMF1S1,07-05-12,7.7,7.8,7.6,7.6,35000
ICBEPMF1S1,07-08-12,7.7,7.8,7.6,7.6,59000
ICBEPMF1S1,07-09-12,7.5,7.7,7.4,7.5,35000
ICBEPMF1S1,07-10-12,7.5,7.5,7.4,7.4,56500
ICBEPMF1S1,07-11-12,7.4,7.5,7.1,7.3,47000
ICBEPMF1S1,07-12-12,7.9,7.9,7.3,7.3,31500
ICBEPMF1S1,15-07-12,7.3,7.3,7.1,7.2,29500
ICBEPMF1S1,16-07-12,7,7.4,7,7.2,27500
ICBEPMF1S1,17-07-12,7,7.2,7,7.1,102000
ICBEPMF1S1,18-07-12,7.4,7.5,7.2,7.3,33000
ICBEPMF1S1,19-07-12,7.1,7.5,7.1,7.4,173000
ICBEPMF1S1,22-07-12,7.3,7.4,7.1,7.1,129000
ICBEPMF1S1,23-07-12,7.1,7.2,7.1,7.1,20000
ICBEPMF1S1,24-07-12,7.2,7.4,7.1,7.3,64000
ICBEPMF1S1,25-07-12,7.4,7.6,7.2,7.4,141000
ICBEPMF1S1,26-07-12,7.9,7.9,7.5,7.7,193500
ICBEPMF1S1,29-07-12,7.5,7.6,7.3,7.3,99000
ICBEPMF1S1,30-07-12,7.7,7.8,7.5,7.6,76000
ICBEPMF1S1,08-01-12,7,7.1,6.7,6.8,81500
ICBEPMF1S1,08-02-12,6.9,7.1,6.9,7,53000
ICBEPMF1S1,08-05-12,7.1,7.2,6.9,7,85000
ICBEPMF1S1,08-06-12,7,7,6.8,6.8,45000
ICBEPMF1S1,08-07-12,6.6,6.9,6.5,6.8,501500
ICBEPMF1S1,08-08-12,6.7,6.8,6.7,6.7,198000
ICBEPMF1S1,13-08-12,6.5,6.5,6.3,6.3,57500
ICBEPMF1S1,14-08-12,6.2,6.3,6.1,6.2,56500
ICBEPMF1S1,26-08-12,6,6.3,6,6.2,98500
ICBEPMF1S1,27-08-12,6.4,6.4,6.1,6.1,70500
ICBEPMF1S1,28-08-12,6.1,6.3,6.1,6.1,42500
ICBEPMF1S1,29-08-12,6.1,6.2,6.1,6.1,181000
ICBEPMF1S1,30-08-12,6.2,6.3,6.1,6.2,116500
ICBEPMF1S1,09-02-12,6.3,6.3,6.1,6.1,65500
ICBEPMF1S1,09-03-12,6.1,6.1,6,6,157500
ICBEPMF1S1,09-04-12,6.1,6.1,6,6,183000
ICBEPMF1S1,09-05-12,6,6.1,6,6,82000
ICBEPMF1S1,09-06-12,6.1,6.1,5.9,5.9,48000
ICBEPMF1S1,09-09-12,5.8,5.9,5.6,5.6,180500
ICBEPMF1S1,09-10-12,5.6,6,5.6,5.9,174000
ICBEPMF1S1,09-11-12,5.9,6,5.8,5.8,126000
ICBEPMF1S1,09-12-12,5.8,6,5.8,5.9,77000
ICBEPMF1S1,13-09-12,5.9,6.1,5.8,5.9,207000
ICBEPMF1S1,16-09-12,6,6.2,6,6,139000
ICBEPMF1S1,17-09-12,6.1,6.6,6.1,6.5,574500
ICBEPMF1S1,18-09-12,6.8,7,6.5,6.9,460000
ICBEPMF1S1,19-09-12,7.1,7.5,7,7.4,553000
ICBEPMF1S1,20-09-12,7.4,8.1,7.1,8.1,592000
ICBEPMF1S1,23-09-12,8.9,8.9,8.5,8.8,813000
ICBEPMF1S1,24-09-12,9.1,9.1,8,8,861000
ICBEPMF1S1,25-09-12,8.7,8.8,7.6,8.8,408000
ICBEPMF1S1,26-09-12,9.3,9.6,8.6,8.8,1319500
ICBEPMF1S1,27-09-12,8.8,9.6,8.8,9.4,773000
ICBEPMF1S1,30-09-12,9.3,10.3,9.3,9.7,1455500
ICBEPMF1S1,10-01-12,9.5,10.3,9,10.2,985000
ICBEPMF1S1,10-01-12,9.5,10.3,9,10.2,985000
ICBEPMF1S1,10-02-12,11,11.2,10.8,11.2,1391500
ICBEPMF1S1,10-03-12,12.3,12.3,11.4,11.9,3439000
ICBEPMF1S1,10-04-12,11.4,13,11.1,12.9,2934500
ICBEPMF1S1,10-07-12,13,13.5,11.7,11.7,1787000
ICBEPMF1S1,10-08-12,11,12.5,10.6,11.2,661500
ICBEPMF1S1,10-09-12,11.9,12.3,11.5,12.1,1776000
ICBEPMF1S1,10-10-12,12.4,12.4,11,11.1,632500
ICBEPMF1S1,10-11-12,11.6,11.6,10.5,10.7,387500
ICBEPMF1S1,14-10-12,11.5,11.5,10.2,10.3,516500
ICBEPMF1S1,15-10-12,10.5,11.3,9.7,11.2,952000
ICBEPMF1S1,16-10-12,11.1,11.8,10.7,10.8,647500
ICBEPMF1S1,17-10-12,11,11.2,10.5,10.7,416000
ICBEPMF1S1,18-10-12,10.9,11.1,10.8,10.8,601500
ICBEPMF1S1,21-10-12,10.7,10.9,10.4,10.4,288500
ICBEPMF1S1,22-10-12,10.4,10.5,10,10.1,370000
ICBEPMF1S1,23-10-12,10.3,10.8,10.3,10.4,354500
ICBEPMF1S1,30-10-12,10.7,10.7,10.3,10.5,278500
ICBEPMF1S1,31-10-12,10.4,11,10.4,10.7,343500
ICBEPMF1S1,11-01-12,10.7,11,10.5,10.5,266500
ICBEPMF1S1,11-04-12,10.7,10.7,10.2,10.2,183000
ICBEPMF1S1,11-05-12,10.4,10.4,9.9,10.1,280000
ICBEPMF1S1,11-06-12,10.4,10.7,10.2,10.6,547500
ICBEPMF1S1,11-07-12,11,11,10.5,10.6,729000
ICBEPMF1S1,11-08-12,10.6,10.7,10.2,10.2,261000
ICBEPMF1S1,11-11-12,10.5,10.5,9.6,9.6,488500
ICBEPMF1S1,11-12-12,9.8,10,9,9.1,240000
ICBEPMF1S1,13-11-12,9.7,9.7,8.9,9.2,230000
ICBEPMF1S1,14-11-12,9.5,9.5,9.1,9.2,189000
ICBEPMF1S1,15-11-12,9.4,10.1,9.2,10,709500
ICBEPMF1S1,18-11-12,10.5,10.6,9.6,9.8,464500
ICBEPMF1S1,19-11-12,9.7,10.1,9.5,9.5,329000
ICBEPMF1S1,20-11-12,9.7,9.8,9.2,9.2,375500
ICBEPMF1S1,21-11-12,9.5,9.5,9.2,9.3,218000
ICBEPMF1S1,22-11-12,9.6,9.8,9.4,9.5,165000
ICBEPMF1S1,26-11-12,9.5,9.5,9.1,9.1,141000
ICBEPMF1S1,27-11-12,9.3,9.3,9.1,9.1,181000
ICBEPMF1S1,28-11-12,9.2,9.3,8.9,8.9,205500
ICBEPMF1S1,29-11-12,9.3,9.6,9.3,9.4,231500
ICBEPMF1S1,12-02-12,9.6,9.6,9.1,9.1,107000
ICBEPMF1S1,12-03-12,9.2,9.2,8.9,8.9,120500
ICBEPMF1S1,12-04-12,9,9.1,8.9,8.9,106000
ICBEPMF1S1,12-05-12,9,9.1,8.9,8.9,234500
ICBEPMF1S1,12-06-12,8.8,9,8.8,8.8,223500
ICBEPMF1S1,12-09-12,8.8,8.8,8.3,8.4,69000
ICBEPMF1S1,12-10-12,8.3,8.4,7.8,7.8,170000
ICBEPMF1S1,12-11-12,7.9,8.5,7.9,8.5,307000
ICBEPMF1S1,12-12-12,8,9.1,8,8.4,254500
ICBEPMF1S1,13-12-12,8.4,8.8,8.4,8.5,207500
ICBEPMF1S1,17-12-12,8.4,8.7,8.4,8.4,207500
ICBEPMF1S1,18-12-12,8.5,8.6,8.4,8.4,80500
ICBEPMF1S1,19-12-12,8.4,8.5,8.3,8.3,157000
ICBEPMF1S1,20-12-12,8.2,8.3,8.1,8.1,197500
ICBEPMF1S1,23-12-12,8.1,8.2,7.9,7.9,171000
ICBEPMF1S1,24-12-12,8,8.3,7.9,8.1,158500
ICBEPMF1S1,26-12-12,8.2,8.3,8,8,124500
ICBEPMF1S1,27-12-12,7.9,8.4,7.9,8.2,162500
ICBEPMF1S1,30-12-12,8.3,8.4,8.1,8.1,170000
IFILISLMF1,01-01-12,6.5,6.6,6.5,6.5,158000
IFILISLMF1,01-02-12,6.5,6.6,6.5,6.5,369500
IFILISLMF1,01-03-12,6.6,6.6,6.4,6.5,227000
IFILISLMF1,01-04-12,6.6,6.9,6.6,6.8,585000
IFILISLMF1,01-05-12,6.9,6.9,6.6,6.6,319000
IFILISLMF1,01-08-12,6.6,6.7,6.5,6.5,176500
IFILISLMF1,01-09-12,6.4,6.6,6.3,6.3,202500
IFILISLMF1,01-10-12,6.3,6.4,6.3,6.3,57000
IFILISLMF1,01-11-12,6.3,6.5,6.2,6.3,106500
IFILISLMF1,01-12-12,6.3,6.3,6.2,6.2,141000
IFILISLMF1,15-01-12,6.3,6.3,6.2,6.2,124500
IFILISLMF1,16-01-12,6.2,6.2,6.1,6.1,215500
IFILISLMF1,18-01-12,6,6.1,5.9,5.9,163000
IFILISLMF1,19-01-12,6.2,6.2,5.9,6.2,148000
IFILISLMF1,22-01-12,6.2,6.2,5.9,5.9,158500
IFILISLMF1,23-01-12,6,6,5.8,5.8,200500
IFILISLMF1,24-01-12,6,6,5.7,5.7,125500
IFILISLMF1,25-01-12,5.7,5.9,5.7,5.8,54500
IFILISLMF1,26-01-12,5.8,5.9,5.7,5.7,23500
IFILISLMF1,29-01-12,5.5,5.6,5.4,5.4,169500
IFILISLMF1,30-01-12,5.4,5.6,5.2,5.4,126000
IFILISLMF1,31-01-12,5.4,5.5,5.1,5.2,177500
IFILISLMF1,02-01-12,5,5.2,5,5,68000
IFILISLMF1,02-02-12,5,5.1,5,5,74000
IFILISLMF1,02-06-12,4.9,5,4.5,4.5,166000
IFILISLMF1,02-07-12,4.7,4.9,4.7,4.9,234500
IFILISLMF1,02-08-12,4.9,5,4.8,4.8,93000
IFILISLMF1,02-09-12,4.7,5,4.7,4.9,71000
IFILISLMF1,02-12-12,4.9,5.1,4.9,5,404000
IFILISLMF1,13-02-12,5,5.2,5,5,563000
IFILISLMF1,14-02-12,5,5.1,4.8,4.9,76000
IFILISLMF1,15-02-12,5,5.1,4.9,4.9,87500
IFILISLMF1,16-02-12,5,5,4.9,4.9,202500
IFILISLMF1,19-02-12,4.8,5.1,4.8,4.9,92500
IFILISLMF1,20-02-12,5,5,4.9,4.9,145500
IFILISLMF1,22-02-12,5,5.1,4.9,5,195500
IFILISLMF1,23-02-12,5.1,5.1,4.9,5,547000
IFILISLMF1,26-02-12,5.2,5.2,5,5,853000
IFILISLMF1,27-02-12,5.1,5.1,4.9,5,816000
IFILISLMF1,28-02-12,5.1,5.3,5.1,5.2,439500
IFILISLMF1,29-02-12,5.1,5.3,5.1,5.1,429000
IFILISLMF1,03-01-12,5.2,5.2,5,5.1,566000
IFILISLMF1,03-04-12,5,5.2,5,5,469500
IFILISLMF1,03-05-12,5.2,5.2,4.9,4.9,392000
IFILISLMF1,03-06-12,5.1,5.1,4.9,5,289000
IFILISLMF1,03-07-12,5.1,5.2,4.9,5,385000
IFILISLMF1,03-08-12,5,5.1,4.9,4.9,225500
IFILISLMF1,03-11-12,5,5,4.9,4.9,39500
IFILISLMF1,03-12-12,5,5.1,4.9,5,80000
IFILISLMF1,13-03-12,5,5.2,5,5.1,435000
IFILISLMF1,14-03-12,5.2,5.2,5,5,300500
IFILISLMF1,15-03-12,5.1,5.2,5,5,416500
IFILISLMF1,18-03-12,5.1,5.4,5.1,5.1,1253500
IFILISLMF1,19-03-12,5.1,5.2,5,5.1,429000
IFILISLMF1,20-03-12,5.1,5.3,5.1,5.2,378500
IFILISLMF1,21-03-12,5.2,5.3,5.1,5.1,166500
IFILISLMF1,22-03-12,5.1,5.2,5.1,5.1,40000
IFILISLMF1,25-03-12,5.2,5.3,5.1,5.2,255000
IFILISLMF1,27-03-12,5.2,5.4,5.2,5.2,405500
IFILISLMF1,28-03-12,5.3,5.6,5.3,5.5,1229000
IFILISLMF1,29-03-12,5.6,6,5.6,5.9,2348000
IFILISLMF1,04-01-12,6,6.4,6,6.4,1163000
IFILISLMF1,04-02-12,6.6,6.7,6.4,6.5,1174000
IFILISLMF1,04-03-12,6.5,6.5,6.1,6.1,879000
IFILISLMF1,04-04-12,6.2,6.2,5.8,5.8,552000
IFILISLMF1,04-05-12,5.9,6.2,5.8,6,252500
IFILISLMF1,04-08-12,6.1,6.2,5.8,5.9,372500
IFILISLMF1,04-09-12,5.9,6,5.8,5.8,85500
IFILISLMF1,04-10-12,5.8,6.1,5.8,5.9,364500
IFILISLMF1,04-11-12,6.1,6.4,5.8,6.2,1260000
IFILISLMF1,04-12-12,6.2,6.2,6,6.1,175000
IFILISLMF1,15-04-12,6.2,6.3,6.1,6.1,244500
IFILISLMF1,16-04-12,6.3,6.3,6.1,6.1,422500
IFILISLMF1,17-04-12,6.1,6.3,6,6.1,1010500
IFILISLMF1,18-04-12,6.2,6.3,6.1,6.2,973500
IFILISLMF1,19-04-12,6.1,6.3,5.9,6,1009000
IFILISLMF1,22-04-12,6,6.2,5.9,6,175000
IFILISLMF1,23-04-12,6.1,6.1,6,6,113500
IFILISLMF1,24-04-12,5.9,6,5.9,5.9,139500
IFILISLMF1,25-04-12,5.9,6,5.8,5.8,125000
IFILISLMF1,26-04-12,5.9,6,5.7,5.8,202000
IFILISLMF1,29-04-12,5.8,5.8,5.7,5.7,106000
IFILISLMF1,30-04-12,5.7,5.9,5.7,5.7,105000
IFILISLMF1,05-02-12,5.9,5.9,5.8,5.8,63500
IFILISLMF1,05-03-12,5.8,5.8,5.8,5.8,106000
IFILISLMF1,05-07-12,5.7,5.9,5.6,5.6,203500
IFILISLMF1,05-08-12,5.6,5.7,5.6,5.6,84500
IFILISLMF1,05-09-12,5.6,5.6,5.4,5.4,307000
IFILISLMF1,05-10-12,5.5,5.7,5.4,5.6,278000
IFILISLMF1,13-05-12,5.6,5.6,5.6,5.6,77500
IFILISLMF1,14-05-12,5.5,5.6,5.4,5.5,86000
IFILISLMF1,15-05-12,5.4,5.6,5.4,5.4,43000
IFILISLMF1,16-05-12,5.5,5.5,5.4,5.4,56000
IFILISLMF1,17-05-12,5.4,5.5,5.3,5.3,130000
IFILISLMF1,20-05-12,5.5,5.5,5.3,5.3,108500
IFILISLMF1,21-05-12,5.4,5.5,5.3,5.4,371000
IFILISLMF1,22-05-12,5.4,5.4,5.3,5.3,110500
IFILISLMF1,23-05-12,5.3,5.3,5.2,5.2,107000
IFILISLMF1,24-05-12,5.2,5.3,5.1,5.1,60000
IFILISLMF1,27-05-12,5.2,5.2,5.1,5.1,95000
IFILISLMF1,28-05-12,5.1,5.2,5,5,125000
IFILISLMF1,29-05-12,5,5.1,4.8,5,176000
IFILISLMF1,30-05-12,4.9,5.1,4.9,5,35000
IFILISLMF1,31-05-12,5.1,5.2,5,5,102500
IFILISLMF1,06-03-12,5,5.2,5,5.1,37500
IFILISLMF1,06-04-12,5.2,5.2,5,5,183000
IFILISLMF1,06-05-12,5.1,5.1,5,5,120500
IFILISLMF1,06-06-12,5,5.2,5,5,153500
IFILISLMF1,06-07-12,5,5.1,5,5,123500
IFILISLMF1,06-10-12,5,5.1,5,5,168000
IFILISLMF1,06-11-12,5,5,4.9,4.9,115500
IFILISLMF1,06-12-12,4.8,5,4.8,4.9,51500
IFILISLMF1,13-06-12,4.5,5,4.5,4.9,45500
IFILISLMF1,14-06-12,4.9,5,4.9,4.9,127500
IFILISLMF1,17-06-12,4.9,5,4.8,4.9,99000
IFILISLMF1,18-06-12,4.8,5,4.8,4.8,58500
IFILISLMF1,19-06-12,4.9,5,4.7,4.7,231000
IFILISLMF1,20-06-12,4.8,4.8,4.7,4.7,73500
IFILISLMF1,21-06-12,4.7,4.8,4.6,4.7,332000
IFILISLMF1,24-06-12,4.9,5,4.7,4.7,162000
IFILISLMF1,25-06-12,4.7,4.7,4.6,4.6,61500
IFILISLMF1,26-06-12,4.7,4.8,4.6,4.7,94500
IFILISLMF1,27-06-12,4.8,4.9,4.7,4.8,343500
IFILISLMF1,28-06-12,4.9,4.9,4.7,4.7,251500
IFILISLMF1,07-02-12,4.7,4.8,4.7,4.7,239000
IFILISLMF1,07-03-12,4.7,4.8,4.7,4.7,94000
IFILISLMF1,07-04-12,4.7,4.8,4.7,4.7,99500
IFILISLMF1,07-05-12,4.7,4.8,4.7,4.7,118000
IFILISLMF1,07-08-12,4.7,4.8,4.6,4.7,189500
IFILISLMF1,07-09-12,4.6,4.7,4.5,4.5,273500
IFILISLMF1,07-10-12,4.5,4.6,4.4,4.4,224000
IFILISLMF1,07-11-12,4.4,4.6,4.4,4.5,325000
IFILISLMF1,07-12-12,4.6,4.6,4.4,4.4,290000
IFILISLMF1,15-07-12,4.5,4.5,4.3,4.3,126500
IFILISLMF1,16-07-12,4.3,4.4,4.2,4.2,252000
IFILISLMF1,17-07-12,4.3,4.4,4.2,4.3,158000
IFILISLMF1,18-07-12,4.4,4.5,4.3,4.4,160500
IFILISLMF1,19-07-12,4.4,4.6,4.4,4.4,201000
IFILISLMF1,22-07-12,4.4,4.4,4.3,4.3,33000
IFILISLMF1,23-07-12,4.3,4.4,4.3,4.3,157000
IFILISLMF1,24-07-12,4.4,4.5,4.4,4.4,175000
IFILISLMF1,25-07-12,4.5,4.5,4.4,4.4,85500
IFILISLMF1,26-07-12,4.3,4.5,4.3,4.4,186500
IFILISLMF1,29-07-12,4.4,4.5,4.3,4.3,457500
IFILISLMF1,30-07-12,4.4,4.5,4.3,4.4,59500
IFILISLMF1,08-01-12,4.3,4.4,4.2,4.3,907500
IFILISLMF1,08-02-12,4.3,4.6,4.3,4.4,800500
IFILISLMF1,08-05-12,4.4,4.5,4.3,4.4,128500
IFILISLMF1,08-06-12,4.5,4.5,4.4,4.4,354500
IFILISLMF1,08-07-12,4.4,4.5,4.4,4.4,107000
IFILISLMF1,08-08-12,4.4,4.5,4.4,4.4,189000
IFILISLMF1,08-12-12,4.5,4.5,4.3,4.4,59000
IFILISLMF1,13-08-12,4.3,4.5,4.3,4.3,170500
IFILISLMF1,14-08-12,4.3,4.4,4.3,4.3,72000
IFILISLMF1,26-08-12,4.3,4.3,4.1,4.1,555000
IFILISLMF1,27-08-12,4.2,4.3,4.2,4.2,140000
IFILISLMF1,28-08-12,4.2,4.3,4.1,4.1,134000
IFILISLMF1,29-08-12,4.3,4.4,4.2,4.3,264500
IFILISLMF1,30-08-12,4.4,4.5,4.3,4.4,306000
IFILISLMF1,09-02-12,4.3,4.4,4.2,4.2,123500
IFILISLMF1,09-03-12,4.4,4.4,4.2,4.2,119000
IFILISLMF1,09-04-12,4.3,4.3,4.2,4.2,197500
IFILISLMF1,09-05-12,4.3,4.3,4.1,4.1,218500
IFILISLMF1,09-06-12,4.2,4.3,4.1,4.2,203000
IFILISLMF1,09-09-12,4.2,4.3,4.2,4.2,47000
IFILISLMF1,09-10-12,4.2,4.3,4.1,4.1,394500
IFILISLMF1,09-11-12,4.2,4.3,4.2,4.2,380500
IFILISLMF1,09-12-12,4.2,4.4,4.2,4.3,499500
IFILISLMF1,13-09-12,4.3,4.4,4.2,4.2,396000
IFILISLMF1,16-09-12,4.3,4.5,4.3,4.4,333500
IFILISLMF1,17-09-12,4.4,4.8,4.3,4.6,947500
IFILISLMF1,18-09-12,4.7,5,4.6,5,538000
IFILISLMF1,19-09-12,5.4,5.5,5.2,5.5,623000
IFILISLMF1,20-09-12,5.9,6,5.5,6,2520000
IFILISLMF1,23-09-12,6.6,6.6,6.5,6.6,1198500
IFILISLMF1,24-09-12,7.2,7.2,6.6,6.8,2955000
IFILISLMF1,25-09-12,7.1,7.4,6.5,7.3,3557500
IFILISLMF1,26-09-12,7.6,8,7.5,7.9,2294500
IFILISLMF1,27-09-12,7.8,8.6,7.8,8.1,2819500
IFILISLMF1,30-09-12,8.5,8.5,7.3,7.3,3175500
IFILISLMF1,10-01-12,7.2,8,6.7,7.9,2377500
IFILISLMF1,10-01-12,7.2,8,6.7,7.9,2377500
IFILISLMF1,10-02-12,8.5,8.6,8.5,8.6,3414000
IFILISLMF1,10-03-12,9.4,9.4,8.6,8.8,6705000
IFILISLMF1,10-04-12,8.4,9.1,8.1,8.9,2546000
IFILISLMF1,10-07-12,8.6,8.9,8.1,8.1,1644500
IFILISLMF1,10-08-12,7.6,8.2,7.3,7.3,1801000
IFILISLMF1,10-09-12,7.6,8,7.5,8,920000
IFILISLMF1,10-10-12,8.6,8.8,7.7,7.8,1258500
IFILISLMF1,10-11-12,8,8,7.4,7.4,749000
IFILISLMF1,14-10-12,7.5,7.7,7,7,720500
IFILISLMF1,15-10-12,7.2,7.7,6.8,7.7,825500
IFILISLMF1,16-10-12,8,8.3,7.5,7.6,1036000
IFILISLMF1,17-10-12,7.5,7.9,7.4,7.6,817500
IFILISLMF1,18-10-12,7.8,7.9,7.6,7.6,619500
IFILISLMF1,21-10-12,7.7,7.7,7.4,7.4,659500
IFILISLMF1,22-10-12,7.5,7.7,7.3,7.5,372000
IFILISLMF1,23-10-12,7.6,7.7,7.5,7.5,705500
IFILISLMF1,30-10-12,7.6,7.6,7.3,7.4,269500
IFILISLMF1,31-10-12,7.5,7.8,7.4,7.5,652500
IFILISLMF1,11-01-12,7.5,7.7,7.3,7.4,318000
IFILISLMF1,11-04-12,7.5,7.5,7.2,7.2,193000
IFILISLMF1,11-05-12,7.2,7.4,7.1,7.2,344000
IFILISLMF1,11-06-12,7.4,7.6,7.3,7.5,488500
IFILISLMF1,11-07-12,7.7,7.8,7.5,7.5,521500
IFILISLMF1,11-08-12,7.5,7.6,7.3,7.3,308000
IFILISLMF1,11-11-12,7.4,7.4,6.9,6.9,467000
IFILISLMF1,11-12-12,7,7.2,6.7,6.8,503000
IFILISLMF1,13-11-12,6.7,7,6.6,6.9,686500
IFILISLMF1,14-11-12,6.9,7,6.8,6.8,432500
IFILISLMF1,15-11-12,6.9,7.4,6.8,7.3,875000
IFILISLMF1,18-11-12,7.5,7.8,7.1,7.1,831000
IFILISLMF1,19-11-12,7.2,7.2,6.8,6.8,528500
IFILISLMF1,20-11-12,6.9,7,6.8,6.8,379500
IFILISLMF1,21-11-12,6.9,7,6.7,6.7,720000
IFILISLMF1,22-11-12,7,7,6.6,6.7,1045000
IFILISLMF1,26-11-12,6.7,6.7,6.3,6.5,542500
IFILISLMF1,27-11-12,6.6,6.6,6.2,6.4,628500
IFILISLMF1,28-11-12,6.5,6.6,6.3,6.3,615500
IFILISLMF1,29-11-12,6.7,6.9,6.5,6.7,475000
IFILISLMF1,12-02-12,7,7,6.4,6.4,741500
IFILISLMF1,12-03-12,6.4,6.5,6.3,6.3,191000
IFILISLMF1,12-04-12,6.3,6.5,6.3,6.4,176000
IFILISLMF1,12-05-12,6.5,6.5,6.3,6.4,230500
IFILISLMF1,12-06-12,6.3,6.4,6.3,6.3,186500
IFILISLMF1,12-09-12,6.2,6.3,6,6,204500
IFILISLMF1,12-10-12,6,6.1,5.8,5.9,236000
IFILISLMF1,12-11-12,5.9,6.4,5.8,6.3,551000
IFILISLMF1,12-12-12,6.3,6.8,6.3,6.3,744000
IFILISLMF1,13-12-12,6.3,6.4,6.2,6.3,249500
IFILISLMF1,17-12-12,6.4,6.5,6.3,6.4,231500
IFILISLMF1,18-12-12,6.4,6.4,6.2,6.2,271000
IFILISLMF1,19-12-12,6.2,6.5,6.2,6.3,723000
IFILISLMF1,20-12-12,6.4,6.4,6.2,6.2,185000
IFILISLMF1,23-12-12,6.3,6.3,6.1,6.1,132000
IFILISLMF1,24-12-12,6.2,6.4,6.1,6.2,241500
IFILISLMF1,26-12-12,6.3,6.3,6.1,6.1,402500
IFILISLMF1,27-12-12,6.3,6.3,6.1,6.2,397000
IFILISLMF1,30-12-12,6.2,6.4,6.2,6.2,183000
PF1STMF,01-01-12,7.5,7.8,7.4,7.6,561500
PF1STMF,01-02-12,7.6,8,7.6,7.8,640500
PF1STMF,01-03-12,7.8,7.9,7.7,7.7,190000
PF1STMF,01-04-12,7.8,8.1,7.7,8,686500
PF1STMF,01-05-12,8,8.1,7.5,7.6,859500
PF1STMF,01-08-12,7.6,7.8,7.5,7.5,166000
PF1STMF,01-09-12,7.5,7.5,7.2,7.2,396000
PF1STMF,01-10-12,7.5,7.5,7.1,7.1,267000
PF1STMF,01-11-12,7.2,7.3,6.9,7.2,382500
PF1STMF,01-12-12,7.4,7.5,7,7,232500
PF1STMF,15-01-12,7,7,6.9,6.9,137000
PF1STMF,16-01-12,6.8,6.9,6.7,6.7,147500
PF1STMF,18-01-12,6.7,6.8,6.5,6.5,108500
PF1STMF,19-01-12,6.7,6.9,6.6,6.8,226500
PF1STMF,22-01-12,6.8,6.8,6.4,6.4,203500
PF1STMF,23-01-12,6.6,6.6,6.3,6.4,125500
PF1STMF,24-01-12,6.6,6.6,6.3,6.3,112000
PF1STMF,25-01-12,6.3,6.5,6.1,6.4,252000
PF1STMF,26-01-12,6.5,6.6,6.3,6.3,123000
PF1STMF,29-01-12,6.2,6.3,6,6,167000
PF1STMF,30-01-12,6.1,6.2,5.8,6.1,157000
PF1STMF,31-01-12,6.2,6.3,5.9,5.9,166000
PF1STMF,02-01-12,5.9,5.9,5.7,5.7,138000
PF1STMF,02-02-12,5.7,5.9,5.6,5.6,67000
PF1STMF,02-06-12,5.6,5.7,5.4,5.5,201000
PF1STMF,02-07-12,5.7,6,5.7,6,206500
PF1STMF,02-08-12,6.1,6.1,5.7,5.7,106000
PF1STMF,02-09-12,5.6,6.2,5.6,6,222000
PF1STMF,02-12-12,5.9,6.3,5.9,6.2,208500
PF1STMF,13-02-12,6.4,6.5,6.2,6.2,147500
PF1STMF,14-02-12,6.2,6.2,5.9,6,163000
PF1STMF,15-02-12,6,6.2,5.9,6.1,115500
PF1STMF,16-02-12,6.2,6.2,6,6,92500
PF1STMF,19-02-12,5.9,6.1,5.8,5.8,50000
PF1STMF,20-02-12,5.9,6,5.8,5.9,160000
PF1STMF,22-02-12,6,6.1,5.9,6,83000
PF1STMF,23-02-12,6.1,6.2,6.1,6.2,207000
PF1STMF,26-02-12,6.2,6.4,6.2,6.3,427000
PF1STMF,27-02-12,6.3,6.4,6,6.3,383500
PF1STMF,28-02-12,6.3,6.6,6.3,6.4,162500
PF1STMF,29-02-12,6.4,6.6,6.3,6.4,697000
PF1STMF,03-01-12,6.5,6.6,6.2,6.2,323000
PF1STMF,03-04-12,6.2,6.3,6.1,6.1,507000
PF1STMF,03-05-12,6.3,6.3,5.9,5.9,218000
PF1STMF,03-06-12,6,6.2,6,6,220000
PF1STMF,03-07-12,6,6.1,5.9,5.9,134000
PF1STMF,03-08-12,5.9,6.1,5.8,6,475500
PF1STMF,03-11-12,6,6,5.9,5.9,66500
PF1STMF,03-12-12,6,6,5.9,5.9,148500
PF1STMF,13-03-12,6.1,6.2,6.1,6.1,192500
PF1STMF,14-03-12,6.1,6.2,6,6,155500
PF1STMF,15-03-12,6.1,6.2,6,6,247000
PF1STMF,18-03-12,6.2,6.3,6.1,6.1,157500
PF1STMF,19-03-12,6.1,6.2,6.1,6.1,132000
PF1STMF,20-03-12,6.2,6.2,6.1,6.2,199000
PF1STMF,21-03-12,6.2,6.3,6,6,461500
PF1STMF,22-03-12,6.1,6.2,6.1,6.1,127500
PF1STMF,25-03-12,6.2,6.4,6.2,6.3,442500
PF1STMF,27-03-12,6.3,6.5,6.3,6.3,425000
PF1STMF,28-03-12,6.4,6.8,6.4,6.7,889000
PF1STMF,29-03-12,6.8,7.1,6.5,6.8,1317000
PF1STMF,04-01-12,7.1,7.4,6.8,7.2,961000
PF1STMF,04-02-12,7.4,7.7,7.2,7.4,843000
PF1STMF,04-03-12,7.4,7.5,7.2,7.3,889500
PF1STMF,04-04-12,7.2,7.3,6.9,6.9,534500
PF1STMF,04-05-12,6.8,7.1,6.8,7,467000
PF1STMF,04-08-12,7,7.1,6.9,6.9,172500
PF1STMF,04-09-12,6.7,6.9,6.6,6.8,301000
PF1STMF,04-10-12,6.8,7.1,6.8,7,200000
PF1STMF,04-11-12,7.1,7.2,7.1,7.1,265000
PF1STMF,04-12-12,7.1,7.3,7.1,7.1,428500
PF1STMF,15-04-12,7.3,7.5,7.3,7.3,395500
PF1STMF,16-04-12,7.4,7.5,7.2,7.2,501000
PF1STMF,17-04-12,7.3,7.4,7.2,7.3,151000
PF1STMF,18-04-12,7.4,7.5,7.3,7.3,354000
PF1STMF,19-04-12,7.3,7.3,7,7,259000
PF1STMF,22-04-12,7.4,7.4,7,7,131000
PF1STMF,23-04-12,7,7.1,6.9,6.9,219000
PF1STMF,24-04-12,7,7,6.9,6.9,121000
PF1STMF,25-04-12,6.9,7.1,6.7,6.8,294000
PF1STMF,26-04-12,6.7,6.8,6.6,6.6,123000
PF1STMF,29-04-12,6.6,6.6,6.2,6.3,81000
PF1STMF,30-04-12,6.5,6.8,6.4,6.4,83000
PF1STMF,05-02-12,6.7,6.7,6.5,6.6,77000
PF1STMF,05-03-12,6.6,6.6,6.4,6.4,121000
PF1STMF,05-07-12,6.4,6.8,6.4,6.5,167000
PF1STMF,05-08-12,6.5,6.8,6.4,6.5,72500
PF1STMF,05-09-12,6.4,6.5,6.1,6.2,108500
PF1STMF,05-10-12,6.2,6.8,6.2,6.7,134000
PF1STMF,13-05-12,6.8,7.2,6.5,6.7,286500
PF1STMF,14-05-12,6.8,6.8,6.6,6.6,49500
PF1STMF,15-05-12,6.6,6.6,6.3,6.3,258500
PF1STMF,16-05-12,6.6,6.6,6.4,6.4,46000
PF1STMF,17-05-12,6.4,6.4,6.2,6.2,321500
PF1STMF,20-05-12,6.3,6.4,6.2,6.2,125000
PF1STMF,21-05-12,6.3,6.6,6.3,6.3,126000
PF1STMF,22-05-12,6.4,6.4,6.2,6.3,29000
PF1STMF,23-05-12,6.3,6.3,6.1,6.2,54000
PF1STMF,24-05-12,6.2,6.2,6.2,6.2,69000
PF1STMF,27-05-12,6.2,6.2,6.1,6.1,29500
PF1STMF,28-05-12,6.2,6.2,6,6,51500
PF1STMF,29-05-12,6.1,6.1,5.8,5.8,239000
PF1STMF,30-05-12,5.9,6.2,5.9,6,20500
PF1STMF,31-05-12,6.1,6.1,5.9,5.9,31000
PF1STMF,06-03-12,6.1,6.3,6.1,6.2,42500
PF1STMF,06-04-12,6.4,6.4,5.9,5.9,114000
PF1STMF,06-05-12,5.9,6.1,5.9,6,83000
PF1STMF,06-06-12,6,6.2,6,6.1,26000
PF1STMF,06-07-12,6.1,6.3,6.1,6.2,27000
PF1STMF,06-10-12,6.1,6.2,6,6.1,8000
PF1STMF,06-11-12,6.1,6.1,5.9,6,6500
PF1STMF,06-12-12,6,6.1,6,6,14500
PF1STMF,13-06-12,6,6.2,6,6.1,40000
PF1STMF,14-06-12,6,6.1,5.9,6,73000
PF1STMF,17-06-12,6,6,5.8,5.8,56500
PF1STMF,18-06-12,5.7,5.8,5.6,5.7,43000
PF1STMF,19-06-12,5.7,6.1,5.7,6,521500
PF1STMF,20-06-12,5.9,6,5.7,5.7,121500
PF1STMF,21-06-12,5.5,5.8,5.5,5.7,5500
PF1STMF,24-06-12,6,6,5.7,5.7,30000
PF1STMF,25-06-12,5.6,5.7,5.4,5.6,37500
PF1STMF,26-06-12,5.8,5.8,5.7,5.7,167500
PF1STMF,27-06-12,5.8,6,5.7,5.9,144500
PF1STMF,28-06-12,5.9,6,5.8,5.8,234500
PF1STMF,07-02-12,5.8,5.8,5.7,5.7,12000
PF1STMF,07-03-12,5.7,5.8,5.7,5.7,22000
PF1STMF,07-04-12,5.7,5.7,5.6,5.6,100000
PF1STMF,07-05-12,5.5,5.8,5.5,5.7,13500
PF1STMF,07-08-12,5.8,5.8,5.6,5.6,51000
PF1STMF,07-09-12,5.5,5.6,5.4,5.4,19500
PF1STMF,07-10-12,5.6,5.6,5.3,5.3,13500
PF1STMF,07-11-12,5.3,5.3,4.9,5.1,81500
PF1STMF,07-12-12,5.2,5.4,5.2,5.2,26000
PF1STMF,15-07-12,5,5.1,4.9,4.9,62500
PF1STMF,16-07-12,4.7,4.9,4.7,4.8,48500
PF1STMF,17-07-12,5,5,4.7,4.7,127500
PF1STMF,18-07-12,4.9,5.1,4.9,4.9,168500
PF1STMF,19-07-12,4.9,5.1,4.9,4.9,107000
PF1STMF,22-07-12,5,5,4.8,4.8,60000
PF1STMF,23-07-12,4.9,5,4.9,4.9,26000
PF1STMF,24-07-12,5.1,5.3,5,5.2,268000
PF1STMF,25-07-12,5.2,5.2,5,5,103000
PF1STMF,26-07-12,5.1,5.4,5.1,5.3,153500
PF1STMF,29-07-12,5.3,5.3,5.2,5.2,52500
PF1STMF,30-07-12,5.4,5.4,5.2,5.3,282000
PF1STMF,08-01-12,5.4,5.7,5.4,5.6,382000
PF1STMF,08-02-12,5.8,6,5.7,5.9,433000
PF1STMF,08-05-12,5.8,6,5.7,5.8,431500
PF1STMF,08-06-12,5.9,5.9,5.5,5.5,162500
PF1STMF,08-07-12,5.5,5.6,5.5,5.5,133000
PF1STMF,08-08-12,5.5,5.6,5.4,5.5,319000
PF1STMF,13-08-12,5,5.1,5,5,413500
PF1STMF,14-08-12,4.6,5.1,4.6,4.8,229000
PF1STMF,26-08-12,4.8,5.1,4.8,4.9,41500
PF1STMF,27-08-12,5,5,4.8,4.8,120500
PF1STMF,28-08-12,4.8,5,4.8,4.8,44500
PF1STMF,29-08-12,4.8,5.1,4.8,5,223500
PF1STMF,30-08-12,5.1,5.2,5,5,307000
PF1STMF,09-02-12,5,5,4.9,4.9,130500
PF1STMF,09-03-12,5,5.1,5,5,58500
PF1STMF,09-04-12,5,5,4.8,4.8,201000
PF1STMF,09-05-12,5,5,4.8,4.8,141500
PF1STMF,09-06-12,4.7,4.9,4.7,4.7,112000
PF1STMF,09-09-12,4.8,4.9,4.8,4.8,59000
PF1STMF,09-10-12,4.7,4.9,4.6,4.7,276000
PF1STMF,09-11-12,4.8,4.8,4.6,4.6,350000
PF1STMF,09-12-12,4.8,4.8,4.7,4.7,372000
PF1STMF,13-09-12,4.7,4.8,4.6,4.7,239500
PF1STMF,16-09-12,4.8,5,4.7,4.9,297000
PF1STMF,17-09-12,4.9,5.3,4.9,5.3,872500
PF1STMF,18-09-12,5.5,5.8,5.4,5.7,644000
PF1STMF,19-09-12,5.7,6.2,5.7,6.1,1353500
PF1STMF,20-09-12,6.1,6.7,6.1,6.7,1531500
PF1STMF,23-09-12,7.3,7.3,7,7.3,1457500
PF1STMF,24-09-12,7.6,8,7,7.1,1271500
PF1STMF,25-09-12,7.3,7.8,7.1,7.7,1757500
PF1STMF,26-09-12,8.2,8.4,8,8.2,1621000
PF1STMF,27-09-12,8.7,9,8.3,9,2256500
PF1STMF,30-09-12,9,9.9,8.7,9.1,2884000
PF1STMF,10-01-12,9.3,10,8.7,10,2644500
PF1STMF,10-01-12,9.3,10,8.7,10,2644500
PF1STMF,10-02-12,10.8,11,10.8,11,903000
PF1STMF,10-03-12,12.1,12.1,10.1,10.7,3087500
PF1STMF,10-04-12,10.6,11.6,9.7,11.3,2579000
PF1STMF,10-07-12,12.1,12.4,10.2,10.2,1303000
PF1STMF,10-08-12,9.4,10.6,9.2,9.5,1170500
PF1STMF,10-09-12,10,10.4,9.9,10.4,910500
PF1STMF,10-10-12,10.7,10.7,9.4,9.4,1085500
PF1STMF,10-11-12,10.1,10.1,9,9.2,848500
PF1STMF,14-10-12,9.6,9.9,8.9,9,469000
PF1STMF,15-10-12,9.4,9.9,9,9.8,761500
PF1STMF,16-10-12,9.6,10.3,9.2,9.4,490000
PF1STMF,17-10-12,9.6,9.8,9.1,9.3,481500
PF1STMF,18-10-12,9.6,9.9,9.3,9.4,573500
PF1STMF,21-10-12,9.6,9.6,8.9,9,348500
PF1STMF,22-10-12,9.6,9.6,8.7,9,280000
PF1STMF,23-10-12,9.3,9.5,8.8,8.9,766000
PF1STMF,30-10-12,8.8,9.2,8.8,8.9,69500
PF1STMF,31-10-12,9.1,9.5,9,9.1,359500
PF1STMF,11-01-12,9.3,9.4,9,9,400500
PF1STMF,11-04-12,8.9,9,8.7,8.7,337500
PF1STMF,11-05-12,8.8,8.8,8.5,8.6,295500
PF1STMF,11-06-12,8.7,9.2,8.7,9,248500
PF1STMF,11-07-12,9.2,9.2,8.8,8.8,468000
PF1STMF,11-08-12,8.7,8.9,8.6,8.6,314000
PF1STMF,11-11-12,8.7,8.7,7.9,8,321500
PF1STMF,11-12-12,8.3,8.3,7.9,8,221500
PF1STMF,13-11-12,8,8.2,7.8,8,283000
PF1STMF,14-11-12,8,8.1,7.8,7.8,355500
PF1STMF,15-11-12,7.9,8.5,7.9,8.5,532000
PF1STMF,18-11-12,9,9.2,8.8,8.8,736500
PF1STMF,19-11-12,8.5,8.8,8.3,8.3,185000
PF1STMF,20-11-12,8.4,8.5,8,8,291000
PF1STMF,21-11-12,8.3,8.4,8,8.2,239500
PF1STMF,22-11-12,8.3,8.6,8.3,8.3,202000
PF1STMF,26-11-12,8.3,8.4,8.1,8.1,92000
PF1STMF,27-11-12,8,8.2,8,8,134000
PF1STMF,28-11-12,8.2,8.4,7.8,8.1,215500
PF1STMF,29-11-12,8.4,8.6,8.3,8.5,359500
PF1STMF,12-02-12,8.5,8.6,8,8,197000
PF1STMF,12-03-12,8.1,8.1,7.8,7.8,203500
PF1STMF,12-04-12,7.9,8,7.8,7.9,82500
PF1STMF,12-05-12,8,8.1,7.8,7.8,195500
PF1STMF,12-06-12,7.8,7.9,7.7,7.7,228500
PF1STMF,12-09-12,7.7,7.7,7.3,7.4,340000
PF1STMF,12-10-12,7.4,7.5,7.1,7.1,153000
PF1STMF,12-11-12,7.2,7.7,7.1,7.6,408500
PF1STMF,12-12-12,7.8,8,7.5,7.5,175500
PF1STMF,13-12-12,7.6,7.6,7.4,7.4,127500
PF1STMF,17-12-12,7.4,7.6,7.4,7.5,134000
PF1STMF,18-12-12,7.5,7.6,7.4,7.4,151500
PF1STMF,19-12-12,7.4,7.5,7.3,7.3,107500
PF1STMF,20-12-12,7.4,7.5,7.3,7.3,107500
PF1STMF,23-12-12,7.3,7.3,7.1,7.1,147000
PF1STMF,24-12-12,7.2,7.6,7.1,7.4,213000
PF1STMF,26-12-12,7.4,7.5,7.3,7.3,254500
PF1STMF,27-12-12,7.4,7.6,7.3,7.5,187000
PF1STMF,30-12-12,7.7,7.7,7.3,7.3,97500
PHPMF1,01-01-12,6.9,7,6.7,6.9,995500
PHPMF1,01-02-12,6.8,7,6.8,6.8,588500
PHPMF1,01-03-12,6.8,7,6.7,6.8,1002000
PHPMF1,01-04-12,6.9,7.2,6.9,7.1,2140500
PHPMF1,01-05-12,7.1,7.3,6.8,6.9,1186500
PHPMF1,01-08-12,6.9,7,6.8,6.9,341500
PHPMF1,01-09-12,7.1,7.1,6.8,6.8,615500
PHPMF1,01-10-12,6.8,6.9,6.7,6.8,501500
PHPMF1,01-11-12,6.8,6.9,6.6,6.7,689000
PHPMF1,01-12-12,6.9,6.9,6.6,6.6,323500
PHPMF1,15-01-12,6.7,6.7,6.5,6.6,224000
PHPMF1,16-01-12,6.5,6.6,6.4,6.4,333000
PHPMF1,18-01-12,6.4,6.5,6.2,6.2,267000
PHPMF1,19-01-12,6.4,6.5,6.3,6.4,202000
PHPMF1,22-01-12,6.4,6.4,6.1,6.1,184500
PHPMF1,23-01-12,6.2,6.3,6,6,165000
PHPMF1,24-01-12,6.1,6.1,5.9,5.9,161000
PHPMF1,25-01-12,5.9,6.1,5.8,6,272500
PHPMF1,26-01-12,6.1,6.1,5.9,5.9,111000
PHPMF1,29-01-12,6,6,5.5,5.6,205000
PHPMF1,30-01-12,5.5,5.9,5.5,5.8,300000
PHPMF1,31-01-12,5.9,6,5.5,5.6,183000
PHPMF1,02-01-12,5.6,5.8,5.3,5.3,299000
PHPMF1,02-02-12,5.2,5.5,5.2,5.3,198000
PHPMF1,02-06-12,5.3,5.3,4.8,4.9,419500
PHPMF1,02-07-12,5.1,5.3,5.1,5.3,481500
PHPMF1,02-08-12,5.5,5.5,5.1,5.1,249000
PHPMF1,02-09-12,4.9,5.5,4.9,5.3,683500
PHPMF1,02-12-12,5.6,5.7,5.4,5.6,575500
PHPMF1,13-02-12,5.6,5.8,5.6,5.6,291000
PHPMF1,14-02-12,5.6,5.6,5.3,5.4,258000
PHPMF1,15-02-12,5.3,5.6,5.2,5.5,423000
PHPMF1,16-02-12,5.6,5.7,5.4,5.4,130500
PHPMF1,19-02-12,5.3,5.5,5.3,5.4,121500
PHPMF1,20-02-12,5.5,5.5,5.3,5.3,96500
PHPMF1,22-02-12,5.5,5.6,5.4,5.4,155000
PHPMF1,23-02-12,5.6,5.9,5.5,5.7,475500
PHPMF1,26-02-12,5.9,6,5.7,5.7,563000
PHPMF1,27-02-12,5.8,6,5.6,5.6,520000
PHPMF1,28-02-12,5.8,5.8,5.5,5.6,745500
PHPMF1,29-02-12,5.5,5.9,5.5,5.7,436000
PHPMF1,03-01-12,5.7,5.8,5.5,5.5,366500
PHPMF1,03-04-12,5.6,5.6,5.3,5.4,760500
PHPMF1,03-05-12,5.6,5.6,5.2,5.3,618000
PHPMF1,03-06-12,5.3,5.4,5.2,5.3,467500
PHPMF1,03-07-12,5.4,5.4,5.2,5.2,524500
PHPMF1,03-08-12,5.2,5.4,5.2,5.3,696500
PHPMF1,03-11-12,5.3,5.4,5.2,5.3,181000
PHPMF1,03-12-12,5.3,5.4,5.3,5.3,191000
PHPMF1,13-03-12,5.4,5.6,5.4,5.4,388500
PHPMF1,14-03-12,5.4,5.5,5.3,5.3,415500
PHPMF1,15-03-12,5.5,5.6,5.4,5.4,315500
PHPMF1,18-03-12,5.6,5.9,5.6,5.7,1440500
PHPMF1,19-03-12,5.7,5.8,5.6,5.7,303500
PHPMF1,20-03-12,5.7,5.9,5.6,5.6,1188000
PHPMF1,21-03-12,5.7,5.9,5.7,5.7,748000
PHPMF1,22-03-12,5.7,5.9,5.6,5.7,290000
PHPMF1,25-03-12,5.9,5.9,5.7,5.7,807500
PHPMF1,27-03-12,5.8,6,5.8,5.8,1049000
PHPMF1,28-03-12,5.9,6.3,5.9,6.2,1220000
PHPMF1,29-03-12,6.2,6.8,6.2,6.7,2824000
PHPMF1,04-01-12,6.8,7.1,6.7,7,1762000
PHPMF1,04-02-12,7.2,7.2,6.9,7.1,1773500
PHPMF1,04-03-12,7.2,7.2,6.6,6.7,1090500
PHPMF1,04-04-12,6.9,6.9,6.5,6.5,765500
PHPMF1,04-05-12,6.6,6.7,6.4,6.6,892000
PHPMF1,04-08-12,6.6,6.8,6.4,6.4,551500
PHPMF1,04-09-12,6.4,6.5,6.1,6.3,688500
PHPMF1,04-10-12,6.3,6.7,6.3,6.6,692500
PHPMF1,04-11-12,6.6,6.9,6.5,6.7,792000
PHPMF1,04-12-12,6.7,7,6.6,6.7,1489000
PHPMF1,15-04-12,7,7.1,6.8,6.8,833500
PHPMF1,16-04-12,6.8,7.2,6.8,6.9,2763500
PHPMF1,17-04-12,6.8,7,6.8,6.8,588000
PHPMF1,18-04-12,6.9,7.1,6.9,6.9,421500
PHPMF1,19-04-12,7.1,7.1,6.6,6.6,863000
PHPMF1,22-04-12,6.7,6.9,6.6,6.7,238000
PHPMF1,23-04-12,6.7,6.8,6.6,6.6,505000
PHPMF1,24-04-12,6.6,6.7,6.5,6.6,500000
PHPMF1,25-04-12,6.6,6.7,6.4,6.4,191000
PHPMF1,26-04-12,6.5,6.5,6.3,6.3,450000
PHPMF1,29-04-12,6.2,6.3,6.1,6.1,373000
PHPMF1,30-04-12,6.2,6.3,6.1,6.1,523000
PHPMF1,05-02-12,6,6.3,6,6.2,539500
PHPMF1,05-03-12,6.3,6.3,6.1,6.1,484500
PHPMF1,05-07-12,6.1,6.2,6,6,444500
PHPMF1,05-08-12,6.2,6.2,6,6,437500
PHPMF1,05-09-12,6,6,5.7,5.7,619500
PHPMF1,05-10-12,5.7,6.2,5.7,6.1,374500
PHPMF1,13-05-12,6.3,6.3,5.9,5.9,457500
PHPMF1,14-05-12,6,6.1,5.8,6,388500
PHPMF1,15-05-12,5.8,6.3,5.8,6,1325000
PHPMF1,16-05-12,6,6.2,5.9,6,357500
PHPMF1,17-05-12,5.9,6,5.9,5.9,283500
PHPMF1,20-05-12,6,6,5.9,5.9,182000
PHPMF1,21-05-12,5.9,6.2,5.9,6,251000
PHPMF1,22-05-12,6,6,5.8,5.8,240500
PHPMF1,23-05-12,5.8,5.9,5.7,5.7,256500
PHPMF1,24-05-12,5.8,5.9,5.6,5.6,378000
PHPMF1,27-05-12,5.6,5.7,5.5,5.5,171000
PHPMF1,28-05-12,5.5,5.6,5.4,5.4,474000
PHPMF1,29-05-12,5.4,5.5,5.2,5.3,1082500
PHPMF1,30-05-12,5.3,5.6,5.3,5.5,1040500
PHPMF1,31-05-12,5.6,5.6,5.4,5.5,403500
PHPMF1,06-03-12,5.4,5.7,5.4,5.6,857000
PHPMF1,06-04-12,5.7,5.7,5.3,5.4,572500
PHPMF1,06-05-12,5.5,5.5,5.3,5.3,674000
PHPMF1,06-06-12,5.4,5.6,5.3,5.5,375000
PHPMF1,06-07-12,5.4,5.5,5.4,5.4,349000
PHPMF1,06-10-12,5.6,5.6,5.3,5.3,97500
PHPMF1,06-11-12,5.4,5.5,5.3,5.3,121000
PHPMF1,06-12-12,5.3,5.5,5.3,5.4,417500
PHPMF1,13-06-12,5.4,5.5,5.4,5.4,371000
PHPMF1,14-06-12,5.4,5.5,5.3,5.4,352000
PHPMF1,17-06-12,5.4,5.4,5.3,5.3,484500
PHPMF1,18-06-12,5.3,5.4,5.2,5.3,740000
PHPMF1,19-06-12,5.3,5.4,5.2,5.2,601000
PHPMF1,20-06-12,5.3,5.3,5,5,396500
PHPMF1,21-06-12,5.1,5.3,5,5.1,315000
PHPMF1,24-06-12,5.4,5.4,5.1,5.1,354000
PHPMF1,25-06-12,5,5.2,5,5,350000
PHPMF1,26-06-12,5.2,5.3,5,5.2,182000
PHPMF1,27-06-12,5.2,5.4,5.1,5.3,295000
PHPMF1,28-06-12,5.5,5.5,5.3,5.3,210500
PHPMF1,07-02-12,5.2,5.3,5.1,5.1,125500
PHPMF1,07-03-12,5.1,5.2,5.1,5.1,157000
PHPMF1,07-04-12,5.1,5.1,5,5,136500
PHPMF1,07-05-12,5.1,5.1,5,5,111500
PHPMF1,07-08-12,5.1,5.2,5,5.1,223500
PHPMF1,07-09-12,5,5.1,4.9,4.9,382500
PHPMF1,07-10-12,4.9,4.9,4.8,4.8,295000
PHPMF1,07-11-12,4.9,5,4.7,4.9,309500
PHPMF1,07-12-12,5,5.1,4.9,5,245500
PHPMF1,15-07-12,4.9,4.9,4.8,4.8,114000
PHPMF1,16-07-12,4.7,4.8,4.7,4.7,105500
PHPMF1,17-07-12,4.7,5,4.7,4.8,130000
PHPMF1,18-07-12,4.9,5,4.8,4.9,255500
PHPMF1,19-07-12,5,5.1,4.9,4.9,126000
PHPMF1,22-07-12,4.9,5,4.9,4.9,80500
PHPMF1,23-07-12,4.9,5,4.9,4.9,277000
PHPMF1,24-07-12,5,5.2,5,5,255000
PHPMF1,25-07-12,5.1,5.1,4.9,4.9,93500
PHPMF1,26-07-12,5,5.1,4.9,5,114500
PHPMF1,29-07-12,5,5.1,4.9,4.9,95500
PHPMF1,30-07-12,5,5,4.9,4.9,135000
PHPMF1,08-01-12,4.9,5,4.8,4.8,101000
PHPMF1,08-02-12,4.8,5,4.8,4.8,143000
PHPMF1,08-05-12,4.9,4.9,4.8,4.8,151000
PHPMF1,08-06-12,4.9,5,4.8,4.8,74000
PHPMF1,08-07-12,4.8,4.9,4.8,4.8,392000
PHPMF1,08-08-12,4.8,4.9,4.7,4.8,257000
PHPMF1,08-12-12,4.8,5,4.8,4.8,65000
PHPMF1,13-08-12,4.8,4.9,4.7,4.7,230500
PHPMF1,14-08-12,4.7,4.9,4.5,4.7,641500
PHPMF1,26-08-12,4.7,4.9,4.6,4.7,378500
PHPMF1,27-08-12,4.8,4.8,4.6,4.6,742500
PHPMF1,28-08-12,4.6,4.8,4.6,4.7,353500
PHPMF1,29-08-12,4.7,5,4.7,4.8,549500
PHPMF1,30-08-12,4.9,5,4.8,4.8,892500
PHPMF1,09-02-12,4.8,5,4.7,4.7,305000
PHPMF1,09-03-12,4.7,4.9,4.7,4.8,132000
PHPMF1,09-04-12,4.7,4.8,4.7,4.7,348000
PHPMF1,09-05-12,4.7,4.8,4.7,4.7,488500
PHPMF1,09-06-12,4.7,4.8,4.6,4.6,241500
PHPMF1,09-09-12,4.6,4.7,4.6,4.6,96000
PHPMF1,09-10-12,4.6,4.7,4.6,4.6,229000
PHPMF1,09-11-12,4.6,4.7,4.5,4.6,525500
PHPMF1,09-12-12,4.5,4.7,4.5,4.6,423500
PHPMF1,13-09-12,4.5,4.7,4.5,4.6,361000
PHPMF1,16-09-12,4.7,4.8,4.6,4.7,886500
PHPMF1,17-09-12,4.7,5.1,4.7,5.1,1309500
PHPMF1,18-09-12,5.1,5.6,5.1,5.5,1619000
PHPMF1,19-09-12,5.5,6,5.5,6,1772000
PHPMF1,20-09-12,6,6.6,5.7,6.6,2983500
PHPMF1,23-09-12,7.2,7.2,6.9,7.2,6292000
PHPMF1,24-09-12,7.8,7.9,7.1,7.4,7129000
PHPMF1,25-09-12,7.6,8.1,7.2,8.1,7908000
PHPMF1,26-09-12,8.7,8.9,8.5,8.6,7003500
PHPMF1,27-09-12,8.4,9,8.2,8.7,5099500
PHPMF1,30-09-12,9,9,8.1,8.2,6489500
PHPMF1,10-01-12,8.2,8.9,7.5,8.7,6921000
PHPMF1,10-01-12,8.2,8.9,7.5,8.7,6921000
PHPMF1,10-02-12,9,9.5,9,9.5,10450000
PHPMF1,10-03-12,10.4,10.4,8.9,9.2,11768500
PHPMF1,10-04-12,9,9.8,8.4,9.2,5261500
PHPMF1,10-07-12,9.5,9.6,8.3,8.3,3292000
PHPMF1,10-08-12,7.7,8.5,7.5,7.8,3528000
PHPMF1,10-09-12,8.3,8.5,8,8.5,2094000
PHPMF1,10-10-12,8.9,9,7.9,8,1719500
PHPMF1,10-11-12,8.2,8.2,7.7,7.7,1486500
PHPMF1,14-10-12,8,8.2,7.5,7.5,1730000
PHPMF1,15-10-12,7.7,8.2,7.2,8.2,1846000
PHPMF1,16-10-12,8.7,8.7,7.9,8,2319000
PHPMF1,17-10-12,8,8.3,7.8,8,1282500
PHPMF1,18-10-12,8.3,8.3,8,8,1740000
PHPMF1,21-10-12,8.2,8.2,7.7,7.7,1244000
PHPMF1,22-10-12,7.8,8.1,7.7,7.8,1175000
PHPMF1,23-10-12,8,8.1,7.8,7.9,1156000
PHPMF1,30-10-12,7.9,8,7.8,7.8,511500
PHPMF1,31-10-12,7.8,8.3,7.8,8,1576500
PHPMF1,11-01-12,8.1,8.1,7.8,7.8,894500
PHPMF1,11-04-12,7.9,8,7.7,7.7,734500
PHPMF1,11-05-12,7.8,7.9,7.6,7.7,827500
PHPMF1,11-06-12,7.8,8.1,7.7,8,3381000
PHPMF1,11-07-12,8.1,8.3,7.8,7.9,2164500
PHPMF1,11-08-12,7.9,8,7.7,7.7,1225000
PHPMF1,11-11-12,7.7,7.8,7.2,7.2,2134500
PHPMF1,11-12-12,7.3,7.5,6.9,7,2529000
PHPMF1,13-11-12,7,7.4,6.8,7.2,1991000
PHPMF1,14-11-12,7.1,7.3,7,7,1289500
PHPMF1,15-11-12,7,7.7,7,7.5,1934500
PHPMF1,18-11-12,7.9,8,7.5,7.6,2263000
PHPMF1,19-11-12,7.5,7.6,7.2,7.2,1794000
PHPMF1,20-11-12,7.3,7.4,7.1,7.2,1674500
PHPMF1,21-11-12,7.2,7.5,7.1,7.3,1770000
PHPMF1,22-11-12,7.5,7.5,7.3,7.3,1543500
PHPMF1,26-11-12,7.3,7.4,7.1,7.1,1129500
PHPMF1,27-11-12,7.1,7.2,7,7,1633000
PHPMF1,28-11-12,7.2,7.2,7,7,1635000
PHPMF1,29-11-12,7.3,7.5,7.2,7.4,1378500
PHPMF1,12-02-12,7.6,7.7,7.1,7.1,1609500
PHPMF1,12-03-12,7.3,7.3,7,7,1367000
PHPMF1,12-04-12,7.1,7.2,7,7,620500
PHPMF1,12-05-12,7.1,7.2,6.9,6.9,1256500
PHPMF1,12-06-12,7,7,6.8,6.8,664500
PHPMF1,12-09-12,6.9,6.9,6.5,6.6,879000
PHPMF1,12-10-12,6.6,6.7,6.5,6.6,864500
PHPMF1,12-11-12,6.6,7.2,6.5,7,1397500
PHPMF1,12-12-12,7.1,7.3,6.9,6.9,1110000
PHPMF1,13-12-12,6.7,7,6.4,6.8,391500
PHPMF1,17-12-12,6.9,7.1,6.9,6.9,567500
PHPMF1,18-12-12,7,7,6.8,6.8,914000
PHPMF1,19-12-12,6.8,7,6.8,6.8,526000
PHPMF1,20-12-12,6.8,6.9,6.7,6.7,698000
PHPMF1,23-12-12,6.8,6.9,6.7,6.7,304500
PHPMF1,24-12-12,6.8,7,6.6,6.8,790000
PHPMF1,26-12-12,6.9,6.9,6.7,6.7,479500
PHPMF1,27-12-12,6.9,6.9,6.7,6.8,555500
PHPMF1,30-12-12,6.9,7,6.7,6.7,701000
POPULAR1MF,01-01-12,7,7.1,6.9,7,999000
POPULAR1MF,01-02-12,6.9,7.2,6.9,7,845500
POPULAR1MF,01-03-12,7,7.1,7,7,571000
POPULAR1MF,01-04-12,7,7.4,7,7.3,1394000
POPULAR1MF,01-05-12,7.1,7.4,7.1,7.1,837500
POPULAR1MF,01-08-12,7.1,7.3,7,7.1,485500
POPULAR1MF,01-09-12,7.1,7.2,6.9,6.9,917000
POPULAR1MF,01-10-12,7,7,6.8,6.8,487500
POPULAR1MF,01-11-12,6.9,7,6.8,6.9,394000
POPULAR1MF,01-12-12,7.1,7.2,6.8,6.8,364000
POPULAR1MF,15-01-12,6.8,6.8,6.7,6.7,185500
POPULAR1MF,16-01-12,6.5,6.7,6.3,6.3,791500
POPULAR1MF,18-01-12,6,6.5,5.8,6.2,361000
POPULAR1MF,19-01-12,6.6,6.6,6.3,6.5,184500
POPULAR1MF,22-01-12,6.5,6.5,6.2,6.3,192000
POPULAR1MF,23-01-12,6.1,6.3,6,6.1,275000
POPULAR1MF,24-01-12,6.3,6.3,5.9,5.9,374000
POPULAR1MF,25-01-12,5.8,6.2,5.8,6,171500
POPULAR1MF,26-01-12,6.2,6.2,5.9,6,108000
POPULAR1MF,29-01-12,5.9,6.1,5.7,5.7,215500
POPULAR1MF,30-01-12,5.7,5.9,5.6,5.8,217500
POPULAR1MF,31-01-12,6,6,5.3,5.3,618000
POPULAR1MF,02-01-12,5.4,5.8,5.3,5.5,655500
POPULAR1MF,02-02-12,5.2,5.7,5.2,5.5,371500
POPULAR1MF,02-06-12,5.4,5.4,5.2,5.2,373500
POPULAR1MF,02-07-12,5.3,5.7,5.3,5.6,596000
POPULAR1MF,02-08-12,5.6,5.7,5.4,5.4,348500
POPULAR1MF,02-09-12,5.3,5.9,5.3,5.7,586500
POPULAR1MF,02-12-12,5.7,6.2,5.7,5.8,521500
POPULAR1MF,13-02-12,6,6,5.8,5.8,330000
POPULAR1MF,14-02-12,5.7,5.8,5.5,5.6,346000
POPULAR1MF,15-02-12,5.5,5.9,5.5,5.7,540500
POPULAR1MF,16-02-12,5.8,5.8,5.6,5.6,201000
POPULAR1MF,19-02-12,5.6,5.8,5.5,5.6,149000
POPULAR1MF,20-02-12,5.7,5.7,5.5,5.5,113000
POPULAR1MF,22-02-12,5.7,5.7,5.6,5.6,187500
POPULAR1MF,23-02-12,5.8,6,5.7,5.9,264000
POPULAR1MF,26-02-12,5.9,6.1,5.9,6,626500
POPULAR1MF,27-02-12,6.1,6.1,5.8,5.9,426000
POPULAR1MF,28-02-12,6,6.1,5.8,6,919000
POPULAR1MF,29-02-12,5.9,6.2,5.9,6,280500
POPULAR1MF,03-01-12,6,6,5.8,5.8,366000
POPULAR1MF,03-04-12,5.8,6.1,5.7,5.9,861000
POPULAR1MF,03-05-12,5.8,5.9,5.6,5.6,373000
POPULAR1MF,03-06-12,5.7,5.9,5.6,5.7,469500
POPULAR1MF,03-07-12,5.8,5.8,5.6,5.6,626500
POPULAR1MF,03-08-12,5.6,5.8,5.6,5.7,327500
POPULAR1MF,03-11-12,5.6,5.8,5.6,5.6,167000
POPULAR1MF,03-12-12,5.6,5.8,5.6,5.6,85500
POPULAR1MF,13-03-12,5.8,5.9,5.7,5.8,206500
POPULAR1MF,14-03-12,5.8,5.8,5.7,5.7,199500
POPULAR1MF,15-03-12,5.8,6,5.8,5.9,915500
POPULAR1MF,18-03-12,6.1,6.2,6,6,860000
POPULAR1MF,19-03-12,6,6.1,6,6,207500
POPULAR1MF,20-03-12,6.1,6.3,6.1,6.2,843500
POPULAR1MF,21-03-12,6.1,6.4,6,6,799500
POPULAR1MF,22-03-12,6.3,6.3,6.1,6.2,397500
POPULAR1MF,25-03-12,6.2,6.5,6.2,6.2,1110000
POPULAR1MF,27-03-12,6.3,6.6,6.3,6.3,974500
POPULAR1MF,28-03-12,6.3,6.9,6.3,6.8,1185000
POPULAR1MF,29-03-12,6.9,7.3,6.7,7,1527500
POPULAR1MF,04-01-12,7.2,7.3,7,7.2,1313000
POPULAR1MF,04-02-12,7.3,7.3,7,7.1,1075000
POPULAR1MF,04-03-12,7.1,7.2,6.8,6.8,290500
POPULAR1MF,04-04-12,6.8,6.9,6.5,6.5,1160500
POPULAR1MF,04-05-12,6.5,6.8,6.4,6.7,715000
POPULAR1MF,04-08-12,6.9,7,6.6,6.6,562000
POPULAR1MF,04-09-12,6.7,6.7,6.5,6.5,769000
POPULAR1MF,04-10-12,6.8,6.9,6.7,6.7,592500
POPULAR1MF,04-11-12,6.8,7.3,6.8,7,2452000
POPULAR1MF,04-12-12,7,7.2,6.9,7.1,1372500
POPULAR1MF,15-04-12,7,7.3,7,7,661000
POPULAR1MF,16-04-12,7,7.2,7,7,986500
POPULAR1MF,17-04-12,6.9,7.2,6.9,7.1,1449000
POPULAR1MF,18-04-12,7.2,7.3,7.1,7.1,3743000
POPULAR1MF,19-04-12,7.1,7.2,7,7,333000
POPULAR1MF,22-04-12,6.9,7.1,6.9,7,517500
POPULAR1MF,23-04-12,6.9,7.2,6.9,7,520500
POPULAR1MF,24-04-12,6.8,7,6.8,6.9,372000
POPULAR1MF,25-04-12,6.9,7,6.8,6.8,296000
POPULAR1MF,26-04-12,6.8,6.9,6.6,6.6,165000
POPULAR1MF,29-04-12,6.6,6.6,6.3,6.4,396000
POPULAR1MF,30-04-12,6.6,6.7,6.4,6.5,288500
POPULAR1MF,05-02-12,6.6,7,6.6,6.9,485500
POPULAR1MF,05-03-12,6.9,6.9,6.7,6.7,128500
POPULAR1MF,05-07-12,6.7,6.7,6.5,6.6,236000
POPULAR1MF,05-08-12,6.6,6.6,6.4,6.4,254000
POPULAR1MF,05-09-12,6.4,6.5,6.3,6.3,169000
POPULAR1MF,05-10-12,6.1,6.9,6.1,6.8,1586000
POPULAR1MF,13-05-12,7,7,6.6,6.8,192000
POPULAR1MF,14-05-12,6.7,6.9,6.6,6.7,654000
POPULAR1MF,15-05-12,6.7,6.7,6.6,6.6,293500
POPULAR1MF,16-05-12,6.6,6.7,6.5,6.5,78500
POPULAR1MF,17-05-12,6.5,6.5,6.4,6.4,100500
POPULAR1MF,20-05-12,6.4,6.8,6.4,6.5,98500
POPULAR1MF,21-05-12,6.4,6.7,6.4,6.5,72000
POPULAR1MF,22-05-12,6.4,6.6,6.4,6.4,114000
POPULAR1MF,23-05-12,6.3,6.3,6.2,6.2,124000
POPULAR1MF,24-05-12,6.2,6.3,6.2,6.2,29500
POPULAR1MF,27-05-12,6.1,6.2,6.1,6.1,58500
POPULAR1MF,28-05-12,6.1,6.1,5.9,5.9,137500
POPULAR1MF,29-05-12,5.8,6,5.6,5.8,227500
POPULAR1MF,30-05-12,5.9,6.1,5.9,5.9,77000
POPULAR1MF,31-05-12,6,6.1,5.8,5.9,337500
POPULAR1MF,06-03-12,5.8,6.1,5.8,6,96500
POPULAR1MF,06-04-12,6.2,6.2,5.8,5.8,304500
POPULAR1MF,06-05-12,5.8,6,5.8,5.8,272000
POPULAR1MF,06-06-12,5.8,6,5.8,5.9,301500
POPULAR1MF,06-07-12,5.9,6.1,5.9,5.9,150000
POPULAR1MF,06-10-12,5.9,6,5.9,5.9,58000
POPULAR1MF,06-11-12,5.8,5.9,5.7,5.8,157500
POPULAR1MF,06-12-12,5.6,6,5.6,5.9,377000
POPULAR1MF,13-06-12,5.9,5.9,5.8,5.8,211000
POPULAR1MF,14-06-12,5.7,5.9,5.7,5.7,377500
POPULAR1MF,17-06-12,5.7,5.8,5.7,5.7,168500
POPULAR1MF,18-06-12,5.7,5.7,5.5,5.6,311000
POPULAR1MF,19-06-12,5.6,5.7,5.5,5.5,295500
POPULAR1MF,20-06-12,5.5,5.6,5.4,5.4,212000
POPULAR1MF,21-06-12,5.3,5.6,5.3,5.5,31500
POPULAR1MF,24-06-12,5.8,5.8,5.5,5.5,128500
POPULAR1MF,25-06-12,5.4,5.6,5.4,5.4,86500
POPULAR1MF,26-06-12,5.4,5.7,5.4,5.6,40500
POPULAR1MF,27-06-12,5.6,5.9,5.5,5.7,314500
POPULAR1MF,28-06-12,5.7,5.9,5.6,5.7,352500
POPULAR1MF,07-02-12,5.7,5.7,5.6,5.6,156000
POPULAR1MF,07-03-12,5.6,5.7,5.6,5.6,58500
POPULAR1MF,07-04-12,5.6,5.6,5.5,5.5,140500
POPULAR1MF,07-05-12,5.6,5.6,5.5,5.5,37000
POPULAR1MF,07-08-12,5.6,5.6,5.6,5.6,112500
POPULAR1MF,07-09-12,5.5,5.6,5.5,5.5,163500
POPULAR1MF,07-10-12,5.4,5.4,5.2,5.2,173000
POPULAR1MF,07-11-12,5.3,5.4,5.1,5.3,115000
POPULAR1MF,07-12-12,5.3,5.5,5.3,5.3,53500
POPULAR1MF,15-07-12,5.2,5.3,5.2,5.2,50500
POPULAR1MF,16-07-12,5.1,5.3,5.1,5.2,71000
POPULAR1MF,17-07-12,5.1,5.3,5.1,5.2,28000
POPULAR1MF,18-07-12,5.2,5.6,5.1,5.4,78000
POPULAR1MF,19-07-12,5.3,5.5,5.2,5.3,271500
POPULAR1MF,22-07-12,5.3,5.4,5.3,5.3,23000
POPULAR1MF,23-07-12,5.2,5.4,5.2,5.2,33500
POPULAR1MF,24-07-12,5.3,5.5,5.3,5.4,168500
POPULAR1MF,25-07-12,5.4,5.4,5.3,5.3,56500
POPULAR1MF,26-07-12,5.2,5.4,5.2,5.3,38000
POPULAR1MF,29-07-12,5.2,5.4,5.2,5.3,58000
POPULAR1MF,30-07-12,5.3,5.4,5.2,5.2,138000
POPULAR1MF,08-01-12,5.2,5.3,5.2,5.2,116000
POPULAR1MF,08-02-12,5.2,5.3,5.2,5.2,289000
POPULAR1MF,08-05-12,5.2,5.3,5.2,5.2,312500
POPULAR1MF,08-06-12,5.3,5.4,5.2,5.2,179000
POPULAR1MF,08-07-12,5.3,5.3,5.2,5.2,494000
POPULAR1MF,08-08-12,5.1,5.3,5.1,5.2,396000
POPULAR1MF,08-12-12,5.3,5.3,5.2,5.2,516000
POPULAR1MF,13-08-12,5.1,5.2,5.1,5.1,138500
POPULAR1MF,14-08-12,5,5.1,4.9,5,801500
POPULAR1MF,26-08-12,5,5.2,4.9,5,682500
POPULAR1MF,27-08-12,5,5.2,5,5,562000
POPULAR1MF,28-08-12,5,5.1,5,5,420500
POPULAR1MF,29-08-12,5.1,5.2,5,5.1,927000
POPULAR1MF,30-08-12,5.1,5.3,5.1,5.2,1051500
POPULAR1MF,09-02-12,5.2,5.3,5.1,5.1,300500
POPULAR1MF,09-03-12,5.1,5.2,5.1,5.1,332500
POPULAR1MF,09-04-12,5.1,5.3,5.1,5.2,321000
POPULAR1MF,09-05-12,5.1,5.2,5.1,5.1,546500
POPULAR1MF,09-06-12,5,5.2,5,5,214500
POPULAR1MF,09-09-12,5,5.2,5,5,442500
POPULAR1MF,09-10-12,5,5.2,5,5,570500
POPULAR1MF,09-11-12,5,5.2,5,5.1,592000
POPULAR1MF,09-12-12,5,5.2,5,5.1,261500
POPULAR1MF,13-09-12,5.1,5.2,5.1,5.1,198000
POPULAR1MF,16-09-12,5.1,5.3,5.1,5.2,444500
POPULAR1MF,17-09-12,5.3,5.6,5.1,5.4,1112500
POPULAR1MF,18-09-12,5.6,5.9,5.5,5.8,1206000
POPULAR1MF,19-09-12,6,6.3,5.9,6.2,1683500
POPULAR1MF,20-09-12,6.4,6.8,6,6.7,2173000
POPULAR1MF,23-09-12,7.3,7.3,7,7.3,2087000
POPULAR1MF,24-09-12,8,8,7.1,7.2,2099500
POPULAR1MF,25-09-12,7.3,7.9,7.2,7.8,4721500
POPULAR1MF,26-09-12,8.1,8.4,8,8.1,3449000
POPULAR1MF,27-09-12,7.9,8.5,7.8,8.2,3979000
POPULAR1MF,30-09-12,8.3,8.6,8,8.1,4550000
POPULAR1MF,10-01-12,8,8.6,7.5,8.4,3702000
POPULAR1MF,10-01-12,8,8.6,7.5,8.4,3702000
POPULAR1MF,10-02-12,8.6,9.2,8.5,9.1,10774000
POPULAR1MF,10-03-12,10,10,8.6,8.8,7983000
POPULAR1MF,10-04-12,9,9.3,8.2,9,4050500
POPULAR1MF,10-07-12,9,9.3,8.1,8.1,3198500
POPULAR1MF,10-08-12,7.7,8.4,7.3,7.5,3039000
POPULAR1MF,10-09-12,8,8.2,7.8,8.2,1919500
POPULAR1MF,10-10-12,8.5,8.8,7.8,7.9,1331000
POPULAR1MF,10-11-12,8,8.1,7.6,7.7,1098000
POPULAR1MF,14-10-12,8,8,7.6,7.6,1408000
POPULAR1MF,15-10-12,7.7,8.3,7.4,8.2,2314000
POPULAR1MF,16-10-12,8.4,8.6,7.9,8,1573500
POPULAR1MF,17-10-12,8,8.3,7.9,8,898000
POPULAR1MF,18-10-12,8.1,8.3,8,8,997000
POPULAR1MF,21-10-12,8.1,8.1,7.8,7.8,727500
POPULAR1MF,22-10-12,7.8,8,7.7,7.8,583500
POPULAR1MF,23-10-12,7.8,8.2,7.8,7.9,980500
POPULAR1MF,30-10-12,8.1,8.1,7.8,7.9,436500
POPULAR1MF,31-10-12,7.8,8.2,7.8,7.9,1028500
POPULAR1MF,11-01-12,8,8.1,7.8,7.8,472500
POPULAR1MF,11-04-12,7.6,7.9,7.6,7.6,524500
POPULAR1MF,11-05-12,7.7,7.9,7.5,7.7,763500
POPULAR1MF,11-06-12,7.8,8.2,7.8,8,2185500
POPULAR1MF,11-07-12,8.2,8.4,8,8,1139000
POPULAR1MF,11-08-12,7.9,8,7.8,7.8,850000
POPULAR1MF,11-11-12,7.9,7.9,7.3,7.5,1553500
POPULAR1MF,11-12-12,7.6,7.7,7.1,7.2,900500
POPULAR1MF,13-11-12,7.4,7.5,7.1,7.3,829500
POPULAR1MF,14-11-12,7.5,7.5,7.2,7.2,971000
POPULAR1MF,15-11-12,7.3,7.9,7.1,7.7,1421000
POPULAR1MF,18-11-12,8,8.2,7.5,7.6,919000
POPULAR1MF,19-11-12,7.5,7.7,7.3,7.3,630000
POPULAR1MF,20-11-12,7.3,7.6,7.3,7.3,690500
POPULAR1MF,21-11-12,7.3,7.7,7.3,7.3,493000
POPULAR1MF,22-11-12,7.5,7.5,7.3,7.3,1185500
POPULAR1MF,26-11-12,7.4,7.4,7.1,7.2,885000
POPULAR1MF,27-11-12,7.2,7.4,7.1,7.2,536500
POPULAR1MF,28-11-12,7.3,7.4,7,7,597500
POPULAR1MF,29-11-12,7.4,7.7,7.2,7.6,1554000
POPULAR1MF,12-02-12,7.8,7.9,7.4,7.4,1222000
POPULAR1MF,12-03-12,7.5,7.5,7.2,7.2,959500
POPULAR1MF,12-04-12,7.2,7.3,7.1,7.2,546000
POPULAR1MF,12-05-12,7.4,7.4,7,7.1,1039000
POPULAR1MF,12-06-12,7.1,7.2,7,7,443500
POPULAR1MF,12-09-12,6.9,7,6.9,6.9,343500
POPULAR1MF,12-10-12,6.9,6.9,6.8,6.8,347000
POPULAR1MF,12-11-12,6.8,7.3,6.7,7.1,680500
POPULAR1MF,12-12-12,7.1,7.3,7,7,961500
POPULAR1MF,13-12-12,7,7.1,6.9,7,689500
POPULAR1MF,17-12-12,7.1,7.3,7.1,7.2,471000
POPULAR1MF,18-12-12,7.3,7.3,7,7,481000
POPULAR1MF,19-12-12,7,7.1,7,7,347000
POPULAR1MF,20-12-12,7.2,7.2,7,7,404000
POPULAR1MF,23-12-12,7.1,7.1,6.8,6.9,1051500
POPULAR1MF,24-12-12,6.8,7.3,6.8,7.1,1106500
POPULAR1MF,26-12-12,7.2,7.3,7,7.1,513000
POPULAR1MF,27-12-12,6.9,7.2,6.9,7.1,647500
POPULAR1MF,30-12-12,7.1,7.3,7.1,7.2,1044500
RNSPIN,01-01-12,80.2,83.9,80,82,2149750
RNSPIN,01-02-12,83,83.4,78.6,79.4,1618750
RNSPIN,01-03-12,79.9,82.5,78.6,80.2,1735500
RNSPIN,01-04-12,80.4,83.9,80.4,83.5,1634250
RNSPIN,01-05-12,84,87.4,84,86.6,2310000
RNSPIN,01-08-12,87.4,87.4,84.1,84.6,1437420
RNSPIN,01-09-12,85.2,85.2,80.6,81.4,1261000
RNSPIN,01-10-12,82.4,83.5,79.6,80.1,1298250
RNSPIN,01-11-12,82,84.9,77.8,78.3,3882460
RNSPIN,01-12-12,79.9,79.9,72.6,73.1,1744250
RNSPIN,15-01-12,73,73.1,70.8,71.8,863000
RNSPIN,16-01-12,70.9,70.9,65,66.6,1442750
RNSPIN,18-01-12,65,66.4,61.9,62.3,2464250
RNSPIN,19-01-12,64.9,66.5,63.9,65.3,1495250
RNSPIN,22-01-12,66.9,67.2,60,60.6,1176750
RNSPIN,23-01-12,59,61,56.6,58,1651885
RNSPIN,24-01-12,59.9,60.2,53.5,54,1414750
RNSPIN,25-01-12,54.1,54.8,50.6,52.9,1481250
RNSPIN,26-01-12,54.4,54.5,50.1,50.4,1380000
RNSPIN,29-01-12,51,52,45.4,45.4,1689000
RNSPIN,30-01-12,41,43.9,40.9,43.2,2726750
RNSPIN,02-01-12,32,34,30.3,32.3,2841000
RNSPIN,02-02-12,32,34.5,32,33.5,1073500
RNSPIN,02-06-12,34.8,34.8,32.5,33.1,936500
RNSPIN,02-07-12,33.1,36.4,33.1,36.4,1927750
RNSPIN,02-08-12,36.3,37.5,34.2,34.5,1086750
RNSPIN,02-09-12,34.8,36.6,33.5,36.1,1044250
RNSPIN,02-12-12,36.9,37.8,35.5,36.8,1370000
RNSPIN,13-02-12,37.5,37.7,35.8,36,1618250
RNSPIN,14-02-12,36,36.4,35.1,35.4,1161250
RNSPIN,15-02-12,36,36.4,35.2,35.5,871250
RNSPIN,16-02-12,36.3,37.2,35.7,36.5,1328250
RNSPIN,19-02-12,35.8,40.1,35.8,39.4,2589250
RNSPIN,20-02-12,40,40.9,38.2,38.6,1555500
RNSPIN,22-02-12,39.5,39.6,38.7,38.9,1279500
RNSPIN,23-02-12,39.7,42.4,39.7,42.1,2259750
RNSPIN,26-02-12,42.7,44,42.7,43.4,2050525
RNSPIN,27-02-12,43.9,46.8,41.4,44.6,2745000
RNSPIN,28-02-12,46.4,48.2,45.4,45.8,2292250
RNSPIN,29-02-12,46,46.5,44,44.4,2766000
RNSPIN,03-01-12,46,48.3,45.2,45.5,4830750
RNSPIN,03-04-12,45.6,46.4,44.8,45.5,1440500
RNSPIN,03-05-12,46.4,46.4,41.4,42.1,1449000
RNSPIN,03-06-12,41.8,43.7,40.8,42.8,1598250
RNSPIN,03-07-12,42.8,42.8,40,40.2,1168750
RNSPIN,03-08-12,39.2,41.9,39.2,41.6,1353000
RNSPIN,03-11-12,41.4,41.4,39.7,40,1839750
RNSPIN,13-03-12,31.8,32.5,30.7,32.5,1731500
RNSPIN,14-03-12,33.9,34.7,33.1,34,2702750
RNSPIN,15-03-12,34.3,34.8,33.5,33.6,1276750
RNSPIN,18-03-12,34.5,34.7,33.5,33.6,1714750
RNSPIN,19-03-12,34.1,34.1,33.2,33.4,2012250
RNSPIN,20-03-12,34,35.2,33.9,35,2622000
RNSPIN,21-03-12,35,35.1,33.9,34.1,1172250
RNSPIN,22-03-12,34,34.8,33.7,34.6,836250
RNSPIN,25-03-12,34.8,37.6,34.8,37.2,3586500
RNSPIN,27-03-12,37.8,37.8,36.7,36.9,2450000
RNSPIN,28-03-12,37,38,35.4,37.7,4202750
RNSPIN,29-03-12,38,38.8,36.8,37.3,2205250
RNSPIN,04-01-12,38.6,38.6,37.3,37.7,1588750
RNSPIN,04-02-12,38,38.2,35.6,36.1,4993500
RNSPIN,04-03-12,36.2,37,35.6,35.8,1849500
RNSPIN,04-04-12,36,36.4,34.9,35.1,876250
RNSPIN,04-05-12,34.9,35.4,33.7,34.1,4335750
RNSPIN,04-08-12,34.7,35.9,34.4,35,2088500
RNSPIN,04-09-12,34.7,35.5,34,34.1,2049500
RNSPIN,04-10-12,34.9,37.5,34.7,37.4,4274750
RNSPIN,04-11-12,37.7,38.5,36.1,36.5,2582750
RNSPIN,04-12-12,36.5,38,35.9,37.7,4011000
RNSPIN,15-04-12,37,40.2,37,39.9,7400250
RNSPIN,16-04-12,39.8,40.6,38.7,39.4,5344750
RNSPIN,17-04-12,40.5,41.5,39.6,40.3,3549750
RNSPIN,18-04-12,40,40.9,38.8,38.9,3573000
RNSPIN,19-04-12,38.1,39.4,37,37.2,2407250
RNSPIN,22-04-12,37.7,38.1,37,37.3,1745750
RNSPIN,23-04-12,38,39.6,37.4,39.2,3547000
RNSPIN,24-04-12,39.7,39.8,38.2,38.4,2573750
RNSPIN,25-04-12,39.2,39.2,36.3,36.8,5445000
RNSPIN,26-04-12,37,37,34.8,35.2,1758750
RNSPIN,29-04-12,35.8,35.8,34,34.4,1085500
RNSPIN,30-04-12,35,35.9,34,35.1,2477500
RNSPIN,05-02-12,36.4,36.4,34.1,34.4,2909500
RNSPIN,05-03-12,35.5,35.5,33.7,33.9,3220000
RNSPIN,05-07-12,34,34.9,33.8,34.2,1214250
RNSPIN,05-08-12,34.7,34.7,33.3,33.4,783000
RNSPIN,05-09-12,33.4,33.6,31.6,32,1670750
RNSPIN,05-10-12,32,34.5,31.8,33.9,1384000
RNSPIN,13-05-12,34.8,34.8,32.4,32.7,1087500
RNSPIN,14-05-12,33.2,33.5,32.4,33.2,679890
RNSPIN,15-05-12,34,34,32.5,32.7,1113500
RNSPIN,16-05-12,32.5,33.4,32.2,32.5,991500
RNSPIN,17-05-12,31.1,32.4,30.4,31.6,912500
RNSPIN,20-05-12,32,32.7,31.8,32.2,732250
RNSPIN,21-05-12,32,34.9,32,32.8,1204500
RNSPIN,22-05-12,33.6,33.6,31.6,31.9,939000
RNSPIN,23-05-12,31.5,31.7,30.9,31.4,816750
RNSPIN,24-05-12,32,32.2,30.8,30.9,496500
RNSPIN,27-05-12,30.8,30.8,29.4,29.6,708750
RNSPIN,28-05-12,29.4,30.2,27.8,28,1035000
RNSPIN,29-05-12,28.6,28.7,26.8,27.7,1346500
RNSPIN,30-05-12,28.1,28.5,27.9,28.3,610500
RNSPIN,31-05-12,28.8,30.4,28.2,29.8,918000
RNSPIN,06-03-12,30.2,31.7,30.1,31.4,1035500
RNSPIN,06-04-12,32.1,32.3,28.3,28.6,2512750
RNSPIN,06-05-12,29,30.9,28.7,30.5,1077250
RNSPIN,06-06-12,31,31.2,30.4,30.5,862474
RNSPIN,06-07-12,30.7,30.8,30,30.1,883500
RNSPIN,06-10-12,30.4,30.8,29,29.4,872565
RNSPIN,06-11-12,29.4,29.7,28.9,29.5,425250
RNSPIN,06-12-12,29,29.8,29,29.5,537250
RNSPIN,13-06-12,29.9,30,29.1,29.2,493000
RNSPIN,14-06-12,29,29,28,28.3,614000
RNSPIN,17-06-12,28.3,28.3,27.5,27.6,461000
RNSPIN,18-06-12,27.4,28,26.7,27.2,689750
RNSPIN,19-06-12,27.3,27.9,26.8,26.9,356500
RNSPIN,20-06-12,26.9,27.1,26.2,26.4,296750
RNSPIN,21-06-12,26,27.2,26,26.5,515000
RNSPIN,24-06-12,28.9,28.9,26.1,26.4,679750
RNSPIN,25-06-12,25.8,26.3,25.1,25.3,488000
RNSPIN,26-06-12,25.8,26.4,25.5,26.1,665000
RNSPIN,27-06-12,26.3,27.7,25.7,27.3,843750
RNSPIN,28-06-12,28.5,28.5,26.9,26.9,646000
RNSPIN,07-02-12,26.4,26.9,25.5,25.6,462000
RNSPIN,07-03-12,25,26,25,25.4,354250
RNSPIN,07-04-12,25.5,25.6,24,24.1,749500
RNSPIN,07-05-12,24.8,24.9,23.3,23.8,851000
RNSPIN,07-08-12,24,24.6,23,23.1,767250
RNSPIN,07-09-12,23,23,20.9,21.1,1792500
RNSPIN,07-10-12,21.2,21.3,20.2,20.8,1297750
RNSPIN,07-11-12,20.5,22.8,20.1,22.7,1260000
RNSPIN,07-12-12,24,24,22.5,23,1401500
RNSPIN,15-07-12,23.1,23.1,21.2,21.3,1235750
RNSPIN,16-07-12,20.3,21.8,20.3,21.5,492750
RNSPIN,17-07-12,21.2,22.5,21.1,21.9,633750
RNSPIN,18-07-12,22.4,23.9,22.4,23.7,1489250
RNSPIN,19-07-12,23.9,24.8,23.1,23.8,1795750
RNSPIN,22-07-12,23.1,24.5,23.1,24.1,1096500
RNSPIN,23-07-12,24,25,23.9,24.8,1009250
RNSPIN,24-07-12,25.1,26.8,25,26.6,1499500
RNSPIN,25-07-12,26.9,27,24.8,25,1942000
RNSPIN,26-07-12,25.5,26.8,24.8,26.5,1767250
RNSPIN,29-07-12,27,27,25,25.2,1954250
RNSPIN,30-07-12,25,25,23.6,23.8,2785500
RNSPIN,08-01-12,23.1,26.1,23.1,25.8,5081750
RNSPIN,08-02-12,26,27,25.3,25.5,4166500
RNSPIN,08-05-12,25.6,26.3,24.9,26,3316750
RNSPIN,08-06-12,26.4,28.5,26.3,28,6487750
RNSPIN,08-07-12,28.5,28.9,27.4,27.6,4644750
RNSPIN,08-08-12,27,30,27,29.7,5614000
RNSPIN,08-12-12,29.7,30.5,27.8,28.4,5030750
RNSPIN,13-08-12,28.6,28.8,27.2,27.6,3291750
RNSPIN,14-08-12,28.1,28.7,27.9,28.4,3322250
RNSPIN,26-08-12,28.8,29.8,28.4,29.2,3586750
RNSPIN,27-08-12,29.5,31.5,28.5,30.3,6727000
RNSPIN,28-08-12,30.4,33.3,30,33.1,9750250
RNSPIN,29-08-12,33.5,35,33.3,33.9,5769750
RNSPIN,30-08-12,34.9,34.9,31.7,31.9,6753750
RNSPIN,09-02-12,32.1,33.5,31.7,32.1,4861750
RNSPIN,09-03-12,32.9,34.3,32.2,34,5123750
RNSPIN,09-04-12,34.5,34.9,33.6,33.8,4160500
RNSPIN,09-05-12,33.9,34,32,32.2,5304250
RNSPIN,09-06-12,32.2,32.9,31,31.8,4708500
RNSPIN,09-09-12,32,33.9,31.6,33.4,3816500
RNSPIN,09-10-12,33.6,34.4,32.5,32.7,5686250
RNSPIN,09-11-12,33.1,34.5,32.9,34.1,7155000
RNSPIN,09-12-12,34.8,35.5,34.5,34.7,7085750
RNSPIN,13-09-12,35,37.9,34.5,37.2,9140000
RNSPIN,16-09-12,37.9,39.8,37.2,37.6,8732500
RNSPIN,17-09-12,37.7,39.4,37.1,37.4,8249250
RNSPIN,18-09-12,39.5,41.1,36.8,40.9,11349500
RNSPIN,19-09-12,40.9,43.3,39.1,40,10102500
RNSPIN,20-09-12,39.1,39.5,36,36.2,10499250
RNSPIN,23-09-12,36.2,39.8,36.2,39.8,6812500
RNSPIN,24-09-12,41,43.7,40.9,42.5,12391000
RNSPIN,25-09-12,42.5,43.6,40.5,41.9,10763500
RNSPIN,26-09-12,42,45.9,42,44.1,13813750
RNSPIN,27-09-12,45,47,44.1,45.3,8794750
RNSPIN,30-09-12,47,47,41.7,42.4,8187500
RNSPIN,10-01-12,41.6,44.8,40.8,44,7335000
RNSPIN,10-01-12,41.6,44.8,40.8,44,7335000
RNSPIN,10-02-12,45.4,46.5,43.1,43.5,6525250
RNSPIN,10-03-12,44,44.6,41.5,41.7,5913000
RNSPIN,10-04-12,42.9,43.2,41,41.4,3587000
RNSPIN,10-07-12,41.9,42,38,38.2,5325250
RNSPIN,10-08-12,40,40.4,36.9,38.5,4031000
RNSPIN,10-09-12,40,42,39.4,41.6,4381750
RNSPIN,10-10-12,42.5,42.9,38.9,39.3,4703000
RNSPIN,10-11-12,36.5,41.6,36.5,41,7078750
RNSPIN,14-10-12,42,43.2,41.7,42.2,7991500
RNSPIN,15-10-12,42.8,42.9,41.6,41.7,3686000
RNSPIN,16-10-12,41.6,42.2,40,40.2,3952000
RNSPIN,17-10-12,41,41.2,39.2,39.5,2546000
RNSPIN,18-10-12,39.7,40.6,38.8,39.1,2026000
RNSPIN,21-10-12,40.3,40.3,37.3,37.5,2145750
RNSPIN,22-10-12,37.1,39.6,37.1,39.1,1420750
RNSPIN,23-10-12,40,40.6,39.5,39.8,1730500
RNSPIN,30-10-12,39.5,40,39,39.2,853750
RNSPIN,31-10-12,39.4,39.4,38.6,38.9,1128250
RNSPIN,11-01-12,40.5,41.7,39.6,41,5183500
RNSPIN,11-04-12,41.2,41.8,39.1,39.5,2622750
RNSPIN,11-05-12,40.2,40.8,39.2,40.2,2020750
RNSPIN,11-06-12,40.8,41,39.7,40,2422750
RNSPIN,11-07-12,40.7,40.7,39.1,39.3,1756250
RNSPIN,11-08-12,37.1,39.5,37,38,1702250
RNSPIN,11-11-12,38,38.3,36.4,36.8,2312500
RNSPIN,11-12-12,37,37.4,35.1,35.5,1924750
RNSPIN,13-11-12,35.9,39,35,38.5,2071250
RNSPIN,14-11-12,38.8,39.3,37.5,37.9,1968750
RNSPIN,15-11-12,37.8,38.6,37.5,38.2,1759500
RNSPIN,18-11-12,38.4,40,38.2,38.7,2837750
RNSPIN,19-11-12,38.2,38.7,36.9,37,2179250
RNSPIN,20-11-12,37.1,37.9,36.4,36.6,1508750
RNSPIN,21-11-12,37.5,38.4,36.9,37.3,1676750
RNSPIN,22-11-12,38.3,38.9,37.7,38.3,2352000
RNSPIN,26-11-12,38.3,38.4,36.8,36.9,1720750
RNSPIN,27-11-12,37,37.4,36.3,36.4,2088750
RNSPIN,28-11-12,37.1,37.4,35.9,36.1,1511750
RNSPIN,29-11-12,38,38.7,37.1,38.4,2239500
RNSPIN,12-02-12,39,39,36.6,36.9,2143250
RNSPIN,12-03-12,36.9,37.1,36.1,36.2,1158250
RNSPIN,12-04-12,38,38,36,36.4,1033000
RNSPIN,12-05-12,36.8,37,36.1,36.4,1303250
RNSPIN,12-06-12,36.2,37.4,36,36.1,2216750
RNSPIN,12-09-12,36.2,36.3,34.8,34.9,1673750
RNSPIN,12-10-12,34.5,35.2,33.8,34,1341250
RNSPIN,12-11-12,33.9,34.4,33.3,34.1,949750
RNSPIN,12-12-12,34.4,34.8,33.7,33.9,983000
RNSPIN,13-12-12,33.9,34.2,33.6,33.8,643250
RNSPIN,17-12-12,34.3,34.8,34,34.6,1140000
RNSPIN,18-12-12,34.8,35.2,34.3,34.4,944000
RNSPIN,19-12-12,34.4,35.5,34.4,35.3,1579750
RNSPIN,20-12-12,35.5,36.4,35.3,35.3,1379500
RNSPIN,23-12-12,36,36,34.6,34.8,943750
RNSPIN,24-12-12,35.1,35.2,34.5,34.6,732500
RNSPIN,26-12-12,34.9,34.9,33.9,34.1,1740500
RNSPIN,27-12-12,34.5,34.5,33.9,34.1,1595750
RNSPIN,30-12-12,34.5,34.6,34,34.1,1183250
1JANATAMF,01-01-13,7.1,7.1,6.9,6.9,112500
1JANATAMF,01-02-13,7,7,6.8,6.9,224000
1JANATAMF,01-03-13,7.1,7.5,7.1,7.4,1297500
1JANATAMF,01-06-13,7.4,7.7,7.2,7.2,399500
1JANATAMF,01-07-13,7.1,7.3,7,7.1,195000
1JANATAMF,01-08-13,7.2,7.4,7.2,7.2,231500
1JANATAMF,01-09-13,7.9,7.9,7.3,7.3,1166000
1JANATAMF,01-10-13,7.2,7.3,7.1,7.1,193500
1JANATAMF,13-01-13,7.1,7.2,7,7.1,209000
1JANATAMF,14-01-13,7.1,7.2,7,7.1,208000
1JANATAMF,15-01-13,7.1,7.1,7,7,106500
1JANATAMF,16-01-13,7.1,7.2,7,7,228000
1JANATAMF,17-01-13,7,7.2,7,7,177000
1JANATAMF,20-01-13,7,7.1,7,7,108000
1JANATAMF,21-01-13,7,7,6.9,6.9,252500
1JANATAMF,22-01-13,7,7,6.9,6.9,556000
1JANATAMF,23-01-13,6.9,7,6.8,6.9,205000
1JANATAMF,24-01-13,6.8,7,6.8,6.9,239500
1JANATAMF,27-01-13,6.9,7,6.8,6.8,418000
1JANATAMF,28-01-13,6.8,6.8,6.6,6.6,363500
1JANATAMF,29-01-13,6.8,6.9,6.6,6.7,525000
1JANATAMF,30-01-13,6.8,6.9,6.7,6.7,82500
1JANATAMF,31-01-13,6.7,6.8,6.6,6.6,425500
1JANATAMF,02-03-13,6.7,6.8,6.6,6.6,324500
1JANATAMF,02-04-13,6.7,6.8,6.6,6.7,110000
1JANATAMF,02-05-13,6.6,6.8,6.6,6.6,116500
1JANATAMF,02-06-13,6.6,6.8,6.6,6.7,214500
1JANATAMF,02-07-13,6.7,6.8,6.6,6.6,181000
1JANATAMF,02-10-13,6.7,6.9,6.7,6.8,255000
1JANATAMF,02-11-13,6.9,7,6.8,6.9,547500
1JANATAMF,02-12-13,7.1,7.1,6.9,6.9,276000
1JANATAMF,13-02-13,6.9,7,6.7,6.8,323000
1JANATAMF,14-02-13,6.7,6.9,6.7,6.8,179000
1JANATAMF,17-02-13,6.9,6.9,6.6,6.7,297000
1JANATAMF,18-02-13,6.7,6.8,6.6,6.6,331000
1JANATAMF,19-02-13,6.6,6.7,6.5,6.5,370500
1JANATAMF,20-02-13,6.5,6.7,6.5,6.5,136500
1JANATAMF,24-02-13,6.5,6.6,6.4,6.4,174500
1JANATAMF,25-02-13,6.4,6.6,6.4,6.4,214000
1JANATAMF,26-02-13,6.5,6.5,6.3,6.4,238000
1JANATAMF,27-02-13,6.4,6.5,6.2,6.2,279000
1JANATAMF,28-02-13,6.2,6.2,6,6,260500
1JANATAMF,03-03-13,6,6.1,5.7,5.7,131000
1JANATAMF,03-04-13,5.9,6.1,5.8,6,150000
1JANATAMF,03-05-13,6.1,6.2,6,6,95000
1JANATAMF,03-06-13,6,6.1,6,6,84000
1JANATAMF,03-07-13,6,6,5.9,5.9,101500
1JANATAMF,03-10-13,5.9,6,5.8,5.8,63000
1JANATAMF,03-11-13,5.8,5.8,5.6,5.6,320500
1JANATAMF,03-12-13,5.6,5.7,5.4,5.4,559500
1JANATAMF,13-03-13,5.6,5.7,5.5,5.6,95500
1JANATAMF,14-03-13,5.6,5.7,5.3,5.3,676500
1JANATAMF,18-03-13,5.5,5.5,5.4,5.4,306000
1JANATAMF,19-03-13,5.5,5.7,5.4,5.6,258000
1JANATAMF,20-03-13,5.5,5.5,5.4,5.4,113000
1JANATAMF,24-03-13,5.4,5.5,5.4,5.4,150500
1JANATAMF,25-03-13,5.5,5.6,5.4,5.4,158500
1JANATAMF,27-03-13,5.5,5.5,5.3,5.3,203500
1JANATAMF,28-03-13,5.4,5.5,5.3,5.3,129500
1JANATAMF,31-03-13,5.3,5.4,5.2,5.2,128000
1JANATAMF,04-01-13,5.2,5.2,5,5,137000
1JANATAMF,04-02-13,5.2,5.2,4.9,5,228000
1JANATAMF,04-03-13,5.1,5.2,5,5.1,109500
1JANATAMF,04-04-13,5.1,5.2,5.1,5.1,72000
1JANATAMF,04-07-13,5.1,5.5,5.1,5.4,446000
1JANATAMF,04-08-13,5.4,5.9,5.3,5.8,1004000
1JANATAMF,04-09-13,6,6.2,5.8,5.8,329500
1JANATAMF,04-10-13,5.9,6.1,5.6,5.8,566500
1JANATAMF,04-11-13,5.8,6,5.7,5.8,517500
1JANATAMF,15-04-13,5.9,6,5.7,5.7,454500
1JANATAMF,16-04-13,5.9,5.9,5.5,5.5,262000
1JANATAMF,17-04-13,5.6,5.9,5.4,5.8,385500
1JANATAMF,18-04-13,6,6.2,5.9,5.9,972000
1JANATAMF,21-04-13,5.9,5.9,5.7,5.8,162000
1JANATAMF,22-04-13,5.8,5.9,5.7,5.7,289500
1JANATAMF,23-04-13,5.9,5.9,5.7,5.8,171500
1JANATAMF,24-04-13,5.9,5.9,5.6,5.6,268500
1JANATAMF,25-04-13,5.7,5.9,5.7,5.7,341000
1JANATAMF,28-04-13,5.7,5.7,5.6,5.6,182000
1JANATAMF,29-04-13,5.7,5.7,5.5,5.6,248000
1JANATAMF,30-04-13,5.8,5.8,5.6,5.6,136000
1JANATAMF,05-02-13,5.5,5.7,5.5,5.6,262000
1JANATAMF,05-05-13,5.7,5.7,5.6,5.6,106000
1JANATAMF,05-06-13,5.5,5.6,5.5,5.5,29000
1JANATAMF,05-07-13,5.5,5.7,5.5,5.6,169500
1JANATAMF,05-08-13,5.8,6,5.7,5.7,638000
1JANATAMF,05-09-13,5.8,5.9,5.7,5.8,232500
1JANATAMF,05-12-13,5.9,6,5.8,5.9,325000
1JANATAMF,13-05-13,6,6.2,5.9,6,756000
1JANATAMF,14-05-13,6.1,6.6,6.1,6.5,733500
1JANATAMF,15-05-13,6.5,6.6,6.2,6.2,795500
1JANATAMF,16-05-13,6.3,6.7,6.3,6.5,607000
1JANATAMF,19-05-13,6.6,6.7,6.5,6.6,529000
1JANATAMF,20-05-13,6.6,6.7,6.4,6.5,734000
1JANATAMF,21-05-13,6.5,6.6,6.3,6.3,378000
1JANATAMF,22-05-13,6.2,6.5,6.2,6.2,286000
1JANATAMF,26-05-13,6.2,6.3,6,6,252000
1JANATAMF,27-05-13,6.1,6.3,6,6.1,223000
1JANATAMF,28-05-13,6.3,6.4,6.2,6.3,216000
1JANATAMF,29-05-13,6.4,6.5,6.3,6.4,420500
1JANATAMF,30-05-13,6.5,6.7,6.5,6.5,739500
1JANATAMF,06-02-13,6.7,7.1,6.6,7,2212500
1JANATAMF,06-03-13,7.3,7.3,6.9,7,957000
1JANATAMF,06-04-13,7.1,7.2,6.9,6.9,650000
1JANATAMF,06-05-13,6.8,7.2,6.7,7.1,950000
1JANATAMF,06-06-13,7,7.3,7,7.1,1089000
1JANATAMF,06-09-13,7.4,7.6,6.9,6.9,985000
1JANATAMF,06-10-13,7,7.4,7,7.2,865500
1JANATAMF,06-11-13,7.4,7.5,7.2,7.2,710000
1JANATAMF,06-12-13,7.4,7.5,7,7,744000
1JANATAMF,13-06-13,7.2,7.2,7,7,708500
1JANATAMF,16-06-13,7.2,7.3,7.1,7.1,415000
1JANATAMF,17-06-13,7.2,7.4,7,7.1,914500
1JANATAMF,18-06-13,7.3,7.6,7.2,7.5,2225500
1JANATAMF,19-06-13,7.6,7.8,7.5,7.5,1168500
1JANATAMF,20-06-13,7.7,7.7,7.2,7.3,478000
1JANATAMF,23-06-13,7.3,7.4,7,7,589000
1JANATAMF,24-06-13,7.1,7.1,6.9,6.9,508500
1JANATAMF,26-06-13,7.1,7.3,7,7,303500
1JANATAMF,27-06-13,7.1,7.1,6.9,6.9,225500
1JANATAMF,30-06-13,6.8,7.1,6.7,6.8,519000
1JANATAMF,07-02-13,7,7.2,7,7.1,315000
1JANATAMF,07-03-13,7.1,7.2,6.8,6.9,525500
1JANATAMF,07-04-13,7,7,6.7,6.8,979500
1JANATAMF,07-07-13,7,7.2,6.9,7.1,664500
1JANATAMF,07-08-13,7.2,7.2,6.9,6.9,893500
1JANATAMF,07-09-13,6.9,7,6.8,6.8,1125000
1JANATAMF,07-10-13,6.9,7.1,6.8,6.9,624000
1JANATAMF,07-11-13,7.2,7.2,6.7,6.7,576500
1JANATAMF,14-07-13,6.8,6.9,6.7,6.7,244500
1JANATAMF,15-07-13,6.8,6.9,6.6,6.7,381500
1JANATAMF,16-07-13,6.9,7,6.7,6.8,341500
1JANATAMF,17-07-13,6.7,6.9,6.7,6.7,478000
1JANATAMF,18-07-13,6.8,6.8,6.6,6.7,376000
1JANATAMF,21-07-13,6.9,6.9,6.6,6.6,245000
1JANATAMF,22-07-13,6.7,6.8,6.5,6.6,318500
1JANATAMF,23-07-13,6.6,6.7,6.1,6.3,383500
1JANATAMF,24-07-13,6.2,6.9,6.2,6.9,461000
1JANATAMF,25-07-13,7.4,7.5,6.8,6.8,896500
1JANATAMF,28-07-13,6.8,6.8,6.5,6.6,162500
1JANATAMF,29-07-13,6.6,6.9,6.5,6.7,335000
1JANATAMF,30-07-13,6.9,6.9,6.4,6.4,213000
1JANATAMF,31-07-13,6.6,6.7,6.2,6.2,267500
1JANATAMF,08-01-13,6.2,6.3,6.1,6.2,122000
1JANATAMF,08-04-13,6.1,6.2,5.8,6,200000
1JANATAMF,08-05-13,6,6.3,6,6.2,104000
1JANATAMF,08-12-13,6,6.1,6,6,80000
1JANATAMF,13-08-13,6,6.1,5.9,5.9,240000
1JANATAMF,14-08-13,5.5,5.9,5.5,5.7,477500
1JANATAMF,18-08-13,5.7,5.9,5.6,5.8,385000
1JANATAMF,19-08-13,5.8,5.9,5.7,5.8,268000
1JANATAMF,20-08-13,5.8,6,5.8,5.8,196500
1JANATAMF,21-08-13,5.9,5.9,5.7,5.7,415500
1JANATAMF,22-08-13,5.7,6,5.7,5.9,282000
1JANATAMF,25-08-13,6.1,6.1,5.9,5.9,173000
1JANATAMF,26-08-13,5.9,6,5.8,5.9,246000
1JANATAMF,27-08-13,5.9,5.9,5.8,5.8,242500
1JANATAMF,29-08-13,5.9,5.9,5.7,5.7,208000
1JANATAMF,09-01-13,5.8,5.9,5.8,5.8,508000
1JANATAMF,09-02-13,5.9,5.9,5.8,5.8,175500
1JANATAMF,09-03-13,5.8,5.8,5.7,5.7,90500
1JANATAMF,09-04-13,5.7,5.8,5.7,5.7,90500
1JANATAMF,09-05-13,5.8,5.9,5.7,5.7,122000
1JANATAMF,09-08-13,5.8,5.8,5.7,5.7,96000
1JANATAMF,09-09-13,5.7,5.9,5.7,5.7,164000
1JANATAMF,09-10-13,5.7,5.8,5.6,5.6,142000
1JANATAMF,09-11-13,5.6,6,5.6,5.7,379500
1JANATAMF,09-12-13,5.8,5.8,5.7,5.7,157000
1JANATAMF,15-09-13,5.7,5.8,5.6,5.6,315000
1JANATAMF,16-09-13,5.6,5.8,5.6,5.6,71000
1JANATAMF,17-09-13,5.6,5.8,5.6,5.6,173500
1JANATAMF,18-09-13,5.6,5.8,5.6,5.6,165000
1JANATAMF,19-09-13,5.6,5.8,5.6,5.7,131500
1JANATAMF,22-09-13,5.7,5.8,5.7,5.7,177500
1JANATAMF,23-09-13,5.7,5.8,5.6,5.6,194500
1JANATAMF,24-09-13,5.6,5.8,5.6,5.6,193000
1JANATAMF,25-09-13,5.6,5.7,5.5,5.5,233000
1JANATAMF,26-09-13,5.6,5.7,5.6,5.6,64000
1JANATAMF,29-09-13,5.7,5.9,5.7,5.8,274500
1JANATAMF,30-09-13,5.9,6,5.7,5.7,341500
1JANATAMF,10-01-13,5.7,5.9,5.7,5.8,148000
1JANATAMF,10-02-13,5.9,6,5.8,5.8,365000
1JANATAMF,10-03-13,5.9,6,5.8,5.9,411500
1JANATAMF,10-06-13,5.7,5.9,5.7,5.7,197500
1JANATAMF,10-07-13,5.9,5.9,5.7,5.7,245000
1JANATAMF,10-08-13,5.8,5.8,5.7,5.7,302500
1JANATAMF,10-09-13,5.6,5.7,5.5,5.5,381000
1JANATAMF,10-10-13,5.6,5.7,5.6,5.6,158500
1JANATAMF,20-10-13,5.8,5.8,5.5,5.5,174000
1JANATAMF,21-10-13,5.5,5.7,5.5,5.5,272000
1JANATAMF,22-10-13,5.6,5.7,5.6,5.6,95000
1JANATAMF,23-10-13,5.7,5.7,5.6,5.6,323000
1JANATAMF,24-10-13,5.6,5.6,5.5,5.5,334000
1JANATAMF,27-10-13,5.6,5.7,5.5,5.6,134000
1JANATAMF,28-10-13,5.7,5.8,5.6,5.6,239000
1JANATAMF,29-10-13,5.7,5.8,5.6,5.7,227000
1JANATAMF,30-10-13,5.8,5.8,5.7,5.7,70500
1JANATAMF,31-10-13,5.7,5.8,5.7,5.7,205500
1JANATAMF,11-03-13,5.8,5.9,5.7,5.8,611000
1JANATAMF,11-04-13,5.8,6,5.8,5.9,160500
1JANATAMF,11-05-13,5.9,6.1,5.9,5.9,521000
1JANATAMF,11-06-13,5.9,6.1,5.9,6,412500
1JANATAMF,11-07-13,6.1,6.3,6,6.2,501500
1JANATAMF,11-10-13,6.5,6.5,6.2,6.2,579000
1JANATAMF,11-11-13,6.4,6.6,6.4,6.4,1504500
1JANATAMF,11-12-13,6.6,6.7,6.1,6.3,689000
1JANATAMF,13-11-13,6.3,6.6,6.2,6.4,468500
1JANATAMF,14-11-13,6.5,6.6,6.4,6.5,323500
1JANATAMF,17-11-13,6.5,6.5,6.2,6.4,299000
1JANATAMF,18-11-13,6.3,6.4,6.3,6.3,274500
1JANATAMF,19-11-13,6.3,6.4,6.3,6.3,566000
1JANATAMF,20-11-13,6.4,6.6,6.4,6.4,796500
1JANATAMF,21-11-13,6.4,6.6,6.4,6.5,476000
1JANATAMF,24-11-13,6.5,6.5,6.3,6.3,435000
1JANATAMF,25-11-13,6.4,6.4,6.2,6.2,604500
1JANATAMF,26-11-13,6.2,6.3,6,6.1,505000
1JANATAMF,27-11-13,6.2,6.2,6,6,291500
1JANATAMF,28-11-13,6.1,6.1,6,6,137500
1JANATAMF,12-01-13,6,6,5.9,5.9,106500
1JANATAMF,12-02-13,6,6.1,5.9,5.9,81000
1JANATAMF,12-03-13,6,6.1,6,6,163500
1JANATAMF,12-04-13,6.1,6.1,6,6,62500
1JANATAMF,12-05-13,6,6.1,5.9,6,138000
1JANATAMF,12-08-13,5.9,6.1,5.9,6,113500
1JANATAMF,12-09-13,6.1,6.3,6,6.2,419000
1JANATAMF,12-10-13,6.4,6.4,6.1,6.1,271000
1JANATAMF,12-11-13,6.2,6.4,6.1,6.3,245500
1JANATAMF,12-12-13,6.4,6.4,6.1,6.1,237000
1JANATAMF,15-12-13,6.2,6.3,6.1,6.1,191000
1JANATAMF,17-12-13,6.3,6.3,6.1,6.2,236500
1JANATAMF,18-12-13,6.2,6.3,6.1,6.2,113500
1JANATAMF,19-12-13,6.2,6.2,6,6.1,218500
1JANATAMF,22-12-13,6.1,6.2,6,6.1,209500
1JANATAMF,23-12-13,6.2,6.2,6,6,175500
1JANATAMF,24-12-13,6.1,6.1,6,6,167500
1JANATAMF,26-12-13,6.1,6.1,6,6,119500
1JANATAMF,29-12-13,6,6,5.9,5.9,188500
1JANATAMF,30-12-13,5.9,6.1,5.9,6,135500
DBH1STMF,01-01-13,7.1,7.3,7,7,170000
DBH1STMF,01-02-13,7,7.1,6.9,6.9,281000
DBH1STMF,01-03-13,7.4,7.5,7.3,7.5,1110000
DBH1STMF,01-06-13,7.7,7.8,7.4,7.4,579500
DBH1STMF,01-07-13,7.5,7.6,7.3,7.4,560500
DBH1STMF,01-08-13,7.5,7.8,7.4,7.5,473500
DBH1STMF,01-09-13,8.2,8.2,7.6,7.6,1402000
DBH1STMF,01-10-13,7.6,7.7,7.3,7.4,428000
DBH1STMF,13-01-13,7.5,7.5,7.1,7.1,314500
DBH1STMF,14-01-13,7.1,7.2,7.1,7.1,131500
DBH1STMF,15-01-13,7.1,7.2,7,7.1,278000
DBH1STMF,16-01-13,7.1,7.2,7.1,7.1,126500
DBH1STMF,17-01-13,7.2,7.3,7.1,7.1,190500
DBH1STMF,20-01-13,7.2,7.3,7.1,7.1,373000
DBH1STMF,21-01-13,7.1,7.3,7.1,7.2,143000
DBH1STMF,22-01-13,7.1,7.2,6.9,6.9,616500
DBH1STMF,23-01-13,6.9,7,6.8,6.8,327000
DBH1STMF,24-01-13,6.9,7.1,6.8,6.8,430000
DBH1STMF,27-01-13,6.9,7,6.6,6.7,612500
DBH1STMF,28-01-13,6.8,6.8,6.6,6.6,551000
DBH1STMF,29-01-13,6.7,6.9,6.7,6.8,268000
DBH1STMF,30-01-13,6.9,6.9,6.8,6.8,173000
DBH1STMF,31-01-13,6.8,6.9,6.7,6.7,235500
DBH1STMF,02-03-13,6.8,6.9,6.7,6.8,270500
DBH1STMF,02-04-13,6.8,6.9,6.7,6.7,317500
DBH1STMF,02-05-13,6.7,6.9,6.6,6.8,234500
DBH1STMF,02-06-13,6.8,7,6.8,6.9,401000
DBH1STMF,02-07-13,7,7,6.9,6.9,533000
DBH1STMF,02-10-13,6.9,7.1,6.9,6.9,477500
DBH1STMF,02-11-13,7,7.1,6.9,6.9,485000
DBH1STMF,02-12-13,7,7,6.9,6.9,332500
DBH1STMF,13-02-13,6.9,6.9,6.7,6.7,364500
DBH1STMF,14-02-13,7,7,6.7,6.7,469500
DBH1STMF,17-02-13,6.8,6.8,6.7,6.7,458000
DBH1STMF,18-02-13,6.7,6.7,6.5,6.6,279500
DBH1STMF,19-02-13,6.5,6.6,6.5,6.5,366000
DBH1STMF,20-02-13,6.5,6.6,6.5,6.5,156000
DBH1STMF,24-02-13,6.5,6.5,6.3,6.3,290000
DBH1STMF,25-02-13,6.5,6.5,6.2,6.2,210500
DBH1STMF,26-02-13,6.4,6.4,6.2,6.2,174000
DBH1STMF,27-02-13,6.3,6.3,6,6,246000
DBH1STMF,28-02-13,6.1,6.1,6,6,171000
DBH1STMF,03-03-13,6,6,5.6,5.7,273500
DBH1STMF,03-04-13,5.8,5.9,5.7,5.8,139000
DBH1STMF,03-05-13,5.9,5.9,5.7,5.8,281000
DBH1STMF,03-06-13,5.9,6,5.8,5.8,50000
DBH1STMF,03-07-13,5.7,5.9,5.6,5.7,67000
DBH1STMF,03-10-13,5.8,5.9,5.7,5.7,103000
DBH1STMF,03-11-13,5.6,5.7,5.5,5.5,117000
DBH1STMF,03-12-13,5.6,5.7,5.6,5.6,105500
DBH1STMF,13-03-13,5.8,5.8,5.6,5.6,87000
DBH1STMF,14-03-13,5.6,5.7,5.5,5.5,72500
DBH1STMF,18-03-13,5.6,5.6,5.4,5.5,124000
DBH1STMF,19-03-13,5.4,5.7,5.4,5.6,37500
DBH1STMF,20-03-13,5.6,5.7,5.6,5.6,127000
DBH1STMF,24-03-13,5.5,5.6,5.4,5.4,260500
DBH1STMF,25-03-13,5.4,5.5,5.3,5.3,107000
DBH1STMF,27-03-13,5.3,5.4,5.2,5.2,181500
DBH1STMF,28-03-13,5.2,5.4,5.2,5.3,98000
DBH1STMF,31-03-13,5.3,5.3,5.2,5.2,76000
DBH1STMF,04-01-13,5.2,5.2,4.9,4.9,234500
DBH1STMF,04-02-13,5.1,5.1,4.9,5,213000
DBH1STMF,04-03-13,5.1,5.2,5,5,81500
DBH1STMF,04-04-13,5.1,5.2,5,5,34000
DBH1STMF,04-07-13,5,5.5,5,5.4,750000
DBH1STMF,04-08-13,5.6,5.9,5.5,5.9,549500
DBH1STMF,04-09-13,6.1,6.4,5.9,6.1,776500
DBH1STMF,04-10-13,6.1,6.5,5.8,6.1,749500
DBH1STMF,04-11-13,6.6,6.7,6.1,6.3,398500
DBH1STMF,15-04-13,6,6.2,6,6,189000
DBH1STMF,16-04-13,6,6,5.6,5.6,509000
DBH1STMF,17-04-13,5.7,6.1,5.5,6,480000
DBH1STMF,18-04-13,6.2,6.6,6.1,6.2,1290000
DBH1STMF,21-04-13,6.3,6.4,6,6,305000
DBH1STMF,22-04-13,6,6.3,5.8,5.8,564500
DBH1STMF,23-04-13,6.2,6.2,6,6,239500
DBH1STMF,24-04-13,6.1,6.1,5.9,5.9,272000
DBH1STMF,25-04-13,5.9,5.9,5.7,5.7,418000
DBH1STMF,28-04-13,5.7,5.8,5.5,5.7,382000
DBH1STMF,29-04-13,5.7,5.9,5.7,5.7,250000
DBH1STMF,30-04-13,5.9,5.9,5.6,5.6,233500
DBH1STMF,05-02-13,5.8,5.8,5.6,5.7,332500
DBH1STMF,05-05-13,5.7,5.8,5.6,5.6,289500
DBH1STMF,05-06-13,5.7,5.7,5.6,5.6,58500
DBH1STMF,05-07-13,5.8,5.9,5.7,5.7,368500
DBH1STMF,05-08-13,5.7,6.2,5.7,5.8,448500
DBH1STMF,05-09-13,5.9,6.1,5.9,5.9,373500
DBH1STMF,05-12-13,5.8,6.3,5.8,6.2,485500
DBH1STMF,13-05-13,6.4,6.5,6.2,6.3,589500
DBH1STMF,14-05-13,6.4,6.9,6.4,6.8,1148000
DBH1STMF,15-05-13,6.8,6.8,6.5,6.5,789000
DBH1STMF,16-05-13,6.5,6.9,6.4,6.7,934500
DBH1STMF,19-05-13,6.9,7.2,6.8,7.1,1212000
DBH1STMF,20-05-13,7.1,7.3,6.9,6.9,940500
DBH1STMF,21-05-13,7,7,6.7,6.7,334500
DBH1STMF,22-05-13,6.8,6.9,6.5,6.6,715500
DBH1STMF,26-05-13,6.6,6.7,6.3,6.3,771500
DBH1STMF,27-05-13,6.5,6.6,6.4,6.4,330500
DBH1STMF,28-05-13,6.6,6.7,6.5,6.5,287500
DBH1STMF,29-05-13,6.7,6.9,6.6,6.7,380000
DBH1STMF,30-05-13,6.9,6.9,6.7,6.7,473000
DBH1STMF,06-02-13,7.1,7.1,6.9,7,886500
DBH1STMF,06-03-13,7.1,7.2,6.9,7.1,1237000
DBH1STMF,06-04-13,7.1,7.1,6.9,6.9,1174000
DBH1STMF,06-05-13,6.9,7.1,6.8,6.9,878000
DBH1STMF,06-06-13,7,7.2,6.9,7,660000
DBH1STMF,06-09-13,7.3,7.3,6.8,6.9,898500
DBH1STMF,06-10-13,7,7.3,6.9,7.2,822500
DBH1STMF,06-11-13,7.3,7.4,7.2,7.2,946000
DBH1STMF,06-12-13,7.1,7.2,6.9,6.9,737000
DBH1STMF,13-06-13,6.9,7,6.8,6.8,789500
DBH1STMF,16-06-13,7,7.2,6.9,6.9,663500
DBH1STMF,17-06-13,7.1,7.2,6.9,7,1196000
DBH1STMF,18-06-13,7.1,7.7,7,7.6,3324500
DBH1STMF,19-06-13,7.8,8,7.7,7.8,1820000
DBH1STMF,20-06-13,7.9,7.9,7.5,7.6,1240000
DBH1STMF,23-06-13,7.5,7.6,7,7,961500
DBH1STMF,24-06-13,7.1,7.1,6.9,7,514500
DBH1STMF,26-06-13,7.2,7.4,7.1,7.2,598000
DBH1STMF,27-06-13,7.2,7.4,7,7,1059000
DBH1STMF,30-06-13,6.9,7,6.7,6.8,478500
DBH1STMF,07-02-13,6.9,7.3,6.9,7.2,419500
DBH1STMF,07-03-13,7.3,7.4,7,7,357500
DBH1STMF,07-04-13,7.3,7.3,6.9,7.1,481500
DBH1STMF,07-07-13,7.3,7.5,7.2,7.4,751000
DBH1STMF,07-08-13,7.5,7.6,7.2,7.2,531000
DBH1STMF,07-09-13,7.2,7.3,6.9,6.9,1013500
DBH1STMF,07-10-13,7,7.3,6.9,6.9,886500
DBH1STMF,07-11-13,7,7.1,6.9,6.9,345500
DBH1STMF,14-07-13,6.9,7.1,6.7,6.7,274500
DBH1STMF,15-07-13,7,7,6.6,6.6,580000
DBH1STMF,16-07-13,7,7,6.6,6.7,597000
DBH1STMF,17-07-13,6.7,6.8,6.6,6.7,311500
DBH1STMF,18-07-13,6.9,6.9,6.6,6.7,346500
DBH1STMF,21-07-13,6.9,6.9,6.5,6.5,216000
DBH1STMF,22-07-13,6.8,6.8,6.5,6.6,201500
DBH1STMF,23-07-13,6.6,6.7,6.4,6.4,370500
DBH1STMF,24-07-13,6.4,7,6.4,7,1195000
DBH1STMF,25-07-13,7.6,7.6,6.9,6.9,1058000
DBH1STMF,28-07-13,6.8,6.8,6.7,6.7,75500
DBH1STMF,29-07-13,6.8,6.8,6.5,6.6,183500
DBH1STMF,30-07-13,6.6,6.8,6.4,6.4,223500
DBH1STMF,31-07-13,6.2,6.6,6.2,6.3,198500
DBH1STMF,08-01-13,6.1,6.3,5.9,6,450000
DBH1STMF,08-04-13,5.6,5.8,5.5,5.7,784000
DBH1STMF,08-05-13,5.5,5.9,5.5,5.8,310500
DBH1STMF,08-12-13,5.7,5.8,5.6,5.7,95500
DBH1STMF,13-08-13,5.9,5.9,5.7,5.7,170000
DBH1STMF,14-08-13,5.7,5.8,5.6,5.6,495000
DBH1STMF,18-08-13,5.6,5.8,5.6,5.6,480500
DBH1STMF,19-08-13,5.7,5.9,5.6,5.8,317500
DBH1STMF,20-08-13,5.9,6,5.8,5.8,273000
DBH1STMF,21-08-13,5.8,5.9,5.7,5.7,131000
DBH1STMF,22-08-13,5.8,5.9,5.7,5.8,219500
DBH1STMF,25-08-13,5.9,6,5.8,5.8,468500
DBH1STMF,26-08-13,5.7,5.9,5.7,5.8,472000
DBH1STMF,27-08-13,5.9,5.9,5.6,5.6,682500
DBH1STMF,29-08-13,5.6,5.8,5.6,5.6,118000
DBH1STMF,09-01-13,5.6,5.8,5.6,5.6,215000
DBH1STMF,09-02-13,5.7,5.8,5.6,5.6,194000
DBH1STMF,09-03-13,5.7,5.7,5.6,5.6,139000
DBH1STMF,09-04-13,5.6,5.7,5.5,5.6,132500
DBH1STMF,09-05-13,5.6,5.7,5.6,5.6,141000
DBH1STMF,09-08-13,5.6,5.7,5.5,5.5,122500
DBH1STMF,09-09-13,5.5,5.5,5.4,5.4,318000
DBH1STMF,09-10-13,5.7,5.7,5.4,5.4,107000
DBH1STMF,09-11-13,5.6,5.9,5.5,5.6,206000
DBH1STMF,09-12-13,5.6,5.7,5.3,5.3,259000
DBH1STMF,15-09-13,5.7,5.7,5.3,5.3,357500
DBH1STMF,16-09-13,5.5,5.5,5.3,5.4,113500
DBH1STMF,17-09-13,5.4,5.4,5.3,5.3,201500
DBH1STMF,18-09-13,5.4,5.5,5.3,5.4,174000
DBH1STMF,19-09-13,5.3,5.6,5.3,5.5,136500
DBH1STMF,22-09-13,5.4,5.5,5.4,5.4,336500
DBH1STMF,23-09-13,5.4,5.4,5.3,5.3,93000
DBH1STMF,24-09-13,5.5,5.5,5.2,5.2,322500
DBH1STMF,25-09-13,5.4,5.4,5.3,5.3,139000
DBH1STMF,26-09-13,5.3,5.5,5.3,5.4,156500
DBH1STMF,29-09-13,5.4,5.7,5.4,5.6,456000
DBH1STMF,30-09-13,5.8,5.8,5.5,5.5,144000
DBH1STMF,10-01-13,5.5,5.6,5.5,5.5,32500
DBH1STMF,10-02-13,5.6,5.7,5.5,5.5,441500
DBH1STMF,10-03-13,5.5,5.6,5.4,5.4,192000
DBH1STMF,10-06-13,5.5,5.5,5.4,5.4,107500
DBH1STMF,10-07-13,5.5,5.5,5.4,5.4,177500
DBH1STMF,10-08-13,5.4,5.5,5.4,5.4,369000
DBH1STMF,10-09-13,5.3,5.5,5.2,5.2,163500
DBH1STMF,10-10-13,5.2,5.4,5.2,5.3,286000
DBH1STMF,20-10-13,5.2,5.3,5.2,5.2,131000
DBH1STMF,21-10-13,5.2,5.4,5.1,5.2,318500
DBH1STMF,22-10-13,5.3,5.4,5.2,5.3,134500
DBH1STMF,23-10-13,5.3,5.4,5.2,5.2,338500
DBH1STMF,24-10-13,5.2,5.3,5.2,5.2,86000
DBH1STMF,27-10-13,5.2,5.3,5.2,5.2,208500
DBH1STMF,28-10-13,5.3,5.5,5.3,5.3,188000
DBH1STMF,29-10-13,5.3,5.5,5.3,5.4,265000
DBH1STMF,30-10-13,5.4,5.5,5.3,5.4,167000
DBH1STMF,31-10-13,5.4,5.6,5.4,5.5,274500
DBH1STMF,11-03-13,5.5,5.5,5.3,5.4,81500
DBH1STMF,11-04-13,5.4,5.5,5.3,5.4,131500
DBH1STMF,11-05-13,5.5,5.7,5.5,5.5,266000
DBH1STMF,11-06-13,5.5,5.6,5.5,5.5,219000
DBH1STMF,11-07-13,5.5,6,5.3,5.9,630500
DBH1STMF,11-10-13,6,6.2,5.9,6,549500
DBH1STMF,11-11-13,6.3,6.5,6.1,6.3,855000
DBH1STMF,11-12-13,6.5,6.5,6.1,6.1,559500
DBH1STMF,13-11-13,6.2,6.2,6.1,6.1,209000
DBH1STMF,14-11-13,6.1,6.3,6.1,6.1,251500
DBH1STMF,17-11-13,6.1,6.2,5.8,5.8,662500
DBH1STMF,18-11-13,5.9,5.9,5.8,5.8,322500
DBH1STMF,19-11-13,5.9,6.1,5.9,5.9,360000
DBH1STMF,20-11-13,6,6.2,6,6.1,396000
DBH1STMF,21-11-13,6.1,6.3,6,6.1,709500
DBH1STMF,24-11-13,6.1,6.1,5.9,5.9,292500
DBH1STMF,25-11-13,5.9,6,5.9,5.9,265500
DBH1STMF,26-11-13,5.9,5.9,5.7,5.7,393500
DBH1STMF,27-11-13,5.8,5.8,5.6,5.6,292500
DBH1STMF,28-11-13,5.6,5.8,5.6,5.6,173500
DBH1STMF,12-01-13,5.6,5.7,5.6,5.6,93000
DBH1STMF,12-02-13,5.7,5.7,5.6,5.6,307500
DBH1STMF,12-03-13,5.7,5.8,5.6,5.7,81000
DBH1STMF,12-04-13,5.7,5.8,5.6,5.6,179000
DBH1STMF,12-05-13,5.6,5.7,5.6,5.6,83500
DBH1STMF,12-08-13,5.7,5.8,5.6,5.6,267000
DBH1STMF,12-09-13,5.7,5.7,5.6,5.6,240000
DBH1STMF,12-10-13,5.7,6,5.6,5.9,775000
DBH1STMF,12-11-13,5.9,6.1,5.8,5.9,428000
DBH1STMF,12-12-13,5.9,6,5.8,5.8,105000
DBH1STMF,15-12-13,5.9,5.9,5.7,5.8,118000
DBH1STMF,17-12-13,5.9,6,5.8,5.8,156000
DBH1STMF,18-12-13,5.8,5.9,5.7,5.8,340000
DBH1STMF,19-12-13,5.8,5.8,5.6,5.6,468000
DBH1STMF,22-12-13,5.8,5.8,5.6,5.6,240000
DBH1STMF,23-12-13,5.7,5.7,5.6,5.6,289500
DBH1STMF,24-12-13,5.8,5.9,5.6,5.6,113000
DBH1STMF,26-12-13,5.6,5.7,5.6,5.6,238000
DBH1STMF,29-12-13,5.6,5.7,5.5,5.5,106000
DBH1STMF,30-12-13,5.6,5.7,5.5,5.6,44000
GREENDELMF,01-01-13,6.9,6.9,6.7,6.7,296500
GREENDELMF,01-02-13,6.7,6.9,6.6,6.6,376500
GREENDELMF,01-03-13,7.2,7.2,6.9,7.2,1676500
GREENDELMF,01-06-13,7.3,7.5,7.1,7.2,810000
GREENDELMF,01-07-13,7.1,7.2,7,7,266500
GREENDELMF,01-08-13,7.1,7.3,7,7,397000
GREENDELMF,01-09-13,7.7,7.7,7.2,7.2,1493500
GREENDELMF,01-10-13,7.1,7.1,7,7,317000
GREENDELMF,13-01-13,6.9,7,6.8,6.8,298500
GREENDELMF,14-01-13,6.9,6.9,6.7,6.7,482000
GREENDELMF,15-01-13,6.8,6.9,6.7,6.8,103000
GREENDELMF,16-01-13,6.8,6.8,6.7,6.7,310500
GREENDELMF,17-01-13,6.8,6.8,6.7,6.7,152000
GREENDELMF,20-01-13,6.8,6.8,6.6,6.7,373000
GREENDELMF,21-01-13,6.7,6.7,6.6,6.7,98000
GREENDELMF,22-01-13,6.6,6.7,6.5,6.5,512000
GREENDELMF,23-01-13,6.5,6.6,6.4,6.4,511000
GREENDELMF,24-01-13,6.5,6.6,6.4,6.5,532500
GREENDELMF,27-01-13,6.4,6.5,6.4,6.4,346500
GREENDELMF,28-01-13,6.4,6.5,6.4,6.4,104500
GREENDELMF,29-01-13,6.4,6.6,6.4,6.4,444000
GREENDELMF,30-01-13,6.4,6.6,6.4,6.4,205500
GREENDELMF,31-01-13,6.5,6.5,6.4,6.4,158500
GREENDELMF,02-03-13,6.4,6.5,6.3,6.3,283000
GREENDELMF,02-04-13,6.4,6.4,6.2,6.2,331000
GREENDELMF,02-05-13,6.2,6.4,6.2,6.3,240500
GREENDELMF,02-06-13,6.3,6.5,6.3,6.4,437500
GREENDELMF,02-07-13,6.5,6.5,6.4,6.4,321500
GREENDELMF,02-10-13,6.5,6.6,6.4,6.4,663500
GREENDELMF,02-11-13,6.5,6.6,6.5,6.5,246500
GREENDELMF,02-12-13,6.6,6.6,6.4,6.4,291000
GREENDELMF,13-02-13,6.4,6.5,6.3,6.3,535000
GREENDELMF,14-02-13,6.4,6.5,6.3,6.3,628000
GREENDELMF,17-02-13,6.5,6.5,6.2,6.2,250500
GREENDELMF,18-02-13,6.3,6.3,6.1,6.1,370000
GREENDELMF,19-02-13,6.2,6.3,6.1,6.1,277000
GREENDELMF,20-02-13,6.1,6.2,6,6,367500
GREENDELMF,24-02-13,6,6.1,5.8,5.8,249500
GREENDELMF,25-02-13,5.8,6,5.8,5.8,259500
GREENDELMF,26-02-13,5.9,5.9,5.8,5.8,281500
GREENDELMF,27-02-13,5.8,5.9,5.7,5.7,195000
GREENDELMF,28-02-13,5.7,5.8,5.5,5.6,138000
GREENDELMF,03-03-13,5.5,5.5,5.2,5.3,154000
GREENDELMF,03-04-13,5.2,5.6,5.2,5.4,136500
GREENDELMF,03-05-13,5.4,5.5,5.3,5.4,108000
GREENDELMF,03-06-13,5.4,5.4,5.3,5.3,242000
GREENDELMF,03-07-13,5.3,5.4,5.2,5.2,233500
GREENDELMF,03-10-13,5.3,5.4,5.1,5.1,125500
GREENDELMF,03-11-13,5.2,5.2,5,5,243500
GREENDELMF,03-12-13,5.1,5.3,5.1,5.2,514000
GREENDELMF,13-03-13,5.3,5.4,5.2,5.3,96500
GREENDELMF,14-03-13,5.3,5.3,5.2,5.2,69000
GREENDELMF,18-03-13,5.2,5.4,5.2,5.3,87000
GREENDELMF,19-03-13,5.3,5.4,5.3,5.3,66500
GREENDELMF,20-03-13,5.3,5.4,5.1,5.1,399500
GREENDELMF,24-03-13,5.2,5.2,5,5.1,169500
GREENDELMF,25-03-13,5.1,5.1,5,5,133000
GREENDELMF,27-03-13,5,5.1,4.9,4.9,119500
GREENDELMF,28-03-13,5,5.1,5,5,126500
GREENDELMF,31-03-13,5,5.1,4.9,5,104500
GREENDELMF,04-01-13,4.9,5,4.8,4.8,203000
GREENDELMF,04-02-13,4.9,4.9,4.7,4.8,47500
GREENDELMF,04-03-13,4.9,5,4.8,4.8,241000
GREENDELMF,04-04-13,4.8,5,4.8,4.9,137500
GREENDELMF,04-07-13,4.9,5.3,4.9,5.2,664500
GREENDELMF,04-08-13,5.2,5.7,5.1,5.7,1118500
GREENDELMF,04-09-13,5.8,6.1,5.5,5.6,459500
GREENDELMF,04-10-13,5.5,5.9,5.5,5.6,905000
GREENDELMF,04-11-13,5.8,5.9,5.7,5.7,498000
GREENDELMF,15-04-13,5.7,5.7,5.6,5.6,359500
GREENDELMF,16-04-13,5.6,5.6,5.2,5.2,446500
GREENDELMF,17-04-13,5.3,5.7,5.2,5.5,246000
GREENDELMF,18-04-13,5.7,5.9,5.6,5.6,763500
GREENDELMF,21-04-13,5.5,5.9,5.4,5.5,174500
GREENDELMF,22-04-13,5.4,5.7,5.4,5.5,376000
GREENDELMF,23-04-13,5.6,5.7,5.5,5.5,295500
GREENDELMF,24-04-13,5.6,5.6,5.4,5.4,153000
GREENDELMF,25-04-13,5.5,5.5,5.4,5.4,101500
GREENDELMF,28-04-13,5.4,5.4,5.3,5.3,185000
GREENDELMF,29-04-13,5.3,5.4,5.2,5.3,53500
GREENDELMF,30-04-13,5.3,5.4,5.2,5.2,150000
GREENDELMF,05-02-13,5.3,5.4,5.2,5.2,179500
GREENDELMF,05-05-13,5.3,5.3,5.2,5.2,190000
GREENDELMF,05-06-13,5.3,5.3,5.1,5.1,149000
GREENDELMF,05-07-13,5.2,5.4,5.2,5.3,192000
GREENDELMF,05-08-13,5.4,5.6,5.3,5.3,511000
GREENDELMF,05-09-13,5.3,5.5,5.2,5.4,158000
GREENDELMF,05-12-13,5.4,5.7,5.4,5.6,574000
GREENDELMF,13-05-13,5.6,5.7,5.5,5.6,559500
GREENDELMF,14-05-13,5.7,6.1,5.7,6.1,835000
GREENDELMF,15-05-13,6.5,6.5,5.8,5.8,900000
GREENDELMF,16-05-13,5.8,6.3,5.8,6.2,977000
GREENDELMF,19-05-13,6.3,6.6,6.2,6.3,892500
GREENDELMF,20-05-13,6.2,6.5,6.2,6.2,1005500
GREENDELMF,21-05-13,6.2,6.3,6.1,6.1,527000
GREENDELMF,22-05-13,6.1,6.2,6,6,540000
GREENDELMF,26-05-13,6.1,6.1,5.7,5.7,635500
GREENDELMF,27-05-13,5.8,6.1,5.8,5.9,155500
GREENDELMF,28-05-13,6.1,6.3,6,6.2,849000
GREENDELMF,29-05-13,6.2,6.4,6.2,6.2,575000
GREENDELMF,30-05-13,6.4,6.4,6.2,6.3,615500
GREENDELMF,06-02-13,6.5,6.7,6.4,6.6,710500
GREENDELMF,06-03-13,6.8,6.8,6.5,6.6,561500
GREENDELMF,06-04-13,6.7,6.7,6.4,6.4,436500
GREENDELMF,06-05-13,6.4,6.6,6.4,6.5,307000
GREENDELMF,06-06-13,6.6,6.7,6.4,6.4,598500
GREENDELMF,06-09-13,6.6,6.9,6.2,6.2,731000
GREENDELMF,06-10-13,6.5,6.8,6.3,6.6,1071000
GREENDELMF,06-11-13,6.7,7,6.7,6.7,1941500
GREENDELMF,06-12-13,6.8,6.8,6.5,6.5,426000
GREENDELMF,13-06-13,6.4,6.7,6.4,6.6,571500
GREENDELMF,16-06-13,6.7,6.8,6.6,6.7,694000
GREENDELMF,17-06-13,6.6,6.8,6.5,6.5,700000
GREENDELMF,18-06-13,6.7,7.1,6.6,7.1,2765000
GREENDELMF,19-06-13,7.2,7.5,7,7.1,1367000
GREENDELMF,20-06-13,7.1,7.2,6.8,6.8,527000
GREENDELMF,23-06-13,6.9,7,6.5,6.5,511500
GREENDELMF,24-06-13,6.5,6.6,6.3,6.3,505000
GREENDELMF,26-06-13,6.7,6.7,6.4,6.6,535000
GREENDELMF,27-06-13,6.5,6.6,6.4,6.4,197500
GREENDELMF,30-06-13,6.4,6.5,5.9,6.1,869500
GREENDELMF,07-02-13,6.3,6.6,6.2,6.5,387000
GREENDELMF,07-03-13,6.7,6.7,6.2,6.3,620500
GREENDELMF,07-04-13,6.4,6.5,6.2,6.2,871000
GREENDELMF,07-07-13,6.5,6.8,6.4,6.7,1106500
GREENDELMF,07-08-13,6.9,7.2,6.5,6.7,736500
GREENDELMF,07-09-13,6.7,6.7,6.2,6.4,854000
GREENDELMF,07-10-13,6.6,6.7,6.5,6.5,550500
GREENDELMF,07-11-13,6.8,6.8,6.4,6.4,411000
GREENDELMF,14-07-13,6.4,6.8,6.3,6.3,470000
GREENDELMF,15-07-13,6.8,6.8,6.2,6.3,309500
GREENDELMF,16-07-13,6.4,6.6,6.4,6.4,685000
GREENDELMF,17-07-13,6.3,6.5,6.2,6.2,541500
GREENDELMF,18-07-13,6.2,6.4,6,6.1,488500
GREENDELMF,21-07-13,6.2,6.3,6,6.1,439000
GREENDELMF,22-07-13,6.3,6.3,6,6,193000
GREENDELMF,23-07-13,5.9,6.2,5.8,5.8,204000
GREENDELMF,24-07-13,6,6.3,5.9,6.3,243500
GREENDELMF,25-07-13,6.5,6.9,6.2,6.2,988500
GREENDELMF,28-07-13,6.1,6.2,5.9,5.9,89000
GREENDELMF,29-07-13,5.8,6.2,5.8,6,54000
GREENDELMF,30-07-13,6,6.1,5.8,5.8,536500
GREENDELMF,31-07-13,5.8,6,5.8,5.8,108500
GREENDELMF,08-01-13,5.7,5.9,5.6,5.7,334000
GREENDELMF,08-04-13,5,5.6,5,5.4,440500
GREENDELMF,08-05-13,5.5,5.7,5.5,5.5,66500
GREENDELMF,08-12-13,5.3,5.5,5.3,5.3,113500
GREENDELMF,13-08-13,5.4,5.5,5.3,5.3,158000
GREENDELMF,14-08-13,5.2,5.5,5.1,5.3,502000
GREENDELMF,18-08-13,5.2,5.4,5.1,5.2,477500
GREENDELMF,19-08-13,5.2,5.5,5.2,5.2,470000
GREENDELMF,20-08-13,5.2,5.4,5.2,5.3,423500
GREENDELMF,21-08-13,5.3,5.4,5.3,5.3,122000
GREENDELMF,22-08-13,5.3,5.5,5.2,5.4,432500
GREENDELMF,25-08-13,5.4,5.6,5.4,5.4,423500
GREENDELMF,26-08-13,5.4,5.6,5.4,5.4,479000
GREENDELMF,27-08-13,5.5,5.6,5.4,5.4,494000
GREENDELMF,29-08-13,5.4,5.5,5.3,5.3,162500
GREENDELMF,09-01-13,5.3,5.5,5.3,5.3,111000
GREENDELMF,09-02-13,5.3,5.4,5.2,5.3,169000
GREENDELMF,09-03-13,5.3,5.4,5.2,5.2,214000
GREENDELMF,09-04-13,5.2,5.4,5.2,5.3,618500
GREENDELMF,09-05-13,5.2,5.3,5.2,5.2,187000
GREENDELMF,09-08-13,5.2,5.3,5.1,5.1,82500
GREENDELMF,09-09-13,5.2,5.2,5.1,5.1,54500
GREENDELMF,09-10-13,5.1,5.2,5.1,5.1,234500
GREENDELMF,09-11-13,5.2,5.5,5.1,5.1,670500
GREENDELMF,09-12-13,5.3,5.3,5.1,5.1,99000
GREENDELMF,15-09-13,5.1,5.3,5.1,5.1,118500
GREENDELMF,16-09-13,5.2,5.2,5.1,5.1,136000
GREENDELMF,17-09-13,5.2,5.2,5,5,331500
GREENDELMF,18-09-13,5,5.2,5,5.1,295000
GREENDELMF,19-09-13,5.1,5.3,5.1,5.2,228000
GREENDELMF,22-09-13,5.2,5.3,5.1,5.1,112000
GREENDELMF,23-09-13,5.2,5.2,5.1,5.1,157500
GREENDELMF,24-09-13,5.1,5.1,5,5,169500
GREENDELMF,25-09-13,5,5.1,4.9,5,218500
GREENDELMF,26-09-13,5,5.2,5,5.1,110500
GREENDELMF,29-09-13,5.1,5.5,5.1,5.3,1000500
GREENDELMF,30-09-13,5.3,5.3,5.1,5.1,767500
GREENDELMF,10-01-13,5.2,5.3,5.1,5.2,142000
GREENDELMF,10-02-13,5.3,5.4,5.2,5.2,157500
GREENDELMF,10-03-13,5.3,5.3,5.1,5.2,157000
GREENDELMF,10-06-13,5.2,5.2,5.1,5.1,231000
GREENDELMF,10-07-13,5.2,5.2,4.9,5,754500
GREENDELMF,10-08-13,5.1,5.1,5,5,179000
GREENDELMF,10-09-13,5.1,5.1,5,5,148500
GREENDELMF,10-10-13,5,5.1,5,5,218500
GREENDELMF,20-10-13,5,5,5,5,81000
GREENDELMF,21-10-13,5,5,4.9,4.9,433000
GREENDELMF,22-10-13,5,5.1,5,5,111500
GREENDELMF,23-10-13,5.1,5.1,5,5,250000
GREENDELMF,24-10-13,5.1,5.1,5,5,258500
GREENDELMF,27-10-13,5,5.1,4.9,5,169000
GREENDELMF,28-10-13,5.1,5.2,5.1,5.1,133000
GREENDELMF,29-10-13,5.1,5.2,5,5.1,260000
GREENDELMF,30-10-13,5.1,5.3,5.1,5.1,145000
GREENDELMF,31-10-13,5.2,5.3,5.1,5.2,245000
GREENDELMF,11-03-13,5.2,5.2,5.1,5.1,359500
GREENDELMF,11-04-13,5.1,5.3,5.1,5.1,282500
GREENDELMF,11-05-13,5.3,5.4,5.2,5.3,325500
GREENDELMF,11-06-13,5.3,5.3,5.2,5.2,212000
GREENDELMF,11-07-13,5.3,5.6,5.3,5.5,403500
GREENDELMF,11-10-13,5.5,5.6,5.4,5.5,895000
GREENDELMF,11-11-13,5.6,5.9,5.6,5.7,676000
GREENDELMF,11-12-13,5.9,5.9,5.6,5.6,432500
GREENDELMF,13-11-13,5.6,5.7,5.5,5.6,516000
GREENDELMF,14-11-13,5.6,5.8,5.5,5.6,514500
GREENDELMF,17-11-13,5.5,5.7,5.5,5.6,326000
GREENDELMF,18-11-13,5.7,5.7,5.4,5.5,798500
GREENDELMF,19-11-13,5.5,5.8,5.5,5.5,1185500
GREENDELMF,20-11-13,5.7,5.9,5.7,5.8,1300500
GREENDELMF,21-11-13,5.7,5.9,5.7,5.7,811000
GREENDELMF,24-11-13,5.7,5.8,5.6,5.6,351000
GREENDELMF,25-11-13,5.7,5.7,5.6,5.6,125000
GREENDELMF,26-11-13,5.5,5.6,5.4,5.4,491000
GREENDELMF,27-11-13,5.5,5.5,5.4,5.4,264000
GREENDELMF,28-11-13,5.4,5.5,5.3,5.3,70000
GREENDELMF,12-01-13,5.4,5.4,5.3,5.3,20000
GREENDELMF,12-02-13,5.3,5.4,5.3,5.3,198000
GREENDELMF,12-03-13,5.4,5.5,5.4,5.4,131000
GREENDELMF,12-04-13,5.5,5.6,5.4,5.5,214000
GREENDELMF,12-05-13,5.5,5.5,5.4,5.4,84500
GREENDELMF,12-08-13,5.3,5.5,5.3,5.3,159500
GREENDELMF,12-09-13,5.4,5.5,5.4,5.4,136500
GREENDELMF,12-10-13,5.4,5.6,5.4,5.5,179000
GREENDELMF,12-11-13,5.6,5.6,5.4,5.5,265500
GREENDELMF,12-12-13,5.5,5.5,5.3,5.3,181500
GREENDELMF,15-12-13,5.4,5.5,5.3,5.3,114000
GREENDELMF,17-12-13,5.5,5.6,5.3,5.5,168000
GREENDELMF,18-12-13,5.4,5.6,5.4,5.4,129500
GREENDELMF,19-12-13,5.4,5.5,5.3,5.4,81500
GREENDELMF,22-12-13,5.4,5.6,5.4,5.4,314500
GREENDELMF,23-12-13,5.5,5.5,5.4,5.4,273000
GREENDELMF,24-12-13,5.3,5.4,5.3,5.3,14500
GREENDELMF,26-12-13,5.3,5.5,5.3,5.3,118000
GREENDELMF,29-12-13,5.3,5.4,5.3,5.3,79500
GREENDELMF,30-12-13,5.3,5.4,5.3,5.3,23500
ICB3RDNRB,01-01-13,7,7.1,6.9,6.9,146500
ICB3RDNRB,01-02-13,7,7,6.8,6.8,311500
ICB3RDNRB,01-03-13,7.1,7.4,7.1,7.2,877000
ICB3RDNRB,01-06-13,7.2,7.4,7,7,232000
ICB3RDNRB,01-07-13,7,7.1,7,7,206000
ICB3RDNRB,01-08-13,7.2,7.3,7,7,285000
ICB3RDNRB,01-09-13,7.7,7.7,7,7.1,942000
ICB3RDNRB,01-10-13,7.1,7.2,6.7,6.9,727000
ICB3RDNRB,13-01-13,7,7,6.8,6.9,235000
ICB3RDNRB,14-01-13,7,7,6.8,6.8,175500
ICB3RDNRB,15-01-13,6.9,7,6.7,6.7,370500
ICB3RDNRB,16-01-13,6.9,7,6.8,6.8,166000
ICB3RDNRB,17-01-13,6.9,7,6.8,6.9,121000
ICB3RDNRB,20-01-13,7.1,7.2,6.8,6.8,132500
ICB3RDNRB,21-01-13,6.9,6.9,6.8,6.8,288500
ICB3RDNRB,22-01-13,6.7,6.8,6.6,6.6,816500
ICB3RDNRB,23-01-13,6.7,6.7,6.6,6.6,267000
ICB3RDNRB,24-01-13,6.5,6.7,6.5,6.6,203500
ICB3RDNRB,27-01-13,6.7,6.8,6.5,6.5,365000
ICB3RDNRB,28-01-13,6.5,6.6,6.5,6.5,197500
ICB3RDNRB,29-01-13,6.6,6.7,6.5,6.6,381000
ICB3RDNRB,30-01-13,6.7,6.8,6.6,6.6,265000
ICB3RDNRB,31-01-13,6.5,6.7,6.5,6.6,221500
ICB3RDNRB,02-03-13,6.6,6.8,6.6,6.6,366000
ICB3RDNRB,02-04-13,6.7,6.8,6.6,6.6,341000
ICB3RDNRB,02-05-13,6.7,6.7,6.5,6.6,176500
ICB3RDNRB,02-06-13,6.7,6.7,6.5,6.5,267500
ICB3RDNRB,02-07-13,6.6,6.7,6.5,6.6,275000
ICB3RDNRB,02-10-13,6.6,6.7,6.5,6.5,382000
ICB3RDNRB,02-11-13,6.5,6.7,6.5,6.6,474000
ICB3RDNRB,02-12-13,6.6,6.7,6.5,6.5,241500
ICB3RDNRB,13-02-13,6.6,6.6,6.5,6.5,328500
ICB3RDNRB,14-02-13,6.6,6.6,6.4,6.4,642000
ICB3RDNRB,17-02-13,6.5,6.6,6.4,6.4,275000
ICB3RDNRB,18-02-13,6.4,6.5,6.3,6.3,319500
ICB3RDNRB,19-02-13,6.3,6.4,6.2,6.2,283000
ICB3RDNRB,20-02-13,6.4,6.4,6.1,6.1,204000
ICB3RDNRB,24-02-13,6.2,6.2,6,6,326500
ICB3RDNRB,25-02-13,6.1,6.2,5.9,5.9,216500
ICB3RDNRB,26-02-13,6.1,6.1,5.8,5.9,510000
ICB3RDNRB,27-02-13,6.1,6.1,5.8,5.8,370500
ICB3RDNRB,28-02-13,5.8,5.9,5.7,5.8,184500
ICB3RDNRB,03-03-13,5.8,5.8,5.4,5.4,321500
ICB3RDNRB,03-04-13,5.6,5.7,5.5,5.6,98500
ICB3RDNRB,03-05-13,5.8,5.9,5.6,5.8,250000
ICB3RDNRB,03-06-13,5.6,5.8,5.6,5.6,96500
ICB3RDNRB,03-07-13,5.6,5.6,5.5,5.5,120500
ICB3RDNRB,03-10-13,5.5,5.7,5.5,5.6,97000
ICB3RDNRB,03-11-13,5.5,5.5,5.4,5.4,185000
ICB3RDNRB,03-12-13,5.4,5.7,5.4,5.6,265000
ICB3RDNRB,13-03-13,5.7,5.7,5.5,5.6,88500
ICB3RDNRB,14-03-13,5.6,5.7,5.5,5.5,97000
ICB3RDNRB,18-03-13,5.5,5.6,5.4,5.5,60000
ICB3RDNRB,19-03-13,5.6,5.8,5.5,5.6,218500
ICB3RDNRB,20-03-13,5.6,5.7,5.5,5.5,115000
ICB3RDNRB,24-03-13,5.5,5.6,5.4,5.4,156000
ICB3RDNRB,25-03-13,5.5,5.5,5.3,5.3,159500
ICB3RDNRB,27-03-13,5.4,5.4,5.2,5.2,59000
ICB3RDNRB,28-03-13,5.4,5.4,5.2,5.3,52500
ICB3RDNRB,31-03-13,5.3,5.4,5.1,5.1,124000
ICB3RDNRB,04-01-13,5.1,5.1,5,5,151500
ICB3RDNRB,04-02-13,5.1,5.1,5,5.1,84000
ICB3RDNRB,04-03-13,5.2,5.2,5,5.1,46000
ICB3RDNRB,04-04-13,5.1,5.1,5,5,66500
ICB3RDNRB,04-07-13,5.2,5.5,5.1,5.3,272000
ICB3RDNRB,04-08-13,5.3,5.8,5.3,5.8,603000
ICB3RDNRB,04-09-13,6,6.1,5.6,5.7,246000
ICB3RDNRB,04-10-13,6,6.1,5.8,5.9,607500
ICB3RDNRB,04-11-13,5.9,6,5.8,5.8,319500
ICB3RDNRB,15-04-13,6,6.1,5.8,5.9,422500
ICB3RDNRB,16-04-13,5.9,5.9,5.7,5.7,202000
ICB3RDNRB,17-04-13,5.7,5.9,5.6,5.7,259500
ICB3RDNRB,18-04-13,5.9,6.1,5.8,5.8,486500
ICB3RDNRB,21-04-13,6,6,5.8,5.8,143000
ICB3RDNRB,22-04-13,5.8,6,5.8,5.9,178000
ICB3RDNRB,23-04-13,5.8,6.1,5.8,5.9,433000
ICB3RDNRB,24-04-13,6,6,5.8,5.8,75500
ICB3RDNRB,25-04-13,5.8,6,5.8,5.8,116000
ICB3RDNRB,28-04-13,6,6,5.7,5.8,184000
ICB3RDNRB,29-04-13,5.7,5.9,5.7,5.7,109000
ICB3RDNRB,30-04-13,5.8,5.8,5.6,5.6,39000
ICB3RDNRB,05-02-13,5.5,5.7,5.5,5.6,36500
ICB3RDNRB,05-05-13,5.7,5.8,5.5,5.5,168000
ICB3RDNRB,05-06-13,5.6,5.6,5.5,5.5,61500
ICB3RDNRB,05-07-13,5.6,5.8,5.6,5.7,116000
ICB3RDNRB,05-08-13,6,6.1,5.8,5.9,291000
ICB3RDNRB,05-09-13,5.9,6.1,5.8,6,460000
ICB3RDNRB,05-12-13,6.1,6.3,6.1,6.2,381000
ICB3RDNRB,13-05-13,6.2,6.4,6.1,6.3,388000
ICB3RDNRB,14-05-13,6.3,6.7,6.3,6.6,682500
ICB3RDNRB,15-05-13,6.4,6.7,6.3,6.3,366500
ICB3RDNRB,16-05-13,6.4,6.7,6.4,6.6,553000
ICB3RDNRB,19-05-13,6.7,6.7,6.4,6.5,417000
ICB3RDNRB,20-05-13,6.5,6.7,6.3,6.4,457500
ICB3RDNRB,21-05-13,6.4,6.6,6.2,6.2,434500
ICB3RDNRB,22-05-13,6.3,6.3,6.1,6.1,352000
ICB3RDNRB,26-05-13,6.1,6.2,6,6,131000
ICB3RDNRB,27-05-13,6.1,6.2,6,6,276500
ICB3RDNRB,28-05-13,6.2,6.4,6.2,6.2,365500
ICB3RDNRB,29-05-13,6.2,6.4,6.2,6.2,309500
ICB3RDNRB,30-05-13,6.2,6.6,6.2,6.4,792000
ICB3RDNRB,06-02-13,6.6,6.8,6.6,6.6,1153000
ICB3RDNRB,06-03-13,6.7,6.9,6.6,6.7,825000
ICB3RDNRB,06-04-13,6.8,6.8,6.4,6.5,664500
ICB3RDNRB,06-05-13,6.4,6.6,6.4,6.5,453500
ICB3RDNRB,06-06-13,6.6,6.7,6.4,6.4,659000
ICB3RDNRB,06-09-13,6.8,7,6.2,6.2,1205500
ICB3RDNRB,06-10-13,6.4,6.8,6.4,6.7,769000
ICB3RDNRB,06-11-13,6.8,6.8,6.5,6.6,773000
ICB3RDNRB,06-12-13,6.5,6.6,6.3,6.3,578500
ICB3RDNRB,13-06-13,6.5,6.6,6.4,6.5,294500
ICB3RDNRB,16-06-13,6.6,6.6,6.4,6.4,562000
ICB3RDNRB,17-06-13,6.5,6.6,6.3,6.3,614000
ICB3RDNRB,18-06-13,6.4,6.7,6.3,6.5,890500
ICB3RDNRB,19-06-13,6.7,6.8,6.6,6.6,1364500
ICB3RDNRB,20-06-13,6.7,6.8,6.5,6.5,1073500
ICB3RDNRB,23-06-13,6.6,6.7,6.4,6.4,857000
ICB3RDNRB,24-06-13,6.4,6.5,6.2,6.3,550500
ICB3RDNRB,26-06-13,6.5,6.6,6.4,6.4,498000
ICB3RDNRB,27-06-13,6.4,6.5,6.3,6.3,630000
ICB3RDNRB,30-06-13,6.3,6.4,6.1,6.2,312000
ICB3RDNRB,07-02-13,6.3,6.5,6.3,6.4,579500
ICB3RDNRB,07-03-13,6.4,6.6,6.3,6.4,737000
ICB3RDNRB,07-04-13,6.5,6.6,6.3,6.4,848500
ICB3RDNRB,07-07-13,6.6,6.6,6.4,6.5,428000
ICB3RDNRB,07-08-13,6.6,6.6,6.3,6.3,617500
ICB3RDNRB,07-09-13,6.3,6.4,6.2,6.2,1108000
ICB3RDNRB,07-10-13,6.4,6.5,6.2,6.3,495000
ICB3RDNRB,07-11-13,6.4,6.4,6.2,6.2,365000
ICB3RDNRB,14-07-13,6.2,6.3,6.2,6.2,164000
ICB3RDNRB,15-07-13,6.2,6.3,5.9,5.9,558500
ICB3RDNRB,16-07-13,6,6.2,5.8,6,482000
ICB3RDNRB,17-07-13,6.1,6.2,5.9,5.9,488500
ICB3RDNRB,18-07-13,5.9,6.2,5.9,5.9,335000
ICB3RDNRB,21-07-13,6,6.1,5.9,5.9,249000
ICB3RDNRB,22-07-13,6,6.1,5.9,5.9,383500
ICB3RDNRB,23-07-13,6.1,6.3,5.9,5.9,362500
ICB3RDNRB,24-07-13,5.9,6.4,5.9,6.4,767000
ICB3RDNRB,25-07-13,6.9,6.9,6.3,6.3,926500
ICB3RDNRB,28-07-13,6.2,6.2,6,6,208500
ICB3RDNRB,29-07-13,6.1,6.3,6,6,447000
ICB3RDNRB,30-07-13,6.4,6.6,5.9,5.9,601000
ICB3RDNRB,31-07-13,5.4,6,5.4,5.8,228000
ICB3RDNRB,08-01-13,5.8,6,5.7,5.8,91500
ICB3RDNRB,08-04-13,5.8,5.8,5.7,5.7,298000
ICB3RDNRB,08-05-13,5.7,5.9,5.7,5.7,208500
ICB3RDNRB,08-12-13,5.3,5.5,5.1,5.3,464000
ICB3RDNRB,13-08-13,5.3,5.4,5.1,5.2,324000
ICB3RDNRB,14-08-13,5.2,5.3,5.1,5.1,340000
ICB3RDNRB,18-08-13,5.1,5.2,5.1,5.1,123500
ICB3RDNRB,19-08-13,5.1,5.3,5,5.2,246000
ICB3RDNRB,20-08-13,5.1,5.3,5.1,5.1,226000
ICB3RDNRB,21-08-13,5.2,5.2,5,5,282000
ICB3RDNRB,22-08-13,5.1,5.2,5,5,233500
ICB3RDNRB,25-08-13,5.1,5.2,5,5.1,881500
ICB3RDNRB,26-08-13,5.1,5.2,5,5,366000
ICB3RDNRB,27-08-13,5.1,5.2,5,5,465000
ICB3RDNRB,29-08-13,5.1,5.2,5,5,771000
ICB3RDNRB,09-01-13,5.1,5.2,5,5,358500
ICB3RDNRB,09-02-13,5.1,5.2,5,5,446500
ICB3RDNRB,09-03-13,5,5.1,5,5,211000
ICB3RDNRB,09-04-13,5,5.1,4.9,4.9,227500
ICB3RDNRB,09-05-13,5,5.1,4.9,5,137500
ICB3RDNRB,09-08-13,4.9,5.1,4.9,5,182500
ICB3RDNRB,09-09-13,5,5.1,5,5,123000
ICB3RDNRB,09-10-13,5,5.1,4.9,4.9,332500
ICB3RDNRB,09-11-13,5,5.1,5,5,591500
ICB3RDNRB,09-12-13,5,5.1,5,5,136000
ICB3RDNRB,15-09-13,5.1,5.2,5,5,431000
ICB3RDNRB,16-09-13,5,5.1,5,5,228000
ICB3RDNRB,17-09-13,5.1,5.1,4.9,4.9,279000
ICB3RDNRB,18-09-13,5,5.2,5,5,487000
ICB3RDNRB,19-09-13,5,5.2,5,5.1,213500
ICB3RDNRB,22-09-13,5.1,5.2,5.1,5.1,325000
ICB3RDNRB,23-09-13,5,5.1,5,5,145000
ICB3RDNRB,24-09-13,5,5.1,5,5,328500
ICB3RDNRB,25-09-13,5,5,4.9,4.9,81000
ICB3RDNRB,26-09-13,5,5.1,4.9,5,73000
ICB3RDNRB,29-09-13,5.1,5.3,5,5.1,442000
ICB3RDNRB,30-09-13,5.2,5.2,5,5,229500
ICB3RDNRB,10-01-13,5.1,5.1,5,5,234000
ICB3RDNRB,10-02-13,5.2,5.2,5.1,5.1,226000
ICB3RDNRB,10-03-13,5.1,5.1,5,5,87500
ICB3RDNRB,10-06-13,5.1,5.1,5,5,218000
ICB3RDNRB,10-07-13,5,5,4.9,4.9,114000
ICB3RDNRB,10-08-13,5,5,4.9,4.9,234000
ICB3RDNRB,10-09-13,4.9,5,4.9,4.9,187500
ICB3RDNRB,10-10-13,5,5,4.9,4.9,182500
ICB3RDNRB,20-10-13,4.9,4.9,4.9,4.9,61500
ICB3RDNRB,21-10-13,4.9,5,4.8,4.8,150000
ICB3RDNRB,22-10-13,5,5,4.9,4.9,193000
ICB3RDNRB,23-10-13,4.9,5,4.9,4.9,240000
ICB3RDNRB,24-10-13,4.9,5,4.8,4.9,202500
ICB3RDNRB,27-10-13,4.9,5,4.9,4.9,49500
ICB3RDNRB,28-10-13,4.9,5,4.9,4.9,175500
ICB3RDNRB,29-10-13,4.9,5,4.9,4.9,148000
ICB3RDNRB,30-10-13,5,5.1,4.9,4.9,143000
ICB3RDNRB,31-10-13,5,5.1,5,5,87500
ICB3RDNRB,11-03-13,5.1,5.1,4.9,4.9,40500
ICB3RDNRB,11-04-13,5,5.1,4.9,5,201000
ICB3RDNRB,11-05-13,5,5.1,5,5,323000
ICB3RDNRB,11-06-13,5,5.1,5,5,246000
ICB3RDNRB,11-07-13,5.1,5.3,5.1,5.2,654500
ICB3RDNRB,11-10-13,5.3,5.4,5.2,5.3,503500
ICB3RDNRB,11-11-13,5.4,5.8,5.4,5.7,1058000
ICB3RDNRB,11-12-13,5.8,6.1,5.5,5.5,675000
ICB3RDNRB,13-11-13,5.7,5.8,5.5,5.6,442500
ICB3RDNRB,14-11-13,5.8,5.8,5.6,5.6,370000
ICB3RDNRB,17-11-13,5.7,5.7,5.5,5.5,270000
ICB3RDNRB,18-11-13,5.6,5.6,5.4,5.4,407500
ICB3RDNRB,19-11-13,5.5,5.7,5.5,5.6,331000
ICB3RDNRB,20-11-13,5.6,5.8,5.6,5.7,598500
ICB3RDNRB,21-11-13,5.7,5.7,5.5,5.6,268500
ICB3RDNRB,24-11-13,5.6,5.7,5.4,5.4,394500
ICB3RDNRB,25-11-13,5.4,5.6,5.4,5.5,132000
ICB3RDNRB,26-11-13,5.5,5.5,5.4,5.4,221000
ICB3RDNRB,27-11-13,5.4,5.4,5.3,5.3,163500
ICB3RDNRB,28-11-13,5.5,5.5,5.3,5.3,243500
ICB3RDNRB,12-01-13,5.3,5.3,5.2,5.2,253500
ICB3RDNRB,12-02-13,5.3,5.3,5.1,5.1,216000
ICB3RDNRB,12-03-13,5.2,5.4,5.2,5.3,186500
ICB3RDNRB,12-04-13,5.4,5.4,5.3,5.3,171500
ICB3RDNRB,12-05-13,5.4,5.4,5.2,5.3,107500
ICB3RDNRB,12-08-13,5.3,5.4,5.3,5.3,175000
ICB3RDNRB,12-09-13,5.3,5.5,5.2,5.2,396500
ICB3RDNRB,12-10-13,5.3,5.5,5.3,5.4,171500
ICB3RDNRB,12-11-13,5.4,5.5,5.4,5.4,81500
ICB3RDNRB,12-12-13,5.4,5.5,5.3,5.3,208000
ICB3RDNRB,15-12-13,5.5,5.5,5.3,5.4,173000
ICB3RDNRB,17-12-13,5.4,5.6,5.4,5.4,354000
ICB3RDNRB,18-12-13,5.4,5.5,5.3,5.3,171500
ICB3RDNRB,19-12-13,5.3,5.4,5.3,5.3,188000
ICB3RDNRB,22-12-13,5.3,5.4,5.2,5.2,378000
ICB3RDNRB,23-12-13,5.3,5.4,5.2,5.2,96000
ICB3RDNRB,24-12-13,5.3,5.3,5.1,5.1,492500
ICB3RDNRB,26-12-13,5.2,5.2,5,5.1,256000
ICB3RDNRB,29-12-13,5.5,5.5,5,5.1,114000
ICB3RDNRB,30-12-13,5,5.2,5,5.1,110000
ICBEPMF1S1,01-01-13,8.2,8.2,8,8,75500
ICBEPMF1S1,01-02-13,8,8,7.9,7.9,118500
ICBEPMF1S1,01-03-13,8.3,8.6,8.3,8.5,641000
ICBEPMF1S1,01-06-13,9,9,8.6,8.7,337000
ICBEPMF1S1,01-07-13,8.5,8.5,8.2,8.2,309500
ICBEPMF1S1,01-08-13,8.4,8.5,8.1,8.1,479000
ICBEPMF1S1,01-09-13,8.9,8.9,8.1,8.1,1073500
ICBEPMF1S1,01-10-13,8.3,8.3,8,8.1,172000
ICBEPMF1S1,13-01-13,8.1,8.2,7.7,7.8,329000
ICBEPMF1S1,14-01-13,7.9,8.2,7.7,7.7,181500
ICBEPMF1S1,15-01-13,7.9,7.9,7.7,7.8,154000
ICBEPMF1S1,16-01-13,7.9,8,7.8,7.8,164000
ICBEPMF1S1,17-01-13,7.9,8,7.9,7.9,133000
ICBEPMF1S1,20-01-13,7.9,8,7.8,7.8,41500
ICBEPMF1S1,21-01-13,7.9,8,7.7,7.7,109500
ICBEPMF1S1,22-01-13,7.7,7.8,7.5,7.5,362000
ICBEPMF1S1,23-01-13,7.6,7.7,7.3,7.3,306000
ICBEPMF1S1,24-01-13,7.3,7.4,7.2,7.2,189000
ICBEPMF1S1,27-01-13,7.4,7.4,7.1,7.1,131500
ICBEPMF1S1,28-01-13,7.2,7.3,7.1,7.2,116000
ICBEPMF1S1,29-01-13,7.2,7.4,7.2,7.2,241000
ICBEPMF1S1,30-01-13,7.3,7.4,7.2,7.2,124000
ICBEPMF1S1,31-01-13,7.2,7.3,7.1,7.1,121500
ICBEPMF1S1,02-03-13,7.2,7.3,7,7,240500
ICBEPMF1S1,02-04-13,7.1,7.1,6.9,6.9,164000
ICBEPMF1S1,02-05-13,7,7.1,6.9,7,136000
ICBEPMF1S1,02-06-13,7.1,7.2,7,7,341000
ICBEPMF1S1,02-07-13,7.2,7.2,7,7,172500
ICBEPMF1S1,02-10-13,7.2,7.3,7.1,7.1,178000
ICBEPMF1S1,02-11-13,7.3,7.3,7.1,7.1,267000
ICBEPMF1S1,02-12-13,7.1,7.2,7,7,272000
ICBEPMF1S1,13-02-13,7.1,7.1,7,7,137000
ICBEPMF1S1,14-02-13,7,7.1,6.9,7,308000
ICBEPMF1S1,17-02-13,7,7.1,6.9,6.9,234500
ICBEPMF1S1,18-02-13,7,7,6.8,6.8,231000
ICBEPMF1S1,19-02-13,6.8,7,6.8,6.8,195000
ICBEPMF1S1,20-02-13,6.9,7,6.8,6.8,371500
ICBEPMF1S1,24-02-13,6.9,6.9,6.7,6.7,163000
ICBEPMF1S1,25-02-13,6.7,6.9,6.7,6.7,122500
ICBEPMF1S1,26-02-13,6.8,6.9,6.7,6.7,45500
ICBEPMF1S1,27-02-13,6.9,6.9,6.6,6.6,113000
ICBEPMF1S1,28-02-13,6.6,6.7,6.6,6.6,56500
ICBEPMF1S1,03-03-13,6.6,6.6,6,6.1,85500
ICBEPMF1S1,03-04-13,6.4,6.4,6.2,6.3,51000
ICBEPMF1S1,03-05-13,6.3,6.4,6.2,6.3,88000
ICBEPMF1S1,03-06-13,6.2,6.3,6.1,6.1,76500
ICBEPMF1S1,03-07-13,6.1,6.3,5.9,5.9,191000
ICBEPMF1S1,03-10-13,6.1,6.3,6,6,83500
ICBEPMF1S1,03-11-13,6.2,6.2,5.9,6,179500
ICBEPMF1S1,03-12-13,6,6,5.9,5.9,115000
ICBEPMF1S1,13-03-13,6,6.1,6,6,55500
ICBEPMF1S1,14-03-13,6,6,5.9,5.9,31500
ICBEPMF1S1,18-03-13,5.9,6,5.8,5.8,106000
ICBEPMF1S1,19-03-13,6,6.3,5.9,6.1,109500
ICBEPMF1S1,20-03-13,6,6.1,6,6,63500
ICBEPMF1S1,24-03-13,6.1,6.1,5.9,5.9,54000
ICBEPMF1S1,25-03-13,5.9,5.9,5.7,5.7,117000
ICBEPMF1S1,27-03-13,5.7,5.9,5.5,5.5,93500
ICBEPMF1S1,28-03-13,5.5,5.7,5.5,5.7,50000
ICBEPMF1S1,31-03-13,5.7,5.7,5.6,5.6,56500
ICBEPMF1S1,04-01-13,5.6,5.8,5.4,5.7,86500
ICBEPMF1S1,04-02-13,5.6,5.8,5.6,5.6,79500
ICBEPMF1S1,04-03-13,5.7,5.8,5.6,5.7,130500
ICBEPMF1S1,04-04-13,5.8,5.8,5.6,5.6,94000
ICBEPMF1S1,04-07-13,5.6,6.1,5.6,6,356500
ICBEPMF1S1,04-08-13,6,6.6,6,6.6,504000
ICBEPMF1S1,04-09-13,6.9,7,6.3,6.5,432000
ICBEPMF1S1,04-10-13,6.6,7,6.5,6.7,276000
ICBEPMF1S1,04-11-13,6.8,6.9,6.6,6.7,259500
ICBEPMF1S1,15-04-13,6.8,6.9,6.6,6.6,207000
ICBEPMF1S1,16-04-13,6.6,6.7,6.1,6.1,298500
ICBEPMF1S1,17-04-13,6.2,6.6,5.9,6.4,209000
ICBEPMF1S1,18-04-13,6.6,7,6.6,6.9,779500
ICBEPMF1S1,21-04-13,7,7,6.6,6.6,201500
ICBEPMF1S1,22-04-13,6.6,7,6.5,6.8,172500
ICBEPMF1S1,23-04-13,6.8,7,6.8,6.8,128000
ICBEPMF1S1,24-04-13,6.8,6.8,6.6,6.6,92000
ICBEPMF1S1,25-04-13,6.7,6.7,6.5,6.5,116000
ICBEPMF1S1,28-04-13,6.4,6.5,6.3,6.3,127500
ICBEPMF1S1,29-04-13,6.4,6.5,6.3,6.4,170000
ICBEPMF1S1,30-04-13,6.4,6.4,6.3,6.3,44500
ICBEPMF1S1,05-02-13,6.4,6.4,6.3,6.3,124000
ICBEPMF1S1,05-05-13,6.3,6.4,6.3,6.3,606000
ICBEPMF1S1,05-06-13,6.3,6.3,6.2,6.2,436000
ICBEPMF1S1,05-07-13,6.3,6.5,6.2,6.4,642500
ICBEPMF1S1,05-08-13,6.7,6.8,6.4,6.4,465000
ICBEPMF1S1,05-09-13,6.5,6.9,6.4,6.8,704000
ICBEPMF1S1,05-12-13,6.9,7.2,6.8,7.1,588500
ICBEPMF1S1,13-05-13,7.3,7.6,7.1,7.4,627000
ICBEPMF1S1,14-05-13,7.6,8.1,7.5,8.1,641000
ICBEPMF1S1,15-05-13,8.2,8.2,7.7,7.7,470000
ICBEPMF1S1,16-05-13,7.9,8.4,7.9,8.3,588500
ICBEPMF1S1,19-05-13,8.5,8.7,8.2,8.4,430000
ICBEPMF1S1,20-05-13,8.7,8.7,8,8,566500
ICBEPMF1S1,21-05-13,8.3,8.3,7.7,7.7,552500
ICBEPMF1S1,22-05-13,8,8,7.7,7.8,300500
ICBEPMF1S1,26-05-13,7.9,7.9,7.2,7.3,245500
ICBEPMF1S1,27-05-13,7.4,8,7.4,7.8,198500
ICBEPMF1S1,28-05-13,8,8.2,7.9,7.9,238000
ICBEPMF1S1,29-05-13,8,8,7.9,7.9,255000
ICBEPMF1S1,30-05-13,8.2,8.2,7.9,8,446500
ICBEPMF1S1,06-02-13,8.3,8.4,7.8,8,2185500
ICBEPMF1S1,06-03-13,8.2,8.2,8,8,444500
ICBEPMF1S1,06-04-13,8.1,8.2,7.8,7.9,287500
ICBEPMF1S1,06-05-13,8,8,7.8,7.8,535000
ICBEPMF1S1,06-06-13,8,8.1,7.7,7.7,499500
ICBEPMF1S1,06-09-13,8,8,7.6,7.6,380500
ICBEPMF1S1,06-10-13,7.6,8,7.6,7.9,454500
ICBEPMF1S1,06-11-13,8.1,8.1,7.8,7.8,559500
ICBEPMF1S1,06-12-13,8,8,7.7,7.7,274500
ICBEPMF1S1,13-06-13,7.7,7.9,7.7,7.8,248000
ICBEPMF1S1,16-06-13,8,8,7.7,7.7,465000
ICBEPMF1S1,17-06-13,7.9,8.1,7.8,7.8,559500
ICBEPMF1S1,18-06-13,8,8.3,7.8,8,800500
ICBEPMF1S1,19-06-13,8.1,8.3,7.9,7.9,603500
ICBEPMF1S1,20-06-13,8.2,8.2,7.8,7.8,324000
ICBEPMF1S1,23-06-13,7.9,7.9,7.5,7.6,323000
ICBEPMF1S1,24-06-13,7.6,7.6,7.2,7.3,459000
ICBEPMF1S1,26-06-13,7.5,7.7,7.1,7.2,647000
ICBEPMF1S1,27-06-13,7.5,7.5,7.1,7.2,239000
ICBEPMF1S1,30-06-13,7.3,7.4,7.2,7.3,170000
ICBEPMF1S1,07-02-13,7.4,7.5,7.3,7.3,361000
ICBEPMF1S1,07-03-13,7.5,7.6,7.3,7.3,539000
ICBEPMF1S1,07-04-13,7.4,7.6,7.3,7.3,590500
ICBEPMF1S1,07-07-13,7.6,7.9,7.5,7.8,303000
ICBEPMF1S1,07-08-13,7.9,7.9,7.5,7.5,313500
ICBEPMF1S1,07-09-13,7.6,7.6,7.2,7.3,469000
ICBEPMF1S1,07-10-13,7.3,7.6,7.3,7.4,251000
ICBEPMF1S1,07-11-13,7.4,7.5,7.2,7.2,97000
ICBEPMF1S1,14-07-13,7.4,7.4,7.1,7.1,112000
ICBEPMF1S1,15-07-13,7.3,7.3,7,7,233000
ICBEPMF1S1,16-07-13,7.2,7.3,7,7.1,259500
ICBEPMF1S1,17-07-13,7.1,7.2,6.8,6.8,237000
ICBEPMF1S1,18-07-13,7.1,7.2,6.9,6.9,251500
ICBEPMF1S1,21-07-13,7.2,7.2,6.7,6.8,110500
ICBEPMF1S1,22-07-13,6.9,7.2,6.8,6.9,217000
ICBEPMF1S1,23-07-13,7.2,7.3,6.9,6.9,333000
ICBEPMF1S1,24-07-13,7.2,7.5,7,7.5,350500
ICBEPMF1S1,25-07-13,7.9,8.2,7.1,7.1,596000
ICBEPMF1S1,28-07-13,6.9,7.4,6.9,7,106500
ICBEPMF1S1,29-07-13,7.1,7.1,6.9,6.9,166000
ICBEPMF1S1,30-07-13,6.9,6.9,6.6,6.6,201000
ICBEPMF1S1,31-07-13,6.4,6.6,6.4,6.4,189000
ICBEPMF1S1,08-01-13,6.3,6.5,6.2,6.3,78500
ICBEPMF1S1,08-04-13,6.4,6.4,6.3,6.3,52000
ICBEPMF1S1,08-05-13,6.3,6.7,6.2,6.3,180000
ICBEPMF1S1,08-12-13,5.7,5.7,5.4,5.5,556000
ICBEPMF1S1,13-08-13,5.6,5.8,5.6,5.6,265500
ICBEPMF1S1,14-08-13,5.7,5.9,5.6,5.6,238500
ICBEPMF1S1,18-08-13,5.6,5.6,5.3,5.4,507000
ICBEPMF1S1,19-08-13,5.4,5.7,5.4,5.6,170500
ICBEPMF1S1,20-08-13,5.5,5.6,5.5,5.5,210500
ICBEPMF1S1,21-08-13,5.5,5.6,5.4,5.4,119000
ICBEPMF1S1,22-08-13,5.4,5.6,5.3,5.4,213000
ICBEPMF1S1,25-08-13,5.5,5.7,5.4,5.4,232500
ICBEPMF1S1,26-08-13,5.5,5.6,5.4,5.4,116500
ICBEPMF1S1,27-08-13,5.4,5.6,5.4,5.4,220000
ICBEPMF1S1,29-08-13,5.5,5.6,5.5,5.5,261500
ICBEPMF1S1,09-01-13,5.5,5.6,5.5,5.5,152500
ICBEPMF1S1,09-02-13,5.6,5.6,5.5,5.5,225000
ICBEPMF1S1,09-03-13,5.5,5.6,5.4,5.5,72000
ICBEPMF1S1,09-04-13,5.5,5.6,5.5,5.5,180500
ICBEPMF1S1,09-05-13,5.5,5.6,5.5,5.5,217000
ICBEPMF1S1,09-08-13,5.5,5.6,5.5,5.5,108000
ICBEPMF1S1,09-09-13,5.6,5.6,5.5,5.5,330000
ICBEPMF1S1,09-10-13,5.5,5.6,5.4,5.4,244500
ICBEPMF1S1,09-11-13,5.5,5.9,5.5,5.8,320500
ICBEPMF1S1,09-12-13,5.7,5.8,5.5,5.6,337000
ICBEPMF1S1,15-09-13,5.6,5.8,5.6,5.7,180000
ICBEPMF1S1,16-09-13,5.7,5.7,5.6,5.6,116500
ICBEPMF1S1,17-09-13,5.7,5.8,5.5,5.5,253500
ICBEPMF1S1,18-09-13,5.7,5.8,5.6,5.6,152000
ICBEPMF1S1,19-09-13,5.7,5.8,5.6,5.6,221000
ICBEPMF1S1,22-09-13,5.7,5.8,5.6,5.6,77500
ICBEPMF1S1,23-09-13,5.7,5.8,5.6,5.7,288500
ICBEPMF1S1,24-09-13,5.7,5.9,5.7,5.8,385500
ICBEPMF1S1,25-09-13,5.8,6,5.8,5.9,248000
ICBEPMF1S1,26-09-13,5.9,5.9,5.8,5.8,97000
ICBEPMF1S1,29-09-13,6.1,6.1,5.9,5.9,208000
ICBEPMF1S1,30-09-13,6,6,5.8,5.8,289000
ICBEPMF1S1,10-01-13,5.8,5.9,5.7,5.7,99500
ICBEPMF1S1,10-02-13,5.9,6,5.9,5.9,161500
ICBEPMF1S1,10-03-13,5.9,6,5.8,5.8,237000
ICBEPMF1S1,10-06-13,5.8,5.9,5.8,5.8,58500
ICBEPMF1S1,10-07-13,5.7,5.8,5.6,5.6,124500
ICBEPMF1S1,10-08-13,5.7,5.8,5.6,5.6,164500
ICBEPMF1S1,10-09-13,5.7,6,5.7,5.8,158000
ICBEPMF1S1,10-10-13,5.8,5.9,5.8,5.8,149500
ICBEPMF1S1,20-10-13,5.8,5.9,5.7,5.7,60500
ICBEPMF1S1,21-10-13,5.8,5.9,5.7,5.7,112000
ICBEPMF1S1,22-10-13,5.8,5.9,5.8,5.8,87000
ICBEPMF1S1,23-10-13,5.8,5.9,5.8,5.8,114500
ICBEPMF1S1,24-10-13,5.8,6,5.7,5.9,306000
ICBEPMF1S1,27-10-13,5.9,6.1,5.9,6,152500
ICBEPMF1S1,28-10-13,6.2,6.3,6,6,133500
ICBEPMF1S1,29-10-13,6,6.1,5.9,6,56500
ICBEPMF1S1,30-10-13,6.1,6.1,6,6,33500
ICBEPMF1S1,31-10-13,6.1,6.3,6.1,6.1,122500
ICBEPMF1S1,11-03-13,6.3,6.7,6,6.4,286000
ICBEPMF1S1,11-04-13,6.4,6.5,6.2,6.4,159000
ICBEPMF1S1,11-05-13,6.5,6.6,6.2,6.3,158500
ICBEPMF1S1,11-06-13,6.5,6.5,6,6.3,239500
ICBEPMF1S1,11-07-13,6.5,6.7,6.5,6.5,116000
ICBEPMF1S1,11-10-13,6.5,6.6,6.4,6.5,100000
ICBEPMF1S1,11-11-13,6.6,6.7,6.5,6.5,246000
ICBEPMF1S1,11-12-13,6.7,6.7,6.3,6.4,244500
ICBEPMF1S1,13-11-13,6.4,6.5,6.3,6.3,173000
ICBEPMF1S1,14-11-13,6.5,6.6,6.3,6.3,132500
ICBEPMF1S1,17-11-13,6.4,6.4,6.2,6.2,113000
ICBEPMF1S1,18-11-13,6.1,6.3,6.1,6.1,89000
ICBEPMF1S1,19-11-13,6.1,6.3,6.1,6.2,30500
ICBEPMF1S1,20-11-13,6.4,6.4,6.3,6.3,181000
ICBEPMF1S1,21-11-13,6.3,6.4,6.2,6.3,165000
ICBEPMF1S1,24-11-13,6.3,6.3,6.1,6.1,126000
ICBEPMF1S1,25-11-13,6.2,6.2,6.1,6.1,352500
ICBEPMF1S1,26-11-13,6.1,6.3,6.1,6.2,65000
ICBEPMF1S1,27-11-13,6.1,6.2,6,6.1,180000
ICBEPMF1S1,28-11-13,6.1,6.2,6,6,50000
ICBEPMF1S1,12-01-13,5.9,6.1,5.9,6,45000
ICBEPMF1S1,12-02-13,6.1,6.1,5.9,5.9,67000
ICBEPMF1S1,12-03-13,6,6.1,6,6,62000
ICBEPMF1S1,12-04-13,6.1,6.1,6,6,74000
ICBEPMF1S1,12-05-13,6.1,6.1,5.9,5.9,65500
ICBEPMF1S1,12-08-13,5.9,6.1,5.9,5.9,210500
ICBEPMF1S1,12-09-13,5.9,6.1,5.9,5.9,33500
ICBEPMF1S1,12-10-13,6,6.2,6,6,31000
ICBEPMF1S1,12-11-13,6.1,6.2,6,6.1,138500
ICBEPMF1S1,12-12-13,6.1,6.1,6,6,99500
ICBEPMF1S1,15-12-13,6,6.1,5.9,5.9,84500
ICBEPMF1S1,17-12-13,6,6.2,6,6.1,185000
ICBEPMF1S1,18-12-13,6.1,6.1,5.9,5.9,125500
ICBEPMF1S1,19-12-13,5.9,6.1,5.9,6,50500
ICBEPMF1S1,22-12-13,6.1,6.1,6,6,122000
ICBEPMF1S1,23-12-13,6,6,5.9,5.9,137500
ICBEPMF1S1,24-12-13,5.9,6,5.9,5.9,39500
ICBEPMF1S1,26-12-13,5.9,5.9,5.8,5.8,38500
ICBEPMF1S1,29-12-13,5.9,5.9,5.8,5.8,37500
ICBEPMF1S1,30-12-13,5.8,5.9,5.7,5.7,17000
IFILISLMF1,01-01-13,6.2,6.3,6.1,6.1,141000
IFILISLMF1,01-02-13,6.2,6.2,6,6.1,449000
IFILISLMF1,01-03-13,6.3,6.7,6.2,6.6,1563500
IFILISLMF1,01-06-13,6.6,6.9,6.6,6.6,774000
IFILISLMF1,01-07-13,6.6,6.6,6.4,6.4,252000
IFILISLMF1,01-08-13,6.5,6.7,6.4,6.4,321500
IFILISLMF1,01-09-13,7,7,6.6,6.6,1531500
IFILISLMF1,01-10-13,6.6,6.6,6.3,6.3,414000
IFILISLMF1,13-01-13,6.4,6.4,6.2,6.2,222000
IFILISLMF1,14-01-13,6.2,6.3,6.2,6.2,195000
IFILISLMF1,15-01-13,6.3,6.4,6.2,6.3,147000
IFILISLMF1,16-01-13,6.3,6.4,6.2,6.3,139500
IFILISLMF1,17-01-13,6.3,6.4,6.2,6.2,279000
IFILISLMF1,20-01-13,6.2,6.3,6.2,6.2,230500
IFILISLMF1,21-01-13,6.2,6.3,6.2,6.2,118000
IFILISLMF1,22-01-13,6.2,6.2,6.1,6.1,756500
IFILISLMF1,23-01-13,6.2,6.2,6,6,426500
IFILISLMF1,24-01-13,6.1,6.1,6,6,430500
IFILISLMF1,27-01-13,6.1,6.2,6,6,311000
IFILISLMF1,28-01-13,6,6.1,5.9,5.9,306000
IFILISLMF1,29-01-13,6,6.1,5.9,6,573000
IFILISLMF1,30-01-13,6,6.1,5.9,6,172000
IFILISLMF1,31-01-13,6,6,5.9,5.9,263000
IFILISLMF1,02-03-13,6,6.1,5.9,5.9,296000
IFILISLMF1,02-04-13,5.9,6,5.8,5.8,416500
IFILISLMF1,02-05-13,5.8,6,5.8,5.9,177500
IFILISLMF1,02-06-13,6,6,5.9,5.9,381500
IFILISLMF1,02-07-13,6,6.1,5.9,5.9,296500
IFILISLMF1,02-10-13,5.9,6.1,5.9,5.9,595500
IFILISLMF1,02-11-13,6.1,6.1,5.9,5.9,584000
IFILISLMF1,02-12-13,6,6.1,5.9,5.9,329000
IFILISLMF1,13-02-13,5.9,6,5.8,5.8,382500
IFILISLMF1,14-02-13,5.8,5.9,5.8,5.8,607000
IFILISLMF1,17-02-13,5.9,5.9,5.7,5.7,688000
IFILISLMF1,18-02-13,5.8,5.9,5.6,5.6,401000
IFILISLMF1,19-02-13,5.6,5.7,5.4,5.5,456500
IFILISLMF1,20-02-13,5.6,5.6,5.4,5.4,363500
IFILISLMF1,24-02-13,5.4,5.4,5.2,5.2,193000
IFILISLMF1,25-02-13,5.3,5.3,5.1,5.1,228500
IFILISLMF1,26-02-13,5.2,5.3,5.1,5.1,316500
IFILISLMF1,27-02-13,5.2,5.2,5,5,407000
IFILISLMF1,28-02-13,5,5.1,4.9,5,126500
IFILISLMF1,03-03-13,4.9,5,4.6,4.6,519000
IFILISLMF1,03-04-13,4.7,5,4.7,4.9,334500
IFILISLMF1,03-05-13,4.9,5,4.8,4.8,205000
IFILISLMF1,03-06-13,4.9,5,4.8,4.8,212500
IFILISLMF1,03-07-13,4.8,4.9,4.7,4.8,188500
IFILISLMF1,03-10-13,4.8,4.9,4.7,4.7,262500
IFILISLMF1,03-11-13,4.7,4.8,4.6,4.7,339500
IFILISLMF1,03-12-13,4.7,4.9,4.6,4.8,890000
IFILISLMF1,13-03-13,4.8,4.9,4.8,4.8,138500
IFILISLMF1,14-03-13,4.8,4.8,4.7,4.7,175000
IFILISLMF1,18-03-13,4.7,4.9,4.7,4.8,269000
IFILISLMF1,19-03-13,4.8,4.8,4.7,4.7,636000
IFILISLMF1,20-03-13,4.7,4.8,4.7,4.7,328500
IFILISLMF1,24-03-13,4.7,4.7,4.6,4.6,97500
IFILISLMF1,25-03-13,4.7,4.7,4.6,4.6,252000
IFILISLMF1,27-03-13,4.6,4.6,4.5,4.5,263000
IFILISLMF1,28-03-13,4.5,4.6,4.5,4.5,217500
IFILISLMF1,31-03-13,4.5,4.5,4.4,4.4,287000
IFILISLMF1,04-01-13,4.4,4.4,4.3,4.3,154500
IFILISLMF1,04-02-13,4.4,4.5,4.3,4.4,339500
IFILISLMF1,04-03-13,4.4,4.5,4.4,4.4,169500
IFILISLMF1,04-04-13,4.4,4.5,4.4,4.4,222000
IFILISLMF1,04-07-13,4.5,4.8,4.4,4.6,662000
IFILISLMF1,04-08-13,4.6,5,4.6,5,1171000
IFILISLMF1,04-09-13,5,5.4,4.9,5.1,638500
IFILISLMF1,04-10-13,5.2,5.4,5,5.2,735500
IFILISLMF1,04-11-13,5.2,5.4,5.1,5.3,763500
IFILISLMF1,15-04-13,5.3,5.4,5.1,5.1,343500
IFILISLMF1,16-04-13,5.2,5.2,4.8,4.8,460000
IFILISLMF1,17-04-13,4.9,5.2,4.7,5.1,639000
IFILISLMF1,18-04-13,5.3,5.5,5.3,5.3,877000
IFILISLMF1,21-04-13,5.3,5.3,5,5,365000
IFILISLMF1,22-04-13,5,5.2,5,5.1,499500
IFILISLMF1,23-04-13,5.1,5.2,5.1,5.1,305500
IFILISLMF1,24-04-13,5.2,5.2,5,5,361000
IFILISLMF1,25-04-13,5.1,5.1,4.9,4.9,222000
IFILISLMF1,28-04-13,4.9,4.9,4.8,4.8,287500
IFILISLMF1,29-04-13,4.9,4.9,4.7,4.8,267500
IFILISLMF1,30-04-13,4.9,4.9,4.8,4.8,280500
IFILISLMF1,05-02-13,4.8,5,4.8,4.8,557500
IFILISLMF1,05-05-13,4.9,4.9,4.8,4.8,173500
IFILISLMF1,05-06-13,4.8,4.9,4.8,4.8,122500
IFILISLMF1,05-07-13,4.9,5.1,4.8,4.9,357000
IFILISLMF1,05-08-13,5,5.3,5,5.1,908500
IFILISLMF1,05-09-13,5,5.2,5,5.1,352500
IFILISLMF1,05-12-13,5.2,5.4,5.1,5.2,574000
IFILISLMF1,13-05-13,5.3,5.4,5.2,5.3,442500
IFILISLMF1,14-05-13,5.4,5.8,5.3,5.8,1643500
IFILISLMF1,15-05-13,6,6,5.5,5.6,770000
IFILISLMF1,16-05-13,5.6,5.9,5.5,5.8,2347500
IFILISLMF1,19-05-13,5.9,6.1,5.9,5.9,1209000
IFILISLMF1,20-05-13,6,6.1,5.9,5.9,901500
IFILISLMF1,21-05-13,5.9,6,5.7,5.7,472500
IFILISLMF1,22-05-13,5.8,5.9,5.6,5.6,796500
IFILISLMF1,26-05-13,5.7,5.8,5.4,5.4,367500
IFILISLMF1,27-05-13,5.5,5.7,5.4,5.6,403500
IFILISLMF1,28-05-13,5.7,5.9,5.6,5.8,643500
IFILISLMF1,29-05-13,5.9,6,5.8,5.9,696000
IFILISLMF1,30-05-13,6,6,5.8,5.9,786500
IFILISLMF1,06-02-13,6,6.4,6,6.3,1956500
IFILISLMF1,06-03-13,6.5,6.7,6.2,6.4,1044500
IFILISLMF1,06-04-13,6.5,6.5,6.1,6.2,1407000
IFILISLMF1,06-05-13,6.2,6.4,6.1,6.2,742000
IFILISLMF1,06-06-13,6.3,6.4,6,6.1,959500
IFILISLMF1,06-09-13,6.3,6.5,5.9,5.9,1070000
IFILISLMF1,06-10-13,6,6.3,6,6.2,970500
IFILISLMF1,06-11-13,6.3,6.4,6.2,6.2,731500
IFILISLMF1,06-12-13,6.3,6.4,6,6,771500
IFILISLMF1,13-06-13,6.1,6.1,5.9,6,815000
IFILISLMF1,16-06-13,6.1,6.2,6,6,749000
IFILISLMF1,17-06-13,6.1,6.3,6,6.2,1462000
IFILISLMF1,18-06-13,6.1,6.7,6.1,6.6,2583000
IFILISLMF1,19-06-13,6.7,7,6.6,6.7,1732500
IFILISLMF1,20-06-13,6.8,6.9,6.4,6.4,964000
IFILISLMF1,23-06-13,6.3,6.5,6,6,633000
IFILISLMF1,24-06-13,6.5,6.5,5.9,6,559500
IFILISLMF1,26-06-13,6.2,6.3,6.1,6.1,654500
IFILISLMF1,27-06-13,6.1,6.2,5.9,6,654500
IFILISLMF1,30-06-13,6,6.1,5.8,5.8,691000
IFILISLMF1,07-02-13,6,6.3,5.9,6.2,461500
IFILISLMF1,07-03-13,6.2,6.3,6,6,703500
IFILISLMF1,07-04-13,6,6.2,5.9,6,857000
IFILISLMF1,07-07-13,6.2,6.3,6.1,6.1,653000
IFILISLMF1,07-08-13,6.3,6.3,6,6,565500
IFILISLMF1,07-09-13,6,6.1,5.9,5.9,1303500
IFILISLMF1,07-10-13,6,6.3,5.8,6,1234500
IFILISLMF1,07-11-13,6.1,6.2,5.8,5.8,1076500
IFILISLMF1,14-07-13,6,6,5.7,5.7,510500
IFILISLMF1,15-07-13,5.7,5.8,5.3,5.5,630000
IFILISLMF1,16-07-13,5.7,5.9,5.7,5.8,350500
IFILISLMF1,17-07-13,5.8,5.8,5.4,5.4,567000
IFILISLMF1,18-07-13,5.4,5.7,5.4,5.5,395500
IFILISLMF1,21-07-13,5.6,5.6,5.4,5.4,315000
IFILISLMF1,22-07-13,5.5,5.7,5.5,5.5,192000
IFILISLMF1,23-07-13,5.6,5.6,5.4,5.4,262500
IFILISLMF1,24-07-13,5.3,5.9,5.3,5.9,1645000
IFILISLMF1,25-07-13,6.4,6.4,5.6,5.7,1984500
IFILISLMF1,28-07-13,5.8,5.8,5.6,5.6,216500
IFILISLMF1,29-07-13,5.7,5.7,5.4,5.4,461000
IFILISLMF1,30-07-13,5.5,5.5,5.3,5.3,305000
IFILISLMF1,31-07-13,5.3,5.4,5.2,5.3,303500
IFILISLMF1,08-01-13,5.3,5.4,5.2,5.3,287000
IFILISLMF1,08-04-13,5.2,5.2,5.1,5.1,188500
IFILISLMF1,08-05-13,5.2,5.4,5.2,5.2,163000
IFILISLMF1,08-12-13,4.9,5,4.8,4.9,515500
IFILISLMF1,13-08-13,4.9,5,4.9,4.9,361000
IFILISLMF1,14-08-13,5,5,4.9,4.9,191000
IFILISLMF1,18-08-13,4.9,5.1,4.8,4.9,346000
IFILISLMF1,19-08-13,5,5.1,4.9,5,137000
IFILISLMF1,20-08-13,5,5.1,4.9,4.9,492500
IFILISLMF1,21-08-13,5,5,4.9,4.9,297000
IFILISLMF1,22-08-13,4.9,5.1,4.9,4.9,473500
IFILISLMF1,25-08-13,5,5.1,4.9,5,765500
IFILISLMF1,26-08-13,5,5.2,5,5.1,536000
IFILISLMF1,27-08-13,5.1,5.2,5,5.1,705000
IFILISLMF1,29-08-13,5.1,5.1,5,5,384500
IFILISLMF1,09-01-13,5.1,5.2,5,5.1,533500
IFILISLMF1,09-02-13,5.1,5.3,5.1,5.2,243500
IFILISLMF1,09-03-13,5.2,5.2,5.1,5.1,167500
IFILISLMF1,09-04-13,5.2,5.3,5.1,5.1,258000
IFILISLMF1,09-05-13,5.2,5.2,5.1,5.1,422500
IFILISLMF1,09-08-13,5.2,5.2,5.1,5.1,208000
IFILISLMF1,09-09-13,5.2,5.2,5.1,5.1,316000
IFILISLMF1,09-10-13,5.1,5.2,5,5.1,586000
IFILISLMF1,09-11-13,5.2,5.3,5.1,5.1,387000
IFILISLMF1,09-12-13,5.1,5.3,5.1,5.2,328000
IFILISLMF1,15-09-13,5.2,5.2,5.1,5.1,349000
IFILISLMF1,16-09-13,5.2,5.3,5.1,5.1,371000
IFILISLMF1,17-09-13,5.1,5.2,5.1,5.1,510500
IFILISLMF1,18-09-13,5.1,5.2,5.1,5.1,155500
IFILISLMF1,19-09-13,5.1,5.3,5.1,5.1,502500
IFILISLMF1,22-09-13,5.2,5.2,5.1,5.1,286000
IFILISLMF1,23-09-13,5.2,5.2,5.1,5.1,168500
IFILISLMF1,24-09-13,5.2,5.3,5.1,5.1,327000
IFILISLMF1,25-09-13,5.2,5.3,5.2,5.2,936000
IFILISLMF1,26-09-13,5.3,5.4,5.2,5.3,897500
IFILISLMF1,29-09-13,5.4,5.7,5.3,5.4,681500
IFILISLMF1,30-09-13,5.4,5.5,5.3,5.4,156000
IFILISLMF1,10-01-13,5.4,5.5,5.3,5.4,238000
IFILISLMF1,10-02-13,5.5,5.6,5.4,5.4,735500
IFILISLMF1,10-03-13,5.4,5.5,5.3,5.3,152000
IFILISLMF1,10-06-13,5.5,5.5,5.1,5.1,117000
IFILISLMF1,10-07-13,5.1,5.2,5.1,5.1,62000
IFILISLMF1,10-08-13,5.1,5.4,5.1,5.2,346500
IFILISLMF1,10-09-13,5.1,5.2,5.1,5.1,178500
IFILISLMF1,10-10-13,5.2,5.3,5.2,5.2,223500
IFILISLMF1,20-10-13,5.2,5.2,5,5,90000
IFILISLMF1,21-10-13,5,5.1,4.9,5,31500
IFILISLMF1,22-10-13,5,5.4,5,5.2,212000
IFILISLMF1,23-10-13,5.2,5.3,5.1,5.2,308000
IFILISLMF1,24-10-13,5.2,5.3,5.1,5.1,393000
IFILISLMF1,27-10-13,5.1,5.2,5,5,502500
IFILISLMF1,28-10-13,5.2,5.3,5.1,5.1,277500
IFILISLMF1,29-10-13,5.1,5.3,5.1,5.2,307000
IFILISLMF1,30-10-13,5.3,5.3,5.2,5.2,70500
IFILISLMF1,31-10-13,5.3,5.3,5.1,5.2,501000
IFILISLMF1,11-03-13,5.3,5.3,5.2,5.2,138000
IFILISLMF1,11-04-13,5.3,5.3,5.2,5.2,43500
IFILISLMF1,11-05-13,5.3,5.4,5.2,5.3,495500
IFILISLMF1,11-06-13,5.4,5.4,5.3,5.3,118000
IFILISLMF1,11-07-13,5.4,5.6,5.4,5.5,254000
IFILISLMF1,11-10-13,5.6,5.7,5.5,5.6,687000
IFILISLMF1,11-11-13,5.6,5.9,5.6,5.7,907500
IFILISLMF1,11-12-13,5.9,6.2,5.7,5.8,1050500
IFILISLMF1,13-11-13,6,6.2,5.9,6,834000
IFILISLMF1,14-11-13,6.2,6.6,6.2,6.2,1583000
IFILISLMF1,17-11-13,6.3,6.4,6.2,6.2,1854000
IFILISLMF1,18-11-13,6.3,6.3,6,6,654000
IFILISLMF1,19-11-13,6,6.2,6,6.1,371000
IFILISLMF1,20-11-13,6.1,6.3,6.1,6.1,547500
IFILISLMF1,21-11-13,6.2,6.2,6,6.1,479500
IFILISLMF1,24-11-13,6.2,6.2,5.9,5.9,835500
IFILISLMF1,25-11-13,5.9,6.2,5.9,6,991500
IFILISLMF1,26-11-13,6,6.1,5.9,5.9,1075000
IFILISLMF1,27-11-13,6,6,5.8,5.8,955500
IFILISLMF1,28-11-13,5.9,5.9,5.8,5.8,306500
IFILISLMF1,12-01-13,5.9,5.9,5.8,5.8,285500
IFILISLMF1,12-02-13,5.9,6,5.7,5.8,358500
IFILISLMF1,12-03-13,5.8,6,5.8,5.9,223500
IFILISLMF1,12-04-13,6,6.1,5.8,5.8,765000
IFILISLMF1,12-05-13,5.8,6,5.6,5.7,532000
IFILISLMF1,12-08-13,5.7,5.9,5.7,5.7,120500
IFILISLMF1,12-09-13,5.8,5.9,5.7,5.7,215000
IFILISLMF1,12-10-13,5.8,5.9,5.8,5.8,275500
IFILISLMF1,12-11-13,5.9,6,5.8,5.9,393000
IFILISLMF1,12-12-13,5.8,5.9,5.8,5.8,149500
IFILISLMF1,15-12-13,5.8,5.9,5.7,5.7,168500
IFILISLMF1,17-12-13,5.8,6,5.8,5.8,240500
IFILISLMF1,18-12-13,5.8,5.8,5.7,5.7,223000
IFILISLMF1,19-12-13,5.7,5.9,5.7,5.8,166500
IFILISLMF1,22-12-13,5.7,5.8,5.7,5.7,155500
IFILISLMF1,23-12-13,5.7,5.8,5.7,5.7,98500
IFILISLMF1,24-12-13,5.7,5.8,5.6,5.6,82000
IFILISLMF1,26-12-13,5.7,5.8,5.6,5.6,127500
IFILISLMF1,29-12-13,5.6,5.7,5.6,5.6,34000
IFILISLMF1,30-12-13,5.6,5.7,5.6,5.6,72000
PF1STMF,01-01-13,7.2,7.5,7.2,7.2,136500
PF1STMF,01-02-13,7.2,7.3,7.2,7.2,52000
PF1STMF,01-03-13,7.9,7.9,7.6,7.9,519500
PF1STMF,01-06-13,7.9,8,7.7,7.7,229500
PF1STMF,01-07-13,7.8,7.8,7.6,7.7,75500
PF1STMF,01-08-13,7.8,7.9,7.4,7.4,212500
PF1STMF,01-09-13,8.1,8.1,7.5,7.5,696500
PF1STMF,01-10-13,7.6,7.6,7.3,7.3,151500
PF1STMF,13-01-13,7.3,7.3,7,7,532500
PF1STMF,14-01-13,7,7.1,7,7,181000
PF1STMF,15-01-13,7.2,7.3,7,7,129000
PF1STMF,16-01-13,7.1,7.1,6.9,7,284000
PF1STMF,17-01-13,7.1,7.1,6.8,6.8,283000
PF1STMF,20-01-13,6.8,7,6.8,6.8,178000
PF1STMF,21-01-13,6.9,6.9,6.7,6.7,72000
PF1STMF,22-01-13,6.8,6.8,6.6,6.6,370500
PF1STMF,23-01-13,6.6,6.8,6.5,6.5,461500
PF1STMF,24-01-13,6.6,6.7,6.5,6.5,246500
PF1STMF,27-01-13,6.6,6.6,6.4,6.4,140500
PF1STMF,28-01-13,6.4,6.4,6.1,6.1,278500
PF1STMF,29-01-13,6.2,6.4,6.2,6.3,360500
PF1STMF,30-01-13,6.5,6.5,6.2,6.3,159000
PF1STMF,31-01-13,6.3,6.4,6.2,6.2,169000
PF1STMF,02-03-13,6.2,6.3,6.2,6.2,122000
PF1STMF,02-04-13,6.3,6.3,6.2,6.2,163500
PF1STMF,02-05-13,6.2,6.4,6.2,6.4,193000
PF1STMF,02-06-13,6.4,6.5,6.3,6.4,207500
PF1STMF,02-07-13,6.5,6.6,6.4,6.5,331000
PF1STMF,02-10-13,6.5,6.8,6.5,6.6,430000
PF1STMF,02-11-13,6.7,6.8,6.6,6.7,228500
PF1STMF,02-12-13,6.7,6.7,6.5,6.5,294000
PF1STMF,13-02-13,6.7,6.7,6.4,6.4,176500
PF1STMF,14-02-13,6.5,6.5,6.3,6.4,582000
PF1STMF,17-02-13,6.3,6.5,6.3,6.3,159500
PF1STMF,18-02-13,6.4,6.4,6.2,6.2,167000
PF1STMF,19-02-13,6.3,6.3,6,6.1,363500
PF1STMF,20-02-13,6.2,6.2,6.1,6.1,91000
PF1STMF,24-02-13,6,6.1,5.7,5.7,299500
PF1STMF,25-02-13,6,6,5.4,5.5,359500
PF1STMF,26-02-13,5.8,5.9,5.6,5.7,178500
PF1STMF,27-02-13,5.8,5.8,5.6,5.6,130000
PF1STMF,28-02-13,5.7,5.8,5.6,5.7,130000
PF1STMF,03-03-13,5.5,5.5,5.2,5.3,196500
PF1STMF,03-04-13,5.4,5.6,5.3,5.3,76500
PF1STMF,03-05-13,5.5,5.5,5.3,5.3,91000
PF1STMF,03-06-13,5.3,5.4,5.2,5.2,298500
PF1STMF,03-07-13,5.2,5.4,5.2,5.3,111500
PF1STMF,03-10-13,5.4,5.4,5.2,5.2,62000
PF1STMF,03-11-13,5.3,5.3,5.1,5.2,172500
PF1STMF,03-12-13,5.1,5.3,5,5.1,140000
PF1STMF,13-03-13,5.2,5.3,5.2,5.2,71500
PF1STMF,14-03-13,5.2,5.3,5.2,5.2,63000
PF1STMF,18-03-13,5.3,5.3,5.1,5.1,99000
PF1STMF,19-03-13,5.2,5.3,5.2,5.2,22000
PF1STMF,20-03-13,5.2,5.2,5.1,5.1,138000
PF1STMF,24-03-13,5.1,5.1,5,5,210000
PF1STMF,25-03-13,5,5.1,5,5,91000
PF1STMF,27-03-13,5,5.1,4.9,5,210000
PF1STMF,28-03-13,5.1,5.1,4.9,4.9,32000
PF1STMF,31-03-13,4.9,5,4.9,4.9,53500
PF1STMF,04-01-13,4.8,4.9,4.7,4.8,83500
PF1STMF,04-02-13,4.8,4.9,4.8,4.8,136000
PF1STMF,04-03-13,4.9,5.1,4.9,4.9,250500
PF1STMF,04-04-13,4.9,5,4.9,4.9,252000
PF1STMF,04-07-13,5,5.3,5,5.2,430000
PF1STMF,04-08-13,5.1,5.7,5.1,5.7,511500
PF1STMF,04-09-13,6,6.2,5.9,6.1,913000
PF1STMF,04-10-13,6.2,6.7,5.8,6.4,1122500
PF1STMF,04-11-13,6.5,6.7,6.4,6.5,576000
PF1STMF,15-04-13,6.6,6.6,6,6.1,363500
PF1STMF,16-04-13,6,6.2,5.5,5.5,943000
PF1STMF,17-04-13,5.5,6,5.3,6,504500
PF1STMF,18-04-13,6.4,6.6,6.3,6.5,1552000
PF1STMF,21-04-13,6.4,6.4,6,6,392000
PF1STMF,22-04-13,6,6.5,6,6.2,325500
PF1STMF,23-04-13,6.4,6.6,6.4,6.4,377000
PF1STMF,24-04-13,6.4,6.5,6.3,6.3,291000
PF1STMF,25-04-13,6.4,6.4,6,6,292000
PF1STMF,28-04-13,6.3,6.3,5.8,5.8,416500
PF1STMF,29-04-13,5.8,6,5.7,5.8,121500
PF1STMF,30-04-13,5.9,6,5.8,5.8,184500
PF1STMF,05-02-13,5.7,5.9,5.7,5.8,207500
PF1STMF,05-05-13,5.7,6,5.7,5.7,320000
PF1STMF,05-06-13,5.7,5.8,5.7,5.7,117500
PF1STMF,05-07-13,5.8,6.2,5.8,6.1,373500
PF1STMF,05-08-13,6.4,6.6,6,6.1,473000
PF1STMF,05-09-13,6.1,6.4,6.1,6.2,684000
PF1STMF,05-12-13,6.4,6.5,6.3,6.4,600500
PF1STMF,13-05-13,6.4,6.7,6.3,6.6,530000
PF1STMF,14-05-13,6.8,7.2,6.7,7.1,1443500
PF1STMF,15-05-13,7.1,7.2,6.7,7,949000
PF1STMF,16-05-13,7,7.7,7,7.6,740000
PF1STMF,19-05-13,7.7,7.8,7.3,7.4,824500
PF1STMF,20-05-13,7.5,7.6,7.2,7.2,837000
PF1STMF,21-05-13,7.3,7.4,6.9,7,494000
PF1STMF,22-05-13,7.1,7.3,6.9,7.1,451500
PF1STMF,26-05-13,7.5,7.5,6.9,6.9,317500
PF1STMF,27-05-13,7,7.4,7,7.2,421500
PF1STMF,28-05-13,7.3,7.6,7.3,7.4,569500
PF1STMF,29-05-13,7.5,7.7,7.3,7.4,557000
PF1STMF,30-05-13,7.6,7.6,7.4,7.4,480000
PF1STMF,06-02-13,7.7,7.8,7.6,7.6,764500
PF1STMF,06-03-13,7.9,7.9,7.5,7.5,542000
PF1STMF,06-04-13,7.5,7.6,7.1,7.1,598500
PF1STMF,06-05-13,7.1,7.5,7,7.3,654000
PF1STMF,06-06-13,7.6,7.8,7.4,7.5,775500
PF1STMF,06-09-13,7.8,8,7.3,7.4,1195500
PF1STMF,06-10-13,7.6,7.8,7.5,7.7,594500
PF1STMF,06-11-13,7.8,7.9,7.3,7.4,501500
PF1STMF,06-12-13,7.6,7.6,7.2,7.2,573500
PF1STMF,13-06-13,7.3,7.4,7.1,7.3,416000
PF1STMF,16-06-13,7.5,7.6,7.2,7.3,477500
PF1STMF,17-06-13,7.7,7.7,7.1,7.2,688500
PF1STMF,18-06-13,7.4,7.8,7.3,7.5,1385500
PF1STMF,19-06-13,7.9,7.9,7.3,7.3,518500
PF1STMF,20-06-13,7.5,7.5,7.2,7.2,427500
PF1STMF,23-06-13,7.2,7.3,6.8,6.8,649500
PF1STMF,24-06-13,6.9,7,6.7,6.9,254500
PF1STMF,26-06-13,7.2,7.2,6.6,6.7,707500
PF1STMF,27-06-13,6.8,6.9,6.6,6.6,309500
PF1STMF,30-06-13,6.6,6.8,6.5,6.6,255500
PF1STMF,07-02-13,6.9,7,6.7,6.9,545500
PF1STMF,07-03-13,7,7.1,6.7,6.7,501000
PF1STMF,07-04-13,6.8,7,6.8,6.8,174000
PF1STMF,07-07-13,7,7.1,6.8,6.9,669500
PF1STMF,07-08-13,7.1,7.1,6.7,6.7,398500
PF1STMF,07-09-13,6.8,6.8,6.4,6.4,1163000
PF1STMF,07-10-13,6.9,6.9,6.4,6.5,426500
PF1STMF,07-11-13,6.6,6.8,6.4,6.4,391000
PF1STMF,14-07-13,6.6,6.6,6.3,6.4,269500
PF1STMF,15-07-13,6.3,6.5,6.2,6.2,280500
PF1STMF,16-07-13,6.3,6.5,6.3,6.3,306000
PF1STMF,17-07-13,6.4,6.4,6,6.1,283000
PF1STMF,18-07-13,6.1,6.4,6,6,375500
PF1STMF,21-07-13,6,6.2,5.9,5.9,270500
PF1STMF,22-07-13,6,6.2,5.9,6,113500
PF1STMF,23-07-13,6.3,6.3,5.9,5.9,125000
PF1STMF,24-07-13,5.9,6.4,5.8,6.4,258500
PF1STMF,25-07-13,7,7,6.4,6.4,640000
PF1STMF,28-07-13,6.1,6.4,6.1,6.2,99000
PF1STMF,29-07-13,6.2,6.3,6,6,95500
PF1STMF,30-07-13,6.1,6.1,6,6,92500
PF1STMF,31-07-13,6,6,5.9,5.9,238000
PF1STMF,08-01-13,5.9,6,5.7,5.8,51000
PF1STMF,08-04-13,5.8,5.8,5.6,5.6,79000
PF1STMF,08-05-13,5.7,5.9,5.6,5.8,151000
PF1STMF,08-12-13,5.4,5.5,5.3,5.4,320500
PF1STMF,13-08-13,5.5,5.6,5.2,5.3,321000
PF1STMF,14-08-13,5.3,5.5,5.2,5.4,156500
PF1STMF,18-08-13,5.4,5.4,5.1,5.2,320000
PF1STMF,19-08-13,5.2,5.4,5.2,5.3,161000
PF1STMF,20-08-13,5.3,5.3,5.1,5.1,484500
PF1STMF,21-08-13,5.2,5.2,5.1,5.1,99000
PF1STMF,22-08-13,5.2,5.3,5.1,5.2,269500
PF1STMF,25-08-13,5.3,5.3,5.1,5.1,198000
PF1STMF,26-08-13,5.2,5.3,5.1,5.1,85500
PF1STMF,27-08-13,5.1,5.2,5.1,5.1,334500
PF1STMF,29-08-13,5.2,5.2,5,5,258000
PF1STMF,09-01-13,5.2,5.2,5.1,5.1,128500
PF1STMF,09-02-13,5.2,5.3,5.1,5.1,203000
PF1STMF,09-03-13,5.1,5.2,5.1,5.1,110500
PF1STMF,09-04-13,5.2,5.2,5.1,5.1,213500
PF1STMF,09-05-13,5.1,5.2,5,5.1,240000
PF1STMF,09-08-13,5.1,5.1,5,5,74500
PF1STMF,09-09-13,5.1,5.2,5,5,220000
PF1STMF,09-10-13,5.1,5.1,5,5,236500
PF1STMF,09-11-13,5.1,5.4,5,5.1,400000
PF1STMF,09-12-13,5.3,5.4,5.1,5.1,249500
PF1STMF,15-09-13,5.3,5.3,5.1,5.2,132500
PF1STMF,16-09-13,5.2,5.3,5.1,5.2,321000
PF1STMF,17-09-13,5.2,5.2,5.1,5.1,350000
PF1STMF,18-09-13,5.2,5.3,5.1,5.1,215000
PF1STMF,19-09-13,5.2,5.3,5.1,5.2,209500
PF1STMF,22-09-13,5.2,5.3,5.1,5.1,279000
PF1STMF,23-09-13,5.1,5.2,5.1,5.1,162000
PF1STMF,24-09-13,5.2,5.2,5.1,5.1,235500
PF1STMF,25-09-13,5.2,5.2,5.1,5.1,143000
PF1STMF,26-09-13,5.1,5.3,5.1,5.2,542000
PF1STMF,29-09-13,5.3,5.7,5.3,5.7,1141500
PF1STMF,30-09-13,5.8,6,5.4,5.4,422000
PF1STMF,10-01-13,5.5,5.5,5.3,5.4,173500
PF1STMF,10-02-13,5.6,5.8,5.5,5.5,550500
PF1STMF,10-03-13,5.5,5.8,5.4,5.6,405500
PF1STMF,10-06-13,5.6,5.6,5.3,5.3,105000
PF1STMF,10-07-13,5.3,5.4,5.2,5.2,155500
PF1STMF,10-08-13,5.3,5.3,5.1,5.1,199000
PF1STMF,10-09-13,5.2,5.4,5.1,5.3,113500
PF1STMF,10-10-13,5.3,5.4,5.3,5.3,88500
PF1STMF,20-10-13,5.3,5.3,5.2,5.2,75000
PF1STMF,21-10-13,5.2,5.2,5.1,5.1,97500
PF1STMF,22-10-13,5.3,5.3,5.1,5.2,46000
PF1STMF,23-10-13,5.2,5.2,5.1,5.1,181500
PF1STMF,24-10-13,5.2,5.2,5.1,5.1,90500
PF1STMF,27-10-13,5.2,5.3,5.2,5.2,79000
PF1STMF,28-10-13,5.3,5.3,5.2,5.2,138000
PF1STMF,29-10-13,5.2,5.5,5.1,5.3,489500
PF1STMF,30-10-13,5.4,5.4,5.2,5.2,167000
PF1STMF,31-10-13,5.3,5.4,5.2,5.3,126000
PF1STMF,11-03-13,5.4,5.4,5.2,5.3,124000
PF1STMF,11-04-13,5.4,5.4,5.3,5.3,118000
PF1STMF,11-05-13,5.5,5.5,5.3,5.3,201500
PF1STMF,11-06-13,5.4,5.4,5.3,5.3,221000
PF1STMF,11-07-13,5.5,5.8,5.4,5.6,719500
PF1STMF,11-10-13,5.7,5.8,5.5,5.7,445500
PF1STMF,11-11-13,5.8,6.1,5.7,5.8,804500
PF1STMF,11-12-13,6.1,6.3,5.9,6,714500
PF1STMF,13-11-13,6,6.2,5.9,6,388000
PF1STMF,14-11-13,6,6.1,5.9,5.9,340000
PF1STMF,17-11-13,5.9,6,5.7,5.8,636500
PF1STMF,18-11-13,5.9,6,5.8,5.9,408500
PF1STMF,19-11-13,5.9,6.1,5.9,6,232500
PF1STMF,20-11-13,6,6.2,6,6.1,271500
PF1STMF,21-11-13,6.1,6.1,5.9,5.9,387000
PF1STMF,24-11-13,6,6.1,5.8,5.8,376000
PF1STMF,25-11-13,5.9,6,5.8,5.8,320000
PF1STMF,26-11-13,5.9,5.9,5.7,5.8,526500
PF1STMF,27-11-13,5.7,5.8,5.7,5.7,100500
PF1STMF,28-11-13,5.7,5.7,5.6,5.6,74000
PF1STMF,12-01-13,5.6,5.6,5.5,5.5,178000
PF1STMF,12-02-13,5.7,5.7,5.5,5.5,106500
PF1STMF,12-03-13,5.6,5.7,5.5,5.6,150000
PF1STMF,12-04-13,5.7,5.8,5.6,5.6,165000
PF1STMF,12-05-13,5.7,5.7,5.5,5.5,75000
PF1STMF,12-08-13,5.6,5.7,5.5,5.5,97500
PF1STMF,12-09-13,5.6,5.7,5.5,5.5,175500
PF1STMF,12-10-13,5.7,5.8,5.6,5.7,260000
PF1STMF,12-11-13,5.7,5.8,5.7,5.7,514000
PF1STMF,12-12-13,5.8,5.9,5.6,5.7,262500
PF1STMF,15-12-13,5.7,5.8,5.7,5.7,66500
PF1STMF,17-12-13,5.8,6,5.8,5.8,233500
PF1STMF,18-12-13,5.9,5.9,5.7,5.7,99500
PF1STMF,19-12-13,5.8,5.8,5.6,5.7,291500
PF1STMF,22-12-13,5.8,5.8,5.6,5.6,112000
PF1STMF,23-12-13,5.7,5.7,5.5,5.5,89000
PF1STMF,24-12-13,5.6,5.6,5.4,5.5,121500
PF1STMF,26-12-13,5.5,5.5,5.4,5.4,175500
PF1STMF,29-12-13,5.4,5.5,5.4,5.4,133000
PF1STMF,30-12-13,5.4,5.5,5.4,5.4,189000
PHPMF1,01-01-13,6.9,6.9,6.7,6.7,480000
PHPMF1,01-02-13,6.7,6.8,6.7,6.7,263500
PHPMF1,01-03-13,7,7.3,7,7.3,3966000
PHPMF1,01-06-13,7.3,7.8,7.3,7.4,2556500
PHPMF1,01-07-13,7.3,7.4,7.1,7.2,1483500
PHPMF1,01-08-13,7.3,7.4,7.1,7.1,1312500
PHPMF1,01-09-13,7.8,7.8,7.2,7.2,3825000
PHPMF1,01-10-13,7.3,7.3,7,7,1811000
PHPMF1,13-01-13,7,7.1,6.9,6.9,1134000
PHPMF1,14-01-13,7,7,6.7,6.8,2062000
PHPMF1,15-01-13,6.8,6.9,6.7,6.8,528500
PHPMF1,16-01-13,6.8,6.9,6.8,6.8,670000
PHPMF1,17-01-13,6.8,7,6.8,6.8,901000
PHPMF1,20-01-13,6.9,6.9,6.8,6.8,492500
PHPMF1,21-01-13,6.9,6.9,6.8,6.8,841000
PHPMF1,22-01-13,6.8,6.8,6.6,6.6,2636500
PHPMF1,23-01-13,6.6,6.7,6.5,6.5,2049500
PHPMF1,24-01-13,6.5,6.7,6.5,6.5,980500
PHPMF1,27-01-13,6.6,6.6,6.4,6.4,1345000
PHPMF1,28-01-13,6.5,6.5,6.3,6.4,1581500
PHPMF1,29-01-13,6.4,6.7,6.4,6.5,929500
PHPMF1,30-01-13,6.7,6.7,6.4,6.4,932500
PHPMF1,31-01-13,6.5,6.6,6.4,6.4,768000
PHPMF1,02-03-13,6.4,6.5,6.4,6.4,664000
PHPMF1,02-04-13,6.5,6.5,6.3,6.3,792500
PHPMF1,02-05-13,6.4,6.5,6.3,6.4,1049000
PHPMF1,02-06-13,6.4,6.6,6.4,6.4,1085500
PHPMF1,02-07-13,6.5,6.6,6.5,6.5,1428000
PHPMF1,02-10-13,6.6,6.7,6.5,6.5,1336500
PHPMF1,02-11-13,6.6,6.7,6.5,6.5,858000
PHPMF1,02-12-13,6.7,6.7,6.4,6.4,1156000
PHPMF1,13-02-13,6.5,6.6,6.4,6.4,820000
PHPMF1,14-02-13,6.4,6.5,6.4,6.4,1610500
PHPMF1,17-02-13,6.4,6.5,6.3,6.3,1211000
PHPMF1,18-02-13,6.3,6.4,6.2,6.2,1138500
PHPMF1,19-02-13,6.2,6.3,6,6.1,1249000
PHPMF1,20-02-13,6.2,6.2,6,6,542000
PHPMF1,24-02-13,6,6.1,5.8,5.8,654000
PHPMF1,25-02-13,5.9,6,5.7,5.7,455500
PHPMF1,26-02-13,5.7,5.9,5.7,5.8,541500
PHPMF1,27-02-13,5.8,5.8,5.5,5.6,403000
PHPMF1,28-02-13,5.6,5.7,5.5,5.6,365500
PHPMF1,03-03-13,5.5,5.5,5.1,5.2,731500
PHPMF1,03-04-13,5.2,5.5,5.2,5.4,413000
PHPMF1,03-05-13,5.5,5.6,5.2,5.3,390500
PHPMF1,03-06-13,5.4,5.4,5.2,5.2,689500
PHPMF1,03-07-13,5.2,5.4,5.1,5.2,690000
PHPMF1,03-10-13,5.3,5.3,5.1,5.1,630000
PHPMF1,03-11-13,5.1,5.3,5,5.2,801500
PHPMF1,03-12-13,5.1,5.4,5.1,5.3,748000
PHPMF1,13-03-13,5.3,5.4,5.3,5.3,284000
PHPMF1,14-03-13,5.3,5.4,5.2,5.3,336500
PHPMF1,18-03-13,5.3,5.4,5.2,5.2,408500
PHPMF1,19-03-13,5.3,5.4,5.2,5.3,276000
PHPMF1,20-03-13,5.3,5.4,5.2,5.2,306000
PHPMF1,24-03-13,5.2,5.2,5.1,5.1,336000
PHPMF1,25-03-13,5.1,5.2,5,5,517000
PHPMF1,27-03-13,5,5,4.9,4.9,375000
PHPMF1,28-03-13,4.9,5.1,4.9,4.9,547500
PHPMF1,31-03-13,5,5,4.9,4.9,432500
PHPMF1,04-01-13,4.9,4.9,4.8,4.8,698000
PHPMF1,04-02-13,4.8,4.9,4.8,4.8,141500
PHPMF1,04-03-13,4.9,5,4.9,4.9,141500
PHPMF1,04-04-13,4.9,4.9,4.8,4.8,433000
PHPMF1,04-07-13,4.9,5.2,4.8,5.1,857000
PHPMF1,04-08-13,5.1,5.6,5.1,5.6,2156000
PHPMF1,04-09-13,5.7,6,5.5,5.6,1335000
PHPMF1,04-10-13,5.7,6,5.5,5.8,1740500
PHPMF1,04-11-13,5.8,6,5.7,5.7,963000
PHPMF1,15-04-13,5.9,5.9,5.7,5.7,918000
PHPMF1,16-04-13,5.7,5.7,5.2,5.2,1242500
PHPMF1,17-04-13,5.4,5.7,5.2,5.6,1668000
PHPMF1,18-04-13,5.8,6,5.8,5.8,2300000
PHPMF1,21-04-13,5.8,5.9,5.5,5.6,1205000
PHPMF1,22-04-13,5.6,5.8,5.4,5.6,1045500
PHPMF1,23-04-13,5.7,5.8,5.6,5.6,637000
PHPMF1,24-04-13,5.8,5.8,5.5,5.5,543500
PHPMF1,25-04-13,5.7,5.8,5.5,5.5,753500
PHPMF1,28-04-13,5.6,5.6,5.4,5.4,513000
PHPMF1,29-04-13,5.4,5.5,5.4,5.4,549500
PHPMF1,30-04-13,5.5,5.5,5.4,5.4,351500
PHPMF1,05-02-13,5.5,5.6,5.4,5.4,810000
PHPMF1,05-05-13,5.5,5.6,5.4,5.4,398000
PHPMF1,05-06-13,5.4,5.5,5.3,5.3,342500
PHPMF1,05-07-13,5.4,5.6,5.4,5.4,750000
PHPMF1,05-08-13,5.6,5.8,5.5,5.5,1334000
PHPMF1,05-09-13,5.6,5.8,5.5,5.7,976000
PHPMF1,05-12-13,5.8,6,5.7,5.9,1651000
PHPMF1,13-05-13,6,6.1,5.8,6,2221000
PHPMF1,14-05-13,6.1,6.6,6.1,6.5,2557500
PHPMF1,15-05-13,6.5,6.5,6.1,6.2,2039000
PHPMF1,16-05-13,6.2,6.6,6.2,6.5,2606000
PHPMF1,19-05-13,6.6,6.8,6.5,6.6,2702500
PHPMF1,20-05-13,6.7,6.7,6.4,6.4,2159000
PHPMF1,21-05-13,6.5,6.6,6.3,6.3,1923000
PHPMF1,22-05-13,6.3,6.5,6.2,6.2,1946000
PHPMF1,26-05-13,6.3,6.4,5.9,5.9,1091500
PHPMF1,27-05-13,6,6.3,6,6.1,941500
PHPMF1,28-05-13,6.3,6.5,6.2,6.4,3245000
PHPMF1,29-05-13,6.5,6.7,6.4,6.6,2882500
PHPMF1,30-05-13,6.7,6.8,6.6,6.7,2288000
PHPMF1,06-02-13,6.8,7.2,6.8,7.1,4206000
PHPMF1,06-03-13,7.1,7.3,6.9,7,3002000
PHPMF1,06-04-13,7.1,7.2,6.8,6.8,2261500
PHPMF1,06-05-13,6.9,7.1,6.8,6.9,2853000
PHPMF1,06-06-13,7.2,7.2,6.9,7,2902000
PHPMF1,06-09-13,7.3,7.5,6.9,6.9,2991500
PHPMF1,06-10-13,7,7.5,6.9,7.4,4172500
PHPMF1,06-11-13,7.6,7.6,7.2,7.2,2072500
PHPMF1,06-12-13,7.2,7.3,7,7,2113000
PHPMF1,13-06-13,7,7.2,6.9,7.1,1708500
PHPMF1,16-06-13,7.2,7.3,7,7,2623500
PHPMF1,17-06-13,7.1,7.4,7,7.2,3728000
PHPMF1,18-06-13,7.2,7.9,7.2,7.7,8510000
PHPMF1,19-06-13,7.6,8,7.5,7.5,4703000
PHPMF1,20-06-13,7.5,7.7,7.3,7.4,1926500
PHPMF1,23-06-13,7.3,7.5,7.1,7.1,1451500
PHPMF1,24-06-13,7,7.2,6.9,7,1447500
PHPMF1,26-06-13,7.1,7.3,7.1,7.1,1537500
PHPMF1,27-06-13,7.1,7.2,7,7,1300500
PHPMF1,30-06-13,7,7,6.7,6.8,809500
PHPMF1,07-02-13,7,7.4,7,7.3,1324500
PHPMF1,07-03-13,7.3,7.5,7,7.1,1528000
PHPMF1,07-04-13,7.2,7.3,7,7.1,1199500
PHPMF1,07-07-13,7.3,7.4,7.2,7.2,1453000
PHPMF1,07-08-13,7.4,7.4,7,7.1,1916500
PHPMF1,07-09-13,7.2,7.3,6.9,6.9,1634500
PHPMF1,07-10-13,6.9,7.2,6.9,7,1203000
PHPMF1,07-11-13,7.1,7.2,6.8,6.9,858500
PHPMF1,14-07-13,7,7,6.6,6.6,488000
PHPMF1,15-07-13,6.7,6.8,6.5,6.6,626000
PHPMF1,16-07-13,6.8,6.9,6.5,6.6,879000
PHPMF1,17-07-13,6.7,7.2,6.6,7,2424500
PHPMF1,18-07-13,7.1,7.1,6.5,6.7,2358000
PHPMF1,21-07-13,6.7,6.8,6.5,6.5,325000
PHPMF1,22-07-13,6.6,6.7,6.5,6.5,621500
PHPMF1,23-07-13,6.7,6.7,6.3,6.3,870000
PHPMF1,24-07-13,6.5,6.9,6.4,6.9,1144500
PHPMF1,25-07-13,7.4,7.5,6.7,6.8,1807500
PHPMF1,28-07-13,6.7,6.8,6.4,6.5,485000
PHPMF1,29-07-13,6.5,6.7,6.5,6.5,323500
PHPMF1,30-07-13,6.5,6.5,6.3,6.3,460500
PHPMF1,31-07-13,6.2,6.4,6.1,6.1,440000
PHPMF1,08-01-13,6,6.1,5.9,5.9,442000
PHPMF1,08-04-13,5.9,6,5.7,5.9,477500
PHPMF1,08-05-13,5.8,6.1,5.8,6,237000
PHPMF1,08-12-13,5.8,6,5.8,5.8,272500
PHPMF1,13-08-13,5.9,6,5.8,5.8,368500
PHPMF1,14-08-13,5.8,5.8,5.5,5.6,1387000
PHPMF1,18-08-13,5.5,5.7,5.5,5.6,431500
PHPMF1,19-08-13,5.7,5.8,5.6,5.6,472500
PHPMF1,20-08-13,5.7,5.8,5.6,5.6,379000
PHPMF1,21-08-13,5.6,5.7,5.5,5.5,327500
PHPMF1,22-08-13,5.5,5.9,5.5,5.8,1130000
PHPMF1,25-08-13,5.8,6.1,5.7,5.7,834500
PHPMF1,26-08-13,5.7,5.9,5.7,5.7,603000
PHPMF1,27-08-13,5.8,5.9,5.6,5.7,675500
PHPMF1,29-08-13,5.7,5.7,5.6,5.6,166500
PHPMF1,09-01-13,5.7,5.9,5.6,5.8,617000
PHPMF1,09-02-13,5.8,5.8,5.6,5.6,311500
PHPMF1,09-03-13,5.5,5.7,5.5,5.6,327000
PHPMF1,09-04-13,5.7,5.7,5.6,5.6,286000
PHPMF1,09-05-13,5.6,5.6,5.5,5.5,426000
PHPMF1,09-08-13,5.5,5.6,5.4,5.4,340500
PHPMF1,09-09-13,5.5,5.5,5.4,5.4,180000
PHPMF1,09-10-13,5.5,5.6,5.3,5.3,511500
PHPMF1,09-11-13,5.5,5.7,5.4,5.5,564000
PHPMF1,09-12-13,5.5,5.7,5.4,5.4,332000
PHPMF1,15-09-13,5.5,5.5,5.4,5.4,332500
PHPMF1,16-09-13,5.5,5.5,5.4,5.4,358500
PHPMF1,17-09-13,5.4,5.5,5.3,5.3,478500
PHPMF1,18-09-13,5.3,5.5,5.3,5.3,625500
PHPMF1,19-09-13,5.3,5.5,5.3,5.4,664000
PHPMF1,22-09-13,5.5,5.5,5.4,5.4,444000
PHPMF1,23-09-13,5.4,5.5,5.3,5.4,223500
PHPMF1,24-09-13,5.4,5.5,5.3,5.3,893000
PHPMF1,25-09-13,5.3,5.4,5.2,5.2,257500
PHPMF1,26-09-13,5.2,5.5,5.2,5.4,627500
PHPMF1,29-09-13,5.5,5.7,5.4,5.6,1799000
PHPMF1,30-09-13,5.6,5.6,5.4,5.4,419500
PHPMF1,10-01-13,5.5,5.6,5.3,5.4,510000
PHPMF1,10-02-13,5.5,5.7,5.5,5.6,896000
PHPMF1,10-03-13,5.6,5.7,5.5,5.6,570000
PHPMF1,10-06-13,5.6,5.6,5.4,5.4,349500
PHPMF1,10-07-13,5.4,5.5,5.2,5.2,677000
PHPMF1,10-08-13,5.4,5.4,5.2,5.2,659000
PHPMF1,10-09-13,5.2,5.3,5.1,5.2,330000
PHPMF1,10-10-13,5.2,5.3,5.2,5.2,342000
PHPMF1,20-10-13,5.3,5.3,5.1,5.1,382500
PHPMF1,21-10-13,5.1,5.2,5,5.1,520500
PHPMF1,22-10-13,5.1,5.3,5.1,5.1,151000
PHPMF1,23-10-13,5.2,5.2,5,5.1,505500
PHPMF1,24-10-13,5.1,5.1,5,5,904500
PHPMF1,27-10-13,5.1,5.2,5.1,5.1,226500
PHPMF1,28-10-13,5.2,5.3,5.1,5.1,539000
PHPMF1,29-10-13,5.2,5.3,5.1,5.2,438500
PHPMF1,30-10-13,5.3,5.4,5.2,5.2,735000
PHPMF1,31-10-13,5.3,5.4,5.2,5.2,1055500
PHPMF1,11-03-13,5.2,5.4,5.2,5.3,663500
PHPMF1,11-04-13,5.3,5.4,5.2,5.3,546500
PHPMF1,11-05-13,5.3,5.5,5.3,5.4,1013500
PHPMF1,11-06-13,5.4,5.5,5.4,5.4,647500
PHPMF1,11-07-13,5.5,5.9,5.4,5.8,2871000
PHPMF1,11-10-13,5.9,6.1,5.8,5.9,3845500
PHPMF1,11-11-13,6.1,6.4,6.1,6.2,3615500
PHPMF1,11-12-13,6.4,6.4,6,6,1735500
PHPMF1,13-11-13,6.1,6.2,6,6,1295000
PHPMF1,14-11-13,6.2,6.2,6,6,1039000
PHPMF1,17-11-13,6.1,6.1,5.8,5.9,1030500
PHPMF1,18-11-13,5.9,6,5.8,5.8,1126000
PHPMF1,19-11-13,5.9,6.1,5.8,6,1618000
PHPMF1,20-11-13,6,6.2,6,6,1859000
PHPMF1,21-11-13,6.1,6.1,5.9,6,1460500
PHPMF1,24-11-13,6.1,6.1,5.8,5.8,1035500
PHPMF1,25-11-13,5.9,6,5.8,5.8,1260000
PHPMF1,26-11-13,5.9,5.9,5.7,5.7,875500
PHPMF1,27-11-13,5.7,5.9,5.6,5.6,497500
PHPMF1,28-11-13,5.7,5.8,5.6,5.6,533000
PHPMF1,12-01-13,5.6,5.7,5.5,5.5,290000
PHPMF1,12-02-13,5.6,5.7,5.5,5.5,484500
PHPMF1,12-03-13,5.5,5.7,5.5,5.6,422500
PHPMF1,12-04-13,5.7,5.8,5.6,5.6,450000
PHPMF1,12-05-13,5.6,5.7,5.6,5.6,242500
PHPMF1,12-08-13,5.6,5.7,5.5,5.5,779500
PHPMF1,12-09-13,5.6,5.7,5.5,5.5,687500
PHPMF1,12-10-13,5.7,5.9,5.6,5.8,1233000
PHPMF1,12-11-13,5.8,5.9,5.7,5.7,744500
PHPMF1,12-12-13,5.8,5.8,5.6,5.7,566000
PHPMF1,15-12-13,5.7,5.8,5.6,5.6,329000
PHPMF1,17-12-13,5.7,5.9,5.7,5.7,741000
PHPMF1,18-12-13,5.8,5.8,5.6,5.6,414500
PHPMF1,19-12-13,5.6,5.7,5.5,5.6,502000
PHPMF1,22-12-13,5.5,5.8,5.5,5.6,535000
PHPMF1,23-12-13,5.6,5.7,5.5,5.5,903000
PHPMF1,24-12-13,5.6,5.6,5.5,5.5,370000
PHPMF1,26-12-13,5.7,5.7,5.5,5.5,203500
PHPMF1,29-12-13,5.7,5.7,5.4,5.4,373500
PHPMF1,30-12-13,5.7,5.7,5.5,5.5,293500
POPULAR1MF,01-01-13,7.2,7.3,7.1,7.1,1049500
POPULAR1MF,01-02-13,7.1,7.2,7,7.1,918000
POPULAR1MF,01-03-13,7.3,7.8,7.3,7.8,6301500
POPULAR1MF,01-06-13,8,8.2,7.6,7.6,2007000
POPULAR1MF,01-07-13,7.6,7.6,7.3,7.5,1227500
POPULAR1MF,01-08-13,7.6,7.7,7.3,7.4,1230500
POPULAR1MF,01-09-13,8,8,7.4,7.4,4068500
POPULAR1MF,01-10-13,7.4,7.4,7.1,7.1,1548500
POPULAR1MF,13-01-13,7,7.1,6.9,6.9,2594500
POPULAR1MF,14-01-13,7,7.1,6.9,7,781000
POPULAR1MF,15-01-13,7.1,7.1,6.9,7,1227000
POPULAR1MF,16-01-13,7,7.1,7,7,479500
POPULAR1MF,17-01-13,7.1,7.1,7,7,913000
POPULAR1MF,20-01-13,7.1,7.1,6.9,6.9,713500
POPULAR1MF,21-01-13,7,7,6.9,6.9,531500
POPULAR1MF,22-01-13,6.9,7,6.7,6.7,2791000
POPULAR1MF,23-01-13,6.8,6.9,6.7,6.7,694500
POPULAR1MF,24-01-13,6.8,6.8,6.7,6.7,1620500
POPULAR1MF,27-01-13,6.7,6.8,6.6,6.6,657000
POPULAR1MF,28-01-13,6.8,6.8,6.6,6.7,937500
POPULAR1MF,29-01-13,6.7,6.9,6.7,6.8,1408000
POPULAR1MF,30-01-13,6.9,7,6.7,6.7,771000
POPULAR1MF,31-01-13,6.9,6.9,6.7,6.7,619000
POPULAR1MF,02-03-13,6.7,6.8,6.6,6.6,1071000
POPULAR1MF,02-04-13,6.7,6.8,6.6,6.6,872500
POPULAR1MF,02-05-13,6.8,6.8,6.6,6.7,333500
POPULAR1MF,02-06-13,6.7,6.9,6.7,6.8,620500
POPULAR1MF,02-07-13,6.8,6.9,6.8,6.8,937500
POPULAR1MF,02-10-13,7,7,6.8,6.9,541000
POPULAR1MF,02-11-13,7,7.1,6.9,6.9,867000
POPULAR1MF,02-12-13,7,7.1,6.9,6.9,1749000
POPULAR1MF,13-02-13,6.8,6.9,6.7,6.7,495000
POPULAR1MF,14-02-13,6.7,6.9,6.7,6.7,1028500
POPULAR1MF,17-02-13,6.8,6.8,6.6,6.6,925500
POPULAR1MF,18-02-13,6.7,6.7,6.6,6.6,965500
POPULAR1MF,19-02-13,6.6,6.6,6.5,6.5,1003500
POPULAR1MF,20-02-13,6.5,6.6,6.5,6.5,296500
POPULAR1MF,24-02-13,6.6,6.6,6.4,6.4,339500
POPULAR1MF,25-02-13,6.4,6.5,6.2,6.2,435000
POPULAR1MF,26-02-13,6.5,6.5,6.1,6.1,856000
POPULAR1MF,27-02-13,6.2,6.2,5.9,5.9,862000
POPULAR1MF,28-02-13,6.1,6.1,5.9,5.9,292500
POPULAR1MF,03-03-13,5.8,6,5.5,5.6,449500
POPULAR1MF,03-04-13,5.6,5.8,5.6,5.7,269000
POPULAR1MF,03-05-13,5.8,5.9,5.6,5.6,735500
POPULAR1MF,03-06-13,5.7,5.7,5.5,5.5,496000
POPULAR1MF,03-07-13,5.5,5.6,5.4,5.5,801500
POPULAR1MF,03-10-13,5.5,5.6,5.4,5.4,1130500
POPULAR1MF,03-11-13,5.4,5.4,5.2,5.3,682500
POPULAR1MF,03-12-13,5.3,5.4,5.2,5.3,459000
POPULAR1MF,13-03-13,5.4,5.5,5.4,5.4,473000
POPULAR1MF,14-03-13,5.5,5.5,5.3,5.3,381500
POPULAR1MF,18-03-13,5.3,5.5,5.3,5.3,282000
POPULAR1MF,19-03-13,5.4,5.5,5.4,5.4,72000
POPULAR1MF,20-03-13,5.4,5.5,5.3,5.3,473000
POPULAR1MF,24-03-13,5.3,5.3,5.2,5.2,170000
POPULAR1MF,25-03-13,5.2,5.3,5.1,5.1,358500
POPULAR1MF,27-03-13,5.1,5.1,5,5,265500
POPULAR1MF,28-03-13,5,5.1,5,5,95500
POPULAR1MF,31-03-13,5.1,5.1,5,5,333500
POPULAR1MF,04-01-13,5,5,4.8,4.8,482500
POPULAR1MF,04-02-13,5,5,4.8,4.9,83500
POPULAR1MF,04-03-13,4.9,5,4.8,4.9,396000
POPULAR1MF,04-04-13,4.9,5,4.9,4.9,494000
POPULAR1MF,04-07-13,4.9,5.3,4.9,5.2,1894000
POPULAR1MF,04-08-13,5.2,5.7,5.1,5.7,2519000
POPULAR1MF,04-09-13,5.7,6.1,5.6,5.6,1687500
POPULAR1MF,04-10-13,5.5,6.1,5.5,6,2662500
POPULAR1MF,04-11-13,6,6.3,5.9,5.9,1972500
POPULAR1MF,15-04-13,6,6.1,5.8,5.8,1349500
POPULAR1MF,16-04-13,5.8,5.8,5.5,5.5,1047000
POPULAR1MF,17-04-13,5.6,6,5.4,5.8,1467000
POPULAR1MF,18-04-13,6,6.3,6,6.2,5053500
POPULAR1MF,21-04-13,6.3,6.5,5.9,6,1199500
POPULAR1MF,22-04-13,5.9,6.3,5.8,6,1765500
POPULAR1MF,23-04-13,6.1,6.3,6,6.1,2079000
POPULAR1MF,24-04-13,6.2,6.2,5.9,6,737000
POPULAR1MF,25-04-13,6.2,6.5,5.9,5.9,1392500
POPULAR1MF,28-04-13,6,6,5.7,5.7,692500
POPULAR1MF,29-04-13,5.8,5.9,5.6,5.8,700500
POPULAR1MF,30-04-13,5.8,5.9,5.7,5.8,1008000
POPULAR1MF,05-02-13,5.8,5.9,5.7,5.8,1086000
POPULAR1MF,05-05-13,5.8,5.9,5.7,5.7,1223000
POPULAR1MF,05-06-13,5.8,5.8,5.7,5.7,334000
POPULAR1MF,05-07-13,5.8,6,5.7,5.8,1529500
POPULAR1MF,05-08-13,6.1,6.3,5.9,6,2122500
POPULAR1MF,05-09-13,6,6.2,6,6.1,1469000
POPULAR1MF,05-12-13,6.2,6.5,6.2,6.4,2022500
POPULAR1MF,13-05-13,6.5,6.5,6.2,6.4,1933500
POPULAR1MF,14-05-13,6.5,7,6.5,6.9,4787000
POPULAR1MF,15-05-13,6.9,7,6.5,6.6,2979000
POPULAR1MF,16-05-13,6.7,7.2,6.7,7.1,4732000
POPULAR1MF,19-05-13,7.2,7.5,7.1,7.2,3218000
POPULAR1MF,20-05-13,7.2,7.4,7,7.2,4742000
POPULAR1MF,21-05-13,7.4,7.4,7,7.1,4426000
POPULAR1MF,22-05-13,7.1,7.5,7,7.2,4547000
POPULAR1MF,26-05-13,7.3,7.4,6.9,6.9,2699500
POPULAR1MF,27-05-13,7,7.3,7,7.2,1753000
POPULAR1MF,28-05-13,7.4,7.7,7.3,7.5,5764000
POPULAR1MF,29-05-13,7.6,7.8,7.4,7.6,3872500
POPULAR1MF,30-05-13,7.8,7.9,7.6,7.8,4812000
POPULAR1MF,06-02-13,8,8.2,7.9,8,5412500
POPULAR1MF,06-03-13,8.2,8.2,7.9,7.9,5569500
POPULAR1MF,06-04-13,8,8.1,7.6,7.6,3556000
POPULAR1MF,06-05-13,7.6,8.1,7.6,7.8,2959000
POPULAR1MF,06-06-13,8.1,8.1,7.8,7.8,3374000
POPULAR1MF,06-09-13,8.1,8.5,7.7,7.7,6337000
POPULAR1MF,06-10-13,7.8,8.3,7.8,8.2,3998500
POPULAR1MF,06-11-13,8.3,8.5,8.1,8.1,3918000
POPULAR1MF,06-12-13,8.1,8.3,7.8,7.8,4046500
POPULAR1MF,13-06-13,8,8.3,7.8,8.1,4069000
POPULAR1MF,16-06-13,8,8.2,7.9,7.9,3874000
POPULAR1MF,17-06-13,8.2,8.2,7.9,7.9,3477500
POPULAR1MF,18-06-13,8.2,8.6,8,8.4,7064000
POPULAR1MF,19-06-13,8.5,8.7,8.1,8.1,4722500
POPULAR1MF,20-06-13,8.1,8.4,7.9,7.9,2388000
POPULAR1MF,23-06-13,8,8.1,7.7,7.7,1844000
POPULAR1MF,24-06-13,7.7,7.9,7.6,7.7,1694500
POPULAR1MF,26-06-13,7.7,8,7.6,7.6,1580000
POPULAR1MF,27-06-13,7.7,7.8,7.5,7.5,1639000
POPULAR1MF,30-06-13,7.7,7.7,7.3,7.3,1060000
POPULAR1MF,07-02-13,7.5,7.9,7.5,7.8,1935500
POPULAR1MF,07-03-13,7.8,8,7.4,7.5,2255500
POPULAR1MF,07-04-13,7.6,7.7,7.5,7.5,2183500
POPULAR1MF,07-07-13,7.8,8,7.7,7.9,2127500
POPULAR1MF,07-08-13,8,8.1,7.7,7.8,1600500
POPULAR1MF,07-09-13,7.9,7.9,7.5,7.5,2450000
POPULAR1MF,07-10-13,7.6,7.8,7.5,7.5,2839000
POPULAR1MF,07-11-13,7.8,7.8,7.3,7.4,2089000
POPULAR1MF,14-07-13,7.7,7.7,7.2,7.2,1181500
POPULAR1MF,15-07-13,7.3,7.4,6.8,6.9,1560500
POPULAR1MF,16-07-13,7.2,7.5,7.1,7.3,1447000
POPULAR1MF,17-07-13,7.4,7.4,7,7.1,585000
POPULAR1MF,18-07-13,7.2,7.4,6.9,7,2035500
POPULAR1MF,21-07-13,7.1,7.2,6.9,7,731500
POPULAR1MF,22-07-13,7.1,7.2,6.9,7,1414000
POPULAR1MF,23-07-13,7.2,7.3,6.8,6.9,1180000
POPULAR1MF,24-07-13,7,7.5,6.8,7.5,2096000
POPULAR1MF,25-07-13,8,8,7,7.1,3315500
POPULAR1MF,28-07-13,7.1,7.2,6.8,6.8,689500
POPULAR1MF,29-07-13,6.9,7.1,6.9,6.9,494000
POPULAR1MF,30-07-13,7,7,6.7,6.7,991000
POPULAR1MF,31-07-13,6.7,6.8,6.3,6.4,801500
POPULAR1MF,08-01-13,6.4,6.4,6.2,6.3,661000
POPULAR1MF,08-04-13,6.3,6.5,6.2,6.4,944000
POPULAR1MF,08-05-13,6.5,6.6,6.4,6.5,477500
POPULAR1MF,08-12-13,6.3,6.3,6.1,6.2,392500
POPULAR1MF,13-08-13,6.3,6.6,6.2,6.4,789500
POPULAR1MF,14-08-13,6.4,6.4,6.1,6.2,1679500
POPULAR1MF,18-08-13,6.2,6.3,6.1,6.2,967500
POPULAR1MF,19-08-13,6.2,6.4,6.1,6.3,985500
POPULAR1MF,20-08-13,6.3,6.4,6.1,6.1,675500
POPULAR1MF,21-08-13,6.1,6.2,6,6.1,731500
POPULAR1MF,22-08-13,6.1,6.4,6,6.2,1123000
POPULAR1MF,25-08-13,6.2,6.3,6.1,6.2,1090000
POPULAR1MF,27-08-13,6.1,6.2,6,6,797000
POPULAR1MF,29-08-13,6.1,6.3,6.1,6.2,1075500
POPULAR1MF,09-01-13,6.3,6.3,6.1,6.1,929500
POPULAR1MF,09-02-13,6.2,6.2,6,6,629000
POPULAR1MF,09-03-13,6,6.1,6,6,201000
POPULAR1MF,09-04-13,6.1,6.2,6,6,1308500
POPULAR1MF,09-05-13,6.1,6.1,6,6,450000
POPULAR1MF,09-08-13,6,6,5.9,5.9,169000
POPULAR1MF,09-09-13,5.9,6.1,5.9,5.9,410500
POPULAR1MF,09-10-13,5.9,6,5.8,5.8,360500
POPULAR1MF,09-11-13,5.9,6.2,5.8,5.9,556000
POPULAR1MF,09-12-13,6.1,6.1,5.9,5.9,162000
POPULAR1MF,15-09-13,5.9,6,5.9,5.9,175000
POPULAR1MF,16-09-13,6,6,5.8,5.8,323000
POPULAR1MF,17-09-13,5.9,5.9,5.7,5.8,277000
POPULAR1MF,18-09-13,5.8,5.9,5.8,5.8,381500
POPULAR1MF,19-09-13,5.9,6,5.8,5.8,606000
POPULAR1MF,22-09-13,5.9,6,5.8,5.8,302500
POPULAR1MF,23-09-13,5.7,5.9,5.7,5.8,442500
POPULAR1MF,24-09-13,5.8,5.9,5.7,5.8,595000
POPULAR1MF,25-09-13,5.8,5.8,5.6,5.6,361500
POPULAR1MF,26-09-13,5.8,5.9,5.7,5.8,516000
POPULAR1MF,29-09-13,5.9,6.2,5.8,6,1382000
POPULAR1MF,30-09-13,6,6,5.8,5.8,387500
POPULAR1MF,10-01-13,6,6,5.8,5.9,524000
POPULAR1MF,10-02-13,6,6.2,6,6,1367500
POPULAR1MF,10-03-13,6.1,6.2,6,6,664000
POPULAR1MF,10-06-13,6,6.1,5.9,5.9,470500
POPULAR1MF,10-07-13,5.9,5.9,5.8,5.8,271000
POPULAR1MF,10-08-13,5.8,5.8,5.6,5.6,373500
POPULAR1MF,10-09-13,5.7,5.8,5.6,5.7,298500
POPULAR1MF,10-10-13,5.8,5.8,5.7,5.7,90000
POPULAR1MF,20-10-13,5.7,5.7,5.6,5.6,183000
POPULAR1MF,21-10-13,5.6,5.7,5.5,5.6,228000
POPULAR1MF,22-10-13,5.6,5.8,5.6,5.6,140000
POPULAR1MF,23-10-13,5.7,5.8,5.5,5.5,754500
POPULAR1MF,24-10-13,5.5,5.6,5.4,5.4,675500
POPULAR1MF,27-10-13,5.6,5.7,5.4,5.6,166500
POPULAR1MF,28-10-13,5.6,5.8,5.5,5.5,741000
POPULAR1MF,29-10-13,5.5,5.9,5.5,5.7,473500
POPULAR1MF,30-10-13,5.7,5.9,5.7,5.7,533000
POPULAR1MF,31-10-13,5.8,5.8,5.7,5.7,366500
POPULAR1MF,11-03-13,5.7,5.9,5.7,5.8,723500
POPULAR1MF,11-04-13,5.9,5.9,5.7,5.7,390500
POPULAR1MF,11-05-13,5.9,6,5.8,5.8,650500
POPULAR1MF,11-06-13,5.9,6.1,5.9,5.9,998000
POPULAR1MF,11-07-13,6,6.4,6,6.3,2185000
POPULAR1MF,11-10-13,6.3,6.5,6.2,6.2,2018500
POPULAR1MF,11-11-13,6.4,6.8,6.4,6.5,3801500
POPULAR1MF,11-12-13,6.8,6.8,6.3,6.4,1873000
POPULAR1MF,13-11-13,6.5,6.5,6.3,6.4,1777500
POPULAR1MF,14-11-13,6.5,6.7,6.4,6.5,1404500
POPULAR1MF,17-11-13,6.5,6.6,6.3,6.4,1454000
POPULAR1MF,18-11-13,6.4,6.4,6.3,6.3,1287000
POPULAR1MF,19-11-13,6.3,6.5,6.2,6.3,1883500
POPULAR1MF,20-11-13,6.5,6.6,6.4,6.5,1975000
POPULAR1MF,21-11-13,6.6,6.7,6.4,6.5,2392500
POPULAR1MF,24-11-13,6.6,6.7,6.5,6.5,1495500
POPULAR1MF,25-11-13,6.4,6.5,6.3,6.3,1378500
POPULAR1MF,26-11-13,6.3,6.4,6.1,6.1,1069000
POPULAR1MF,27-11-13,6.2,6.3,6.1,6.1,474500
POPULAR1MF,28-11-13,6.2,6.3,6.1,6.1,279000
POPULAR1MF,12-01-13,6,6.1,5.9,6,697000
POPULAR1MF,12-02-13,6,6.1,6,6,324500
POPULAR1MF,12-03-13,6.1,6.3,6,6.1,642500
POPULAR1MF,12-04-13,6.3,6.3,6.1,6.1,338500
POPULAR1MF,12-05-13,6.1,6.2,6.1,6.1,198500
POPULAR1MF,12-08-13,6,6.2,6,6.1,314500
POPULAR1MF,12-09-13,6.2,6.2,6.1,6.1,650000
POPULAR1MF,12-10-13,6.2,6.4,6.1,6.3,887500
POPULAR1MF,12-11-13,6.4,6.4,6.2,6.2,651500
POPULAR1MF,12-12-13,6.3,6.3,6.1,6.2,331000
POPULAR1MF,15-12-13,6.2,6.3,6.1,6.1,423000
POPULAR1MF,17-12-13,6.3,6.4,6.2,6.2,726000
POPULAR1MF,18-12-13,6.3,6.4,6.1,6.2,463000
POPULAR1MF,19-12-13,6.1,6.3,6.1,6.1,501000
POPULAR1MF,22-12-13,6.2,6.3,6.1,6.1,381000
POPULAR1MF,23-12-13,6.2,6.2,5.9,6,1304500
POPULAR1MF,24-12-13,6,6.1,5.9,6,524500
POPULAR1MF,26-12-13,6,6.1,6,6,194000
POPULAR1MF,29-12-13,6,6,5.9,5.9,167500
POPULAR1MF,30-12-13,6,6.1,6,6,282500
RNSPIN,01-01-13,34.4,34.6,34,34,867750
RNSPIN,01-02-13,34,34.2,33.8,33.9,863500
RNSPIN,01-03-13,33.8,34.1,33.6,33.8,903500
RNSPIN,01-06-13,33.9,34.4,33.7,34,1366250
RNSPIN,01-07-13,33.8,34.1,33.7,33.7,499500
RNSPIN,01-08-13,34,35.1,33.9,34.2,2411000
RNSPIN,01-09-13,34.2,36.2,33.7,35.8,4253000
RNSPIN,01-10-13,36,36.3,35.4,36,2532750
RNSPIN,13-01-13,36,36.2,35.2,35.3,1244250
RNSPIN,14-01-13,35,35.5,35,35.2,1240000
RNSPIN,15-01-13,35.8,35.8,35,35.4,1039250
RNSPIN,16-01-13,35.7,36.3,35.5,36,3336000
RNSPIN,17-01-13,36,36.1,35.6,35.7,1301000
RNSPIN,20-01-13,35.8,35.8,35.3,35.3,845750
RNSPIN,21-01-13,35.2,35.4,34.8,34.8,959500
RNSPIN,22-01-13,35,35.1,34.8,34.9,837750
RNSPIN,23-01-13,35.3,35.4,35,35,576250
RNSPIN,24-01-13,35.3,35.9,35.2,35.5,1380750
RNSPIN,27-01-13,35.9,36.2,35.7,35.8,1391250
RNSPIN,28-01-13,35.6,36,35.6,35.8,1202000
RNSPIN,29-01-13,36,37,35.8,36.7,2392250
RNSPIN,30-01-13,36.8,37.3,36.4,36.6,1747750
RNSPIN,31-01-13,36.5,37.6,36.5,37,2314000
RNSPIN,02-03-13,36.7,38.2,36.7,37.9,2737500
RNSPIN,02-04-13,38,38.4,37.2,37.4,1549500
RNSPIN,02-05-13,37.8,38,36.9,37.6,1216000
RNSPIN,02-06-13,38,38,37,37.2,1486500
RNSPIN,02-07-13,37.6,37.7,36.8,37,1662750
RNSPIN,02-10-13,37.5,38.5,37.2,38,3196500
RNSPIN,02-11-13,38.5,39.7,38.5,39.5,4287000
RNSPIN,02-12-13,40,40.2,39,39.2,4526250
RNSPIN,13-02-13,39.5,41.3,38.9,40.5,4242250
RNSPIN,14-02-13,41.5,42.8,40.9,42.5,6958250
RNSPIN,17-02-13,43,43,41.4,41.5,3905750
RNSPIN,18-02-13,41.6,42.7,41.4,41.6,3979750
RNSPIN,19-02-13,42.2,42.5,41,41.1,5919500
RNSPIN,20-02-13,41.7,42.1,40.7,41.5,5421750
RNSPIN,24-02-13,42,42.1,41.5,41.8,262000
RNSPIN,25-02-13,41.8,41.8,37.9,38.3,4970500
RNSPIN,26-02-13,39,39.9,37.5,39.1,3299750
RNSPIN,27-02-13,39.5,39.5,37.2,37.4,2535500
RNSPIN,28-02-13,37.2,38.5,36.7,37.7,1405250
RNSPIN,03-03-13,36.3,36.6,34.1,34.6,1841250
RNSPIN,03-04-13,35.1,37.7,34.8,37.3,1942500
RNSPIN,03-06-13,37.3,37.4,35.7,36,1918000
RNSPIN,03-07-13,35.6,36.4,35.2,35.8,896750
RNSPIN,03-10-13,36.2,37,35.6,35.7,1304750
RNSPIN,03-11-13,35.6,36,34.3,35.1,1153750
RNSPIN,03-12-13,34.5,35.4,34.4,34.8,659500
RNSPIN,13-03-13,35.4,36,35.1,35.6,971750
RNSPIN,14-03-13,35.8,36,35.2,35.4,826500
RNSPIN,18-03-13,35.5,35.9,35,35.4,840500
RNSPIN,19-03-13,35.7,35.8,35.4,35.5,975250
RNSPIN,20-03-13,35.6,35.6,34.6,34.8,959000
RNSPIN,24-03-13,35.3,35.3,33.1,33.3,1078750
RNSPIN,25-03-13,33.2,33.5,31.9,32.1,1534250
RNSPIN,27-03-13,32.1,32.1,30.5,30.7,1172000
RNSPIN,28-03-13,30.5,32,30.5,31.6,1177250
RNSPIN,31-03-13,32.2,32.3,30.6,30.8,1021250
RNSPIN,04-01-13,30.7,30.7,28.5,28.7,1665000
RNSPIN,04-02-13,28.6,29.5,28.4,29.1,1075750
RNSPIN,04-03-13,30.2,30.2,29.2,29.8,962750
RNSPIN,04-04-13,29.9,30,28.6,28.8,1122000
RNSPIN,04-07-13,29.2,29.2,28.6,28.7,364750
RNSPIN,04-08-13,28.7,29.7,28.4,29.3,736000
RNSPIN,04-09-13,29.4,32,29.3,31.8,1893000
RNSPIN,04-10-13,32.1,33.4,31,31.6,2229500
RNSPIN,04-11-13,31.4,31.8,31,31.2,1282250
RNSPIN,15-04-13,31.9,32.8,31.5,32.6,1939500
RNSPIN,16-04-13,32.8,32.8,31,31.1,1416500
RNSPIN,17-04-13,31.4,31.9,31,31.1,1109500
RNSPIN,18-04-13,31.3,31.9,31.1,31.2,1278750
RNSPIN,21-04-13,31.2,31.7,30.1,30.3,929250
RNSPIN,22-04-13,30.3,33.2,30.3,32.5,3377250
RNSPIN,23-04-13,32.6,33.4,32.1,32.2,1882000
RNSPIN,24-04-13,32.5,32.6,31.2,31.3,1832250
RNSPIN,25-04-13,31.8,31.8,30.1,30.3,1569500
RNSPIN,28-04-13,30,30,28.6,29.2,1730500
RNSPIN,29-04-13,29.1,29.2,27.8,28.2,2813500
RNSPIN,30-04-13,27.5,27.5,26.4,26.8,3705750
RNSPIN,05-02-13,26.7,28.3,26.6,28,1709000
RNSPIN,05-05-13,28,28,27.1,27.2,959750
RNSPIN,05-06-13,27.4,27.4,26.4,26.6,928250
RNSPIN,05-07-13,27.2,27.5,27,27.2,1533750
RNSPIN,05-08-13,27.8,27.8,26.9,27,1707750
RNSPIN,05-09-13,27.1,27.6,26.7,27.3,1452250
RNSPIN,05-12-13,27.6,28.8,27.6,28.6,2380250
RNSPIN,13-05-13,29,29.1,28.3,28.7,1848500
RNSPIN,14-05-13,29,30.5,29,30.2,2508000
RNSPIN,15-05-13,30.5,30.5,29.2,29.5,2334750
RNSPIN,16-05-13,29.3,31.4,29.2,31.1,2311250
RNSPIN,19-05-13,31.7,32,31.2,31.5,3273500
RNSPIN,20-05-13,31.9,32,30.2,30.4,3223750
RNSPIN,21-05-13,30.5,30.8,29.2,29.4,2543250
RNSPIN,22-05-13,28.9,29.8,28.8,28.9,1815750
RNSPIN,26-05-13,28.8,29.4,28.3,28.5,959750
RNSPIN,27-05-13,29.9,29.9,28.4,29.6,704500
RNSPIN,28-05-13,29.7,30.1,28.9,29.3,1340250
RNSPIN,29-05-13,29.2,30.3,29.2,30.1,2008500
RNSPIN,30-05-13,30.7,31.2,30.4,30.6,2558500
RNSPIN,06-02-13,31,32.3,30.9,32,3674250
RNSPIN,06-03-13,32.9,32.9,31.6,32.1,3638000
RNSPIN,06-04-13,31.9,32.5,31.4,31.5,3981500
RNSPIN,06-05-13,31.7,32,31.3,31.4,2524250
RNSPIN,06-06-13,31.8,32,30.4,30.5,2634750
RNSPIN,06-09-13,30.4,30.5,28.7,29,2488750
RNSPIN,06-10-13,29.5,30.9,29.4,30.5,2358500
RNSPIN,06-11-13,30.9,31.9,30.5,31,3265250
RNSPIN,06-12-13,31.2,31.9,30.8,31.5,5903500
RNSPIN,13-06-13,32,34.2,31.4,33.1,6356750
RNSPIN,16-06-13,34.2,34.2,32.9,33.7,5828500
RNSPIN,17-06-13,34.1,34.5,32.5,32.7,6129000
RNSPIN,18-06-13,32,32,29.6,30,10185000
RNSPIN,19-06-13,30,30.2,28.4,28.5,7546250
RNSPIN,20-06-13,28.2,28.7,27.9,28,4684750
RNSPIN,23-06-13,28.7,28.7,27,27.3,2328000
RNSPIN,24-06-13,27.8,28,26.9,27,2002250
RNSPIN,26-06-13,29,29,26.5,26.7,3121250
RNSPIN,27-06-13,26.7,27.1,25.9,26,2204750
RNSPIN,30-06-13,25,25.6,24.6,25.1,2227750
RNSPIN,07-02-13,25.8,27.6,25.5,27.6,1841750
RNSPIN,07-03-13,28.1,28.4,26.7,27.1,2130000
RNSPIN,07-04-13,27,28.4,26.8,28,3315000
RNSPIN,07-07-13,28.3,28.6,27.7,27.9,2358750
RNSPIN,07-08-13,28.9,28.9,27.1,27.3,2815000
RNSPIN,07-09-13,27.5,27.8,25.9,26.1,4097750
RNSPIN,07-10-13,26,26.8,25.8,25.9,2142500
RNSPIN,07-11-13,26.2,26.2,25.1,25.1,1905750
RNSPIN,14-07-13,25.8,26.5,25.5,25.9,2506250
RNSPIN,15-07-13,26.5,26.5,25.2,25.7,1918750
RNSPIN,16-07-13,26.1,27.2,25.9,26.3,3220250
RNSPIN,17-07-13,27,27.2,25.6,25.7,2349750
RNSPIN,18-07-13,26.9,28.1,26.8,27.5,4916750
RNSPIN,21-07-13,28,28.6,26.5,26.6,2773000
RNSPIN,22-07-13,27,27.2,26.3,26.4,1068250
RNSPIN,23-07-13,26.9,26.9,25.2,25.4,2105750
RNSPIN,24-07-13,25.9,26.7,25.5,26.1,1281500
RNSPIN,25-07-13,26.8,26.8,25.1,25.2,1439500
RNSPIN,28-07-13,25.5,25.5,24.7,25,864500
RNSPIN,29-07-13,25.7,25.7,25.1,25.2,719500
RNSPIN,30-07-13,25.2,25.5,24.9,25.1,1083000
RNSPIN,31-07-13,25.2,27.3,25.2,26.8,4776500
RNSPIN,08-01-13,27,27.7,26.5,26.8,2675750
RNSPIN,08-04-13,27,27,25.8,26.2,1217500
RNSPIN,08-05-13,26,26.8,25.7,26.6,1222250
RNSPIN,08-12-13,26,26.7,26,26.2,1014250
RNSPIN,13-08-13,26.2,26.6,26.1,26.3,1693000
RNSPIN,14-08-13,26.5,26.9,26.1,26.6,1382000
RNSPIN,18-08-13,26.8,28.3,26.8,27.7,3555750
RNSPIN,19-08-13,27.9,27.9,27,27.6,2066750
RNSPIN,20-08-13,27.6,28.7,27.6,27.9,4417000
RNSPIN,21-08-13,28,29.8,28,29.4,7642000
RNSPIN,22-08-13,29.9,31,29.6,30.6,5977000
RNSPIN,25-08-13,31,31.6,29.9,30.1,4008000
RNSPIN,26-08-13,30.2,30.2,28.6,28.8,3069750
RNSPIN,27-08-13,29.2,30.5,28.9,29,3177750
RNSPIN,29-08-13,29,29.3,28.7,28.9,1972250
RNSPIN,09-01-13,29.4,30.8,29.3,30.6,4094750
RNSPIN,09-02-13,30.8,31,29.6,29.7,3007000
RNSPIN,09-03-13,29.3,29.9,29.2,29.4,1793000
RNSPIN,09-04-13,29.7,30.3,29.3,29.4,1502000
RNSPIN,09-05-13,30.2,31.9,29.9,31.5,8832000
RNSPIN,09-08-13,32.1,32.1,30.8,31.2,2972250
RNSPIN,09-09-13,31.6,31.7,30.2,30.4,2411750
RNSPIN,09-10-13,31,33.4,30.6,33.3,15457750
RNSPIN,09-11-13,34.7,35.4,31.9,32.1,8593750
RNSPIN,09-12-13,32.2,32.4,31.5,32,3469750
RNSPIN,15-09-13,32.2,33.1,31.5,31.6,6123750
RNSPIN,16-09-13,32.5,32.5,31.3,31.6,2611250
RNSPIN,17-09-13,31.9,32.5,31.4,31.9,3470250
RNSPIN,18-09-13,32.1,33,31.3,31.4,5380250
RNSPIN,19-09-13,31.8,31.8,30.9,31.4,2839250
RNSPIN,22-09-13,31.8,32.9,31.3,32,3052250
RNSPIN,23-09-13,32.4,32.8,31.7,31.8,3634250
RNSPIN,24-09-13,31.9,32.4,31.3,31.4,2854250
RNSPIN,25-09-13,31.6,31.6,30.5,30.6,1716000
RNSPIN,26-09-13,30.6,30.8,30.1,30.5,1265500
RNSPIN,29-09-13,31,31.3,29.5,29.9,1729500
RNSPIN,30-09-13,30,30,28.9,29,1859000
RNSPIN,10-01-13,29.2,29.3,28.6,28.9,1118000
RNSPIN,10-02-13,29.5,29.7,28.9,29.1,1694500
RNSPIN,10-03-13,29.6,29.7,29,29.2,1506250
RNSPIN,10-06-13,29.3,29.3,28.4,28.5,1468000
RNSPIN,10-07-13,28.4,28.8,28.1,28.2,983750
RNSPIN,10-08-13,28.3,28.5,28,28,1571500
RNSPIN,10-09-13,27.9,28.4,27.7,28.1,598250
RNSPIN,10-10-13,28,28.8,28,28.4,746250
RNSPIN,20-10-13,28,28.2,27,27,616500
RNSPIN,21-10-13,26.7,27.3,25.9,27,813500
RNSPIN,22-10-13,27.2,27.8,27,27.5,687000
RNSPIN,23-10-13,27.8,29.1,27.4,28.3,1502000
RNSPIN,24-10-13,27.7,28.2,27.4,27.7,1156250
RNSPIN,27-10-13,28,29.2,28,28.9,1295500
RNSPIN,28-10-13,28.6,30.2,28.6,29,2372250
RNSPIN,29-10-13,28.7,29.5,28.6,29.2,1291750
RNSPIN,30-10-13,29.5,30.2,29.2,29.5,2204500
RNSPIN,31-10-13,29.6,30.1,29.2,29.3,868250
RNSPIN,11-03-13,30.5,31.9,30.5,31.4,4897000
RNSPIN,11-04-13,31.9,31.9,30.9,31.1,2281000
RNSPIN,11-05-13,31.2,31.4,30.6,30.7,1789000
RNSPIN,11-06-13,30.8,31.1,30.4,30.4,1235750
RNSPIN,11-07-13,30.8,31.3,30.5,31,1885250
RNSPIN,11-10-13,31.7,31.7,30.7,31,2189750
RNSPIN,11-11-13,31.2,33.1,31.2,32.7,5605000
RNSPIN,11-12-13,33.2,33.3,31.9,32.9,3420000
RNSPIN,13-11-13,33,34.5,32.9,34,5540000
RNSPIN,14-11-13,34.3,34.5,32.7,33.1,3639250
RNSPIN,17-11-13,33.2,34.8,32.8,34.4,4828250
RNSPIN,18-11-13,34.7,34.9,33.9,34.7,4949250
RNSPIN,19-11-13,35,35.2,34,34.3,4090750
RNSPIN,20-11-13,34.3,37.5,34.1,36.6,6821250
RNSPIN,21-11-13,37,38.1,35.6,37.6,6831750
RNSPIN,24-11-13,37.7,37.8,35.6,36,4588750
RNSPIN,25-11-13,36.4,36.9,35.8,36.3,5600750
RNSPIN,26-11-13,36.2,38.5,36.1,36.7,7044000
RNSPIN,27-11-13,36.8,38.5,36.6,37.8,7314500
RNSPIN,28-11-13,38.5,38.5,36.8,37.1,4567000
RNSPIN,12-01-13,37,37,35.1,35.3,4528250
RNSPIN,12-02-13,35.8,36.4,34.8,35.5,3374250
RNSPIN,12-03-13,36.4,37.2,35.9,36.8,3431500
RNSPIN,12-04-13,37,37.9,36.3,36.5,3484000
RNSPIN,12-05-13,36.5,36.7,35.7,35.9,3393750
RNSPIN,12-08-13,36.5,37.7,36.3,36.9,4088500
RNSPIN,12-09-13,37.6,37.7,35.9,36.2,5046750
RNSPIN,12-10-13,36.5,36.9,36.1,36.3,3935500
RNSPIN,12-11-13,36.7,37.9,36.4,37,5227250
RNSPIN,12-12-13,37.3,37.4,36.5,36.6,2754250
RNSPIN,15-12-13,36.7,37.4,36.2,36.6,2367750
RNSPIN,17-12-13,36.7,37.3,36.6,36.7,2900250
RNSPIN,18-12-13,37.2,37.3,36.1,36.2,3097500
RNSPIN,19-12-13,36,37,35.9,36.7,3266750
RNSPIN,22-12-13,37,40.3,37,40.1,14030250
RNSPIN,23-12-13,41,41,38.5,38.7,4497750
RNSPIN,24-12-13,38.7,38.8,37.8,37.9,3083000
RNSPIN,26-12-13,37,37.8,36.4,37.3,4522250
RNSPIN,29-12-13,37.4,37.4,36.5,36.6,2730000
RNSPIN,30-12-13,36.9,37.3,36.7,36.9,1966500
1JANATAMF,01-01-14,6,6.2,6,6.1,96000
1JANATAMF,01-02-14,6,6.1,6,6,126000
1JANATAMF,01-06-14,6,6.1,6,6,121000
1JANATAMF,01-07-14,6,6.1,5.9,6,206500
1JANATAMF,01-08-14,6,6.1,6,6,74000
1JANATAMF,01-09-14,6.1,6.1,6,6,262500
1JANATAMF,01-12-14,6,6.2,6,6,200000
1JANATAMF,13-01-14,6.1,6.1,6,6,141000
1JANATAMF,15-01-14,6.1,6.1,6,6,248000
1JANATAMF,16-01-14,6.1,6.2,6.1,6.1,208000
1JANATAMF,19-01-14,6.2,6.3,6.1,6.2,498500
1JANATAMF,20-01-14,6.2,6.3,6.2,6.2,378500
1JANATAMF,21-01-14,6.2,6.4,6.2,6.3,329000
1JANATAMF,22-01-14,6.3,6.6,6.3,6.5,1639500
1JANATAMF,23-01-14,6.5,7.1,6.5,6.9,1677000
1JANATAMF,26-01-14,7.1,7.4,6.9,7,1082500
1JANATAMF,27-01-14,6.9,7,6.7,6.8,819500
1JANATAMF,28-01-14,6.8,6.9,6.8,6.8,376500
1JANATAMF,29-01-14,6.9,7,6.7,6.9,431500
1JANATAMF,30-01-14,7,7,6.8,6.9,598500
1JANATAMF,02-02-14,6.9,7,6.8,6.8,309500
1JANATAMF,02-03-14,6.9,7,6.8,6.8,297500
1JANATAMF,02-04-14,6.9,7.2,6.9,7.1,1165500
1JANATAMF,02-05-14,7.1,7.1,7,7,681000
1JANATAMF,02-06-14,7,7.1,6.8,6.8,366000
1JANATAMF,02-09-14,6.9,7,6.8,6.8,553500
1JANATAMF,02-10-14,6.8,6.9,6.7,6.7,647500
1JANATAMF,02-11-14,6.7,6.9,6.7,6.7,162000
1JANATAMF,02-12-14,6.9,6.9,6.7,6.8,153000
1JANATAMF,13-02-14,6.7,6.9,6.7,6.8,155500
1JANATAMF,16-02-14,6.7,6.8,6.7,6.7,360000
1JANATAMF,17-02-14,6.7,6.8,6.7,6.7,84500
1JANATAMF,18-02-14,6.7,6.8,6.7,6.7,232000
1JANATAMF,19-02-14,6.8,7,6.8,6.9,470500
1JANATAMF,20-02-14,6.8,7,6.8,6.8,433000
1JANATAMF,23-02-14,6.8,6.9,6.8,6.8,663500
1JANATAMF,24-02-14,6.8,6.9,6.8,6.8,245000
1JANATAMF,25-02-14,6.8,6.9,6.7,6.8,777000
1JANATAMF,26-02-14,6.8,6.9,6.8,6.8,97500
1JANATAMF,27-02-14,6.8,6.9,6.8,6.8,363000
1JANATAMF,03-02-14,6.8,6.9,6.8,6.8,555000
1JANATAMF,03-03-14,6.9,6.9,6.7,6.7,1026500
1JANATAMF,03-04-14,6.7,6.9,6.7,6.8,195500
1JANATAMF,03-05-14,6.8,6.9,6.8,6.8,529500
1JANATAMF,03-06-14,6.8,6.9,6.7,6.8,164000
1JANATAMF,03-09-14,6.7,6.8,6.7,6.7,176500
1JANATAMF,03-10-14,6.7,6.8,6.6,6.7,154500
1JANATAMF,03-11-14,6.6,6.8,6.6,6.7,73000
1JANATAMF,03-12-14,6.7,6.8,6.6,6.7,199000
1JANATAMF,13-03-14,6.6,6.8,6.6,6.7,309000
1JANATAMF,16-03-14,6.6,6.8,6.5,6.5,141500
1JANATAMF,18-03-14,6.6,6.6,6.2,6.2,277500
1JANATAMF,19-03-14,6.3,6.5,6.3,6.3,166000
1JANATAMF,20-03-14,6.7,6.7,6.3,6.3,61500
1JANATAMF,23-03-14,6.3,6.5,6.3,6.4,110500
1JANATAMF,24-03-14,6.2,6.4,6.2,6.2,94000
1JANATAMF,25-03-14,6.2,6.4,6.2,6.2,68000
1JANATAMF,27-03-14,6.2,6.3,6.2,6.2,32500
1JANATAMF,30-03-14,6.2,6.3,6.1,6.2,76500
1JANATAMF,31-03-14,6.1,6.3,6.1,6.2,73000
1JANATAMF,04-01-14,6.2,6.3,6.2,6.2,58000
1JANATAMF,04-02-14,6.2,6.4,6.2,6.3,67500
1JANATAMF,04-03-14,6.3,6.4,6.3,6.3,121000
1JANATAMF,04-06-14,6.3,6.4,6.3,6.3,62000
1JANATAMF,04-07-14,6.2,6.4,6.2,6.3,68500
1JANATAMF,04-08-14,6.3,6.3,6.3,6.3,120500
1JANATAMF,04-09-14,6.2,6.4,6.2,6.3,54500
1JANATAMF,04-10-14,6.3,6.4,6.3,6.3,203000
1JANATAMF,13-04-14,6.4,6.5,6.3,6.3,96000
1JANATAMF,15-04-14,6.3,6.5,6.3,6.4,252500
1JANATAMF,16-04-14,6.4,6.5,6.3,6.3,199000
1JANATAMF,17-04-14,6.3,6.5,6.3,6.3,114500
1JANATAMF,20-04-14,6.3,6.5,6.3,6.3,69000
1JANATAMF,21-04-14,6.3,6.5,6.3,6.4,183000
1JANATAMF,22-04-14,6.4,6.8,6.4,6.7,332500
1JANATAMF,23-04-14,6.7,7.1,6.7,6.9,583500
1JANATAMF,24-04-14,6.8,7.2,6.8,7,950000
1JANATAMF,27-04-14,7,7.1,6.9,7,447000
1JANATAMF,28-04-14,6.9,7,6.9,6.9,362000
1JANATAMF,29-04-14,6.9,7.1,6.9,7,526500
1JANATAMF,30-04-14,7,7.1,6.9,6.9,715500
1JANATAMF,05-04-14,6.9,7.1,6.8,6.8,428500
1JANATAMF,05-05-14,6.7,6.9,6.7,6.7,188500
1JANATAMF,05-06-14,6.7,6.8,6.6,6.6,340000
1JANATAMF,05-07-14,6.7,6.8,6.7,6.7,31000
1JANATAMF,05-08-14,6.7,6.8,6.7,6.7,55500
1JANATAMF,05-11-14,6.7,6.8,6.6,6.7,122000
1JANATAMF,05-12-14,6.7,6.8,6.7,6.7,97500
1JANATAMF,14-05-14,6.7,6.8,6.6,6.6,155500
1JANATAMF,15-05-14,6.6,6.8,6.6,6.7,106000
1JANATAMF,18-05-14,6.6,6.7,6.5,6.5,182000
1JANATAMF,19-05-14,6.5,6.7,6.5,6.6,80500
1JANATAMF,20-05-14,6.5,6.7,6.5,6.6,293000
1JANATAMF,21-05-14,6.6,6.7,6.5,6.6,293000
1JANATAMF,22-05-14,6.5,6.6,6.5,6.5,312000
1JANATAMF,25-05-14,6.5,6.6,6.5,6.5,23000
1JANATAMF,26-05-14,6.5,6.5,6.4,6.5,187000
1JANATAMF,27-05-14,6.4,6.6,6.4,6.5,23500
1JANATAMF,28-05-14,6.5,6.5,6.3,6.4,255000
1JANATAMF,29-05-14,6.4,6.4,6.3,6.3,98000
1JANATAMF,06-01-14,6.3,6.3,6.2,6.2,92500
1JANATAMF,06-02-14,6.2,6.3,6.1,6.1,358500
1JANATAMF,06-03-14,6.2,6.2,6.1,6.1,174000
1JANATAMF,06-04-14,6,6.2,6,6.1,86500
1JANATAMF,06-05-14,6.1,6.2,6,6,165500
1JANATAMF,06-08-14,5.9,6.2,5.9,6,411000
1JANATAMF,06-09-14,6.1,6.1,6,6,76000
1JANATAMF,06-10-14,6.1,6.3,6,6.1,527000
1JANATAMF,06-11-14,6.1,6.2,6.1,6.1,142500
1JANATAMF,06-12-14,6.1,6.5,6.1,6.3,247500
1JANATAMF,15-06-14,6.3,6.3,6.2,6.2,34500
1JANATAMF,16-06-14,6.2,6.3,6.1,6.1,231000
1JANATAMF,17-06-14,6.1,6.1,6,6,74500
1JANATAMF,18-06-14,6,6.1,6,6,115000
1JANATAMF,19-06-14,6,6.1,6,6,45500
1JANATAMF,22-06-14,6,6.2,6,6,183500
1JANATAMF,23-06-14,6.1,6.2,6,6,38000
1JANATAMF,24-06-14,6,6.2,6,6.1,81500
1JANATAMF,25-06-14,6,6.3,6,6.2,176500
1JANATAMF,26-06-14,6.3,6.3,6.2,6.2,161000
1JANATAMF,29-06-14,6.1,6.4,6.1,6.3,97000
1JANATAMF,30-06-14,6.2,6.4,6.2,6.3,89000
1JANATAMF,07-02-14,6.2,6.3,6.1,6.2,106500
1JANATAMF,07-03-14,6.2,6.3,6.1,6.2,97000
1JANATAMF,07-06-14,6.2,6.2,6.2,6.2,48000
1JANATAMF,07-07-14,6.1,6.3,6.1,6.1,42000
1JANATAMF,07-08-14,6,6.2,6,6,278000
1JANATAMF,07-09-14,6,6.1,6,6,57500
1JANATAMF,07-10-14,6.1,6.1,5.9,5.9,103500
1JANATAMF,13-07-14,6,6,5.9,5.9,161500
1JANATAMF,14-07-14,5.9,6,5.9,5.9,91500
1JANATAMF,15-07-14,5.9,6,5.9,5.9,112000
1JANATAMF,16-07-14,5.9,6.1,5.9,6,264000
1JANATAMF,17-07-14,5.9,6.1,5.9,6,76500
1JANATAMF,20-07-14,6,6,6,6,44500
1JANATAMF,21-07-14,6,6,6,6,62000
1JANATAMF,22-07-14,6.1,6.1,6,6,73000
1JANATAMF,23-07-14,6,6.1,6,6,31000
1JANATAMF,24-07-14,6,6.2,6,6.1,250500
1JANATAMF,08-03-14,6.1,6.1,5.9,5.9,337500
1JANATAMF,08-04-14,6,6,5.9,5.9,277500
1JANATAMF,08-05-14,6,6.1,5.9,6,512500
1JANATAMF,08-06-14,6,6.2,6,6,145000
1JANATAMF,08-07-14,6,6.1,6,6,257500
1JANATAMF,08-10-14,6.1,6.2,6,6.1,280000
1JANATAMF,08-11-14,6,6.2,6,6.1,191500
1JANATAMF,08-12-14,6.1,6.4,6,6.3,866000
1JANATAMF,13-08-14,6.3,6.4,6.1,6.3,398500
1JANATAMF,14-08-14,6.6,6.6,6.2,6.5,513500
1JANATAMF,18-08-14,7,7.2,6.3,6.4,2215500
1JANATAMF,19-08-14,6.4,6.5,6.2,6.2,754000
1JANATAMF,20-08-14,6.3,6.3,6.1,6.1,758000
1JANATAMF,21-08-14,6.1,6.3,6,6.1,553000
1JANATAMF,24-08-14,6.1,6.2,6,6,432000
1JANATAMF,25-08-14,6.1,6.2,6,6.1,672000
1JANATAMF,26-08-14,6.1,6.2,6,6,255000
1JANATAMF,27-08-14,6.1,6.2,6,6.1,621000
1JANATAMF,28-08-14,6.1,6.2,6,6,357000
1JANATAMF,31-08-14,6,6.2,6,6,300000
1JANATAMF,09-02-14,5.4,5.7,5.3,5.5,561000
1JANATAMF,09-03-14,5.5,5.6,5.5,5.5,267000
1JANATAMF,09-04-14,5.5,5.7,5.5,5.6,261000
1JANATAMF,09-07-14,5.6,5.7,5.5,5.5,305000
1JANATAMF,09-08-14,5.6,5.6,5.4,5.5,172000
1JANATAMF,09-09-14,5.6,5.6,5.4,5.4,142500
1JANATAMF,09-10-14,5.4,5.5,5.4,5.4,319500
1JANATAMF,09-11-14,5.4,5.4,5.3,5.3,437000
1JANATAMF,14-09-14,5.3,5.5,5.2,5.4,444000
1JANATAMF,15-09-14,5.3,5.6,5.3,5.4,191500
1JANATAMF,16-09-14,5.3,5.4,5.3,5.3,137000
1JANATAMF,17-09-14,5.3,5.4,5.3,5.3,445000
1JANATAMF,18-09-14,5.4,5.4,5.2,5.3,461000
1JANATAMF,21-09-14,5.3,5.4,5.3,5.4,209500
1JANATAMF,22-09-14,5.4,5.5,5.3,5.3,261500
1JANATAMF,23-09-14,5.4,5.6,5.3,5.4,538000
1JANATAMF,24-09-14,5.5,5.6,5.4,5.4,590500
1JANATAMF,25-09-14,5.5,5.6,5.4,5.4,374000
1JANATAMF,28-09-14,5.4,5.5,5.3,5.3,476000
1JANATAMF,29-09-14,5.3,5.5,5.3,5.3,355500
1JANATAMF,30-09-14,5.3,5.4,5.3,5.3,151000
1JANATAMF,10-01-14,5.3,5.5,5.3,5.4,632500
1JANATAMF,10-02-14,5.5,5.6,5.4,5.5,540000
1JANATAMF,10-12-14,5.6,6,5.5,5.8,1045500
1JANATAMF,13-10-14,6,6.1,5.7,5.8,546000
1JANATAMF,14-10-14,6,6,5.7,5.7,427000
1JANATAMF,15-10-14,5.8,5.9,5.7,5.8,366000
1JANATAMF,16-10-14,5.9,5.9,5.7,5.7,556000
1JANATAMF,19-10-14,5.6,5.7,5.6,5.6,221500
1JANATAMF,20-10-14,5.6,5.7,5.5,5.5,341500
1JANATAMF,21-10-14,5.4,5.7,5.4,5.5,109000
1JANATAMF,22-10-14,5.5,5.6,5.4,5.4,189000
1JANATAMF,23-10-14,5.5,5.5,5.4,5.4,163500
1JANATAMF,26-10-14,5.4,5.5,5.4,5.4,104500
1JANATAMF,27-10-14,5.3,5.5,5.3,5.4,57500
1JANATAMF,28-10-14,5.3,5.5,5.3,5.4,128500
1JANATAMF,29-10-14,5.4,5.5,5.4,5.5,181500
1JANATAMF,30-10-14,5.6,5.7,5.5,5.5,322500
1JANATAMF,11-02-14,5.5,5.6,5.4,5.4,290500
1JANATAMF,11-03-14,5.5,5.6,5.5,5.5,166000
1JANATAMF,11-05-14,5.5,5.6,5.5,5.5,86000
1JANATAMF,11-06-14,5.5,5.6,5.5,5.5,268000
1JANATAMF,11-09-14,5.5,5.5,5.4,5.4,193500
1JANATAMF,11-10-14,5.4,5.5,5.4,5.4,101500
1JANATAMF,11-11-14,5.4,5.5,5.4,5.4,71500
1JANATAMF,11-12-14,5.4,5.5,5.4,5.4,217000
1JANATAMF,13-11-14,5.4,5.5,5.4,5.4,213000
1JANATAMF,16-11-14,5.4,5.4,5.3,5.3,509500
1JANATAMF,17-11-14,5.3,5.4,5.3,5.3,78000
1JANATAMF,18-11-14,5.2,5.4,5.2,5.3,93000
1JANATAMF,19-11-14,5.2,5.5,5.2,5.4,218500
1JANATAMF,20-11-14,5.4,5.4,5.3,5.3,108500
1JANATAMF,23-11-14,5.3,5.5,5.3,5.3,101500
1JANATAMF,24-11-14,5.3,5.3,5.2,5.2,107500
1JANATAMF,25-11-14,5.2,5.3,5.2,5.2,25500
1JANATAMF,26-11-14,5.2,5.3,5.1,5.1,233000
1JANATAMF,27-11-14,5.1,5.2,5.1,5.1,41500
1JANATAMF,30-11-14,5.3,5.3,5.1,5.2,62500
1JANATAMF,12-01-14,5.1,5.3,5.1,5.2,39500
1JANATAMF,12-02-14,5.3,5.3,5.1,5.1,91500
1JANATAMF,12-03-14,5.1,5.3,5.1,5.2,69000
1JANATAMF,12-04-14,5.2,5.3,5.1,5.2,139500
1JANATAMF,12-07-14,5.2,5.3,5.1,5.1,142500
1JANATAMF,12-08-14,5.2,5.2,5.1,5.2,31000
1JANATAMF,12-09-14,5.2,5.2,5.1,5.1,48500
1JANATAMF,12-10-14,5.1,5.2,5.1,5.1,51000
1JANATAMF,12-11-14,5.1,5.2,5.1,5.1,70021
1JANATAMF,14-12-14,5,5.2,5,5.1,32447
1JANATAMF,15-12-14,5.1,5.3,5.1,5.1,40686
1JANATAMF,17-12-14,5.1,5.2,5,5.1,39171
1JANATAMF,18-12-14,5,5.2,5,5.2,163762
1JANATAMF,21-12-14,5.1,5.3,5.1,5.2,97903
1JANATAMF,22-12-14,5.3,5.3,5,5.2,60035
1JANATAMF,23-12-14,5.1,5.2,5.1,5.1,55476
1JANATAMF,24-12-14,5,5.1,5,5.1,68661
1JANATAMF,28-12-14,5,5.1,5,5.1,149956
1JANATAMF,29-12-14,5.1,5.2,5.1,5.1,105156
1JANATAMF,30-12-14,5,5.2,5,5.1,58281
DBH1STMF,01-01-14,5.6,5.7,5.6,5.6,97000
DBH1STMF,01-02-14,5.7,5.8,5.6,5.6,47000
DBH1STMF,01-06-14,5.6,5.7,5.6,5.6,70000
DBH1STMF,01-07-14,5.6,5.7,5.6,5.6,331000
DBH1STMF,01-08-14,5.6,5.8,5.6,5.6,260000
DBH1STMF,01-09-14,5.7,5.8,5.6,5.6,175000
DBH1STMF,01-12-14,5.7,5.8,5.7,5.7,186000
DBH1STMF,13-01-14,5.8,5.8,5.7,5.7,257000
DBH1STMF,15-01-14,5.8,5.9,5.8,5.8,213500
DBH1STMF,16-01-14,5.9,5.9,5.8,5.8,136500
DBH1STMF,19-01-14,5.9,6,5.8,5.8,768000
DBH1STMF,20-01-14,5.8,6,5.8,5.8,317500
DBH1STMF,21-01-14,5.9,6,5.8,5.9,475500
DBH1STMF,22-01-14,6,6.2,6,6.1,684000
DBH1STMF,23-01-14,6.1,6.7,6.1,6.6,2990000
DBH1STMF,26-01-14,7,7.2,6.9,7,3395500
DBH1STMF,27-01-14,7.1,7.1,6.8,6.8,884500
DBH1STMF,28-01-14,6.8,6.9,6.5,6.5,1414000
DBH1STMF,29-01-14,6.6,6.8,6.6,6.7,1341000
DBH1STMF,30-01-14,6.8,6.8,6.7,6.7,527000
DBH1STMF,02-02-14,6.8,6.8,6.6,6.6,885500
DBH1STMF,02-03-14,6.6,6.9,6.6,6.8,721000
DBH1STMF,02-04-14,7,7.2,6.9,7,1847500
DBH1STMF,02-05-14,7,7,6.9,6.9,571500
DBH1STMF,02-06-14,7,7,6.8,6.8,471000
DBH1STMF,02-09-14,6.7,6.9,6.7,6.8,812000
DBH1STMF,02-10-14,6.8,6.8,6.7,6.7,782000
DBH1STMF,02-11-14,6.7,6.8,6.7,6.7,261500
DBH1STMF,02-12-14,6.8,6.9,6.7,6.7,775500
DBH1STMF,13-02-14,6.8,6.9,6.7,6.7,404000
DBH1STMF,16-02-14,6.6,6.9,6.6,6.8,337000
DBH1STMF,17-02-14,6.8,6.8,6.7,6.7,233000
DBH1STMF,18-02-14,6.7,6.8,6.7,6.7,245000
DBH1STMF,19-02-14,6.7,7,6.7,6.8,545000
DBH1STMF,20-02-14,6.9,6.9,6.7,6.8,293500
DBH1STMF,23-02-14,6.8,6.9,6.8,6.8,369000
DBH1STMF,24-02-14,6.8,6.9,6.8,6.8,120000
DBH1STMF,25-02-14,6.8,6.9,6.7,6.8,1199500
DBH1STMF,26-02-14,6.7,6.9,6.7,6.8,401000
DBH1STMF,27-02-14,6.7,6.8,6.7,6.7,573500
DBH1STMF,03-02-14,6.7,6.8,6.7,6.7,605000
DBH1STMF,03-03-14,6.7,6.8,6.7,6.8,570000
DBH1STMF,03-04-14,6.7,6.9,6.7,6.7,323000
DBH1STMF,03-05-14,6.7,6.8,6.7,6.7,346000
DBH1STMF,03-06-14,6.7,6.8,6.7,6.7,217000
DBH1STMF,03-09-14,6.7,6.8,6.7,6.7,270000
DBH1STMF,03-10-14,6.7,6.8,6.7,6.7,639500
DBH1STMF,03-11-14,6.7,6.7,6.6,6.7,361500
DBH1STMF,03-12-14,6.7,6.7,6.5,6.5,229000
DBH1STMF,13-03-14,6.5,6.6,6.4,6.4,128500
DBH1STMF,16-03-14,6.4,6.5,6.4,6.4,145000
DBH1STMF,18-03-14,6.4,6.4,6.2,6.2,186000
DBH1STMF,19-03-14,6.5,6.5,6.1,6.1,146500
DBH1STMF,20-03-14,6.2,6.4,6.2,6.3,63500
DBH1STMF,23-03-14,6.2,6.5,6.2,6.4,180500
DBH1STMF,24-03-14,6.2,6.4,6.2,6.2,118000
DBH1STMF,25-03-14,6.2,6.4,6.2,6.3,69000
DBH1STMF,27-03-14,6.2,6.4,6.2,6.2,103000
DBH1STMF,30-03-14,6.2,6.4,6.2,6.2,342500
DBH1STMF,31-03-14,6.3,6.3,6.1,6.1,393000
DBH1STMF,04-01-14,6.1,6.3,6.1,6.2,197500
DBH1STMF,04-02-14,6.3,6.4,6.1,6.1,645500
DBH1STMF,04-03-14,6.2,6.5,6.1,6.3,318500
DBH1STMF,04-06-14,6.3,6.3,6.2,6.2,114000
DBH1STMF,04-07-14,6.2,6.3,6.1,6.1,268500
DBH1STMF,04-08-14,6.3,6.3,6.1,6.1,119000
DBH1STMF,04-09-14,6.1,6.3,6.1,6.1,121000
DBH1STMF,04-10-14,6.1,6.2,6.1,6.1,306500
DBH1STMF,13-04-14,6.1,6.3,6.1,6.1,48500
DBH1STMF,15-04-14,6.3,6.3,6.1,6.1,248500
DBH1STMF,16-04-14,6.1,6.2,6.1,6.1,329500
DBH1STMF,17-04-14,6.2,6.2,6.1,6.1,309500
DBH1STMF,20-04-14,6.1,6.4,6,6.3,336500
DBH1STMF,21-04-14,6.3,6.4,6.2,6.3,367000
DBH1STMF,22-04-14,6.3,6.5,6.3,6.4,187000
DBH1STMF,23-04-14,6.5,6.6,6.4,6.5,578000
DBH1STMF,24-04-14,6.6,6.7,6.5,6.5,530000
DBH1STMF,27-04-14,6.7,6.7,6.4,6.5,223000
DBH1STMF,28-04-14,6.4,6.6,6.4,6.5,277000
DBH1STMF,29-04-14,6.5,6.6,6.4,6.5,253000
DBH1STMF,30-04-14,6.4,6.6,6.4,6.4,189000
DBH1STMF,05-04-14,6.5,6.5,6.3,6.3,190500
DBH1STMF,05-05-14,6.3,6.3,6.2,6.2,108500
DBH1STMF,05-06-14,6.2,6.4,6.2,6.3,86500
DBH1STMF,05-07-14,6.3,6.5,6.3,6.4,256000
DBH1STMF,05-08-14,6.5,6.6,6.4,6.4,341500
DBH1STMF,05-11-14,6.3,6.5,6.3,6.4,227000
DBH1STMF,05-12-14,6.4,6.5,6.4,6.4,212000
DBH1STMF,14-05-14,6.4,6.6,6.4,6.4,204500
DBH1STMF,15-05-14,6.5,6.5,6.4,6.4,87000
DBH1STMF,18-05-14,6.4,6.4,6.3,6.3,319000
DBH1STMF,19-05-14,6.3,6.3,6.2,6.2,212000
DBH1STMF,20-05-14,6.1,6.2,6.1,6.1,49500
DBH1STMF,21-05-14,6.1,6.4,6.1,6.2,147500
DBH1STMF,22-05-14,6.2,6.5,6.2,6.4,259000
DBH1STMF,25-05-14,6.2,6.4,6.1,6.1,235500
DBH1STMF,26-05-14,6.2,6.2,6.1,6.1,214500
DBH1STMF,27-05-14,6.1,6.2,6,6.1,377000
DBH1STMF,28-05-14,6.1,6.2,6,6,74000
DBH1STMF,29-05-14,6,6.2,5.9,6,314500
DBH1STMF,06-01-14,6,6.1,5.9,6,277500
DBH1STMF,06-02-14,6,6,5.8,5.8,123500
DBH1STMF,06-03-14,5.9,6,5.8,5.8,89500
DBH1STMF,06-04-14,5.7,5.8,5.6,5.6,77000
DBH1STMF,06-05-14,5.6,5.7,5.5,5.5,43000
DBH1STMF,06-08-14,5.7,5.7,5.5,5.5,65500
DBH1STMF,06-09-14,5.5,5.7,5.5,5.6,74500
DBH1STMF,06-10-14,5.6,5.7,5.6,5.6,60500
DBH1STMF,06-11-14,5.6,5.7,5.6,5.6,93000
DBH1STMF,06-12-14,5.6,5.9,5.6,5.8,112500
DBH1STMF,15-06-14,5.8,5.8,5.6,5.6,69500
DBH1STMF,16-06-14,5.6,5.7,5.6,5.6,147500
DBH1STMF,17-06-14,5.4,5.6,5.4,5.5,88000
DBH1STMF,18-06-14,5.5,5.6,5.4,5.4,132500
DBH1STMF,19-06-14,5.4,5.5,5.4,5.4,83000
DBH1STMF,22-06-14,5.5,5.6,5.4,5.5,74000
DBH1STMF,23-06-14,5.5,5.6,5.4,5.5,67500
DBH1STMF,24-06-14,5.6,5.6,5.4,5.5,134500
DBH1STMF,25-06-14,5.5,5.8,5.5,5.7,261000
DBH1STMF,26-06-14,5.7,5.8,5.6,5.7,325000
DBH1STMF,29-06-14,5.8,5.9,5.7,5.8,138000
DBH1STMF,30-06-14,5.8,5.8,5.7,5.7,140500
DBH1STMF,07-02-14,5.6,5.8,5.6,5.6,112000
DBH1STMF,07-03-14,5.6,5.7,5.6,5.6,34500
DBH1STMF,07-06-14,5.6,5.7,5.6,5.6,17000
DBH1STMF,07-07-14,5.6,5.6,5.5,5.5,31000
DBH1STMF,07-08-14,5.5,5.6,5.5,5.5,97500
DBH1STMF,07-09-14,5.5,5.6,5.5,5.5,53000
DBH1STMF,07-10-14,5.5,5.6,5.5,5.5,43000
DBH1STMF,13-07-14,5.5,5.6,5.5,5.5,111500
DBH1STMF,14-07-14,5.6,5.6,5.5,5.5,97500
DBH1STMF,15-07-14,5.5,5.5,5.4,5.4,36000
DBH1STMF,16-07-14,5.4,5.5,5.4,5.4,628000
DBH1STMF,17-07-14,5.4,5.5,5.3,5.3,159000
DBH1STMF,20-07-14,5.4,5.4,5.3,5.3,364000
DBH1STMF,21-07-14,5.3,5.4,5.2,5.3,304500
DBH1STMF,22-07-14,5.3,5.4,5.2,5.2,207500
DBH1STMF,23-07-14,5.3,5.4,5.2,5.2,49500
DBH1STMF,24-07-14,5.2,5.3,5.1,5.2,88500
DBH1STMF,08-03-14,5.3,5.3,5.1,5.2,56000
DBH1STMF,08-04-14,5.1,5.1,4.9,5,509000
DBH1STMF,08-05-14,5.2,5.2,5,5,94500
DBH1STMF,08-06-14,5,5.2,5,5,253000
DBH1STMF,08-07-14,5.1,5.2,5,5,94000
DBH1STMF,08-10-14,5.1,5.2,5,5,440000
DBH1STMF,08-11-14,5.1,5.2,5,5,347500
DBH1STMF,08-12-14,5,5.3,5,5.2,668000
DBH1STMF,13-08-14,5.2,5.3,5.1,5.1,170000
DBH1STMF,14-08-14,5.4,5.4,5.1,5.2,916000
DBH1STMF,18-08-14,5.1,5.5,5.1,5.3,1503500
DBH1STMF,19-08-14,5.2,5.3,5.2,5.2,590000
DBH1STMF,20-08-14,5.3,5.4,5.3,5.3,857000
DBH1STMF,21-08-14,5.3,5.4,5.3,5.3,616500
DBH1STMF,24-08-14,5.3,5.4,5.3,5.3,593000
DBH1STMF,25-08-14,5.3,5.4,5.3,5.3,373000
DBH1STMF,26-08-14,5.2,5.4,5.2,5.2,142500
DBH1STMF,27-08-14,5.3,5.4,5.2,5.2,191500
DBH1STMF,28-08-14,5.2,5.3,5.1,5.1,264000
DBH1STMF,31-08-14,5.2,5.3,5.1,5.2,200500
DBH1STMF,09-02-14,5.1,5.1,4.8,4.9,610500
DBH1STMF,09-03-14,4.9,5,4.8,4.9,316000
DBH1STMF,09-04-14,4.9,5,4.8,4.9,209500
DBH1STMF,09-07-14,4.9,5,4.8,4.8,216500
DBH1STMF,09-08-14,4.8,4.9,4.8,4.8,103000
DBH1STMF,09-09-14,4.9,4.9,4.7,4.7,483000
DBH1STMF,09-10-14,4.8,4.9,4.7,4.7,182000
DBH1STMF,09-11-14,4.7,4.8,4.7,4.7,348500
DBH1STMF,14-09-14,4.7,4.7,4.6,4.6,100000
DBH1STMF,15-09-14,4.7,4.7,4.5,4.5,115500
DBH1STMF,16-09-14,4.6,4.7,4.5,4.5,52500
DBH1STMF,17-09-14,4.5,4.7,4.4,4.5,181500
DBH1STMF,18-09-14,4.6,4.7,4.5,4.5,781500
DBH1STMF,21-09-14,4.6,4.7,4.6,4.6,385500
DBH1STMF,22-09-14,4.6,4.8,4.5,4.7,539000
DBH1STMF,23-09-14,4.7,4.9,4.7,4.8,175500
DBH1STMF,24-09-14,4.8,5,4.8,4.9,375000
DBH1STMF,25-09-14,5,5,4.7,4.7,133500
DBH1STMF,28-09-14,4.8,4.9,4.7,4.7,168500
DBH1STMF,29-09-14,4.7,4.9,4.7,4.7,141000
DBH1STMF,30-09-14,4.7,4.8,4.7,4.7,41000
DBH1STMF,10-01-14,4.7,4.9,4.7,4.8,114000
DBH1STMF,10-02-14,4.8,5,4.8,4.9,156000
DBH1STMF,10-12-14,5,5.3,5,5.2,1818000
DBH1STMF,13-10-14,5.4,5.5,5.1,5.2,815500
DBH1STMF,14-10-14,5.3,5.3,5.1,5.1,492000
DBH1STMF,15-10-14,5.4,5.6,5.2,5.3,1464500
DBH1STMF,16-10-14,5.5,5.5,5.1,5.2,598500
DBH1STMF,19-10-14,5.1,5.2,5,5,557500
DBH1STMF,20-10-14,5,5.1,5,5,373500
DBH1STMF,21-10-14,5,5.2,5,5.1,227500
DBH1STMF,22-10-14,5,5.1,4.9,4.9,205000
DBH1STMF,23-10-14,4.9,5,4.9,4.9,268500
DBH1STMF,26-10-14,4.9,5.1,4.8,4.8,236500
DBH1STMF,27-10-14,4.9,4.9,4.8,4.8,142500
DBH1STMF,28-10-14,5,5,4.9,4.9,176500
DBH1STMF,29-10-14,4.9,5,4.9,4.9,167000
DBH1STMF,30-10-14,5,5,4.8,4.8,634500
DBH1STMF,11-02-14,4.9,5,4.8,4.8,215000
DBH1STMF,11-03-14,4.8,5,4.8,4.9,567500
DBH1STMF,11-05-14,4.9,4.9,4.8,4.8,181000
DBH1STMF,11-06-14,4.8,5,4.8,4.8,79000
DBH1STMF,11-09-14,4.8,4.9,4.7,4.7,133500
DBH1STMF,11-10-14,4.7,4.8,4.7,4.7,132000
DBH1STMF,11-11-14,4.7,4.8,4.7,4.7,112000
DBH1STMF,11-12-14,4.8,4.9,4.7,4.8,116000
DBH1STMF,13-11-14,4.8,4.9,4.8,4.8,106500
DBH1STMF,16-11-14,4.8,4.9,4.7,4.7,202000
DBH1STMF,17-11-14,4.7,4.8,4.7,4.7,51000
DBH1STMF,18-11-14,4.7,4.8,4.7,4.7,113000
DBH1STMF,19-11-14,4.8,4.9,4.7,4.8,167000
DBH1STMF,20-11-14,4.8,4.9,4.7,4.8,84500
DBH1STMF,23-11-14,4.8,4.8,4.7,4.7,402500
DBH1STMF,24-11-14,4.7,4.8,4.7,4.7,134000
DBH1STMF,25-11-14,4.7,4.8,4.7,4.7,125500
DBH1STMF,26-11-14,4.7,4.8,4.6,4.7,35000
DBH1STMF,27-11-14,4.6,4.8,4.6,4.6,79500
DBH1STMF,30-11-14,4.7,4.7,4.6,4.6,48000
DBH1STMF,12-01-14,4.6,4.7,4.6,4.6,38000
DBH1STMF,12-02-14,4.6,4.7,4.6,4.6,72500
DBH1STMF,12-03-14,4.6,4.8,4.6,4.6,51000
DBH1STMF,12-04-14,4.7,4.7,4.6,4.6,42000
DBH1STMF,12-07-14,4.7,4.7,4.6,4.6,33000
DBH1STMF,12-08-14,4.7,4.7,4.6,4.6,22500
DBH1STMF,12-09-14,4.6,4.7,4.6,4.6,57500
DBH1STMF,12-10-14,4.5,4.6,4.5,4.5,24500
DBH1STMF,12-11-14,4.7,4.7,4.5,4.6,3549
DBH1STMF,14-12-14,4.5,4.7,4.5,4.6,24580
DBH1STMF,15-12-14,4.6,4.6,4.5,4.5,49000
DBH1STMF,17-12-14,4.5,4.6,4.4,4.5,42588
DBH1STMF,18-12-14,4.5,4.6,4.5,4.5,16462
DBH1STMF,21-12-14,4.5,4.7,4.5,4.5,73711
DBH1STMF,22-12-14,4.5,4.6,4.5,4.5,173089
DBH1STMF,23-12-14,4.6,4.6,4.5,4.6,25942
DBH1STMF,24-12-14,4.6,4.6,4.5,4.5,33134
DBH1STMF,28-12-14,4.5,4.6,4.5,4.5,73712
DBH1STMF,29-12-14,4.5,4.6,4.5,4.6,83396
DBH1STMF,30-12-14,4.5,4.7,4.5,4.6,93569
GREENDELMF,01-01-14,5.3,5.4,5.3,5.3,78000
GREENDELMF,01-02-14,5.3,5.4,5.2,5.2,333500
GREENDELMF,01-06-14,5.3,5.3,5.2,5.2,88000
GREENDELMF,01-07-14,5.4,5.4,5.2,5.2,84500
GREENDELMF,01-08-14,5.4,5.4,5.3,5.3,242000
GREENDELMF,01-09-14,5.4,5.5,5.3,5.4,324000
GREENDELMF,01-12-14,5.4,5.5,5.3,5.3,925000
GREENDELMF,13-01-14,5.3,5.4,5.3,5.3,300000
GREENDELMF,15-01-14,5.4,5.5,5.3,5.4,115500
GREENDELMF,16-01-14,5.4,5.5,5.3,5.4,457000
GREENDELMF,19-01-14,5.5,5.6,5.4,5.5,717500
GREENDELMF,20-01-14,5.5,5.6,5.4,5.5,541500
GREENDELMF,21-01-14,5.5,5.7,5.5,5.6,1613500
GREENDELMF,22-01-14,5.7,5.8,5.7,5.7,1420500
GREENDELMF,23-01-14,5.8,6.1,5.8,6,2412000
GREENDELMF,26-01-14,6.2,6.5,6.1,6.2,2299500
GREENDELMF,27-01-14,6.3,6.3,6.1,6.2,743000
GREENDELMF,28-01-14,6.2,6.3,6,6,1411500
GREENDELMF,29-01-14,6.1,6.3,6,6.1,1661500
GREENDELMF,30-01-14,6.2,6.3,6.1,6.1,459500
GREENDELMF,02-02-14,6.1,6.3,6.1,6.2,1059500
GREENDELMF,02-03-14,6.2,6.4,6.2,6.3,906500
GREENDELMF,02-04-14,6.5,6.7,6.3,6.5,2245500
GREENDELMF,02-05-14,6.5,6.6,6.4,6.4,812500
GREENDELMF,02-06-14,6.5,6.6,6.4,6.5,940000
GREENDELMF,02-09-14,6.5,6.5,6.3,6.3,567500
GREENDELMF,02-10-14,6.3,6.4,6.2,6.2,561500
GREENDELMF,02-11-14,6.2,6.3,6.1,6.1,796000
GREENDELMF,02-12-14,6.1,6.3,6.1,6.1,734500
GREENDELMF,13-02-14,6.2,6.3,6.2,6.2,644500
GREENDELMF,16-02-14,6.3,6.3,6.2,6.2,1040000
GREENDELMF,17-02-14,6.8,6.8,6.2,6.3,714500
GREENDELMF,18-02-14,6.2,6.3,6.2,6.2,274000
GREENDELMF,19-02-14,6.3,6.5,6.2,6.3,828000
GREENDELMF,20-02-14,6.3,6.3,6.2,6.2,45000
GREENDELMF,23-02-14,6.2,6.3,6.2,6.2,876000
GREENDELMF,24-02-14,6.3,6.4,6.2,6.3,366500
GREENDELMF,25-02-14,6.3,6.4,6.3,6.3,339000
GREENDELMF,26-02-14,6.3,6.4,6.2,6.2,324500
GREENDELMF,27-02-14,6.2,6.3,6.2,6.2,371000
GREENDELMF,03-02-14,6.2,6.2,6.2,6.2,359000
GREENDELMF,03-03-14,6.2,6.3,6.2,6.2,551500
GREENDELMF,03-04-14,6.2,6.3,6.2,6.2,144000
GREENDELMF,03-05-14,6.2,6.2,6.2,6.2,109500
GREENDELMF,03-06-14,6.2,6.2,6.2,6.2,564000
GREENDELMF,03-09-14,6.2,6.3,6.2,6.2,624000
GREENDELMF,03-10-14,6.2,6.3,6.2,6.2,166000
GREENDELMF,03-11-14,6.1,6.2,6.1,6.1,212500
GREENDELMF,03-12-14,6.1,6.3,6,6,300500
GREENDELMF,13-03-14,6.1,6.1,6,6,347500
GREENDELMF,16-03-14,5.9,6,5.9,5.9,202000
GREENDELMF,18-03-14,5.9,5.9,5.9,5.9,217000
GREENDELMF,19-03-14,5.8,5.9,5.8,5.8,80000
GREENDELMF,20-03-14,5.7,5.9,5.7,5.8,53000
GREENDELMF,23-03-14,5.8,5.9,5.8,5.8,89000
GREENDELMF,24-03-14,5.7,5.8,5.7,5.7,57000
GREENDELMF,25-03-14,5.6,5.8,5.6,5.7,78000
GREENDELMF,27-03-14,5.7,5.7,5.6,5.6,40000
GREENDELMF,30-03-14,5.1,5.7,5.1,5.5,74500
GREENDELMF,31-03-14,5.5,5.5,5.5,5.5,36500
GREENDELMF,04-01-14,5.4,5.6,5.4,5.6,269000
GREENDELMF,04-02-14,5.7,6,5.7,5.9,497000
GREENDELMF,04-03-14,5.9,5.9,5.4,5.5,148500
GREENDELMF,04-06-14,5.6,5.8,5.5,5.6,194000
GREENDELMF,04-07-14,5.6,5.7,5.6,5.6,171000
GREENDELMF,04-08-14,6,6,5.6,5.6,694000
GREENDELMF,04-09-14,5.7,6,5.6,5.7,181000
GREENDELMF,04-10-14,5.6,5.8,5.6,5.6,447000
GREENDELMF,13-04-14,5.6,5.7,5.6,5.6,143500
GREENDELMF,15-04-14,5.6,5.7,5.6,5.6,103000
GREENDELMF,16-04-14,5.6,5.7,5.6,5.6,361000
GREENDELMF,17-04-14,5.6,5.8,5.6,5.7,741000
GREENDELMF,20-04-14,5.7,5.9,5.7,5.8,186500
GREENDELMF,21-04-14,5.8,6,5.7,5.8,277500
GREENDELMF,22-04-14,5.9,6,5.8,5.9,459500
GREENDELMF,23-04-14,5.9,6.2,5.9,6,421000
GREENDELMF,24-04-14,6,6.2,6,6.1,327500
GREENDELMF,27-04-14,6.1,6.3,6,6,429500
GREENDELMF,28-04-14,6,6.1,6,6,320000
GREENDELMF,29-04-14,6,6.1,6,6,224000
GREENDELMF,30-04-14,6,6.1,6,6,169000
GREENDELMF,05-04-14,6,6.1,5.9,5.9,143000
GREENDELMF,05-05-14,5.9,6,5.9,5.9,48000
GREENDELMF,05-06-14,5.9,6,5.8,5.9,300500
GREENDELMF,05-07-14,5.9,6,5.9,5.9,219500
GREENDELMF,05-08-14,6,6,5.9,5.9,154000
GREENDELMF,05-11-14,5.9,6,5.8,5.9,110500
GREENDELMF,05-12-14,5.9,6,5.8,5.8,201500
GREENDELMF,14-05-14,5.8,5.9,5.8,5.8,67500
GREENDELMF,15-05-14,5.8,5.8,5.6,5.6,351000
GREENDELMF,18-05-14,5.5,5.7,5.5,5.6,84000
GREENDELMF,19-05-14,5.5,5.7,5.5,5.6,253000
GREENDELMF,20-05-14,5.6,5.7,5.5,5.5,99500
GREENDELMF,21-05-14,5.6,5.7,5.5,5.6,377500
GREENDELMF,22-05-14,5.6,5.7,5.6,5.6,81500
GREENDELMF,25-05-14,5.5,5.6,5.5,5.5,37000
GREENDELMF,26-05-14,5.6,5.6,5.5,5.5,78000
GREENDELMF,27-05-14,5.5,5.8,5.5,5.6,44500
GREENDELMF,28-05-14,5.6,5.6,5.5,5.5,57000
GREENDELMF,29-05-14,5.5,5.5,5.5,5.5,67000
GREENDELMF,06-01-14,5.6,5.6,5.5,5.5,83000
GREENDELMF,06-02-14,5.5,5.5,5.4,5.4,87000
GREENDELMF,06-03-14,5.4,5.6,5.3,5.3,183500
GREENDELMF,06-04-14,5.3,5.3,5.2,5.2,152000
GREENDELMF,06-05-14,5.2,5.7,5.1,5.1,104500
GREENDELMF,06-08-14,5.2,5.4,5.1,5.3,141000
GREENDELMF,06-09-14,5.2,5.3,5.2,5.2,21500
GREENDELMF,06-10-14,5.2,5.4,5.2,5.2,65500
GREENDELMF,06-11-14,5.3,5.3,5.2,5.2,111500
GREENDELMF,06-12-14,5.2,5.6,5.2,5.4,81500
GREENDELMF,15-06-14,5.4,5.5,5.3,5.5,157500
GREENDELMF,16-06-14,5.4,5.5,5.4,5.4,76500
GREENDELMF,17-06-14,5.3,5.4,5.3,5.3,38000
GREENDELMF,18-06-14,5.3,5.4,5.2,5.2,24000
GREENDELMF,19-06-14,5.2,5.3,5.1,5.1,30000
GREENDELMF,22-06-14,4.6,5.2,4.6,5.1,201000
GREENDELMF,23-06-14,5,5.3,5,5.1,104500
GREENDELMF,24-06-14,5.2,5.2,5.1,5.1,78500
GREENDELMF,25-06-14,5.2,5.3,5.2,5.3,250500
GREENDELMF,26-06-14,5.2,5.3,5.2,5.3,92500
GREENDELMF,29-06-14,5.2,5.4,5.2,5.3,204500
GREENDELMF,30-06-14,5.3,5.4,5.3,5.3,59000
GREENDELMF,07-02-14,5.3,5.4,5.3,5.3,13500
GREENDELMF,07-03-14,5.4,5.4,5.3,5.3,61500
GREENDELMF,07-06-14,5.3,5.3,5.2,5.2,89000
GREENDELMF,07-07-14,5.2,5.3,5.2,5.2,37500
GREENDELMF,07-08-14,5.2,5.3,5.1,5.1,126500
GREENDELMF,07-09-14,5.1,5.2,5.1,5.1,35500
GREENDELMF,07-10-14,5.1,5.2,5.1,5.1,49000
GREENDELMF,13-07-14,5.1,5.2,5.1,5.1,55000
GREENDELMF,14-07-14,5.1,5.2,5.1,5.1,21500
GREENDELMF,15-07-14,5.1,5.1,5.1,5.1,53000
GREENDELMF,16-07-14,5.1,5.2,5.1,5.1,269000
GREENDELMF,17-07-14,5.1,5.2,5.1,5.1,155000
GREENDELMF,20-07-14,5.1,5.3,5.1,5.1,33000
GREENDELMF,21-07-14,5.1,5.2,5.1,5.1,12500
GREENDELMF,22-07-14,5.1,5.2,5.1,5.1,84500
GREENDELMF,23-07-14,5.1,5.2,5,5,51000
GREENDELMF,24-07-14,5,5.2,4.9,5,162500
GREENDELMF,08-03-14,4.9,5.1,4.9,5,93500
GREENDELMF,08-04-14,5,5.2,5,5,96000
GREENDELMF,08-05-14,5.1,5.1,5,5,73000
GREENDELMF,08-06-14,5,5.1,5,5,69000
GREENDELMF,08-07-14,5.1,5.2,5,5,47000
GREENDELMF,08-10-14,5.1,5.2,5,5,84000
GREENDELMF,08-11-14,5.1,5.2,4.8,4.8,225500
GREENDELMF,08-12-14,5,5.2,4.9,5.1,148000
GREENDELMF,13-08-14,5.5,5.5,5.1,5.1,59000
GREENDELMF,14-08-14,5.6,5.6,5,5.3,290000
GREENDELMF,18-08-14,4.8,5.1,4.7,4.7,1041500
GREENDELMF,19-08-14,4.8,4.9,4.7,4.7,123000
GREENDELMF,20-08-14,4.7,4.7,4.5,4.5,185500
GREENDELMF,21-08-14,4.7,4.7,4.4,4.4,535000
GREENDELMF,24-08-14,4.6,4.6,4.5,4.5,137000
GREENDELMF,25-08-14,4.5,4.7,4.4,4.5,356500
GREENDELMF,26-08-14,4.5,4.7,4.5,4.6,234500
GREENDELMF,27-08-14,4.6,4.7,4.6,4.6,119000
GREENDELMF,28-08-14,4.5,4.6,4.5,4.5,47500
GREENDELMF,31-08-14,4.6,4.7,4.5,4.6,105500
GREENDELMF,09-01-14,4.5,4.6,4.5,4.5,224000
GREENDELMF,09-02-14,4.5,4.7,4.5,4.5,147500
GREENDELMF,09-03-14,4.5,4.8,4.5,4.5,410500
GREENDELMF,09-04-14,4.6,4.8,4.4,4.6,1749500
GREENDELMF,09-07-14,4.6,4.7,4.5,4.5,130000
GREENDELMF,09-08-14,4.5,4.6,4.5,4.5,190000
GREENDELMF,09-09-14,4.5,4.5,4.4,4.4,250000
GREENDELMF,09-10-14,4.5,4.5,4.4,4.4,103500
GREENDELMF,09-11-14,4.5,4.6,4.4,4.5,489000
GREENDELMF,14-09-14,4.4,4.5,4.4,4.4,440000
GREENDELMF,15-09-14,4.4,4.5,4.4,4.4,96500
GREENDELMF,16-09-14,4.4,4.5,4.4,4.4,123500
GREENDELMF,17-09-14,4.4,4.5,4.3,4.4,163000
GREENDELMF,18-09-14,4.4,4.6,4.3,4.5,924000
GREENDELMF,21-09-14,4.4,4.6,4.4,4.5,608500
GREENDELMF,22-09-14,4.5,4.6,4.5,4.5,283500
GREENDELMF,23-09-14,4.5,4.7,4.5,4.6,396000
GREENDELMF,24-09-14,4.6,4.8,4.6,4.6,322000
GREENDELMF,25-09-14,4.6,4.7,4.6,4.6,70500
GREENDELMF,28-09-14,4.6,4.6,4.5,4.5,277000
GREENDELMF,29-09-14,4.5,4.6,4.5,4.5,106500
GREENDELMF,30-09-14,4.5,4.6,4.5,4.5,186500
GREENDELMF,10-01-14,4.5,4.7,4.5,4.6,356500
GREENDELMF,10-02-14,4.6,4.7,4.6,4.7,166000
GREENDELMF,10-12-14,4.7,5.1,4.7,5,1569000
GREENDELMF,13-10-14,5.3,5.3,4.9,5.1,885000
GREENDELMF,14-10-14,5.2,5.2,5,5,721000
GREENDELMF,15-10-14,5.2,5.4,5,5.1,1332000
GREENDELMF,16-10-14,5.2,5.3,5,5,813000
GREENDELMF,19-10-14,5,5.1,4.9,4.9,348500
GREENDELMF,20-10-14,4.9,5,4.9,4.9,64500
GREENDELMF,21-10-14,4.9,5,4.9,4.9,162000
GREENDELMF,22-10-14,4.9,5,4.8,4.8,266500
GREENDELMF,23-10-14,4.9,5,4.8,4.8,150500
GREENDELMF,26-10-14,4.9,4.9,4.8,4.8,83500
GREENDELMF,27-10-14,4.8,4.9,4.8,4.8,49000
GREENDELMF,28-10-14,4.8,4.9,4.8,4.8,432500
GREENDELMF,29-10-14,4.8,4.9,4.8,4.8,93500
GREENDELMF,30-10-14,4.8,4.9,4.8,4.8,657500
GREENDELMF,11-02-14,4.8,4.9,4.8,4.8,208500
GREENDELMF,11-03-14,4.8,4.9,4.7,4.7,574000
GREENDELMF,11-05-14,4.7,4.8,4.7,4.7,52000
GREENDELMF,11-06-14,4.8,4.9,4.7,4.8,373000
GREENDELMF,11-09-14,4.8,4.8,4.7,4.7,130500
GREENDELMF,11-10-14,4.7,4.7,4.7,4.7,93000
GREENDELMF,11-11-14,4.7,4.8,4.6,4.7,126500
GREENDELMF,11-12-14,4.7,4.8,4.6,4.6,265000
GREENDELMF,13-11-14,4.7,4.7,4.7,4.7,53500
GREENDELMF,16-11-14,4.7,4.7,4.6,4.6,97000
GREENDELMF,17-11-14,4.6,4.7,4.6,4.6,54500
GREENDELMF,18-11-14,4.6,4.6,4.5,4.5,194500
GREENDELMF,19-11-14,4.5,4.6,4.5,4.5,93500
GREENDELMF,20-11-14,4.5,4.6,4.5,4.5,20000
GREENDELMF,23-11-14,4.5,4.6,4.5,4.5,95500
GREENDELMF,24-11-14,4.5,4.5,4.4,4.4,222500
GREENDELMF,25-11-14,4.4,4.5,4.4,4.4,158500
GREENDELMF,26-11-14,4.4,4.6,4.4,4.4,210500
GREENDELMF,27-11-14,4.4,4.6,4.4,4.4,161500
GREENDELMF,30-11-14,4.5,4.5,4.4,4.4,15000
GREENDELMF,12-01-14,4.4,4.5,4.4,4.4,9000
GREENDELMF,12-02-14,4.4,4.5,4.4,4.4,78500
GREENDELMF,12-03-14,4.4,4.5,4.4,4.5,177000
GREENDELMF,12-04-14,4.4,4.5,4.4,4.4,69000
GREENDELMF,12-07-14,4.4,4.6,4.4,4.5,164000
GREENDELMF,12-08-14,4.5,4.6,4.5,4.5,23500
GREENDELMF,12-09-14,4.5,4.6,4.5,4.5,17000
GREENDELMF,12-10-14,4.5,4.5,4.5,4.5,64500
GREENDELMF,12-11-14,4.5,4.5,4.5,4.5,8055
GREENDELMF,14-12-14,4.4,4.5,4.4,4.5,45500
GREENDELMF,15-12-14,4.5,4.5,4.3,4.4,78770
GREENDELMF,17-12-14,4.3,4.6,4.3,4.4,141830
GREENDELMF,18-12-14,4.4,4.5,4.4,4.5,45070
GREENDELMF,21-12-14,4.3,4.5,4.3,4.4,26000
GREENDELMF,22-12-14,4.3,4.5,4.3,4.4,25950
GREENDELMF,23-12-14,4.4,4.4,4.3,4.3,32788
GREENDELMF,24-12-14,4.3,4.5,4.3,4.4,60117
GREENDELMF,28-12-14,4.4,4.4,4.2,4.3,212353
GREENDELMF,29-12-14,4.4,4.5,4.3,4.4,237703
GREENDELMF,30-12-14,4.4,4.7,4.3,4.6,194353
ICB3RDNRB,01-01-14,5.2,5.2,5.1,5.1,267000
ICB3RDNRB,01-02-14,5.1,5.2,5.1,5.1,141000
ICB3RDNRB,01-06-14,5.2,5.2,5.1,5.1,26000
ICB3RDNRB,01-07-14,5.2,5.2,5.1,5.2,115500
ICB3RDNRB,01-08-14,5.2,5.3,5.1,5.2,309000
ICB3RDNRB,01-09-14,5.3,5.3,5.2,5.2,63500
ICB3RDNRB,01-12-14,5.3,5.4,5.2,5.3,197500
ICB3RDNRB,13-01-14,5.2,5.3,5.2,5.2,106000
ICB3RDNRB,15-01-14,5.3,5.4,5.2,5.2,270500
ICB3RDNRB,16-01-14,5.3,5.4,5.2,5.3,330000
ICB3RDNRB,19-01-14,5.4,5.5,5.3,5.4,355000
ICB3RDNRB,20-01-14,5.4,5.5,5.4,5.4,480000
ICB3RDNRB,21-01-14,5.4,5.6,5.4,5.4,607000
ICB3RDNRB,22-01-14,5.6,5.7,5.5,5.6,791000
ICB3RDNRB,23-01-14,5.7,6,5.7,5.9,1262000
ICB3RDNRB,26-01-14,6.1,6.4,6,6.3,1719500
ICB3RDNRB,27-01-14,6.2,6.2,6,6,981500
ICB3RDNRB,28-01-14,6,6,5.8,5.9,781500
ICB3RDNRB,29-01-14,5.9,6.1,5.9,6,422000
ICB3RDNRB,30-01-14,6.1,6.3,6,6.1,474000
ICB3RDNRB,02-02-14,6.1,6.1,6,6,199500
ICB3RDNRB,02-03-14,6.1,6.2,6,6,407000
ICB3RDNRB,02-04-14,5.9,6.2,5.4,6.1,588000
ICB3RDNRB,02-05-14,6.1,6.2,6,6,245500
ICB3RDNRB,02-06-14,6,6.2,6,6.1,401500
ICB3RDNRB,02-09-14,6.1,6.2,6,6,274500
ICB3RDNRB,02-10-14,6,6,5.9,5.9,310500
ICB3RDNRB,02-11-14,5.9,6,5.9,5.9,116000
ICB3RDNRB,02-12-14,5.9,6,5.9,5.9,144000
ICB3RDNRB,13-02-14,6,6,5.7,5.7,376000
ICB3RDNRB,16-02-14,5.8,5.9,5.8,5.8,162500
ICB3RDNRB,17-02-14,5.8,5.9,5.8,5.8,93500
ICB3RDNRB,18-02-14,5.8,5.9,5.7,5.7,220000
ICB3RDNRB,19-02-14,5.8,6,5.8,5.8,424500
ICB3RDNRB,20-02-14,6,6,5.8,5.8,322500
ICB3RDNRB,23-02-14,5.8,5.9,5.7,5.7,226000
ICB3RDNRB,24-02-14,5.8,5.9,5.8,5.8,113000
ICB3RDNRB,25-02-14,5.8,5.8,5.6,5.6,688000
ICB3RDNRB,26-02-14,5.6,5.7,5.6,5.6,220000
ICB3RDNRB,27-02-14,5.6,5.7,5.5,5.5,221500
ICB3RDNRB,03-02-14,5.6,5.6,5.4,5.4,192000
ICB3RDNRB,03-03-14,5.5,5.6,5.4,5.5,107500
ICB3RDNRB,03-04-14,5.5,5.6,5.5,5.5,157000
ICB3RDNRB,03-05-14,5.6,5.6,5.5,5.5,228500
ICB3RDNRB,03-06-14,5.6,5.6,5.5,5.5,186500
ICB3RDNRB,03-09-14,5.5,5.6,5.4,5.4,272500
ICB3RDNRB,03-10-14,5.4,5.5,5.4,5.4,216500
ICB3RDNRB,03-11-14,5.4,5.5,5.4,5.4,139000
ICB3RDNRB,03-12-14,5.4,5.4,5.3,5.3,212000
ICB3RDNRB,13-03-14,5.3,5.5,5.3,5.3,282000
ICB3RDNRB,16-03-14,5.3,5.4,5.3,5.3,94000
ICB3RDNRB,18-03-14,5.3,5.3,5.2,5.2,119500
ICB3RDNRB,19-03-14,5.2,5.3,5.2,5.2,227500
ICB3RDNRB,20-03-14,5.2,5.3,5.2,5.2,113500
ICB3RDNRB,23-03-14,5.2,5.4,5.2,5.3,158500
ICB3RDNRB,24-03-14,5.3,5.3,5.2,5.2,164500
ICB3RDNRB,25-03-14,5.3,5.3,5.2,5.2,122000
ICB3RDNRB,27-03-14,5.3,5.4,5.2,5.2,153500
ICB3RDNRB,30-03-14,5.2,5.3,5.2,5.2,211000
ICB3RDNRB,31-03-14,5.2,5.2,5.1,5.1,159000
ICB3RDNRB,04-01-14,5.2,5.2,5.1,5.1,130000
ICB3RDNRB,04-02-14,5.1,5.3,5.1,5.2,66500
ICB3RDNRB,04-03-14,5.2,5.4,5.2,5.3,215000
ICB3RDNRB,04-06-14,5.3,5.4,5.3,5.3,110500
ICB3RDNRB,04-07-14,5.2,5.3,5.1,5.1,347500
ICB3RDNRB,04-08-14,5.2,5.2,5.1,5.1,216000
ICB3RDNRB,04-09-14,5.2,5.2,5.1,5.1,112000
ICB3RDNRB,04-10-14,5.2,5.4,5.1,5.3,240000
ICB3RDNRB,13-04-14,5.3,5.3,5.2,5.2,26500
ICB3RDNRB,15-04-14,5.2,5.3,5.2,5.2,101000
ICB3RDNRB,16-04-14,5.2,5.2,5.1,5.1,224500
ICB3RDNRB,17-04-14,5.2,5.2,5.1,5.1,165500
ICB3RDNRB,20-04-14,5.2,5.2,5.1,5.1,231000
ICB3RDNRB,21-04-14,5.1,5.3,5.1,5.2,557500
ICB3RDNRB,22-04-14,5.3,5.4,5.2,5.3,278500
ICB3RDNRB,23-04-14,5.3,5.5,5.3,5.4,334500
ICB3RDNRB,24-04-14,5.4,5.5,5.4,5.4,332000
ICB3RDNRB,27-04-14,5.4,5.4,5.3,5.3,236000
ICB3RDNRB,28-04-14,5.3,5.4,5.2,5.2,200500
ICB3RDNRB,29-04-14,5.2,5.4,5.2,5.2,463000
ICB3RDNRB,30-04-14,5.3,5.3,5.1,5.1,322500
ICB3RDNRB,05-04-14,5.2,5.2,5.1,5.1,180500
ICB3RDNRB,05-05-14,5.1,5.3,5.1,5.2,192500
ICB3RDNRB,05-06-14,5.3,5.4,5.2,5.2,225000
ICB3RDNRB,05-07-14,5.3,5.3,5.2,5.2,121500
ICB3RDNRB,05-08-14,5.2,5.4,5.2,5.2,221000
ICB3RDNRB,05-11-14,5.2,5.3,5.2,5.2,69000
ICB3RDNRB,05-12-14,5.2,5.3,5.2,5.2,190000
ICB3RDNRB,14-05-14,5.2,5.3,5.2,5.2,133000
ICB3RDNRB,15-05-14,5.2,5.2,5.1,5.1,144500
ICB3RDNRB,18-05-14,5.2,5.2,5.1,5.1,75000
ICB3RDNRB,19-05-14,5.1,5.2,5.1,5.1,46000
ICB3RDNRB,20-05-14,5.2,5.2,5.1,5.1,191500
ICB3RDNRB,21-05-14,5.1,5.2,5.1,5.1,155000
ICB3RDNRB,22-05-14,5.1,5.2,5.1,5.1,80000
ICB3RDNRB,25-05-14,5.1,5.2,5,5,234500
ICB3RDNRB,26-05-14,5,5.1,5,5,73500
ICB3RDNRB,27-05-14,5,5.1,5,5,70500
ICB3RDNRB,28-05-14,5,5.1,5,5,148500
ICB3RDNRB,29-05-14,5.1,5.1,5,5,131000
ICB3RDNRB,06-01-14,5,5.1,4.9,4.9,163500
ICB3RDNRB,06-02-14,5.1,5.1,4.8,4.8,665000
ICB3RDNRB,06-03-14,4.9,5,4.8,4.9,147000
ICB3RDNRB,06-04-14,4.9,5,4.8,4.8,115500
ICB3RDNRB,06-05-14,4.9,5,4.9,4.9,43000
ICB3RDNRB,06-08-14,5,5,4.8,4.9,87500
ICB3RDNRB,06-09-14,5,5,4.9,4.9,176000
ICB3RDNRB,06-10-14,4.9,5,4.8,4.8,184000
ICB3RDNRB,06-11-14,4.9,4.9,4.8,4.8,85500
ICB3RDNRB,06-12-14,5,5.1,4.8,5,361500
ICB3RDNRB,15-06-14,5.1,5.1,4.9,4.9,151000
ICB3RDNRB,16-06-14,4.9,5,4.8,4.8,351000
ICB3RDNRB,17-06-14,4.9,5,4.8,4.8,213000
ICB3RDNRB,18-06-14,4.8,5,4.8,4.8,161500
ICB3RDNRB,19-06-14,4.9,5,4.8,4.9,68500
ICB3RDNRB,22-06-14,4.9,4.9,4.8,4.8,183500
ICB3RDNRB,23-06-14,4.8,4.9,4.8,4.8,254000
ICB3RDNRB,24-06-14,4.8,4.9,4.8,4.8,102500
ICB3RDNRB,25-06-14,4.9,5,4.8,4.9,155500
ICB3RDNRB,26-06-14,4.9,5,4.9,4.9,239000
ICB3RDNRB,29-06-14,4.9,5.1,4.9,5,244500
ICB3RDNRB,30-06-14,5,5.1,4.9,5,192000
ICB3RDNRB,07-02-14,5,5,4.9,4.9,98500
ICB3RDNRB,07-03-14,4.9,5.1,4.9,5,167000
ICB3RDNRB,07-06-14,5,5.1,4.9,4.9,147000
ICB3RDNRB,07-07-14,5,5.1,5,5,97500
ICB3RDNRB,07-08-14,5,5.1,4.9,5,110000
ICB3RDNRB,07-09-14,5,5.1,4.9,5,98500
ICB3RDNRB,07-10-14,5,5,4.9,4.9,131000
ICB3RDNRB,13-07-14,4.9,5,4.9,4.9,160000
ICB3RDNRB,14-07-14,4.9,5,4.9,4.9,95500
ICB3RDNRB,15-07-14,5,5,4.8,4.8,169000
ICB3RDNRB,16-07-14,4.9,5,4.8,4.9,165000
ICB3RDNRB,17-07-14,4.9,5,4.8,4.8,124500
ICB3RDNRB,20-07-14,4.9,4.9,4.8,4.8,816000
ICB3RDNRB,21-07-14,4.8,4.9,4.8,4.8,81500
ICB3RDNRB,22-07-14,4.8,4.9,4.8,4.8,304500
ICB3RDNRB,23-07-14,4.9,4.9,4.8,4.8,248000
ICB3RDNRB,24-07-14,4.8,4.9,4.8,4.8,162500
ICB3RDNRB,08-03-14,4.9,4.9,4.8,4.8,29500
ICB3RDNRB,08-04-14,4.9,4.9,4.8,4.8,86500
ICB3RDNRB,08-05-14,4.9,4.9,4.8,4.8,101000
ICB3RDNRB,08-06-14,4.8,4.9,4.8,4.8,206500
ICB3RDNRB,08-07-14,4.9,4.9,4.8,4.8,356500
ICB3RDNRB,08-10-14,4.9,5.5,4.9,5,502500
ICB3RDNRB,08-11-14,5.1,5.1,4.9,4.9,315000
ICB3RDNRB,08-12-14,5,5.2,5,5.1,893500
ICB3RDNRB,13-08-14,5.2,5.2,5.1,5.1,259000
ICB3RDNRB,14-08-14,5.1,5.2,5,5.1,563000
ICB3RDNRB,18-08-14,5.1,5.2,5,5,332000
ICB3RDNRB,19-08-14,5.1,5.2,5,5.1,517500
ICB3RDNRB,21-08-14,4.7,4.7,4.6,4.6,520500
ICB3RDNRB,24-08-14,4.5,4.6,4.4,4.4,251000
ICB3RDNRB,25-08-14,4.5,4.6,4.5,4.5,272500
ICB3RDNRB,26-08-14,4.5,4.6,4.4,4.5,439500
ICB3RDNRB,27-08-14,4.5,4.6,4.4,4.4,267500
ICB3RDNRB,28-08-14,4.5,4.6,4.4,4.5,218000
ICB3RDNRB,31-08-14,4.6,4.6,4.4,4.5,223500
ICB3RDNRB,09-01-14,4.5,4.5,4.4,4.4,185000
ICB3RDNRB,09-02-14,4.5,4.6,4.4,4.5,200500
ICB3RDNRB,09-03-14,4.5,4.6,4.4,4.5,165500
ICB3RDNRB,09-04-14,4.5,4.6,4.4,4.4,230500
ICB3RDNRB,09-07-14,4.6,4.6,4.5,4.5,407000
ICB3RDNRB,09-08-14,4.5,4.6,4.5,4.5,190000
ICB3RDNRB,09-09-14,4.5,4.6,4.5,4.5,160500
ICB3RDNRB,09-10-14,4.5,4.5,4.4,4.4,233000
ICB3RDNRB,09-11-14,4.4,4.5,4.4,4.4,274000
ICB3RDNRB,14-09-14,4.5,4.6,4.4,4.5,390500
ICB3RDNRB,15-09-14,4.5,4.6,4.4,4.4,361000
ICB3RDNRB,16-09-14,4.5,4.5,4.4,4.4,561000
ICB3RDNRB,17-09-14,4.4,4.5,4.4,4.4,281500
ICB3RDNRB,18-09-14,4.4,4.5,4.4,4.4,285500
ICB3RDNRB,21-09-14,4.4,4.5,4.4,4.4,416500
ICB3RDNRB,22-09-14,4.4,4.6,4.4,4.4,190000
ICB3RDNRB,23-09-14,4.5,4.6,4.4,4.5,238500
ICB3RDNRB,24-09-14,4.6,4.6,4.5,4.5,403500
ICB3RDNRB,25-09-14,4.5,4.7,4.5,4.5,653000
ICB3RDNRB,28-09-14,4.5,4.7,4.5,4.5,255000
ICB3RDNRB,29-09-14,4.5,4.6,4.5,4.5,162000
ICB3RDNRB,30-09-14,4.5,4.6,4.5,4.5,118000
ICB3RDNRB,10-01-14,4.5,4.7,4.5,4.5,339000
ICB3RDNRB,10-02-14,4.6,4.7,4.5,4.6,396500
ICB3RDNRB,10-12-14,4.7,5,4.6,5,1843500
ICB3RDNRB,13-10-14,5.2,5.4,5,5.2,966000
ICB3RDNRB,14-10-14,5.2,5.2,4.9,5,597000
ICB3RDNRB,15-10-14,5,5.3,5,5.2,834500
ICB3RDNRB,16-10-14,5.2,5.2,5,5.1,392000
ICB3RDNRB,19-10-14,5.1,5.2,5,5,306500
ICB3RDNRB,20-10-14,5,5.1,4.9,5,571500
ICB3RDNRB,21-10-14,5,5.1,5,5,455500
ICB3RDNRB,22-10-14,5,5,4.9,4.9,120500
ICB3RDNRB,23-10-14,4.9,5,4.8,4.8,189000
ICB3RDNRB,26-10-14,4.9,4.9,4.8,4.8,77000
ICB3RDNRB,27-10-14,4.8,4.9,4.7,4.8,240500
ICB3RDNRB,28-10-14,4.8,4.9,4.8,4.8,34500
ICB3RDNRB,29-10-14,4.8,4.8,4.7,4.7,161000
ICB3RDNRB,30-10-14,4.8,4.9,4.8,4.8,37500
ICB3RDNRB,11-02-14,4.9,5,4.8,4.8,89000
ICB3RDNRB,11-03-14,4.8,4.9,4.7,4.7,193500
ICB3RDNRB,11-05-14,4.8,4.8,4.6,4.6,261500
ICB3RDNRB,11-06-14,4.7,4.8,4.7,4.7,194000
ICB3RDNRB,11-09-14,4.8,4.8,4.7,4.7,100500
ICB3RDNRB,11-10-14,4.7,4.8,4.7,4.7,46000
ICB3RDNRB,11-11-14,4.8,4.8,4.6,4.6,105000
ICB3RDNRB,11-12-14,4.7,4.7,4.6,4.6,155000
ICB3RDNRB,13-11-14,4.6,4.7,4.6,4.6,129000
ICB3RDNRB,16-11-14,4.6,4.7,4.5,4.5,94500
ICB3RDNRB,17-11-14,4.6,4.7,4.5,4.6,100500
ICB3RDNRB,18-11-14,4.6,4.6,4.5,4.5,107500
ICB3RDNRB,19-11-14,4.5,4.6,4.5,4.5,208000
ICB3RDNRB,20-11-14,4.6,4.6,4.5,4.5,47000
ICB3RDNRB,23-11-14,4.6,4.6,4.5,4.5,169000
ICB3RDNRB,24-11-14,4.5,4.6,4.5,4.5,200000
ICB3RDNRB,25-11-14,4.5,4.6,4.5,4.5,61000
ICB3RDNRB,26-11-14,4.5,4.5,4.4,4.4,321000
ICB3RDNRB,27-11-14,4.4,4.5,4.4,4.4,24000
ICB3RDNRB,30-11-14,4.4,4.5,4.4,4.4,48000
ICB3RDNRB,12-01-14,4.4,4.5,4.4,4.4,121500
ICB3RDNRB,12-02-14,4.5,4.6,4.4,4.5,111500
ICB3RDNRB,12-03-14,4.5,4.5,4.4,4.4,1047000
ICB3RDNRB,12-04-14,4.4,4.4,4.3,4.3,850000
ICB3RDNRB,12-07-14,4.4,4.5,4.4,4.4,168500
ICB3RDNRB,12-08-14,4.4,4.5,4.4,4.4,141000
ICB3RDNRB,12-09-14,4.5,4.5,4.3,4.3,153000
ICB3RDNRB,12-10-14,4.4,4.5,4.3,4.4,111500
ICB3RDNRB,12-11-14,4.4,4.4,4.3,4.4,16310
ICB3RDNRB,14-12-14,4.3,4.5,4.3,4.4,43602
ICB3RDNRB,15-12-14,4.4,4.5,4.3,4.3,26326
ICB3RDNRB,17-12-14,4.3,4.4,4.3,4.4,247174
ICB3RDNRB,18-12-14,4.3,4.4,4.3,4.4,134439
ICB3RDNRB,21-12-14,4.3,4.4,4.3,4.4,113296
ICB3RDNRB,22-12-14,4.4,4.4,4.3,4.3,51700
ICB3RDNRB,23-12-14,4.3,4.4,4.3,4.3,84470
ICB3RDNRB,24-12-14,4.3,4.4,4.3,4.3,37885
ICB3RDNRB,28-12-14,4.3,4.4,4.3,4.3,19800
ICB3RDNRB,29-12-14,4.3,4.4,4.3,4.3,105803
ICB3RDNRB,30-12-14,4.3,4.4,4.3,4.3,43968
ICBEPMF1S1,01-01-14,5.8,6,5.8,5.9,81500
ICBEPMF1S1,01-02-14,5.8,5.8,5.8,5.8,4500
ICBEPMF1S1,01-06-14,5.8,5.9,5.8,5.8,20000
ICBEPMF1S1,01-07-14,5.9,5.9,5.8,5.8,29000
ICBEPMF1S1,01-08-14,5.9,5.9,5.8,5.8,60000
ICBEPMF1S1,01-09-14,5.9,6,5.8,5.8,56000
ICBEPMF1S1,01-12-14,5.8,6,5.8,5.8,38000
ICBEPMF1S1,13-01-14,5.9,5.9,5.8,5.8,34500
ICBEPMF1S1,15-01-14,5.9,6,5.9,5.9,73500
ICBEPMF1S1,16-01-14,5.9,6,5.9,5.9,71500
ICBEPMF1S1,19-01-14,5.9,6.2,5.8,6,444500
ICBEPMF1S1,20-01-14,6.1,6.1,5.9,5.9,175500
ICBEPMF1S1,21-01-14,6,6.2,6,6,176500
ICBEPMF1S1,22-01-14,6.2,6.6,6.1,6.4,425000
ICBEPMF1S1,23-01-14,6.4,7,6.4,6.9,1058000
ICBEPMF1S1,26-01-14,7.2,7.4,7,7,524500
ICBEPMF1S1,27-01-14,7,7,6.7,6.7,358500
ICBEPMF1S1,28-01-14,6.8,6.8,6.5,6.6,227500
ICBEPMF1S1,29-01-14,6.7,6.9,6.6,6.8,180000
ICBEPMF1S1,30-01-14,6.9,7.2,6.9,7,715500
ICBEPMF1S1,02-02-14,7,7,6.7,6.7,232500
ICBEPMF1S1,02-03-14,6.9,6.9,6.8,6.8,163000
ICBEPMF1S1,02-04-14,7,7.2,6.8,6.8,486000
ICBEPMF1S1,02-05-14,7,7.1,6.8,6.8,146000
ICBEPMF1S1,02-06-14,6.9,7,6.6,6.6,294500
ICBEPMF1S1,02-09-14,6.6,7,6.6,6.7,255000
ICBEPMF1S1,02-10-14,6.7,6.8,6.6,6.6,277000
ICBEPMF1S1,02-11-14,6.6,6.7,6.5,6.6,107000
ICBEPMF1S1,02-12-14,6.6,6.7,6.5,6.5,170000
ICBEPMF1S1,13-02-14,6.6,6.7,6.5,6.5,85500
ICBEPMF1S1,16-02-14,6.5,6.6,6.5,6.5,46000
ICBEPMF1S1,17-02-14,6.5,6.6,6.5,6.5,82500
ICBEPMF1S1,18-02-14,6.5,6.6,6.3,6.3,90000
ICBEPMF1S1,19-02-14,6.5,6.7,6.5,6.6,171000
ICBEPMF1S1,20-02-14,6.5,6.7,6.5,6.6,49000
ICBEPMF1S1,23-02-14,6.6,6.7,6.5,6.5,29500
ICBEPMF1S1,24-02-14,6.6,6.6,6.5,6.5,86000
ICBEPMF1S1,25-02-14,6.6,6.6,6.5,6.5,98500
ICBEPMF1S1,26-02-14,6.6,6.6,6.4,6.4,87000
ICBEPMF1S1,27-02-14,6.4,6.5,6.4,6.4,138000
ICBEPMF1S1,03-02-14,6.4,6.5,6.3,6.3,96500
ICBEPMF1S1,03-03-14,6.4,6.4,6.3,6.3,56000
ICBEPMF1S1,03-04-14,6.3,6.5,6.3,6.3,92500
ICBEPMF1S1,03-05-14,6.3,6.4,6.3,6.3,57000
ICBEPMF1S1,03-06-14,6.3,6.3,6,6.1,389000
ICBEPMF1S1,03-09-14,6,6.2,6,6,50500
ICBEPMF1S1,03-10-14,6,6.2,6,6,88000
ICBEPMF1S1,03-11-14,6.2,6.2,5.9,6,95500
ICBEPMF1S1,03-12-14,6,6,5.8,5.8,273500
ICBEPMF1S1,13-03-14,5.9,6,5.8,5.9,135000
ICBEPMF1S1,16-03-14,6,6,5.8,5.8,66500
ICBEPMF1S1,18-03-14,5.8,5.8,5.7,5.7,76000
ICBEPMF1S1,19-03-14,5.7,5.9,5.6,5.8,173500
ICBEPMF1S1,20-03-14,5.9,5.9,5.7,5.7,93000
ICBEPMF1S1,23-03-14,5.8,5.8,5.7,5.7,195500
ICBEPMF1S1,24-03-14,5.8,5.8,5.7,5.7,121000
ICBEPMF1S1,25-03-14,5.7,5.8,5.7,5.7,76500
ICBEPMF1S1,27-03-14,5.7,5.8,5.7,5.7,58000
ICBEPMF1S1,30-03-14,5.6,5.7,5.6,5.6,225000
ICBEPMF1S1,31-03-14,5.6,5.8,5.6,5.7,28500
ICBEPMF1S1,04-01-14,5.7,5.9,5.7,5.7,48500
ICBEPMF1S1,04-02-14,5.7,6,5.7,5.8,98500
ICBEPMF1S1,04-03-14,5.8,5.8,5.7,5.7,47000
ICBEPMF1S1,04-06-14,5.9,5.9,5.7,5.7,82500
ICBEPMF1S1,04-07-14,5.7,5.8,5.7,5.7,67000
ICBEPMF1S1,04-08-14,5.8,5.9,5.6,5.6,103500
ICBEPMF1S1,04-09-14,5.7,5.7,5.6,5.6,33000
ICBEPMF1S1,04-10-14,5.7,5.8,5.7,5.7,43000
ICBEPMF1S1,13-04-14,5.7,5.7,5.7,5.7,17500
ICBEPMF1S1,15-04-14,5.6,5.8,5.6,5.7,67500
ICBEPMF1S1,16-04-14,5.7,5.7,5.4,5.4,218500
ICBEPMF1S1,17-04-14,5.5,5.6,5.4,5.5,93500
ICBEPMF1S1,20-04-14,5.5,5.6,5.5,5.5,190500
ICBEPMF1S1,21-04-14,5.6,5.8,5.5,5.7,168500
ICBEPMF1S1,22-04-14,5.8,5.8,5.7,5.7,227500
ICBEPMF1S1,23-04-14,5.8,6.1,5.8,5.8,208500
ICBEPMF1S1,24-04-14,5.9,6.1,5.9,5.9,80500
ICBEPMF1S1,27-04-14,6,6,5.9,5.9,100500
ICBEPMF1S1,28-04-14,6,6,5.8,5.8,156500
ICBEPMF1S1,29-04-14,5.8,5.9,5.8,5.8,188500
ICBEPMF1S1,30-04-14,5.8,5.9,5.7,5.8,43000
ICBEPMF1S1,05-04-14,5.8,5.8,5.7,5.7,31000
ICBEPMF1S1,05-05-14,5.7,5.7,5.6,5.6,70500
ICBEPMF1S1,05-06-14,5.8,5.8,5.5,5.6,89500
ICBEPMF1S1,05-07-14,5.9,5.9,5.6,5.6,83500
ICBEPMF1S1,05-08-14,6,6,5.6,5.6,435500
ICBEPMF1S1,05-11-14,5.8,5.8,5.7,5.7,43500
ICBEPMF1S1,05-12-14,5.7,5.8,5.7,5.7,74000
ICBEPMF1S1,14-05-14,5.7,5.7,5.6,5.6,113000
ICBEPMF1S1,15-05-14,5.7,5.7,5.5,5.5,121000
ICBEPMF1S1,18-05-14,5.6,5.6,5.5,5.5,19000
ICBEPMF1S1,19-05-14,5.5,5.6,5.5,5.5,26000
ICBEPMF1S1,20-05-14,5.7,5.7,5.5,5.5,65000
ICBEPMF1S1,21-05-14,5.6,5.7,5.5,5.5,45500
ICBEPMF1S1,22-05-14,5.5,5.6,5.5,5.5,179000
ICBEPMF1S1,25-05-14,5.5,5.6,5.5,5.5,50000
ICBEPMF1S1,26-05-14,5.5,5.5,5.4,5.4,31000
ICBEPMF1S1,27-05-14,5.5,5.6,5.4,5.5,74500
ICBEPMF1S1,28-05-14,5.5,5.6,5.4,5.4,145500
ICBEPMF1S1,29-05-14,5.6,5.6,5.5,5.5,55000
ICBEPMF1S1,06-01-14,5.5,5.5,5.4,5.4,85500
ICBEPMF1S1,06-02-14,5.4,5.5,5.4,5.4,22000
ICBEPMF1S1,06-03-14,5.4,5.6,5.4,5.5,104500
ICBEPMF1S1,06-04-14,5.4,5.5,5.4,5.4,42000
ICBEPMF1S1,06-05-14,5.4,5.5,5.4,5.4,42000
ICBEPMF1S1,06-08-14,5.4,5.5,5.4,5.4,18000
ICBEPMF1S1,06-09-14,5.5,5.5,5.4,5.5,74000
ICBEPMF1S1,06-10-14,5.5,5.5,5.4,5.4,29000
ICBEPMF1S1,06-11-14,5.5,5.6,5.4,5.4,54000
ICBEPMF1S1,06-12-14,5.5,5.7,5.5,5.5,63500
ICBEPMF1S1,15-06-14,5.6,5.7,5.5,5.5,82500
ICBEPMF1S1,16-06-14,5.5,5.6,5.4,5.4,18500
ICBEPMF1S1,17-06-14,5.5,5.5,5.4,5.4,40000
ICBEPMF1S1,18-06-14,5.4,5.5,5.4,5.4,105000
ICBEPMF1S1,19-06-14,5.4,5.5,5.4,5.4,15500
ICBEPMF1S1,22-06-14,5.4,5.5,5.4,5.4,13500
ICBEPMF1S1,23-06-14,5.4,5.6,5.4,5.4,110500
ICBEPMF1S1,24-06-14,5.4,5.6,5.4,5.5,62500
ICBEPMF1S1,25-06-14,5.4,5.6,5.4,5.5,139500
ICBEPMF1S1,26-06-14,5.4,5.6,5.4,5.5,51500
ICBEPMF1S1,29-06-14,5.5,5.6,5.5,5.5,115500
ICBEPMF1S1,30-06-14,5.6,5.7,5.6,5.6,121500
ICBEPMF1S1,07-02-14,5.6,5.7,5.6,5.6,81000
ICBEPMF1S1,07-03-14,5.6,5.6,5.5,5.5,38000
ICBEPMF1S1,07-06-14,5.6,5.6,5.5,5.5,101500
ICBEPMF1S1,07-07-14,5.5,5.6,5.5,5.5,22500
ICBEPMF1S1,07-08-14,5.5,5.6,5.4,5.4,110500
ICBEPMF1S1,07-09-14,5.5,5.6,5.4,5.4,65000
ICBEPMF1S1,07-10-14,5.5,5.6,5.4,5.4,95500
ICBEPMF1S1,13-07-14,5.5,5.5,5.4,5.4,154500
ICBEPMF1S1,14-07-14,5.4,5.5,5.4,5.4,54500
ICBEPMF1S1,15-07-14,5.4,5.5,5.4,5.4,54500
ICBEPMF1S1,16-07-14,5.4,5.5,5.4,5.4,97500
ICBEPMF1S1,17-07-14,5.4,5.5,5.4,5.4,65500
ICBEPMF1S1,20-07-14,5.4,5.5,5.4,5.4,18000
ICBEPMF1S1,21-07-14,5.4,5.5,5.4,5.4,34500
ICBEPMF1S1,22-07-14,5.5,5.6,5.4,5.4,84500
ICBEPMF1S1,23-07-14,5.4,5.6,5.3,5.4,94500
ICBEPMF1S1,24-07-14,5.4,5.5,5.4,5.4,63000
ICBEPMF1S1,08-03-14,5.4,5.5,5.4,5.4,17500
ICBEPMF1S1,08-04-14,5.4,5.5,5.4,5.4,32000
ICBEPMF1S1,08-05-14,5.4,5.5,5.4,5.4,168500
ICBEPMF1S1,08-06-14,5.4,5.5,5.3,5.3,175500
ICBEPMF1S1,08-07-14,5.5,5.6,5.5,5.5,68500
ICBEPMF1S1,08-10-14,5.7,5.7,5.4,5.4,213500
ICBEPMF1S1,08-11-14,5.6,5.6,5.4,5.4,76000
ICBEPMF1S1,08-12-14,5.5,5.7,5.5,5.6,124000
ICBEPMF1S1,13-08-14,5.5,5.6,5.4,5.4,83000
ICBEPMF1S1,14-08-14,5.5,5.5,5.4,5.4,107000
ICBEPMF1S1,18-08-14,5.4,5.5,5.2,5.2,179500
ICBEPMF1S1,19-08-14,5.3,5.4,5.2,5.3,250000
ICBEPMF1S1,21-08-14,5,5,4.8,4.8,294500
ICBEPMF1S1,24-08-14,4.8,4.8,4.4,4.4,194500
ICBEPMF1S1,25-08-14,4.5,4.8,4.5,4.6,104000
ICBEPMF1S1,26-08-14,4.6,4.8,4.6,4.7,69500
ICBEPMF1S1,27-08-14,4.7,4.8,4.6,4.6,146000
ICBEPMF1S1,28-08-14,4.6,4.7,4.5,4.5,151500
ICBEPMF1S1,31-08-14,4.5,4.6,4.5,4.5,108000
ICBEPMF1S1,09-01-14,4.5,4.6,4.5,4.5,97000
ICBEPMF1S1,09-02-14,4.5,4.8,4.5,4.6,115000
ICBEPMF1S1,09-03-14,4.8,4.8,4.6,4.6,42500
ICBEPMF1S1,09-04-14,4.8,4.8,4.6,4.6,78000
ICBEPMF1S1,09-07-14,4.6,4.8,4.6,4.6,62500
ICBEPMF1S1,09-08-14,4.8,4.8,4.6,4.6,107500
ICBEPMF1S1,09-09-14,4.6,4.7,4.6,4.6,50500
ICBEPMF1S1,09-10-14,4.7,4.8,4.6,4.6,74500
ICBEPMF1S1,09-11-14,4.6,4.6,4.6,4.6,84000
ICBEPMF1S1,14-09-14,4.5,4.7,4.5,4.5,65000
ICBEPMF1S1,15-09-14,4.6,4.7,4.5,4.5,164500
ICBEPMF1S1,16-09-14,4.5,4.6,4.4,4.4,279500
ICBEPMF1S1,17-09-14,4.5,4.6,4.4,4.4,107500
ICBEPMF1S1,18-09-14,4.4,4.6,4.3,4.5,511000
ICBEPMF1S1,21-09-14,4.5,4.7,4.5,4.5,150500
ICBEPMF1S1,22-09-14,4.6,4.6,4.5,4.5,82000
ICBEPMF1S1,23-09-14,4.5,4.7,4.5,4.6,195500
ICBEPMF1S1,24-09-14,4.7,4.9,4.7,4.8,280000
ICBEPMF1S1,25-09-14,4.8,5,4.7,4.9,113500
ICBEPMF1S1,28-09-14,4.9,4.9,4.7,4.7,199000
ICBEPMF1S1,29-09-14,4.7,4.8,4.6,4.6,149000
ICBEPMF1S1,30-09-14,4.6,4.8,4.6,4.7,48500
ICBEPMF1S1,10-01-14,4.8,4.8,4.6,4.7,80000
ICBEPMF1S1,10-02-14,4.8,5,4.6,4.9,295500
ICBEPMF1S1,10-12-14,4.9,5.3,4.9,5.2,542500
ICBEPMF1S1,13-10-14,5.4,5.7,5.3,5.3,331000
ICBEPMF1S1,14-10-14,5.2,5.3,5.2,5.2,182000
ICBEPMF1S1,15-10-14,5.1,5.5,5.1,5.4,164000
ICBEPMF1S1,16-10-14,5.5,5.6,5.2,5.3,148000
ICBEPMF1S1,19-10-14,5.2,5.3,5,5.1,162500
ICBEPMF1S1,20-10-14,5,5.1,4.9,5,124500
ICBEPMF1S1,21-10-14,5.2,5.2,5,5,51500
ICBEPMF1S1,22-10-14,5,5.2,5,5,112000
ICBEPMF1S1,23-10-14,5,5.1,4.9,4.9,81000
ICBEPMF1S1,26-10-14,4.9,5.1,4.9,4.9,71000
ICBEPMF1S1,27-10-14,4.8,5,4.8,4.9,39000
ICBEPMF1S1,28-10-14,4.9,5,4.9,4.9,85000
ICBEPMF1S1,29-10-14,5,5,4.9,4.9,96500
ICBEPMF1S1,30-10-14,4.9,5,4.9,4.9,43000
ICBEPMF1S1,11-02-14,4.9,4.9,4.8,4.8,73000
ICBEPMF1S1,11-03-14,4.8,4.9,4.7,4.7,205000
ICBEPMF1S1,11-05-14,4.8,4.8,4.7,4.7,116500
ICBEPMF1S1,11-06-14,4.7,4.8,4.7,4.7,54000
ICBEPMF1S1,11-09-14,4.7,4.8,4.6,4.7,64500
ICBEPMF1S1,11-10-14,4.7,4.8,4.6,4.6,39000
ICBEPMF1S1,11-11-14,4.6,4.7,4.6,4.6,67500
ICBEPMF1S1,11-12-14,4.6,4.8,4.6,4.6,30500
ICBEPMF1S1,13-11-14,4.7,4.9,4.7,4.7,200500
ICBEPMF1S1,16-11-14,4.8,4.8,4.7,4.7,58500
ICBEPMF1S1,17-11-14,4.7,4.7,4.6,4.6,149000
ICBEPMF1S1,18-11-14,4.6,4.8,4.6,4.7,161000
ICBEPMF1S1,19-11-14,4.6,4.8,4.6,4.6,164500
ICBEPMF1S1,20-11-14,4.7,4.7,4.6,4.6,105000
ICBEPMF1S1,23-11-14,4.6,4.8,4.6,4.7,116000
ICBEPMF1S1,24-11-14,4.6,4.7,4.5,4.5,60500
ICBEPMF1S1,25-11-14,4.6,4.6,4.5,4.5,39000
ICBEPMF1S1,26-11-14,4.6,4.7,4.6,4.6,64500
ICBEPMF1S1,27-11-14,4.5,4.7,4.5,4.5,46500
ICBEPMF1S1,30-11-14,4.6,4.6,4.5,4.5,20000
ICBEPMF1S1,12-01-14,4.6,4.7,4.6,4.6,46500
ICBEPMF1S1,12-02-14,4.6,4.6,4.6,4.6,5500
ICBEPMF1S1,12-03-14,4.6,4.7,4.5,4.5,19000
ICBEPMF1S1,12-04-14,4.6,4.7,4.5,4.5,15500
ICBEPMF1S1,12-07-14,4.6,4.7,4.6,4.6,108500
ICBEPMF1S1,12-08-14,4.7,4.7,4.5,4.5,152500
ICBEPMF1S1,12-09-14,4.5,4.7,4.5,4.6,11500
ICBEPMF1S1,12-10-14,4.6,4.6,4.5,4.5,194000
ICBEPMF1S1,12-11-14,4.5,4.6,4.5,4.5,125200
ICBEPMF1S1,14-12-14,4.6,4.6,4.5,4.5,29500
ICBEPMF1S1,15-12-14,4.5,4.6,4.5,4.6,9350
ICBEPMF1S1,17-12-14,4.5,4.6,4.4,4.6,50500
ICBEPMF1S1,18-12-14,4.2,4.6,4.2,4.6,18101
ICBEPMF1S1,21-12-14,4.5,4.6,4.4,4.5,65328
ICBEPMF1S1,22-12-14,4.5,4.6,4.4,4.5,31993
ICBEPMF1S1,23-12-14,4.5,4.6,4.5,4.5,60552
ICBEPMF1S1,24-12-14,4.4,4.6,4.4,4.5,44426
ICBEPMF1S1,28-12-14,4.4,4.5,4.4,4.5,27462
ICBEPMF1S1,29-12-14,4.4,4.5,4.4,4.5,47325
ICBEPMF1S1,30-12-14,4.5,4.6,4.4,4.5,115093
IFILISLMF1,01-01-14,5.6,5.8,5.6,5.6,147500
IFILISLMF1,01-02-14,5.7,5.8,5.6,5.7,375500
IFILISLMF1,01-06-14,5.7,5.7,5.6,5.6,92000
IFILISLMF1,01-07-14,5.6,5.7,5.6,5.6,248000
IFILISLMF1,01-08-14,5.6,5.8,5.6,5.7,129500
IFILISLMF1,01-09-14,5.6,5.8,5.6,5.7,120500
IFILISLMF1,01-12-14,5.7,5.9,5.7,5.8,226500
IFILISLMF1,13-01-14,5.7,5.9,5.7,5.8,90500
IFILISLMF1,15-01-14,5.8,6.3,5.8,6.1,666500
IFILISLMF1,16-01-14,6.1,6.3,5.9,6.1,335500
IFILISLMF1,19-01-14,6.3,6.4,6.2,6.3,954500
IFILISLMF1,20-01-14,6.3,6.5,6.3,6.4,1154000
IFILISLMF1,21-01-14,6.5,7,6.5,6.8,2214500
IFILISLMF1,22-01-14,6.9,7.3,6.9,7.1,1116500
IFILISLMF1,23-01-14,7.1,7.6,7,7.4,2176500
IFILISLMF1,26-01-14,7.7,7.7,7,7,1803000
IFILISLMF1,27-01-14,7,7.2,7,7.1,893000
IFILISLMF1,28-01-14,7,7.1,6.7,6.8,868500
IFILISLMF1,29-01-14,6.8,7.2,6.8,7.1,463000
IFILISLMF1,30-01-14,7.2,7.4,7,7.2,1243500
IFILISLMF1,02-02-14,7.1,7.2,6.9,7,670000
IFILISLMF1,02-03-14,6.8,7.1,6.8,7,659000
IFILISLMF1,02-04-14,7.1,7.2,6.9,6.9,1254000
IFILISLMF1,02-05-14,6.9,7.1,6.9,6.9,488500
IFILISLMF1,02-06-14,7,7,6.9,6.9,884000
IFILISLMF1,02-09-14,7,7.1,6.9,6.9,593500
IFILISLMF1,02-10-14,7,7,6.9,6.9,330500
IFILISLMF1,02-11-14,6.8,7,6.8,6.9,483500
IFILISLMF1,02-12-14,7,7,6.9,6.9,457000
IFILISLMF1,13-02-14,6.8,7,6.8,6.9,248000
IFILISLMF1,16-02-14,6.9,7,6.8,6.8,390500
IFILISLMF1,17-02-14,6.9,6.9,6.8,6.8,216000
IFILISLMF1,18-02-14,6.8,6.9,6.7,6.7,592000
IFILISLMF1,19-02-14,6.8,7,6.8,6.9,550000
IFILISLMF1,20-02-14,7,7,6.8,6.8,418000
IFILISLMF1,23-02-14,6.9,6.9,6.8,6.8,453500
IFILISLMF1,24-02-14,6.9,6.9,6.8,6.8,294000
IFILISLMF1,25-02-14,6.8,6.9,6.8,6.8,415500
IFILISLMF1,26-02-14,6.8,6.9,6.8,6.8,365500
IFILISLMF1,27-02-14,6.8,7,6.8,6.9,570500
IFILISLMF1,03-02-14,6.9,6.9,6.8,6.9,337500
IFILISLMF1,03-03-14,6.8,7,6.8,6.9,269500
IFILISLMF1,03-04-14,6.8,7,6.8,6.9,181500
IFILISLMF1,03-05-14,6.9,6.9,6.8,6.8,569000
IFILISLMF1,03-06-14,6.9,7,6.8,6.8,400000
IFILISLMF1,03-09-14,6.9,6.9,6.7,6.7,552000
IFILISLMF1,03-10-14,6.8,7,6.8,6.9,709000
IFILISLMF1,03-11-14,6.9,6.9,6.8,6.8,254000
IFILISLMF1,03-12-14,6.8,6.9,6.8,6.8,460500
IFILISLMF1,13-03-14,6.8,6.9,6.8,6.8,349500
IFILISLMF1,16-03-14,6.8,6.9,6.8,6.8,225500
IFILISLMF1,18-03-14,6.8,6.8,6.7,6.7,169000
IFILISLMF1,19-03-14,6.7,6.8,6.7,6.7,68500
IFILISLMF1,20-03-14,6.6,6.8,6.6,6.7,126000
IFILISLMF1,23-03-14,6.7,6.8,6.6,6.7,51500
IFILISLMF1,24-03-14,6.6,6.8,6.6,6.6,185500
IFILISLMF1,25-03-14,6.6,6.7,6.6,6.6,65500
IFILISLMF1,27-03-14,6.6,6.8,6.6,6.7,275500
IFILISLMF1,30-03-14,6.8,6.8,6.6,6.6,104000
IFILISLMF1,31-03-14,6.6,6.8,6.6,6.7,53000
IFILISLMF1,04-01-14,6.7,6.8,6.7,6.7,123000
IFILISLMF1,04-02-14,6.8,6.8,6.7,6.7,88000
IFILISLMF1,04-03-14,6.7,6.9,6.7,6.8,159500
IFILISLMF1,04-06-14,6.8,6.9,6.8,6.8,111000
IFILISLMF1,04-07-14,6.7,6.9,6.7,6.7,163000
IFILISLMF1,04-08-14,6.8,6.9,6.7,6.8,258500
IFILISLMF1,04-09-14,6.8,7,6.8,6.9,184000
IFILISLMF1,04-10-14,6.9,6.9,6.9,6.9,40000
IFILISLMF1,13-04-14,6.9,7.1,6.9,7,157000
IFILISLMF1,15-04-14,7.1,7.1,7,7,243500
IFILISLMF1,16-04-14,7,7.1,6.9,6.9,277000
IFILISLMF1,17-04-14,6.9,7.1,6.9,7,248500
IFILISLMF1,20-04-14,6.9,7.1,6.9,7,150500
IFILISLMF1,21-04-14,7,7.1,6.9,7,346500
IFILISLMF1,22-04-14,7.1,7.2,7.1,7.1,294000
IFILISLMF1,23-04-14,7.1,7.3,7,7.2,326000
IFILISLMF1,24-04-14,7.2,7.3,7.2,7.2,185500
IFILISLMF1,27-04-14,7.2,7.3,6.8,6.9,1009000
IFILISLMF1,28-04-14,6.9,7.4,6.9,7.2,429000
IFILISLMF1,29-04-14,7.1,7.4,7,7,499500
IFILISLMF1,30-04-14,7,7.2,7,7,251500
IFILISLMF1,05-04-14,6.9,7.1,6.9,6.9,397000
IFILISLMF1,05-05-14,7,7,6.9,6.9,319000
IFILISLMF1,05-06-14,6.9,7.1,6.9,7.1,139000
IFILISLMF1,05-07-14,7.1,7.3,7,7.1,431500
IFILISLMF1,05-08-14,7.2,7.2,7,7.1,284000
IFILISLMF1,05-11-14,7.1,7.2,7,7,72500
IFILISLMF1,05-12-14,7,7.2,7,7.1,390500
IFILISLMF1,14-05-14,7,7.2,7,7.1,109000
IFILISLMF1,15-05-14,7,7.1,6.9,6.9,259000
IFILISLMF1,18-05-14,7,7,6.9,6.9,177500
IFILISLMF1,19-05-14,6.9,6.9,6.8,6.8,77500
IFILISLMF1,20-05-14,6.8,6.8,6.7,6.7,417000
IFILISLMF1,21-05-14,6.8,6.9,6.8,6.8,78000
IFILISLMF1,22-05-14,6.8,6.9,6.8,6.8,396500
IFILISLMF1,25-05-14,6.8,6.8,6.8,6.8,60000
IFILISLMF1,26-05-14,6.8,6.9,6.7,6.7,1073500
IFILISLMF1,27-05-14,6.7,6.8,6.6,6.6,276500
IFILISLMF1,28-05-14,6.8,6.8,6.7,6.7,220000
IFILISLMF1,29-05-14,6.8,6.9,6.7,6.8,127500
IFILISLMF1,06-01-14,6.8,6.9,6.7,6.7,93000
IFILISLMF1,06-02-14,6.7,6.8,6.7,6.7,208500
IFILISLMF1,06-03-14,6.7,6.8,6.6,6.6,608000
IFILISLMF1,06-04-14,6.5,6.6,6.5,6.5,148000
IFILISLMF1,06-05-14,6.6,6.7,6.5,6.6,53500
IFILISLMF1,06-08-14,6.5,6.5,6.4,6.4,283000
IFILISLMF1,06-09-14,6.4,6.5,6.4,6.4,251500
IFILISLMF1,06-10-14,6.5,6.6,6.4,6.5,76000
IFILISLMF1,06-11-14,6.6,6.7,6.5,6.6,56500
IFILISLMF1,06-12-14,6.6,6.9,6.6,6.8,266000
IFILISLMF1,15-06-14,6.7,6.7,6.7,6.7,41000
IFILISLMF1,16-06-14,6.7,6.7,6.6,6.6,36000
IFILISLMF1,17-06-14,6.6,6.7,6.5,6.5,82000
IFILISLMF1,18-06-14,6.6,6.6,6.5,6.5,133000
IFILISLMF1,19-06-14,6.6,6.7,6.5,6.6,141500
IFILISLMF1,22-06-14,6.6,6.7,6.6,6.6,56500
IFILISLMF1,23-06-14,6.6,6.7,6.6,6.6,363500
IFILISLMF1,24-06-14,6.6,6.7,6.6,6.6,138000
IFILISLMF1,25-06-14,6.6,6.7,6.6,6.7,388000
IFILISLMF1,26-06-14,6.7,6.8,6.6,6.6,95000
IFILISLMF1,29-06-14,6.6,6.9,6.6,6.8,391000
IFILISLMF1,30-06-14,6.9,6.9,6.7,6.7,200000
IFILISLMF1,07-02-14,6.7,6.8,6.6,6.6,124000
IFILISLMF1,07-03-14,6.6,6.8,6.6,6.7,86000
IFILISLMF1,07-06-14,6.6,6.8,6.6,6.6,52500
IFILISLMF1,07-07-14,6.8,6.9,6.7,6.9,668500
IFILISLMF1,07-08-14,6.7,6.9,6.7,6.8,51500
IFILISLMF1,07-09-14,6.7,6.9,6.7,6.8,87500
IFILISLMF1,07-10-14,6.8,6.9,6.7,6.7,92000
IFILISLMF1,13-07-14,6.8,6.8,6.6,6.7,145500
IFILISLMF1,14-07-14,6.7,6.8,6.7,6.7,62500
IFILISLMF1,15-07-14,6.7,6.8,6.6,6.7,163000
IFILISLMF1,16-07-14,6.7,6.9,6.7,6.8,340500
IFILISLMF1,17-07-14,6.8,7.1,6.7,6.9,337500
IFILISLMF1,20-07-14,6.9,7,6.9,6.9,183500
IFILISLMF1,21-07-14,6.9,7.1,6.9,6.9,191000
IFILISLMF1,22-07-14,6.9,7,6.9,6.9,203000
IFILISLMF1,23-07-14,7,7.1,6.9,7,269500
IFILISLMF1,24-07-14,7,7,6.9,6.9,69500
IFILISLMF1,08-03-14,6.9,7.1,6.7,6.8,308000
IFILISLMF1,08-04-14,6.8,6.9,6.8,6.8,183000
IFILISLMF1,08-05-14,6.9,6.9,6.7,6.7,346500
IFILISLMF1,08-06-14,6.9,7.3,6.8,7.2,1254500
IFILISLMF1,08-07-14,7.3,7.4,6.9,6.9,380500
IFILISLMF1,08-10-14,7.9,8,7.3,7.3,4025000
IFILISLMF1,08-11-14,7.6,7.6,7.3,7.3,1722000
IFILISLMF1,08-12-14,7.3,7.7,7.2,7.4,3180000
IFILISLMF1,13-08-14,7.7,7.7,7.3,7.3,970500
IFILISLMF1,14-08-14,7.4,7.5,7.3,7.3,1001000
IFILISLMF1,18-08-14,7.3,7.4,7.1,7.1,1314000
IFILISLMF1,19-08-14,7.2,7.3,7,7,1709000
IFILISLMF1,21-08-14,6.3,6.3,6.3,6.3,295500
IFILISLMF1,24-08-14,5.8,5.8,5.7,5.7,1583500
IFILISLMF1,25-08-14,5.7,5.8,5.2,5.3,779000
IFILISLMF1,26-08-14,5.4,5.5,5.3,5.4,578000
IFILISLMF1,27-08-14,5.5,5.5,5.3,5.3,640500
IFILISLMF1,28-08-14,5.3,5.3,5.2,5.2,377000
IFILISLMF1,31-08-14,5.2,5.3,5.2,5.2,210000
IFILISLMF1,09-01-14,5.2,5.3,5.1,5.1,260500
IFILISLMF1,09-02-14,5.2,5.2,5.1,5.1,465500
IFILISLMF1,09-03-14,5.2,5.3,5.1,5.1,315000
IFILISLMF1,09-04-14,5.2,5.4,5.2,5.3,561500
IFILISLMF1,09-07-14,5.4,5.4,5.2,5.2,138500
IFILISLMF1,09-08-14,5.2,5.4,5.2,5.3,362500
IFILISLMF1,09-09-14,5.4,5.4,5.2,5.2,236000
IFILISLMF1,09-10-14,5.2,5.3,5.2,5.2,352500
IFILISLMF1,09-11-14,5.2,5.3,5.1,5.2,242500
IFILISLMF1,14-09-14,5.2,5.3,5.1,5.1,391000
IFILISLMF1,15-09-14,5.2,5.3,5.1,5.1,305000
IFILISLMF1,16-09-14,5.1,5.2,5,5,456500
IFILISLMF1,17-09-14,5.2,5.2,5,5,395000
IFILISLMF1,18-09-14,5.1,5.3,5,5.2,633500
IFILISLMF1,21-09-14,5.2,5.3,5.1,5.2,835500
IFILISLMF1,22-09-14,5.1,5.3,5.1,5.2,373500
IFILISLMF1,23-09-14,5.2,5.4,5.2,5.3,512500
IFILISLMF1,24-09-14,5.5,5.5,5.3,5.3,330000
IFILISLMF1,25-09-14,5.4,5.4,5.2,5.2,386500
IFILISLMF1,28-09-14,5.3,5.4,5.2,5.2,500500
IFILISLMF1,29-09-14,5.2,5.4,5.2,5.2,224500
IFILISLMF1,30-09-14,5.4,5.4,5.2,5.2,187500
IFILISLMF1,10-01-14,5.3,5.5,5.3,5.4,316500
IFILISLMF1,10-02-14,5.4,5.5,5.4,5.4,152000
IFILISLMF1,10-12-14,5.5,5.9,5.5,5.9,445500
IFILISLMF1,13-10-14,6.2,6.2,5.9,6,601000
IFILISLMF1,14-10-14,6,6.1,5.9,6,514000
IFILISLMF1,15-10-14,6,6.5,6,6.4,1340500
IFILISLMF1,16-10-14,6.6,6.8,6.2,6.2,642000
IFILISLMF1,19-10-14,6.2,6.4,6.2,6.2,1057500
IFILISLMF1,20-10-14,6.2,6.2,6.1,6.1,578000
IFILISLMF1,21-10-14,6.2,6.2,6,6,490500
IFILISLMF1,22-10-14,6.1,6.1,5.9,5.9,401000
IFILISLMF1,23-10-14,5.9,6.1,5.8,5.9,273000
IFILISLMF1,26-10-14,5.9,6,5.7,5.7,406000
IFILISLMF1,27-10-14,5.8,6,5.8,5.9,85500
IFILISLMF1,28-10-14,5.8,6,5.8,5.9,44500
IFILISLMF1,29-10-14,5.8,5.9,5.8,5.8,69500
IFILISLMF1,30-10-14,5.9,5.9,5.8,5.8,157000
IFILISLMF1,11-02-14,5.8,5.8,5.7,5.7,124000
IFILISLMF1,11-03-14,5.7,5.9,5.7,5.7,173500
IFILISLMF1,11-05-14,5.7,5.8,5.6,5.6,133000
IFILISLMF1,11-06-14,5.7,5.8,5.6,5.6,182000
IFILISLMF1,11-09-14,5.6,5.8,5.6,5.6,68500
IFILISLMF1,11-10-14,5.6,5.8,5.6,5.6,63000
IFILISLMF1,11-11-14,5.7,5.7,5.6,5.6,100500
IFILISLMF1,11-12-14,5.6,5.7,5.5,5.6,102000
IFILISLMF1,13-11-14,5.6,5.8,5.6,5.6,97500
IFILISLMF1,16-11-14,5.6,5.7,5.6,5.6,213500
IFILISLMF1,17-11-14,5.6,5.7,5.5,5.5,158000
IFILISLMF1,18-11-14,5.6,5.6,5.5,5.5,70000
IFILISLMF1,19-11-14,5.5,5.7,5.5,5.5,126500
IFILISLMF1,20-11-14,5.6,5.7,5.5,5.5,46500
IFILISLMF1,23-11-14,5.5,5.6,5.5,5.5,116000
IFILISLMF1,24-11-14,5.5,5.5,5.4,5.4,118000
IFILISLMF1,25-11-14,5.5,5.6,5.4,5.5,110500
IFILISLMF1,26-11-14,5.4,5.6,5.4,5.4,75000
IFILISLMF1,27-11-14,5.5,5.6,5.5,5.5,39500
IFILISLMF1,30-11-14,5.5,5.5,5.4,5.4,39500
IFILISLMF1,12-01-14,5.4,5.6,5.4,5.5,131500
IFILISLMF1,12-02-14,5.4,5.6,5.4,5.5,47500
IFILISLMF1,12-03-14,5.5,5.6,5.5,5.5,112500
IFILISLMF1,12-04-14,5.6,5.6,5.5,5.5,79500
IFILISLMF1,12-07-14,5.4,5.6,5.4,5.4,69500
IFILISLMF1,12-08-14,5.4,5.5,5.4,5.4,83000
IFILISLMF1,12-09-14,5.5,5.5,5.4,5.4,233000
IFILISLMF1,12-10-14,5.4,5.5,5.4,5.4,34000
IFILISLMF1,12-11-14,5.4,5.5,5.4,5.5,11746
IFILISLMF1,14-12-14,5.4,5.5,5.4,5.5,32000
IFILISLMF1,15-12-14,5.5,5.6,5.4,5.4,15546
IFILISLMF1,17-12-14,5.4,5.5,5.3,5.4,135000
IFILISLMF1,18-12-14,5.4,5.5,5.4,5.4,48770
IFILISLMF1,21-12-14,5.4,5.6,5.4,5.5,40500
IFILISLMF1,22-12-14,5.6,5.6,5.3,5.4,95711
IFILISLMF1,23-12-14,5.4,5.5,5.3,5.3,65803
IFILISLMF1,24-12-14,5.3,5.5,5.3,5.5,167060
IFILISLMF1,28-12-14,5.3,5.5,5.3,5.5,53295
IFILISLMF1,29-12-14,5.4,5.5,5.4,5.4,126831
IFILISLMF1,30-12-14,5.4,5.7,5.4,5.7,171084
PF1STMF,01-01-14,5.5,5.6,5.5,5.5,55000
PF1STMF,01-02-14,5.5,5.5,5.4,5.4,82000
PF1STMF,01-06-14,5.5,5.5,5.4,5.4,93000
PF1STMF,01-07-14,5.4,5.5,5.4,5.4,82000
PF1STMF,01-08-14,5.5,5.6,5.4,5.5,95000
PF1STMF,01-09-14,5.6,5.7,5.5,5.6,202500
PF1STMF,01-12-14,5.7,5.7,5.6,5.6,104500
PF1STMF,13-01-14,5.6,5.7,5.5,5.6,43500
PF1STMF,15-01-14,5.7,5.8,5.6,5.6,207500
PF1STMF,16-01-14,5.7,5.8,5.6,5.6,161000
PF1STMF,19-01-14,5.7,5.8,5.6,5.6,268000
PF1STMF,20-01-14,5.6,5.8,5.6,5.7,317500
PF1STMF,21-01-14,5.8,6,5.7,5.9,588500
PF1STMF,22-01-14,6,6.1,5.9,6,425000
PF1STMF,23-01-14,6.1,6.5,6,6.4,1113500
PF1STMF,26-01-14,6.6,7,6.4,6.4,828000
PF1STMF,27-01-14,6.4,6.4,6.2,6.2,317500
PF1STMF,28-01-14,6.2,6.3,6.1,6.2,166500
PF1STMF,29-01-14,6.2,6.4,6.1,6.3,261000
PF1STMF,30-01-14,6.5,6.6,6.3,6.4,636500
PF1STMF,02-02-14,6.4,6.4,6.2,6.3,242000
PF1STMF,02-03-14,6.3,6.4,6.2,6.3,161500
PF1STMF,02-04-14,6.4,6.5,6.3,6.4,514500
PF1STMF,02-05-14,6.4,6.5,6.2,6.3,318500
PF1STMF,02-06-14,6.3,6.5,6.3,6.3,153500
PF1STMF,02-09-14,6.3,6.4,6.2,6.2,172000
PF1STMF,02-10-14,6.2,6.3,6.1,6.1,156500
PF1STMF,02-11-14,6.1,6.2,6.1,6.1,142500
PF1STMF,02-12-14,6.1,6.2,6.1,6.1,143000
PF1STMF,13-02-14,6.2,6.3,6.2,6.2,745000
PF1STMF,16-02-14,6.1,6.2,6.1,6.1,19000
PF1STMF,17-02-14,6.1,6.2,6,6.1,96500
PF1STMF,18-02-14,6.1,6.2,6,6,160500
PF1STMF,19-02-14,6.1,6.4,6.1,6.2,333000
PF1STMF,20-02-14,6.3,6.3,6.1,6.2,77500
PF1STMF,23-02-14,6.3,6.3,6.1,6.2,109000
PF1STMF,24-02-14,6.2,6.3,6,6,172000
PF1STMF,25-02-14,6.1,6.2,6,6.1,97000
PF1STMF,26-02-14,6.1,6.2,6,6,157000
PF1STMF,27-02-14,6.1,6.2,6,6.1,115000
PF1STMF,03-02-14,6,6.1,6,6,102000
PF1STMF,03-03-14,6.1,6.2,6,6,251500
PF1STMF,03-04-14,6.1,6.2,6,6.1,158500
PF1STMF,03-05-14,6.1,6.1,6,6,84500
PF1STMF,03-06-14,6.1,6.2,6,6,121500
PF1STMF,03-09-14,6.1,6.1,6,6,227500
PF1STMF,03-10-14,6,6.1,6,6,280500
PF1STMF,03-11-14,6,6,5.9,5.9,42500
PF1STMF,03-12-14,6,6.1,5.8,5.8,277500
PF1STMF,13-03-14,5.9,5.9,5.7,5.7,188500
PF1STMF,16-03-14,5.8,5.8,5.6,5.6,146500
PF1STMF,18-03-14,5.7,5.7,5.6,5.6,70500
PF1STMF,19-03-14,5.9,5.9,5.6,5.6,94500
PF1STMF,20-03-14,5.5,5.7,5.5,5.6,30000
PF1STMF,23-03-14,5.6,5.7,5.5,5.5,65000
PF1STMF,24-03-14,5.6,5.7,5.5,5.5,88500
PF1STMF,25-03-14,5.6,5.7,5.5,5.6,52000
PF1STMF,27-03-14,5.6,5.6,5.6,5.6,48500
PF1STMF,30-03-14,5.5,5.6,5.5,5.5,25500
PF1STMF,31-03-14,5.5,5.5,5.3,5.3,149000
PF1STMF,04-01-14,5.3,5.5,5.3,5.3,51500
PF1STMF,04-02-14,5.5,5.5,5.4,5.4,85500
PF1STMF,04-03-14,5.6,5.8,5.5,5.7,209000
PF1STMF,04-06-14,5.7,5.8,5.7,5.7,27000
PF1STMF,04-07-14,5.6,5.9,5.5,5.8,63500
PF1STMF,04-08-14,5.6,5.7,5.5,5.5,55500
PF1STMF,04-09-14,5.6,5.7,5.5,5.6,23500
PF1STMF,04-10-14,5.5,5.7,5.5,5.5,30000
PF1STMF,13-04-14,5.5,5.6,5.5,5.5,2500
PF1STMF,15-04-14,5.7,5.7,5.5,5.5,59000
PF1STMF,16-04-14,5.6,5.6,5.4,5.4,46500
PF1STMF,17-04-14,5.4,5.6,5.4,5.4,29000
PF1STMF,20-04-14,5.4,5.6,5.4,5.4,38500
PF1STMF,21-04-14,5.6,5.7,5.5,5.6,25500
PF1STMF,22-04-14,5.6,5.8,5.6,5.7,228500
PF1STMF,23-04-14,5.9,6,5.7,5.8,946500
PF1STMF,24-04-14,6.3,6.3,5.7,5.7,246500
PF1STMF,27-04-14,5.8,5.9,5.7,5.7,37000
PF1STMF,28-04-14,5.7,5.8,5.7,5.7,179500
PF1STMF,29-04-14,5.7,5.8,5.7,5.7,292500
PF1STMF,30-04-14,5.7,5.8,5.5,5.5,94000
PF1STMF,05-04-14,5.6,5.6,5.5,5.5,117000
PF1STMF,05-05-14,5.5,5.6,5.5,5.5,96500
PF1STMF,05-06-14,5.5,5.7,5.5,5.6,167500
PF1STMF,05-07-14,5.7,5.8,5.5,5.6,63500
PF1STMF,05-08-14,5.6,5.8,5.6,5.7,83500
PF1STMF,05-11-14,5.7,5.7,5.5,5.5,71000
PF1STMF,05-12-14,5.5,5.6,5.5,5.5,94500
PF1STMF,14-05-14,5.5,5.6,5.5,5.5,150000
PF1STMF,15-05-14,5.5,5.6,5.5,5.5,192500
PF1STMF,18-05-14,5.4,5.6,5.4,5.5,98500
PF1STMF,19-05-14,5.4,5.5,5.4,5.4,41500
PF1STMF,20-05-14,5.4,5.5,5.4,5.4,70500
PF1STMF,21-05-14,5.5,5.5,5.4,5.4,79000
PF1STMF,22-05-14,5.4,5.5,5.4,5.4,103500
PF1STMF,25-05-14,5.4,5.5,5.4,5.4,32000
PF1STMF,26-05-14,5.4,5.4,5.2,5.3,165500
PF1STMF,27-05-14,5.3,5.4,5.3,5.3,53000
PF1STMF,28-05-14,5.4,5.4,5.3,5.3,72500
PF1STMF,29-05-14,5.3,5.4,5.2,5.2,65500
PF1STMF,06-01-14,5.2,5.2,5,5.1,206500
PF1STMF,06-02-14,5.1,5.2,5,5,89500
PF1STMF,06-03-14,5.1,5.2,5,5,81000
PF1STMF,06-04-14,5,5.1,5,5,44000
PF1STMF,06-05-14,5.1,5.2,5,5,28000
PF1STMF,06-08-14,5.2,5.2,5,5,81500
PF1STMF,06-09-14,5.1,5.1,5,5,42000
PF1STMF,06-10-14,5,5.1,5,5,82500
PF1STMF,06-11-14,5.1,5.1,5,5,119500
PF1STMF,06-12-14,5.1,5.4,5.1,5.2,137500
PF1STMF,15-06-14,5.3,5.3,5.1,5.1,134000
PF1STMF,16-06-14,5,5.1,5,5,58000
PF1STMF,17-06-14,5,5.1,5,5,94000
PF1STMF,18-06-14,5.1,5.1,5,5,84500
PF1STMF,19-06-14,5.1,5.1,5,5,45000
PF1STMF,22-06-14,5,5.2,5,5,8000
PF1STMF,23-06-14,5,5.1,5,5,281500
PF1STMF,24-06-14,5,5.2,5,5,84500
PF1STMF,25-06-14,5.1,5.1,5,5.1,78000
PF1STMF,26-06-14,5.1,5.2,5.1,5.1,19500
PF1STMF,29-06-14,5.1,5.2,5,5.1,637000
PF1STMF,30-06-14,5.1,5.2,5,5,718000
PF1STMF,07-02-14,5.1,5.1,5,5,239000
PF1STMF,07-03-14,5,5.1,5,5,133000
PF1STMF,07-06-14,5.1,5.1,5,5,163500
PF1STMF,07-07-14,5,5.1,5,5,45000
PF1STMF,07-08-14,5,5,5,5,486500
PF1STMF,07-09-14,5,5.1,4.9,4.9,111500
PF1STMF,07-10-14,5,5,4.9,4.9,224500
PF1STMF,13-07-14,5,5,4.9,4.9,16000
PF1STMF,14-07-14,4.9,5,4.9,4.9,46500
PF1STMF,15-07-14,5,5,4.9,4.9,24500
PF1STMF,16-07-14,5,5,4.9,4.9,92500
PF1STMF,17-07-14,5,5,4.9,4.9,78500
PF1STMF,20-07-14,4.9,5,4.9,4.9,96500
PF1STMF,21-07-14,4.9,5,4.9,4.9,46000
PF1STMF,22-07-14,5,5,4.9,4.9,16000
PF1STMF,23-07-14,5,5,4.9,5,66500
PF1STMF,24-07-14,5,5.1,5,5,107500
PF1STMF,08-03-14,5,5.2,5,5,70500
PF1STMF,08-04-14,5,5,4.9,4.9,111500
PF1STMF,08-05-14,5,5.1,5,5,61000
PF1STMF,08-06-14,5,5.2,5,5,318000
PF1STMF,08-07-14,5.2,5.2,5,5.1,105500
PF1STMF,08-10-14,5.2,5.4,5.1,5.1,388500
PF1STMF,08-11-14,5.2,5.3,5.1,5.2,280500
PF1STMF,08-12-14,5.1,5.3,5.1,5.2,365500
PF1STMF,13-08-14,5.2,5.3,5.2,5.2,454000
PF1STMF,14-08-14,5.2,5.3,5.2,5.2,428500
PF1STMF,18-08-14,5.2,5.2,5.1,5.1,106000
PF1STMF,19-08-14,5.1,5.2,5.1,5.1,251000
PF1STMF,21-08-14,4.6,4.9,4.6,4.8,632000
PF1STMF,24-08-14,4.8,4.8,4.6,4.6,118500
PF1STMF,25-08-14,4.5,4.8,4.5,4.6,33000
PF1STMF,26-08-14,4.7,4.8,4.6,4.7,135500
PF1STMF,27-08-14,4.7,4.8,4.6,4.6,45000
PF1STMF,28-08-14,4.6,4.8,4.6,4.6,75000
PF1STMF,31-08-14,4.6,4.7,4.5,4.5,190000
PF1STMF,09-01-14,4.6,4.6,4.6,4.6,229500
PF1STMF,09-02-14,4.5,4.7,4.5,4.5,25500
PF1STMF,09-03-14,4.7,4.7,4.6,4.6,139500
PF1STMF,09-04-14,4.6,4.8,4.6,4.7,32000
PF1STMF,09-07-14,4.7,4.8,4.6,4.6,178500
PF1STMF,09-08-14,4.6,4.7,4.6,4.6,194000
PF1STMF,09-09-14,4.6,4.8,4.6,4.6,132500
PF1STMF,09-10-14,4.6,4.7,4.6,4.6,179500
PF1STMF,09-11-14,4.6,4.7,4.5,4.6,73000
PF1STMF,14-09-14,4.5,4.6,4.5,4.5,38000
PF1STMF,15-09-14,4.5,4.6,4.5,4.5,185000
PF1STMF,16-09-14,4.5,4.5,4.4,4.4,122000
PF1STMF,17-09-14,4.4,4.6,4.4,4.4,50500
PF1STMF,18-09-14,4.5,4.6,4.4,4.5,99500
PF1STMF,21-09-14,4.5,4.7,4.5,4.6,253500
PF1STMF,22-09-14,4.6,4.7,4.5,4.6,47500
PF1STMF,23-09-14,4.7,4.8,4.7,4.7,170500
PF1STMF,24-09-14,4.8,5.1,4.8,5,306500
PF1STMF,25-09-14,4.8,4.9,4.7,4.7,262500
PF1STMF,28-09-14,4.7,5.1,4.7,4.9,308500
PF1STMF,29-09-14,4.7,4.9,4.7,4.7,38500
PF1STMF,30-09-14,4.7,4.8,4.7,4.7,227500
PF1STMF,10-01-14,5,5.1,4.5,5,344000
PF1STMF,10-02-14,5,5.2,4.9,5.1,316500
PF1STMF,10-12-14,5.2,5.6,5.2,5.5,425500
PF1STMF,13-10-14,5.6,5.7,5.3,5.3,287000
PF1STMF,14-10-14,5.5,5.5,5.2,5.2,172500
PF1STMF,15-10-14,5.2,5.4,5.2,5.3,113500
PF1STMF,16-10-14,5.3,5.4,5.1,5.2,125000
PF1STMF,19-10-14,5.2,5.2,5,5.1,278000
PF1STMF,20-10-14,5.2,5.2,5,5,252500
PF1STMF,21-10-14,5.1,5.2,5,5.1,80500
PF1STMF,22-10-14,5,5.1,5,5,154500
PF1STMF,23-10-14,4.9,5.1,4.9,5,79000
PF1STMF,26-10-14,5,5.1,4.9,4.9,112000
PF1STMF,27-10-14,4.9,5.1,4.8,5,144500
PF1STMF,28-10-14,5,5.1,4.9,5,16000
PF1STMF,29-10-14,5,5.1,5,5,52500
PF1STMF,30-10-14,5,5.1,5,5,56500
PF1STMF,11-02-14,5.4,5.4,4.9,5,267500
PF1STMF,11-03-14,5,5.1,4.9,5,17000
PF1STMF,11-05-14,4.9,5.1,4.9,4.9,60500
PF1STMF,11-06-14,5,5.1,4.9,5,24000
PF1STMF,11-09-14,5.1,5.1,4.8,4.8,86500
PF1STMF,11-10-14,4.8,5,4.8,4.9,101500
PF1STMF,11-11-14,4.8,4.9,4.8,4.8,51000
PF1STMF,11-12-14,4.8,5,4.8,4.9,63500
PF1STMF,13-11-14,5,5,4.9,4.9,54000
PF1STMF,16-11-14,5,5,4.8,4.8,58500
PF1STMF,17-11-14,4.8,4.8,4.7,4.7,45000
PF1STMF,18-11-14,4.6,4.9,4.6,4.8,59000
PF1STMF,19-11-14,4.7,5,4.7,4.7,73000
PF1STMF,20-11-14,4.8,4.8,4.5,4.5,133500
PF1STMF,23-11-14,4.5,4.7,4.5,4.6,26000
PF1STMF,24-11-14,4.6,4.6,4.6,4.6,35000
PF1STMF,25-11-14,4.6,4.6,4.5,4.5,40000
PF1STMF,26-11-14,4.6,4.6,4.4,4.5,47500
PF1STMF,27-11-14,4.5,4.6,4.5,4.5,18000
PF1STMF,30-11-14,4.5,4.6,4.5,4.5,17000
PF1STMF,12-01-14,4.6,4.6,4.5,4.5,111000
PF1STMF,12-02-14,4.7,4.7,4.5,4.5,47000
PF1STMF,12-03-14,4.6,4.6,4.5,4.5,51500
PF1STMF,12-04-14,4.5,4.6,4.5,4.5,63500
PF1STMF,12-07-14,4.5,4.7,4.5,4.6,189000
PF1STMF,12-08-14,4.7,4.7,4.6,4.6,76000
PF1STMF,12-09-14,4.6,4.7,4.5,4.5,17000
PF1STMF,12-10-14,4.5,4.7,4.5,4.5,17000
PF1STMF,12-11-14,4.6,4.6,4.5,4.5,35500
PF1STMF,14-12-14,4.5,4.6,4.5,4.6,7500
PF1STMF,15-12-14,4.6,4.7,4.5,4.6,110700
PF1STMF,17-12-14,4.6,4.6,4.5,4.6,16500
PF1STMF,18-12-14,4.5,4.5,4.5,4.5,22000
PF1STMF,21-12-14,4.5,4.6,4.5,4.5,30500
PF1STMF,22-12-14,4.5,4.5,4.4,4.5,32650
PF1STMF,23-12-14,4.5,4.5,4.4,4.5,8790
PF1STMF,24-12-14,4.5,4.5,4.3,4.4,174310
PF1STMF,28-12-14,4.4,4.5,4.4,4.5,26544
PF1STMF,29-12-14,4.4,4.6,4.4,4.5,75555
PF1STMF,30-12-14,4.5,4.6,4.5,4.6,51905
PHPMF1,01-01-14,5.7,5.7,5.5,5.5,221000
PHPMF1,01-02-14,5.7,5.7,5.5,5.5,260000
PHPMF1,01-06-14,5.7,5.7,5.4,5.4,460500
PHPMF1,01-07-14,5.7,5.7,5.4,5.5,473500
PHPMF1,01-08-14,5.6,5.7,5.5,5.5,803000
PHPMF1,01-09-14,5.5,5.7,5.5,5.5,392500
PHPMF1,01-12-14,5.6,5.7,5.6,5.6,606500
PHPMF1,13-01-14,5.6,5.7,5.6,5.6,327500
PHPMF1,15-01-14,5.7,5.8,5.6,5.7,571000
PHPMF1,16-01-14,5.7,5.8,5.7,5.7,202000
PHPMF1,19-01-14,5.8,5.9,5.7,5.8,1313500
PHPMF1,20-01-14,5.8,6,5.8,5.8,1204000
PHPMF1,21-01-14,5.9,6,5.8,5.9,727500
PHPMF1,22-01-14,6,6.2,5.9,6.1,2052000
PHPMF1,23-01-14,6.2,6.6,6.1,6.5,3196000
PHPMF1,26-01-14,6.6,6.8,6.5,6.5,2426500
PHPMF1,27-01-14,6.6,6.7,6.4,6.5,2227000
PHPMF1,28-01-14,6.5,6.6,6.4,6.4,2669500
PHPMF1,29-01-14,6.4,6.6,6.4,6.5,1150000
PHPMF1,30-01-14,6.5,6.6,6.4,6.4,1137000
PHPMF1,02-02-14,6.4,6.5,6.3,6.3,1058000
PHPMF1,02-03-14,6.4,6.5,6.2,6.4,1156000
PHPMF1,02-04-14,6.4,6.7,6.4,6.6,1732000
PHPMF1,02-05-14,6.6,6.7,6.5,6.5,733000
PHPMF1,02-06-14,6.6,6.6,6.5,6.5,606500
PHPMF1,02-09-14,6.5,6.6,6.4,6.5,1271500
PHPMF1,02-10-14,6.4,6.5,6.3,6.3,1209000
PHPMF1,02-11-14,6.3,6.5,6.3,6.3,405000
PHPMF1,02-12-14,6.3,6.4,6.3,6.3,409500
PHPMF1,13-02-14,6.5,6.5,6.2,6.2,722000
PHPMF1,16-02-14,6.3,6.4,6.2,6.3,375000
PHPMF1,17-02-14,6.4,6.4,6.3,6.3,597500
PHPMF1,18-02-14,6.3,6.4,6.3,6.3,342000
PHPMF1,19-02-14,6.3,6.6,6.3,6.5,2004500
PHPMF1,20-02-14,6.5,6.7,6.4,6.5,1122000
PHPMF1,23-02-14,6.4,6.6,6.4,6.4,731500
PHPMF1,24-02-14,6.4,6.5,6.4,6.4,458000
PHPMF1,25-02-14,6.4,6.5,6.4,6.4,575500
PHPMF1,26-02-14,6.4,6.5,6.4,6.4,273000
PHPMF1,27-02-14,6.4,6.5,6.4,6.4,305000
PHPMF1,03-02-14,6.5,6.5,6.3,6.3,559500
PHPMF1,03-03-14,6.4,6.5,6.3,6.4,384000
PHPMF1,03-04-14,6.4,6.5,6.4,6.4,1274000
PHPMF1,03-05-14,6.4,6.5,6.3,6.3,1057500
PHPMF1,03-06-14,6.3,6.4,6.3,6.3,161000
PHPMF1,03-09-14,6.4,6.4,6.3,6.3,106000
PHPMF1,03-10-14,6.3,6.4,6.3,6.3,437000
PHPMF1,03-11-14,6.3,6.3,6.1,6.2,209000
PHPMF1,03-12-14,6.2,6.3,6.2,6.2,303500
PHPMF1,13-03-14,6.2,6.3,6.1,6.2,408000
PHPMF1,16-03-14,6.1,6.3,6.1,6.1,272000
PHPMF1,18-03-14,6.1,6.2,6.1,6.1,144000
PHPMF1,19-03-14,6,6.1,5.9,6,619000
PHPMF1,20-03-14,5.8,6.1,5.8,6,140500
PHPMF1,23-03-14,6,6.1,6,6,135000
PHPMF1,24-03-14,6,6.1,5.9,5.9,218000
PHPMF1,25-03-14,5.9,6,5.9,5.9,111500
PHPMF1,27-03-14,5.9,6,5.8,5.9,297000
PHPMF1,30-03-14,5.8,6,5.8,5.8,191000
PHPMF1,31-03-14,5.8,5.9,5.8,5.8,133000
PHPMF1,04-01-14,5.8,6,5.8,5.9,144000
PHPMF1,04-02-14,5.8,6.1,5.8,6,172500
PHPMF1,04-03-14,6,6.1,5.9,5.9,189500
PHPMF1,04-06-14,5.9,6,5.9,5.9,304500
PHPMF1,04-07-14,5.9,6,5.8,5.8,499000
PHPMF1,04-08-14,5.8,6.1,5.8,5.8,408000
PHPMF1,04-09-14,5.8,6,5.8,5.9,134500
PHPMF1,04-10-14,5.9,6,5.9,5.9,428500
PHPMF1,13-04-14,5.9,6,5.9,5.9,246500
PHPMF1,15-04-14,5.9,6,5.9,5.9,475000
PHPMF1,16-04-14,5.9,6,5.8,5.8,412500
PHPMF1,17-04-14,5.9,5.9,5.8,5.8,226500
PHPMF1,20-04-14,5.9,6,5.9,5.9,141500
PHPMF1,21-04-14,5.9,6.1,5.9,6,282500
PHPMF1,22-04-14,6.1,6.3,6,6.2,574500
PHPMF1,23-04-14,6.4,6.7,6.2,6.3,1154500
PHPMF1,24-04-14,6.4,6.5,6.3,6.4,816500
PHPMF1,27-04-14,6.4,6.4,6.3,6.3,455000
PHPMF1,28-04-14,6.2,6.5,6.2,6.3,486500
PHPMF1,29-04-14,6.3,6.4,6.2,6.2,468500
PHPMF1,30-04-14,6.3,6.4,6.2,6.2,235000
PHPMF1,05-04-14,6.2,6.3,6,6,853500
PHPMF1,05-05-14,6,6.1,6,6,135500
PHPMF1,05-06-14,6.1,6.1,6,6,115000
PHPMF1,05-07-14,6,6.2,6,6.1,177000
PHPMF1,05-08-14,6.1,6.2,6.1,6.1,495000
PHPMF1,05-11-14,6.1,6.2,6,6.1,472000
PHPMF1,05-12-14,6.1,6.2,6,6.1,179500
PHPMF1,14-05-14,6,6.1,6,6,148500
PHPMF1,15-05-14,6,6.1,5.9,5.9,388000
PHPMF1,18-05-14,5.9,6,5.8,5.8,490000
PHPMF1,19-05-14,5.9,6,5.9,5.9,730000
PHPMF1,20-05-14,5.9,6,5.8,5.9,245000
PHPMF1,21-05-14,6,6,5.9,5.9,141000
PHPMF1,22-05-14,6,6,5.8,5.8,506000
PHPMF1,25-05-14,5.8,5.9,5.8,5.8,100000
PHPMF1,26-05-14,5.7,5.9,5.7,5.8,76000
PHPMF1,27-05-14,5.8,5.9,5.8,5.9,419000
PHPMF1,28-05-14,5.8,5.8,5.8,5.8,166500
PHPMF1,29-05-14,5.8,5.9,5.8,5.8,33000
PHPMF1,06-01-14,5.7,5.8,5.7,5.7,276000
PHPMF1,06-02-14,5.7,5.8,5.6,5.6,365000
PHPMF1,06-03-14,5.6,5.7,5.6,5.6,133500
PHPMF1,06-04-14,5.6,5.6,5.5,5.5,359000
PHPMF1,06-05-14,5.6,5.6,5.4,5.5,336500
PHPMF1,06-08-14,5.5,5.6,5.4,5.5,364000
PHPMF1,06-09-14,5.5,5.6,5.5,5.6,289000
PHPMF1,06-10-14,5.6,5.7,5.6,5.6,210000
PHPMF1,06-11-14,5.6,5.7,5.6,5.6,252000
PHPMF1,06-12-14,5.6,5.8,5.6,5.7,568000
PHPMF1,15-06-14,5.7,5.8,5.7,5.7,90000
PHPMF1,16-06-14,5.7,5.7,5.6,5.6,160000
PHPMF1,17-06-14,5.5,5.6,5.4,5.5,169500
PHPMF1,18-06-14,5.5,5.6,5.5,5.5,66000
PHPMF1,19-06-14,5.5,5.6,5.5,5.5,81000
PHPMF1,22-06-14,5.5,5.7,5.5,5.6,345500
PHPMF1,23-06-14,5.5,5.7,5.5,5.5,170000
PHPMF1,24-06-14,5.5,5.6,5.5,5.5,186000
PHPMF1,25-06-14,5.5,5.7,5.5,5.6,314000
PHPMF1,26-06-14,5.6,5.7,5.6,5.6,112000
PHPMF1,29-06-14,5.6,5.8,5.6,5.7,200500
PHPMF1,30-06-14,5.7,5.8,5.7,5.7,164500
PHPMF1,07-02-14,5.7,5.7,5.6,5.6,176500
PHPMF1,07-03-14,5.6,5.7,5.5,5.6,327000
PHPMF1,07-06-14,5.7,5.7,5.5,5.5,68500
PHPMF1,07-07-14,5.5,5.6,5.5,5.5,183500
PHPMF1,07-08-14,5.5,5.6,5.4,5.4,308000
PHPMF1,07-09-14,5.5,5.6,5.5,5.5,64000
PHPMF1,07-10-14,5.5,5.5,5.5,5.5,55500
PHPMF1,13-07-14,5.5,5.6,5.5,5.5,78000
PHPMF1,14-07-14,5.5,5.6,5.5,5.5,38000
PHPMF1,15-07-14,5.5,5.6,5.4,5.4,117000
PHPMF1,16-07-14,5.4,5.5,5.4,5.4,40000
PHPMF1,17-07-14,5.4,5.5,5.4,5.4,215000
PHPMF1,20-07-14,5.5,5.6,5.5,5.5,27500
PHPMF1,21-07-14,5.5,5.6,5.5,5.5,89500
PHPMF1,22-07-14,5.5,5.6,5.5,5.5,76000
PHPMF1,23-07-14,5.5,5.6,5.3,5.4,254000
PHPMF1,24-07-14,5.4,5.5,5.4,5.4,45000
PHPMF1,08-03-14,5.4,5.5,5.3,5.4,377000
PHPMF1,08-04-14,5.3,5.5,5.3,5.3,230500
PHPMF1,08-05-14,5.4,5.5,5.3,5.3,279500
PHPMF1,08-06-14,5.3,5.5,5.3,5.3,142000
PHPMF1,08-07-14,5.4,5.4,5.3,5.3,93500
PHPMF1,08-10-14,5.4,5.5,5.3,5.3,329000
PHPMF1,08-11-14,5.4,5.4,5.2,5.3,444500
PHPMF1,08-12-14,5.3,5.5,5.3,5.4,339000
PHPMF1,13-08-14,5.5,5.5,5.4,5.4,236500
PHPMF1,14-08-14,5.4,5.5,5.3,5.3,212000
PHPMF1,18-08-14,5.8,5.8,5.4,5.5,1755500
PHPMF1,19-08-14,5.5,5.7,5.5,5.5,1059500
PHPMF1,20-08-14,5.5,5.6,5.4,5.4,470000
PHPMF1,21-08-14,5.5,5.5,5.3,5.3,696500
PHPMF1,24-08-14,5.3,5.5,5.3,5.3,448500
PHPMF1,25-08-14,5.3,5.4,5.2,5.3,520000
PHPMF1,26-08-14,5.3,5.4,5.3,5.3,906000
PHPMF1,27-08-14,5.5,5.5,5.3,5.3,285000
PHPMF1,28-08-14,5.4,5.4,5.2,5.2,487500
PHPMF1,31-08-14,5.4,5.4,5.2,5.2,437000
PHPMF1,09-02-14,4.7,4.9,4.6,4.8,814500
PHPMF1,09-03-14,4.7,4.9,4.7,4.8,871500
PHPMF1,09-04-14,4.9,5,4.8,4.8,423500
PHPMF1,09-07-14,5,5,4.8,4.8,365000
PHPMF1,09-08-14,4.9,4.9,4.8,4.8,783000
PHPMF1,09-09-14,4.8,4.9,4.7,4.7,344500
PHPMF1,09-10-14,4.8,4.8,4.7,4.7,62500
PHPMF1,09-11-14,4.7,4.8,4.7,4.7,670000
PHPMF1,14-09-14,4.7,4.8,4.5,4.6,598500
PHPMF1,15-09-14,4.8,4.8,4.5,4.5,594500
PHPMF1,16-09-14,4.6,4.7,4.5,4.5,530000
PHPMF1,17-09-14,4.6,4.7,4.5,4.5,485000
PHPMF1,18-09-14,4.6,4.8,4.6,4.7,430500
PHPMF1,21-09-14,4.7,4.8,4.7,4.7,841000
PHPMF1,22-09-14,4.8,4.9,4.7,4.8,403500
PHPMF1,23-09-14,4.8,5,4.8,4.9,783000
PHPMF1,24-09-14,5,5.1,5,5,626000
PHPMF1,25-09-14,5,5.1,4.8,4.8,496000
PHPMF1,28-09-14,4.8,4.9,4.7,4.8,544000
PHPMF1,29-09-14,4.8,4.8,4.7,4.7,161500
PHPMF1,30-09-14,4.7,4.9,4.7,4.7,289500
PHPMF1,10-01-14,4.8,4.9,4.8,4.8,155500
PHPMF1,10-02-14,4.8,5.1,4.8,4.9,579500
PHPMF1,10-12-14,5,5.3,5,5.3,1964000
PHPMF1,13-10-14,5.4,5.7,5.2,5.5,1091000
PHPMF1,14-10-14,5.7,5.7,5.3,5.3,760500
PHPMF1,15-10-14,5.4,5.7,5.4,5.4,1345000
PHPMF1,16-10-14,5.4,5.5,5.3,5.3,664000
PHPMF1,19-10-14,5.2,5.4,5.1,5.1,214500
PHPMF1,20-10-14,5.1,5.3,5,5.1,509500
PHPMF1,21-10-14,5.1,5.3,5.1,5.1,322000
PHPMF1,22-10-14,5.1,5.2,5,5,407500
PHPMF1,23-10-14,5.1,5.1,4.9,4.9,984000
PHPMF1,26-10-14,4.9,5,4.8,4.9,582500
PHPMF1,27-10-14,4.9,5,4.9,4.9,398500
PHPMF1,28-10-14,4.9,5,4.9,5,499000
PHPMF1,29-10-14,4.9,5.1,4.9,5,300000
PHPMF1,30-10-14,5,5.1,4.9,4.9,1094000
PHPMF1,11-02-14,4.9,5.1,4.9,4.9,807500
PHPMF1,11-03-14,5,5,4.9,4.9,104000
PHPMF1,11-05-14,4.9,5,4.9,4.9,266000
PHPMF1,11-06-14,5,5,4.8,4.8,477000
PHPMF1,11-09-14,4.8,4.9,4.8,4.8,191500
PHPMF1,11-10-14,4.8,4.9,4.8,4.8,98000
PHPMF1,11-11-14,4.8,4.9,4.8,4.8,185500
PHPMF1,11-12-14,4.8,4.9,4.8,4.8,476000
PHPMF1,13-11-14,4.8,4.9,4.8,4.8,61000
PHPMF1,16-11-14,4.8,4.9,4.8,4.8,281500
PHPMF1,17-11-14,4.8,4.8,4.7,4.7,324500
PHPMF1,18-11-14,4.7,4.8,4.7,4.7,230500
PHPMF1,19-11-14,4.7,4.9,4.7,4.8,228000
PHPMF1,20-11-14,4.8,4.8,4.7,4.7,228500
PHPMF1,23-11-14,4.7,4.8,4.6,4.6,130500
PHPMF1,24-11-14,4.6,4.7,4.5,4.5,316500
PHPMF1,25-11-14,4.6,4.7,4.5,4.5,142000
PHPMF1,26-11-14,4.5,4.7,4.5,4.6,30500
PHPMF1,27-11-14,4.5,4.7,4.5,4.6,63000
PHPMF1,30-11-14,4.6,4.6,4.5,4.5,172500
PHPMF1,12-01-14,4.5,4.6,4.5,4.5,94000
PHPMF1,12-02-14,4.5,4.6,4.5,4.5,99000
PHPMF1,12-03-14,4.6,4.6,4.5,4.5,287500
PHPMF1,12-04-14,4.6,4.7,4.5,4.6,260000
PHPMF1,12-07-14,4.7,4.8,4.5,4.6,379500
PHPMF1,12-08-14,4.6,4.7,4.6,4.6,227000
PHPMF1,12-09-14,4.6,4.7,4.6,4.6,169000
PHPMF1,12-10-14,4.7,4.8,4.6,4.6,177000
PHPMF1,12-11-14,4.6,4.7,4.6,4.6,30466
PHPMF1,14-12-14,4.6,4.7,4.6,4.6,84617
PHPMF1,15-12-14,4.6,4.7,4.5,4.6,252547
PHPMF1,17-12-14,4.6,4.7,4.5,4.7,214892
PHPMF1,18-12-14,4.6,4.7,4.6,4.7,42436
PHPMF1,21-12-14,4.6,4.7,4.6,4.7,138797
PHPMF1,22-12-14,4.6,4.7,4.5,4.6,78497
PHPMF1,23-12-14,4.6,4.7,4.5,4.6,170093
PHPMF1,24-12-14,4.5,4.7,4.5,4.6,97148
PHPMF1,28-12-14,4.5,4.6,4.5,4.5,370283
PHPMF1,29-12-14,4.5,4.6,4.5,4.5,55656
PHPMF1,30-12-14,4.5,4.8,4.5,4.7,324505
POPULAR1MF,01-01-14,6,6.1,6,6,137000
POPULAR1MF,01-02-14,6,6.2,6,6,200500
POPULAR1MF,01-06-14,6.1,6.1,6,6,481500
POPULAR1MF,01-07-14,6,6.1,6,6,306500
POPULAR1MF,01-08-14,6,6.1,6,6,348500
POPULAR1MF,01-09-14,6.1,6.1,6,6,313500
POPULAR1MF,01-12-14,6.1,6.2,6,6.1,809500
POPULAR1MF,13-01-14,6.1,6.2,6,6.1,318500
POPULAR1MF,15-01-14,6.2,6.3,6.1,6.2,288000
POPULAR1MF,16-01-14,6.3,6.3,6.1,6.2,374500
POPULAR1MF,19-01-14,6.3,6.4,6.3,6.3,1415000
POPULAR1MF,20-01-14,6.4,6.5,6.3,6.3,554000
POPULAR1MF,21-01-14,6.3,6.5,6.3,6.4,1192500
POPULAR1MF,22-01-14,6.4,6.7,6.4,6.6,1693000
POPULAR1MF,23-01-14,6.7,7,6.6,6.9,2527500
POPULAR1MF,26-01-14,7,7.1,6.9,6.9,3704000
POPULAR1MF,27-01-14,7,7,6.7,6.8,1268000
POPULAR1MF,28-01-14,6.8,6.9,6.7,6.7,1489500
POPULAR1MF,29-01-14,6.6,7.1,6.6,6.8,2278500
POPULAR1MF,30-01-14,7,7,6.8,6.8,1187000
POPULAR1MF,02-02-14,6.8,6.9,6.7,6.8,1298500
POPULAR1MF,02-03-14,6.8,6.9,6.7,6.8,1484500
POPULAR1MF,02-04-14,7,7.1,6.9,7,2753500
POPULAR1MF,02-05-14,7,7.1,6.9,7,785500
POPULAR1MF,02-06-14,7,7.1,6.9,6.9,603000
POPULAR1MF,02-09-14,7,7.1,6.7,6.8,1293500
POPULAR1MF,02-10-14,6.8,6.9,6.7,6.7,1131500
POPULAR1MF,02-11-14,6.7,6.8,6.7,6.7,485500
POPULAR1MF,02-12-14,6.7,6.9,6.7,6.8,548500
POPULAR1MF,13-02-14,6.8,6.9,6.7,6.7,398500
POPULAR1MF,16-02-14,6.7,6.9,6.7,6.8,357500
POPULAR1MF,17-02-14,6.7,6.9,6.7,6.7,456000
POPULAR1MF,18-02-14,6.7,6.8,6.7,6.7,580000
POPULAR1MF,19-02-14,6.8,7,6.7,6.8,778000
POPULAR1MF,20-02-14,6.9,7,6.8,6.9,1141500
POPULAR1MF,23-02-14,6.9,7,6.8,6.9,837000
POPULAR1MF,24-02-14,6.9,7.1,6.8,6.9,1378500
POPULAR1MF,25-02-14,6.9,7,6.9,6.9,1061500
POPULAR1MF,26-02-14,6.9,7,6.8,6.8,541500
POPULAR1MF,27-02-14,6.8,6.9,6.8,6.8,311000
POPULAR1MF,03-02-14,6.8,6.9,6.8,6.8,345500
POPULAR1MF,03-03-14,6.7,6.8,6.7,6.7,279000
POPULAR1MF,03-04-14,6.7,6.9,6.7,6.7,880500
POPULAR1MF,03-05-14,6.7,6.8,6.7,6.7,152500
POPULAR1MF,03-06-14,6.8,6.8,6.7,6.7,268500
POPULAR1MF,03-09-14,6.7,6.9,6.7,6.7,681500
POPULAR1MF,03-10-14,6.7,6.8,6.7,6.7,800000
POPULAR1MF,03-11-14,6.7,6.7,6.6,6.6,479000
POPULAR1MF,03-12-14,6.6,6.7,6.6,6.6,263500
POPULAR1MF,13-03-14,6.6,6.7,6.5,6.5,166000
POPULAR1MF,16-03-14,6.5,6.6,6.5,6.5,204000
POPULAR1MF,18-03-14,6.5,6.6,6.4,6.5,146500
POPULAR1MF,19-03-14,6.3,6.5,6.3,6.4,209500
POPULAR1MF,20-03-14,6.3,6.5,6.3,6.4,46500
POPULAR1MF,23-03-14,6.4,6.4,6.3,6.3,204000
POPULAR1MF,24-03-14,6.2,6.4,6.2,6.2,220500
POPULAR1MF,25-03-14,6.1,6.3,6.1,6.3,94000
POPULAR1MF,27-03-14,6.3,6.4,6.3,6.3,148000
POPULAR1MF,30-03-14,6.2,6.3,6.2,6.2,253000
POPULAR1MF,31-03-14,6.2,6.4,6.2,6.3,69500
POPULAR1MF,04-01-14,6.3,6.4,6.2,6.3,379500
POPULAR1MF,04-02-14,6.3,6.6,6.3,6.4,609000
POPULAR1MF,04-03-14,6.4,6.5,6.4,6.4,410500
POPULAR1MF,04-06-14,6.4,6.5,6.4,6.4,144000
POPULAR1MF,04-07-14,6.3,6.4,6.3,6.3,501500
POPULAR1MF,04-08-14,6.4,6.5,6.4,6.4,234500
POPULAR1MF,04-09-14,6.4,6.5,6.4,6.4,191000
POPULAR1MF,04-10-14,6.5,6.6,6.4,6.4,111000
POPULAR1MF,13-04-14,6.4,6.5,6.4,6.4,139000
POPULAR1MF,15-04-14,6.4,6.5,6.4,6.4,533500
POPULAR1MF,16-04-14,6.4,6.4,6.3,6.3,317000
POPULAR1MF,17-04-14,6.3,6.6,6.3,6.4,328000
POPULAR1MF,20-04-14,6.4,6.6,6.4,6.5,280000
POPULAR1MF,21-04-14,6.5,6.7,6.4,6.6,448500
POPULAR1MF,22-04-14,6.6,7,6.6,6.8,724500
POPULAR1MF,23-04-14,6.8,7,6.8,6.9,907000
POPULAR1MF,24-04-14,6.9,7.1,6.9,6.9,1151000
POPULAR1MF,27-04-14,7,7.1,6.8,6.8,320000
POPULAR1MF,28-04-14,6.8,7,6.8,6.8,433500
POPULAR1MF,29-04-14,6.9,7,6.8,6.9,473000
POPULAR1MF,30-04-14,6.8,6.9,6.8,6.8,461000
POPULAR1MF,05-04-14,6.8,6.9,6.6,6.8,746000
POPULAR1MF,05-05-14,6.5,6.8,6.5,6.7,489500
POPULAR1MF,05-06-14,6.7,6.8,6.7,6.7,553000
POPULAR1MF,05-07-14,6.8,6.8,6.7,6.7,133500
POPULAR1MF,05-08-14,6.8,6.8,6.7,6.8,185000
POPULAR1MF,05-11-14,6.7,6.9,6.7,6.8,655000
POPULAR1MF,05-12-14,6.7,6.9,6.6,6.7,574000
POPULAR1MF,14-05-14,6.7,6.8,6.7,6.7,240500
POPULAR1MF,15-05-14,6.7,6.7,6.6,6.6,432500
POPULAR1MF,18-05-14,6.6,6.7,6.6,6.6,251500
POPULAR1MF,19-05-14,6.6,6.7,6.6,6.6,415500
POPULAR1MF,20-05-14,6.6,6.7,6.4,6.7,819500
POPULAR1MF,21-05-14,6.6,6.7,6.6,6.6,383500
POPULAR1MF,22-05-14,6.6,6.7,6.6,6.6,422000
POPULAR1MF,25-05-14,6.5,6.6,6.5,6.6,356000
POPULAR1MF,26-05-14,6.5,6.6,6.4,6.5,176000
POPULAR1MF,27-05-14,6.5,6.7,6.5,6.6,355000
POPULAR1MF,28-05-14,6.6,6.6,6.5,6.5,634000
POPULAR1MF,29-05-14,6.5,6.6,6.5,6.5,208500
POPULAR1MF,06-01-14,6.5,6.5,6.5,6.5,153500
POPULAR1MF,06-02-14,6.4,6.5,6.4,6.4,686500
POPULAR1MF,06-03-14,6.4,6.4,6.3,6.3,137000
POPULAR1MF,06-04-14,6.3,6.4,6.1,6.1,453000
POPULAR1MF,06-05-14,6.2,6.3,6,6.1,1795500
POPULAR1MF,06-08-14,6.2,6.2,6,6.1,328500
POPULAR1MF,06-09-14,6.1,6.3,6.1,6.1,348000
POPULAR1MF,06-10-14,6.1,6.2,6.1,6.2,635500
POPULAR1MF,06-11-14,6.1,6.2,6,6,332000
POPULAR1MF,06-12-14,6.1,6.4,6.1,6.3,206000
POPULAR1MF,15-06-14,6.2,6.3,6.2,6.2,130000
POPULAR1MF,16-06-14,6.3,6.3,6.2,6.2,278500
POPULAR1MF,17-06-14,6.1,6.2,6.1,6.1,197000
POPULAR1MF,18-06-14,6.1,6.2,6.1,6.1,166000
POPULAR1MF,19-06-14,6.2,6.3,6.1,6.2,384000
POPULAR1MF,22-06-14,6.2,6.3,6.2,6.2,42500
POPULAR1MF,23-06-14,6.2,6.3,6.1,6.2,260500
POPULAR1MF,24-06-14,6.1,6.3,6.1,6.2,146000
POPULAR1MF,25-06-14,6.2,6.4,6.2,6.3,216000
POPULAR1MF,26-06-14,6.3,6.5,6.3,6.3,208500
POPULAR1MF,29-06-14,6.3,6.7,6.3,6.5,302000
POPULAR1MF,30-06-14,6.4,6.6,6.4,6.5,152000
POPULAR1MF,07-02-14,6.4,6.4,6.1,6.3,579500
POPULAR1MF,07-03-14,6.3,6.3,6.2,6.2,82500
POPULAR1MF,07-06-14,6.2,6.2,6.2,6.2,175500
POPULAR1MF,07-07-14,6.2,6.2,6.1,6.2,33500
POPULAR1MF,07-08-14,6.1,6.2,6.1,6.1,70000
POPULAR1MF,07-09-14,6.1,6.1,6.1,6.1,24000
POPULAR1MF,07-10-14,6.1,6.1,6,6,66500
POPULAR1MF,13-07-14,6.1,6.1,6,6,59500
POPULAR1MF,14-07-14,6.1,6.1,6,6.1,57000
POPULAR1MF,15-07-14,6,6.2,6,6.1,51000
POPULAR1MF,16-07-14,6.1,6.2,6.1,6.1,69500
POPULAR1MF,17-07-14,6.1,6.2,6.1,6.1,95500
POPULAR1MF,20-07-14,6.1,6.3,6.1,6.2,310000
POPULAR1MF,21-07-14,6.1,6.2,6.1,6.2,166000
POPULAR1MF,22-07-14,6.3,6.4,6.2,6.2,240500
POPULAR1MF,23-07-14,6.2,6.2,6.1,6.1,334000
POPULAR1MF,24-07-14,6.1,6.2,6.1,6.1,241500
POPULAR1MF,08-03-14,6.1,6.2,5.9,6,679500
POPULAR1MF,08-04-14,6.1,6.2,6,6,305500
POPULAR1MF,08-05-14,6,6.1,6,6,199500
POPULAR1MF,08-06-14,6,6.1,6,6,227500
POPULAR1MF,08-07-14,6.1,6.2,6,6,345000
POPULAR1MF,08-10-14,6.1,6.2,6,6,377000
POPULAR1MF,08-11-14,6,6.3,6,6.1,370500
POPULAR1MF,08-12-14,6.1,6.3,6,6.1,818500
POPULAR1MF,13-08-14,6.2,6.3,6.2,6.2,389500
POPULAR1MF,14-08-14,6.3,6.3,6.2,6.2,259000
POPULAR1MF,18-08-14,6.7,6.8,6.2,6.3,2026000
POPULAR1MF,19-08-14,6.3,6.4,6.2,6.2,754000
POPULAR1MF,20-08-14,6.1,6.3,6,6.1,597500
POPULAR1MF,21-08-14,6.2,6.2,5.9,5.9,1109000
POPULAR1MF,24-08-14,6,6.1,5.9,5.9,653500
POPULAR1MF,25-08-14,5.9,6.1,5.9,6,632500
POPULAR1MF,26-08-14,6,6.1,5.9,6,409500
POPULAR1MF,27-08-14,6.1,6.2,5.9,6,281000
POPULAR1MF,28-08-14,6,6,5.9,5.9,254000
POPULAR1MF,31-08-14,5.9,6,5.9,5.9,260000
POPULAR1MF,09-02-14,5.1,5.5,5.1,5.2,459500
POPULAR1MF,09-03-14,5.3,5.4,5.2,5.3,535500
POPULAR1MF,09-04-14,5.2,5.4,5.1,5.2,1173500
POPULAR1MF,09-07-14,5.3,5.3,5.2,5.2,173500
POPULAR1MF,09-08-14,5.1,5.3,5.1,5.1,309000
POPULAR1MF,09-09-14,5.1,5.3,5.1,5.1,346500
POPULAR1MF,09-10-14,5.1,5.2,5,5,678000
POPULAR1MF,09-11-14,5,5.2,5,5,810500
POPULAR1MF,14-09-14,5,5.2,4.8,5,891500
POPULAR1MF,15-09-14,5,5.1,5,5,207000
POPULAR1MF,16-09-14,5,5,4.9,4.9,338500
POPULAR1MF,17-09-14,5,5,4.9,4.9,225000
POPULAR1MF,18-09-14,5,5.1,4.9,5,633500
POPULAR1MF,21-09-14,5,5.3,5,5.1,726000
POPULAR1MF,22-09-14,5.1,5.2,5,5,462500
POPULAR1MF,23-09-14,5,5.3,5,5.2,726000
POPULAR1MF,24-09-14,5.2,5.3,5.1,5.1,519500
POPULAR1MF,25-09-14,5.2,5.2,5.1,5.1,539500
POPULAR1MF,28-09-14,5.2,5.3,5.1,5.1,305000
POPULAR1MF,29-09-14,5.1,5.2,5,5,645000
POPULAR1MF,30-09-14,5.2,5.3,5.1,5.1,611500
POPULAR1MF,10-01-14,5.1,5.2,5.1,5.1,693500
POPULAR1MF,10-02-14,5.1,5.5,5.1,5.4,1773500
POPULAR1MF,10-12-14,5.4,5.9,5.3,5.8,3219000
POPULAR1MF,13-10-14,6,6.1,5.8,5.8,826000
POPULAR1MF,14-10-14,5.9,5.9,5.6,5.6,298500
POPULAR1MF,15-10-14,5.6,6,5.6,5.8,756000
POPULAR1MF,16-10-14,5.9,5.9,5.7,5.7,537500
POPULAR1MF,19-10-14,5.7,5.8,5.5,5.5,535000
POPULAR1MF,20-10-14,5.5,5.5,5.3,5.4,462000
POPULAR1MF,21-10-14,5.4,5.6,5.4,5.5,626000
POPULAR1MF,22-10-14,5.5,5.6,5.4,5.4,407000
POPULAR1MF,23-10-14,5.5,5.5,5.2,5.2,1323000
POPULAR1MF,26-10-14,5.3,5.4,5.2,5.3,390000
POPULAR1MF,27-10-14,5.3,5.3,5.2,5.2,339500
POPULAR1MF,28-10-14,5.3,5.4,5.2,5.2,477500
POPULAR1MF,29-10-14,5.2,5.3,5.2,5.2,714000
POPULAR1MF,30-10-14,5.3,5.4,5.2,5.3,486500
POPULAR1MF,11-02-14,5.4,5.4,5.2,5.3,906000
POPULAR1MF,11-03-14,5.3,5.4,5.2,5.2,175500
POPULAR1MF,11-05-14,5.2,5.3,5.1,5.1,969000
POPULAR1MF,11-06-14,5.1,5.3,5.1,5.1,372000
POPULAR1MF,11-09-14,5.1,5.2,5.1,5.1,489000
POPULAR1MF,11-10-14,5.1,5.2,5.1,5.1,190500
POPULAR1MF,11-11-14,5.1,5.2,5.1,5.1,418000
POPULAR1MF,11-12-14,5.1,5.2,5.1,5.1,184000
POPULAR1MF,13-11-14,5.2,5.3,5.2,5.2,146000
POPULAR1MF,16-11-14,5.1,5.2,5.1,5.1,131500
POPULAR1MF,17-11-14,5.1,5.2,4.9,4.9,742000
POPULAR1MF,18-11-14,4.9,5,4.9,4.9,576000
POPULAR1MF,19-11-14,4.9,5.1,4.9,5,201000
POPULAR1MF,20-11-14,5,5,4.9,4.9,114500
POPULAR1MF,23-11-14,4.9,5,4.9,4.9,87500
POPULAR1MF,24-11-14,4.9,4.9,4.8,4.8,413000
POPULAR1MF,25-11-14,4.9,4.9,4.9,4.9,108500
POPULAR1MF,26-11-14,4.9,4.9,4.8,4.8,180000
POPULAR1MF,27-11-14,4.8,5,4.8,4.8,103500
POPULAR1MF,30-11-14,4.9,4.9,4.8,4.8,46500
POPULAR1MF,12-01-14,4.9,4.9,4.9,4.9,481000
POPULAR1MF,12-02-14,4.9,5,4.8,4.8,234000
POPULAR1MF,12-03-14,4.9,4.9,4.8,4.8,307500
POPULAR1MF,12-04-14,4.8,5,4.8,4.9,62500
POPULAR1MF,12-07-14,4.8,5,4.8,4.9,536500
POPULAR1MF,12-08-14,5,5,4.9,4.9,601000
POPULAR1MF,12-09-14,4.9,5.1,4.9,4.9,308500
POPULAR1MF,12-10-14,5,5,4.9,4.9,74500
POPULAR1MF,12-11-14,4.8,5,4.8,4.8,96120
POPULAR1MF,14-12-14,4.8,4.9,4.8,4.8,48500
POPULAR1MF,15-12-14,4.8,4.9,4.8,4.8,226346
POPULAR1MF,17-12-14,4.8,4.9,4.8,4.9,226366
POPULAR1MF,18-12-14,4.8,5,4.8,4.9,57893
POPULAR1MF,21-12-14,4.8,4.9,4.8,4.8,220773
POPULAR1MF,22-12-14,4.9,5,4.9,5,210619
POPULAR1MF,23-12-14,4.9,5,4.9,4.9,92512
POPULAR1MF,24-12-14,4.9,5,4.8,4.9,90017
POPULAR1MF,28-12-14,4.9,5,4.8,4.9,234006
POPULAR1MF,29-12-14,4.9,5,4.8,4.9,243158
POPULAR1MF,30-12-14,5,5,4.9,5,107831
RNSPIN,01-01-14,34,34.6,33.3,33.3,4895250
RNSPIN,01-02-14,33.2,36.5,33,35.5,1493000
RNSPIN,01-06-14,36,37,34.7,34.8,981750
RNSPIN,01-07-14,35,35.9,34.8,35.5,710500
RNSPIN,01-08-14,35.9,36.4,35.4,35.6,758250
RNSPIN,01-09-14,35.7,36.3,35.7,35.8,597000
RNSPIN,01-12-14,36.2,36.5,35.4,35.6,796750
RNSPIN,13-01-14,36,36,35,35,863750
RNSPIN,15-01-14,35,35.4,34.7,34.8,1147500
RNSPIN,16-01-14,34.8,35.2,34.4,34.5,762500
RNSPIN,19-01-14,34.6,34.6,33.5,33.6,1279500
RNSPIN,20-01-14,34.3,34.5,33.7,34,681500
RNSPIN,21-01-14,34.5,34.5,33.5,33.6,1602250
RNSPIN,22-01-14,33.8,34.5,33.7,34.3,639750
RNSPIN,23-01-14,34.3,35.9,34.2,35,718750
RNSPIN,26-01-14,35.1,36.5,35,36.1,1044250
RNSPIN,27-01-14,36,37.4,35.8,36.8,1317750
RNSPIN,28-01-14,35,35.9,34,34.5,1973500
RNSPIN,29-01-14,34.5,35,34.3,34.4,536500
RNSPIN,30-01-14,34.4,35,34.1,34.2,785500
RNSPIN,02-02-14,34.1,34.4,33.8,33.9,839250
RNSPIN,02-03-14,33.8,34,33.6,33.6,799000
RNSPIN,02-04-14,33.6,33.8,32.8,32.9,1321250
RNSPIN,02-05-14,33.4,33.5,33,33,498750
RNSPIN,02-06-14,33.4,34.1,32.9,33,692750
RNSPIN,02-09-14,33.2,33.2,32.6,32.7,704500
RNSPIN,02-10-14,33,33,32.4,32.4,508750
RNSPIN,02-11-14,32.6,32.7,32.1,32.1,366000
RNSPIN,02-12-14,32.3,32.4,32,32,610500
RNSPIN,13-02-14,32.1,32.1,31.6,31.7,586750
RNSPIN,16-02-14,31.8,32,30.8,31,415250
RNSPIN,17-02-14,31.1,31.7,30.9,31.1,226000
RNSPIN,18-02-14,31.3,31.6,30.7,30.8,326750
RNSPIN,19-02-14,30.4,30.9,30,30.3,474750
RNSPIN,20-02-14,31,31.2,30.1,30.2,732500
RNSPIN,23-02-14,31,31,30.1,30.2,421250
RNSPIN,24-02-14,30.7,30.7,29.9,30,452250
RNSPIN,25-02-14,30,30.4,29.6,29.7,1126000
RNSPIN,26-02-14,29.7,30,29.5,29.7,301750
RNSPIN,27-02-14,30,30.5,29.7,29.9,340750
RNSPIN,03-02-14,30,31.6,29.9,30.8,234000
RNSPIN,03-03-14,31.1,32.7,31,31.8,510750
RNSPIN,03-04-14,31.9,32.4,31.5,31.6,243250
RNSPIN,03-05-14,31.8,32,30.9,31.1,173250
RNSPIN,03-06-14,31.4,31.4,30.9,31.2,157500
RNSPIN,03-09-14,31.1,31.3,30.4,30.4,273750
RNSPIN,03-10-14,30.4,30.9,30.4,30.6,211250
RNSPIN,03-11-14,30.5,30.6,30,30.1,226500
RNSPIN,03-12-14,30.6,30.6,29.8,29.9,248000
RNSPIN,13-03-14,30.1,30.1,29.8,29.9,159250
RNSPIN,16-03-14,29.9,29.9,29.5,29.6,212750
RNSPIN,18-03-14,29.9,30,29.8,29.8,129500
RNSPIN,19-03-14,30,30.9,29.8,30.2,262500
RNSPIN,20-03-14,30.2,30.9,30.2,30.5,170500
RNSPIN,23-03-14,30.5,30.9,30.1,30.2,185500
RNSPIN,24-03-14,30.2,30.3,29.6,29.7,127250
RNSPIN,25-03-14,29.9,30,29.7,29.7,173500
RNSPIN,27-03-14,30.1,30.2,29.7,29.8,143750
RNSPIN,30-03-14,29.6,29.8,29.1,29.4,210000
RNSPIN,31-03-14,29.2,29.6,29.1,29.2,221750
RNSPIN,04-01-14,30,30.4,29.5,29.6,237250
RNSPIN,04-02-14,29.5,29.8,29.3,29.3,284250
RNSPIN,04-03-14,29.5,29.6,29.3,29.3,151000
RNSPIN,04-06-14,29.2,29.6,29.2,29.2,213500
RNSPIN,04-07-14,29.1,29.7,28.8,28.9,376000
RNSPIN,04-08-14,28.8,29,28.5,28.5,334750
RNSPIN,04-09-14,28.9,29,27.8,27.9,304500
RNSPIN,04-10-14,28,28.2,26.6,26.9,313000
RNSPIN,13-04-14,26.7,27,26,26.1,162250
RNSPIN,15-04-14,26.3,26.8,26,26.3,155250
RNSPIN,16-04-14,26.1,26.9,25.8,25.8,517000
RNSPIN,17-04-14,26,27.3,25.6,26.8,408750
RNSPIN,20-04-14,26.8,29.4,26.8,29.4,320750
RNSPIN,21-04-14,30.9,31.7,29.7,29.8,445000
RNSPIN,22-04-14,29.8,30.6,29.5,30.3,295750
RNSPIN,23-04-14,30,30.3,29.2,29.2,190500
RNSPIN,24-04-14,29.9,29.9,29.3,29.6,280750
RNSPIN,27-04-14,29.8,29.8,27.6,27.9,276500
RNSPIN,28-04-14,28.9,30.4,28,28.4,957000
RNSPIN,29-04-14,28.5,28.5,27.5,27.6,351250
RNSPIN,30-04-14,28.5,28.5,27.5,27.8,229500
RNSPIN,05-04-14,27.8,27.9,26.1,26.5,296000
RNSPIN,05-05-14,26.3,27.2,26.2,26.3,303500
RNSPIN,05-06-14,26.5,27.2,26.5,27,161500
RNSPIN,05-07-14,27,27.7,26.9,27.5,125000
RNSPIN,05-08-14,27.5,27.9,27.1,27.5,88750
RNSPIN,05-11-14,27.5,27.6,26.9,27,129000
RNSPIN,05-12-14,27,27,26.9,26.9,262750
RNSPIN,14-05-14,27,27.1,26.5,26.7,238000
RNSPIN,15-05-14,26.7,26.9,26.4,26.7,177000
RNSPIN,18-05-14,27,27,26.4,26.4,83250
RNSPIN,19-05-14,26.3,26.7,26.3,26.6,121250
RNSPIN,20-05-14,26.6,26.6,26.2,26.3,222000
RNSPIN,21-05-14,26.4,26.6,26.4,26.4,168250
RNSPIN,22-05-14,26.4,26.5,26.2,26.2,87000
RNSPIN,25-05-14,26,26.3,26,26,144500
RNSPIN,26-05-14,26.1,26.1,25.7,25.7,159000
RNSPIN,27-05-14,25.6,26,25.6,25.9,128250
RNSPIN,28-05-14,26,26,25.4,25.6,144750
RNSPIN,29-05-14,25.8,25.8,25,25,440500
RNSPIN,06-01-14,25.7,25.7,25,25.1,202250
RNSPIN,06-02-14,25.5,25.5,24.9,24.9,198500
RNSPIN,06-03-14,25.2,25.5,24.8,25.3,249750
RNSPIN,06-04-14,25.5,25.5,24.8,24.8,211500
RNSPIN,06-05-14,24.9,25.8,24.8,25,144750
RNSPIN,06-08-14,25,25.4,24.9,25,168750
RNSPIN,06-09-14,25.5,25.7,25.3,25.4,194500
RNSPIN,06-10-14,25.8,26.1,25.5,25.8,175250
RNSPIN,06-11-14,25.9,27.9,25.9,27.1,380000
RNSPIN,06-12-14,27.5,27.8,27.3,27.6,251000
RNSPIN,15-06-14,27.6,28.1,27.1,27.1,251750
RNSPIN,16-06-14,27.1,27.1,26.2,26.4,131750
RNSPIN,17-06-14,26.5,26.6,25.7,25.9,117000
RNSPIN,18-06-14,26,26,25.6,25.6,163750
RNSPIN,19-06-14,25.8,26.5,25.6,26.1,117750
RNSPIN,22-06-14,26.3,27.7,26.3,27.3,314750
RNSPIN,23-06-14,27.4,27.9,26.7,26.7,308000
RNSPIN,24-06-14,26.5,27,26.5,26.8,83250
RNSPIN,25-06-14,27.4,27.4,26.9,27,128000
RNSPIN,26-06-14,27,29,25.5,25.8,564500
RNSPIN,29-06-14,26.1,26.2,25.6,25.6,307750
RNSPIN,30-06-14,25.7,25.9,25.3,25.4,147250
RNSPIN,07-02-14,25.2,25.5,25.2,25.2,171750
RNSPIN,07-03-14,25.1,25.5,24.9,25,207000
RNSPIN,07-06-14,25,25.2,24.9,25.1,155000
RNSPIN,07-07-14,25.1,25.4,25.1,25.3,66750
RNSPIN,07-08-14,25,25.4,25,25.1,104250
RNSPIN,07-09-14,25.3,25.5,24.9,24.9,216000
RNSPIN,07-10-14,25,25.5,25,25.3,167000
RNSPIN,13-07-14,25.6,25.9,25.3,25.6,254250
RNSPIN,14-07-14,25.9,26.5,25.9,26.4,240750
RNSPIN,15-07-14,26.3,26.3,25.4,25.4,125500
RNSPIN,16-07-14,25.4,25.9,25.4,25.5,133500
RNSPIN,17-07-14,25.9,25.9,25.2,25.4,113750
RNSPIN,20-07-14,25.4,25.4,25,25,298500
RNSPIN,21-07-14,25.1,25.5,24.9,24.9,230500
RNSPIN,22-07-14,24.9,25.3,24.9,25,200250
RNSPIN,23-07-14,25,25.4,25,25.2,175000
RNSPIN,24-07-14,25.2,26,25.1,25.7,186750
RNSPIN,08-03-14,25.8,25.8,24.2,24.7,382500
RNSPIN,08-04-14,24.6,24.8,24.2,24.3,336500
RNSPIN,08-05-14,24.3,24.5,23.9,24,394250
RNSPIN,08-06-14,24,24.2,23.9,23.9,294250
RNSPIN,08-07-14,23.9,24.2,23.7,23.8,299250
RNSPIN,08-10-14,24.1,24.1,23,23,795000
RNSPIN,08-11-14,23.8,24.2,23,23.5,411500
RNSPIN,08-12-14,23.5,24.3,23.4,23.7,374500
RNSPIN,13-08-14,24,24.1,23.4,23.5,252250
RNSPIN,14-08-14,23.7,24.4,23.4,23.6,366750
RNSPIN,18-08-14,23.7,24,23.6,23.8,192750
RNSPIN,19-08-14,23.8,23.9,23.3,23.4,303750
RNSPIN,20-08-14,23.6,23.8,23.2,23.2,239500
RNSPIN,21-08-14,23.4,23.7,23.1,23.1,226500
RNSPIN,24-08-14,23.2,23.5,22.9,22.9,300250
RNSPIN,25-08-14,23,23.1,22.7,22.9,146500
RNSPIN,26-08-14,23,23.8,22.9,23.1,361500
RNSPIN,27-08-14,23.4,23.5,23,23,151750
RNSPIN,28-08-14,23,23.4,23,23.1,237500
RNSPIN,31-08-14,24,24,23.2,23.3,176750
RNSPIN,09-01-14,23.1,24.3,23.1,24,503250
RNSPIN,09-02-14,24.2,26.4,24.2,25.7,1220500
RNSPIN,09-03-14,26.2,27.9,26.2,26.9,1201500
RNSPIN,09-04-14,26,26.6,25.5,26.1,431250
RNSPIN,09-07-14,26.5,27,25.8,25.8,282250
RNSPIN,09-08-14,25.8,26.6,25.8,26,255000
RNSPIN,09-09-14,26.1,26.1,25.7,25.7,170000
RNSPIN,09-10-14,25.5,25.7,24.9,25,304750
RNSPIN,09-11-14,25,25.2,24.8,25,128500
RNSPIN,14-09-14,25.5,25.5,24.3,24.5,203000
RNSPIN,15-09-14,24.9,24.9,23.8,23.9,283000
RNSPIN,16-09-14,24.1,24.3,23.5,23.8,576000
RNSPIN,17-09-14,24.8,25.5,23.7,23.8,332250
RNSPIN,18-09-14,23.7,24.1,23.6,23.7,402250
RNSPIN,21-09-14,24.9,25.1,23.7,23.9,677500
RNSPIN,22-09-14,24.2,24.8,23.9,24.1,266000
RNSPIN,23-09-14,24.2,24.3,23.9,24,298250
RNSPIN,24-09-14,24,24.3,23.6,23.6,557500
RNSPIN,25-09-14,24,24.4,23.5,23.6,401750
RNSPIN,28-09-14,23.6,24.4,23.6,23.9,391500
RNSPIN,29-09-14,24.4,25.5,24,25.2,572750
RNSPIN,30-09-14,25,26.2,24.6,25.2,471750
RNSPIN,10-01-14,25.4,25.5,24.8,24.9,128250
RNSPIN,10-02-14,25.2,25.6,25,25.3,430750
RNSPIN,10-12-14,26.8,26.9,26,26.7,458250
RNSPIN,13-10-14,27,27.6,26.5,27.2,575250
RNSPIN,14-10-14,27.6,27.9,26.6,26.7,609750
RNSPIN,15-10-14,26.4,26.9,26.3,26.5,337250
RNSPIN,16-10-14,26.1,26.5,25.7,25.7,388000
RNSPIN,19-10-14,25.8,26,25.5,25.5,237250
RNSPIN,20-10-14,26,26,25.4,25.8,270250
RNSPIN,21-10-14,26,27,25.8,25.9,320750
RNSPIN,22-10-14,25.5,25.5,24.3,24.4,667750
RNSPIN,23-10-14,24.3,24.3,23.7,23.8,281000
RNSPIN,26-10-14,23.9,23.9,22.8,22.9,599500
RNSPIN,27-10-14,23,23.4,22.6,22.7,462250
RNSPIN,28-10-14,23.1,23.2,22.7,22.9,343500
RNSPIN,29-10-14,23.4,23.4,22.5,22.6,611500
RNSPIN,30-10-14,23,23.8,22.9,23.4,160500
RNSPIN,11-02-14,22.5,23.2,22.5,22.6,450750
RNSPIN,11-03-14,22.6,23,22.5,22.6,171000
RNSPIN,11-05-14,23.4,23.5,22.9,23,363250
RNSPIN,11-06-14,23.2,23.5,23,23.1,174500
RNSPIN,11-09-14,23.2,23.8,23.1,23.5,302000
RNSPIN,11-10-14,23.7,24.2,23.5,24,347750
RNSPIN,11-11-14,24.2,25.1,24.1,24.3,347500
RNSPIN,11-12-14,24.2,24.6,23.8,24,418000
RNSPIN,13-11-14,24.4,24.4,23.8,23.8,191750
RNSPIN,16-11-14,24,24,23.7,23.8,280500
RNSPIN,17-11-14,24,24.1,23.9,23.9,440000
RNSPIN,18-11-14,24,24,23.8,23.8,236250
RNSPIN,19-11-14,23.9,24.1,23.7,23.8,138500
RNSPIN,20-11-14,23.9,23.9,23.7,23.7,250250
RNSPIN,23-11-14,24,26,24,25.9,1704750
RNSPIN,24-11-14,26.1,26.7,25.2,25.6,1089000
RNSPIN,25-11-14,25.8,28.1,25.8,28,3074250
RNSPIN,26-11-14,28.5,30.8,28,28.1,2251250
RNSPIN,27-11-14,28.4,29.3,27.5,28,1025000
RNSPIN,30-11-14,28.2,29.4,27.9,28,968500
RNSPIN,12-01-14,28.4,29.9,28.4,29.6,778000
RNSPIN,12-02-14,29.9,30.8,28.4,29,1093750
RNSPIN,12-03-14,29,29,26.6,27.3,791750
RNSPIN,12-04-14,28,30,27.2,29.8,2053500
RNSPIN,12-07-14,31.2,32.7,31.2,32.7,576750
RNSPIN,12-08-14,35.9,35.9,31.7,32.5,2942750
RNSPIN,12-09-14,32.9,33,29.5,30.2,1373000
RNSPIN,12-10-14,30.7,33.2,29,32.8,1675000
RNSPIN,12-11-14,34,34,30.5,32.8,388101
RNSPIN,14-12-14,36.1,36.1,32.1,32.8,2199660
RNSPIN,15-12-14,32.8,32.8,29.5,29.6,880182
RNSPIN,17-12-14,29.8,29.8,27,27.3,827827
RNSPIN,18-12-14,28.8,29.9,27.3,29.5,353535
RNSPIN,21-12-14,31.5,31.5,28.5,28.9,469083
RNSPIN,22-12-14,28.6,29.5,28,28.1,838157
RNSPIN,23-12-14,28,28.4,27.6,28,326053
RNSPIN,24-12-14,27.6,27.6,25.8,26.6,788953
RNSPIN,28-12-14,26.3,27.9,26.3,27.3,219435
RNSPIN,29-12-14,27.5,28.4,27.3,27.6,277036
RNSPIN,30-12-14,27.5,29.2,27.5,29,399484
1JANATAMF,01-01-15,5.1,5.3,5.1,5.3,91470
1JANATAMF,01-05-15,5.1,5.2,5.1,5.1,26123
1JANATAMF,01-06-15,5.2,5.3,5.1,5.2,78987
1JANATAMF,01-07-15,5.1,5.2,5.1,5.2,98861
1JANATAMF,01-08-15,5.1,5.3,5,5.2,103256
1JANATAMF,01-11-15,5.1,5.2,5.1,5.2,64717
1JANATAMF,01-12-15,5.1,5.2,5.1,5.1,34650
1JANATAMF,13-01-15,5.1,5.2,5.1,5.1,86072
1JANATAMF,14-01-15,5.2,5.3,5.1,5.2,113400
1JANATAMF,15-01-15,5.1,5.3,5.1,5.2,284893
1JANATAMF,18-01-15,5.2,5.2,5.1,5.1,61432
1JANATAMF,19-01-15,5.1,5.3,5.1,5.2,242408
1JANATAMF,20-01-15,5.1,5.2,5.1,5.1,20924
1JANATAMF,21-01-15,5.1,5.2,5.1,5.1,73675
1JANATAMF,22-01-15,5.1,5.2,5.1,5.1,19805
1JANATAMF,25-01-15,5.1,5.1,5,5,22283
1JANATAMF,26-01-15,5,5.1,4.9,5,38128
1JANATAMF,27-01-15,5,5.1,5,5.1,142284
1JANATAMF,28-01-15,5.1,5.2,5.1,5.1,63154
1JANATAMF,29-01-15,5.1,5.1,5,5.1,32330
1JANATAMF,02-01-15,5,5,4.8,5,78515
1JANATAMF,02-02-15,4.9,5,4.9,5,112541
1JANATAMF,02-03-15,4.9,5.2,4.9,5.1,214820
1JANATAMF,02-04-15,5.1,5.2,5,5.1,148262
1JANATAMF,02-05-15,5,5.1,5,5.1,80424
1JANATAMF,02-08-15,5,5.1,5,5,142314
1JANATAMF,02-09-15,5,5.1,4.9,5,63800
1JANATAMF,02-10-15,5,5.1,5,5,69826
1JANATAMF,02-11-15,5,5.1,4.9,5,102914
1JANATAMF,02-12-15,5,5.1,4.9,5,59240
1JANATAMF,15-02-15,5,5.1,5,5,81620
1JANATAMF,16-02-15,5,5.1,5,5,83642
1JANATAMF,17-02-15,5,5.1,5,5,88870
1JANATAMF,18-02-15,5,5.1,5,5,132968
1JANATAMF,19-02-15,4.9,5.1,4.9,5.1,162044
1JANATAMF,22-02-15,5,5,4.9,5,68580
1JANATAMF,23-02-15,5,5,4.9,4.9,94050
1JANATAMF,24-02-15,4.9,5,4.9,5,109090
1JANATAMF,25-02-15,5,5,4.9,5,100346
1JANATAMF,26-02-15,4.9,5,4.9,5,38653
1JANATAMF,03-01-15,5,5,4.9,5,51957
1JANATAMF,03-02-15,4.9,5,4.9,5,95485
1JANATAMF,03-03-15,4.9,5,4.9,4.9,26163
1JANATAMF,03-04-15,5,5,4.9,5,145248
1JANATAMF,03-05-15,4.9,4.9,4.8,4.8,181417
1JANATAMF,03-08-15,4.8,4.9,4.8,4.9,7937
1JANATAMF,03-09-15,4.8,4.9,4.8,4.8,33055
1JANATAMF,03-10-15,4.8,4.9,4.8,4.8,70304
1JANATAMF,03-11-15,4.8,4.8,4.8,4.8,62504
1JANATAMF,03-12-15,4.6,4.8,4.6,4.7,49733
1JANATAMF,15-03-15,4.8,4.8,4.7,4.7,21679
1JANATAMF,16-03-15,4.6,4.8,4.6,4.7,6694
1JANATAMF,18-03-15,4.7,4.8,4.7,4.7,49955
1JANATAMF,19-03-15,4.6,4.9,4.6,4.8,47934
1JANATAMF,22-03-15,4.7,4.9,4.7,4.8,29755
1JANATAMF,23-03-15,4.8,4.9,4.6,4.6,236203
1JANATAMF,24-03-15,4.7,4.8,4.7,4.8,53221
1JANATAMF,25-03-15,4.7,4.7,4.6,4.6,34158
1JANATAMF,29-03-15,4.6,4.7,4.6,4.6,98489
1JANATAMF,30-03-15,4.6,4.7,4.5,4.6,141667
1JANATAMF,31-03-15,4.6,4.6,4.5,4.5,25273
1JANATAMF,04-01-15,4.5,4.6,4.5,4.6,46311
1JANATAMF,04-02-15,4.5,4.6,4.5,4.6,91511
1JANATAMF,04-05-15,4.6,4.6,4.3,4.5,37355
1JANATAMF,04-06-15,4.5,4.5,4.3,4.5,27386
1JANATAMF,04-07-15,4.3,4.4,4.3,4.3,83382
1JANATAMF,04-08-15,4.3,4.5,4.3,4.3,77769
1JANATAMF,04-09-15,4.3,4.3,4.1,4.1,283615
1JANATAMF,04-12-15,4.1,4.3,4.1,4.1,19511
1JANATAMF,13-04-15,4,4.2,4,4.1,32863
1JANATAMF,15-04-15,4.1,4.2,4.1,4.2,51600
1JANATAMF,16-04-15,4.2,4.3,4.1,4.1,52906
1JANATAMF,19-04-15,4.1,4.3,4.1,4.2,55101
1JANATAMF,20-04-15,4.1,4.2,4.1,4.1,35879
1JANATAMF,21-04-15,4.1,4.2,4.1,4.2,54166
1JANATAMF,22-04-15,4.1,4.3,4.1,4.1,58222
1JANATAMF,23-04-15,4.1,4.2,4.1,4.1,80119
1JANATAMF,26-04-15,4.2,4.2,4.1,4.2,30710
1JANATAMF,27-04-15,4.1,4.2,4.1,4.1,593554
1JANATAMF,29-04-15,4.2,4.2,4.1,4.1,37007
1JANATAMF,30-04-15,4.1,4.2,4.1,4.2,80682
1JANATAMF,05-04-15,4.1,4.1,4,4.1,38460
1JANATAMF,05-05-15,4.2,4.2,4,4.1,42812
1JANATAMF,05-06-15,4,4.1,4,4.1,28108
1JANATAMF,05-07-15,4.1,4.3,4.1,4.2,93995
1JANATAMF,05-10-15,4.3,4.6,4.2,4.6,386695
1JANATAMF,05-11-15,4.5,4.8,4.5,4.8,269914
1JANATAMF,05-12-15,4.9,5.2,4.9,5,584965
1JANATAMF,13-05-15,5,5.2,4.6,4.9,207865
1JANATAMF,14-05-15,4.9,4.9,4.6,4.7,147879
1JANATAMF,17-05-15,4.6,4.8,4.5,4.6,131944
1JANATAMF,18-05-15,4.5,4.8,4.5,4.8,80314
1JANATAMF,19-05-15,4.8,4.9,4.7,4.8,133941
1JANATAMF,20-05-15,4.7,4.9,4.7,4.8,121724
1JANATAMF,21-05-15,4.7,4.9,4.7,4.8,259899
1JANATAMF,24-05-15,4.7,4.9,4.7,4.8,15845
1JANATAMF,25-05-15,4.7,4.8,4.7,4.8,211499
1JANATAMF,26-05-15,4.8,5,4.8,4.9,430948
1JANATAMF,27-05-15,4.8,5,4.8,4.9,283485
1JANATAMF,28-05-15,4.9,4.9,4.7,4.7,402056
1JANATAMF,31-05-15,4.7,4.8,4.7,4.7,93270
1JANATAMF,06-01-15,4.7,4.8,4.7,4.8,470540
1JANATAMF,06-02-15,4.7,4.9,4.7,4.9,408494
1JANATAMF,06-04-15,4.9,4.9,4.7,4.7,54952
1JANATAMF,06-07-15,4.8,4.8,4.7,4.7,55117
1JANATAMF,06-08-15,4.7,4.8,4.7,4.7,137552
1JANATAMF,06-09-15,4.8,4.9,4.7,4.7,242076
1JANATAMF,06-10-15,4.8,4.9,4.7,4.8,364390
1JANATAMF,06-11-15,4.8,5,4.8,4.9,333593
1JANATAMF,14-06-15,4.9,4.9,4.8,4.8,146116
1JANATAMF,15-06-15,4.8,4.9,4.7,4.8,159330
1JANATAMF,16-06-15,4.8,4.9,4.7,4.7,35915
1JANATAMF,17-06-15,4.7,4.9,4.7,4.8,53105
1JANATAMF,18-06-15,4.7,4.9,4.7,4.8,93459
1JANATAMF,21-06-15,4.7,4.9,4.7,4.8,28959
1JANATAMF,22-06-15,4.7,4.9,4.7,4.7,91091
1JANATAMF,23-06-15,4.7,4.8,4.7,4.7,94462
1JANATAMF,24-06-15,4.7,4.8,4.7,4.7,62727
1JANATAMF,25-06-15,4.7,4.8,4.7,4.7,33744
1JANATAMF,28-06-15,4.8,4.8,4.7,4.7,333763
1JANATAMF,29-06-15,4.7,4.8,4.7,4.8,282954
1JANATAMF,30-06-15,4.7,4.8,4.7,4.8,295061
1JANATAMF,07-02-15,4.8,4.8,4.7,4.8,77892
1JANATAMF,07-05-15,4.7,4.9,4.7,4.9,189133
1JANATAMF,07-06-15,4.8,4.9,4.8,4.8,45529
1JANATAMF,07-07-15,4.8,4.9,4.8,4.9,53852
1JANATAMF,07-08-15,4.9,4.9,4.8,4.9,122276
1JANATAMF,07-09-15,4.8,4.9,4.8,4.9,82785
1JANATAMF,07-12-15,4.9,5.1,4.9,5.1,624715
1JANATAMF,13-07-15,5.1,5.2,5,5.1,693171
1JANATAMF,14-07-15,5,5.3,5,5.2,529626
1JANATAMF,21-07-15,5.2,5.3,5.1,5.1,124211
1JANATAMF,22-07-15,5.1,5.2,5,5.1,156422
1JANATAMF,23-07-15,5,5.1,5,5.1,209254
1JANATAMF,26-07-15,5.1,5.2,5.1,5.2,183419
1JANATAMF,27-07-15,5.2,5.3,5.1,5.2,216980
1JANATAMF,28-07-15,5.2,5.4,5.2,5.3,486410
1JANATAMF,29-07-15,5.3,5.5,5.2,5.4,1310802
1JANATAMF,30-07-15,5.3,5.5,5.3,5.4,391674
1JANATAMF,08-02-15,5.4,5.7,5.3,5.6,623507
1JANATAMF,08-03-15,5.6,5.7,5.5,5.6,414591
1JANATAMF,08-04-15,5.5,5.7,5.5,5.6,672774
1JANATAMF,08-05-15,5.6,5.6,5.4,5.5,311800
1JANATAMF,08-06-15,5.4,5.5,5.3,5.4,302051
1JANATAMF,08-09-15,5.5,5.5,5.2,5.3,170561
1JANATAMF,08-10-15,5.2,5.4,5.2,5.3,382690
1JANATAMF,08-11-15,5.2,5.3,5.1,5.2,326060
1JANATAMF,08-12-15,5.2,5.4,5.2,5.3,147959
1JANATAMF,13-08-15,5.3,5.4,5.3,5.3,154954
1JANATAMF,16-08-15,5.5,5.5,5.1,5.1,780893
1JANATAMF,17-08-15,5.2,5.2,4.9,5,785091
1JANATAMF,18-08-15,5,5,4.9,4.9,557025
1JANATAMF,19-08-15,4.9,5,4.8,4.9,253721
1JANATAMF,20-08-15,4.9,5,4.8,4.9,217741
1JANATAMF,23-08-15,4.8,5,4.8,4.9,134321
1JANATAMF,24-08-15,4.9,5,4.9,4.9,169710
1JANATAMF,25-08-15,5,5,4.9,4.9,225964
1JANATAMF,26-08-15,4.8,5,4.8,4.9,72982
1JANATAMF,27-08-15,5,5,4.9,5,224723
1JANATAMF,30-08-15,5,5.1,4.9,5,236770
1JANATAMF,31-08-15,5,5,4.9,5,157729
1JANATAMF,09-01-15,5,5,4.9,4.9,132161
1JANATAMF,09-02-15,4.9,5,4.9,4.9,199972
1JANATAMF,09-06-15,4.1,4.5,4.1,4.5,400873
1JANATAMF,09-07-15,4.4,4.6,4.4,4.5,298410
1JANATAMF,09-08-15,4.6,4.7,4.5,4.6,799912
1JANATAMF,09-09-15,4.6,4.8,4.6,4.6,140672
1JANATAMF,09-10-15,4.6,4.7,4.5,4.5,205425
1JANATAMF,13-09-15,4.5,4.6,4.5,4.5,47198
1JANATAMF,14-09-15,4.5,4.6,4.5,4.5,197107
1JANATAMF,15-09-15,4.6,4.7,4.5,4.6,109573
1JANATAMF,16-09-15,4.5,4.6,4.5,4.6,225086
1JANATAMF,17-09-15,4.5,4.6,4.5,4.6,72735
1JANATAMF,20-09-15,4.5,4.7,4.5,4.6,112561
1JANATAMF,21-09-15,4.6,4.6,4.5,4.5,207185
1JANATAMF,22-09-15,4.6,4.6,4.5,4.5,453650
1JANATAMF,28-09-15,4.5,4.6,4.5,4.5,217128
1JANATAMF,29-09-15,4.5,4.6,4.5,4.5,57050
1JANATAMF,30-09-15,4.5,4.6,4.5,4.6,72901
1JANATAMF,10-01-15,4.6,4.7,4.5,4.7,385643
1JANATAMF,10-04-15,4.7,4.8,4.6,4.7,355286
1JANATAMF,10-05-15,4.6,4.6,4.5,4.6,315093
1JANATAMF,10-06-15,4.5,4.7,4.5,4.6,335512
1JANATAMF,10-07-15,4.7,4.9,4.6,4.8,1401503
1JANATAMF,10-08-15,4.8,4.9,4.7,4.8,412976
1JANATAMF,10-11-15,4.9,4.9,4.7,4.8,925775
1JANATAMF,10-12-15,4.8,4.9,4.8,4.9,414197
1JANATAMF,13-10-15,4.9,5,4.7,4.8,718469
1JANATAMF,14-10-15,4.8,4.8,4.7,4.7,133572
1JANATAMF,15-10-15,4.7,4.8,4.6,4.7,446809
1JANATAMF,18-10-15,4.7,4.7,4.5,4.5,533682
1JANATAMF,19-10-15,4.5,4.7,4.5,4.6,264737
1JANATAMF,20-10-15,4.5,4.6,4.5,4.6,151516
1JANATAMF,21-10-15,4.5,4.7,4.5,4.6,273348
1JANATAMF,25-10-15,4.5,4.6,4.5,4.5,212745
1JANATAMF,26-10-15,4.5,4.6,4.5,4.5,96873
1JANATAMF,27-10-15,4.5,4.6,4.5,4.5,170181
1JANATAMF,28-10-15,4.5,4.6,4.4,4.5,167106
1JANATAMF,29-10-15,4.5,4.6,4.5,4.5,211150
1JANATAMF,11-01-15,4.5,4.6,4.4,4.4,148397
1JANATAMF,11-02-15,4.4,4.5,4.4,4.5,423972
1JANATAMF,11-03-15,4.5,4.6,4.5,4.5,252430
1JANATAMF,11-04-15,4.5,4.6,4.4,4.5,92126
1JANATAMF,11-05-15,4.5,4.6,4.4,4.4,184754
1JANATAMF,11-08-15,4.4,4.5,4.4,4.4,214183
1JANATAMF,11-09-15,4.4,4.5,4.4,4.4,316843
1JANATAMF,11-10-15,4.4,4.5,4.3,4.3,189059
1JANATAMF,11-11-15,4.4,4.4,4.2,4.3,367861
1JANATAMF,11-12-15,4.3,4.3,4,4.2,699188
1JANATAMF,15-11-15,4.3,4.3,4.1,4.2,135426
1JANATAMF,16-11-15,4.1,4.3,4.1,4.3,103370
1JANATAMF,17-11-15,4.3,4.3,4.2,4.3,142890
1JANATAMF,18-11-15,4.2,4.4,4.2,4.3,35584
1JANATAMF,19-11-15,4.3,4.4,4.3,4.4,164159
1JANATAMF,22-11-15,4.4,4.4,4.3,4.4,298414
1JANATAMF,23-11-15,4.4,4.5,4.3,4.4,138901
1JANATAMF,24-11-15,4.4,4.5,4.3,4.4,72368
1JANATAMF,25-11-15,4.3,4.4,4.3,4.3,27013
1JANATAMF,26-11-15,4.4,4.5,4.3,4.4,65858
1JANATAMF,29-11-15,4.3,4.4,4.3,4.4,148256
1JANATAMF,30-11-15,4.3,4.4,4.3,4.3,206191
1JANATAMF,12-01-15,4.3,4.4,4.3,4.3,52165
1JANATAMF,12-02-15,4.4,4.4,4.3,4.3,437832
1JANATAMF,12-03-15,4.3,4.4,4.3,4.3,66340
1JANATAMF,12-06-15,4.3,4.4,4.3,4.3,158510
1JANATAMF,12-07-15,4.3,4.4,4.2,4.3,350751
1JANATAMF,12-08-15,4.3,4.4,4.3,4.3,302109
1JANATAMF,12-09-15,4.3,4.4,4.3,4.3,110232
1JANATAMF,12-10-15,4.3,4.4,4.2,4.3,421361
1JANATAMF,13-12-15,4.3,4.3,4.2,4.2,326444
1JANATAMF,14-12-15,4.2,4.4,4.2,4.3,252485
1JANATAMF,15-12-15,4.3,4.3,4.2,4.3,139886
1JANATAMF,17-12-15,4.2,4.3,4.2,4.3,63106
1JANATAMF,20-12-15,4.2,4.3,4.2,4.3,333055
1JANATAMF,21-12-15,4.2,4.4,4.2,4.4,326512
1JANATAMF,22-12-15,4.3,4.3,4.2,4.3,114702
1JANATAMF,23-12-15,4.3,4.3,4.2,4.2,292095
1JANATAMF,24-12-15,4.2,4.3,4.2,4.3,205031
1JANATAMF,27-12-15,4.3,4.3,4.2,4.2,338070
1JANATAMF,28-12-15,4.2,4.3,4.2,4.3,131964
1JANATAMF,29-12-15,4.2,4.3,4.2,4.2,260942
1JANATAMF,30-12-15,4.3,4.3,4.2,4.3,240322
1JANATAMF,31-12-15,4.3,4.3,4.2,4.3,87878
DBH1STMF,01-01-15,4.6,4.7,4.6,4.7,46749
DBH1STMF,01-05-15,4.7,4.7,4.6,4.6,35935
DBH1STMF,01-06-15,4.6,4.6,4.3,4.4,520450
DBH1STMF,01-07-15,4.6,4.6,4.5,4.6,66402
DBH1STMF,01-08-15,4.5,4.6,4.5,4.6,202283
DBH1STMF,01-11-15,4.5,4.7,4.5,4.6,68050
DBH1STMF,01-12-15,4.6,4.7,4.5,4.6,26025
DBH1STMF,13-01-15,4.5,4.6,4.5,4.6,42950
DBH1STMF,14-01-15,4.6,4.7,4.5,4.6,57225
DBH1STMF,15-01-15,4.5,4.7,4.5,4.6,80255
DBH1STMF,18-01-15,4.5,4.6,4.5,4.5,97900
DBH1STMF,19-01-15,4.5,4.6,4.4,4.5,103083
DBH1STMF,20-01-15,4.5,4.5,4.4,4.5,70670
DBH1STMF,21-01-15,4.5,4.5,4.4,4.4,70500
DBH1STMF,22-01-15,4.6,4.7,4.5,4.5,179217
DBH1STMF,25-01-15,4.4,4.5,4.3,4.4,119400
DBH1STMF,26-01-15,4.5,4.7,4.4,4.6,60370
DBH1STMF,27-01-15,4.3,4.5,4.3,4.4,161700
DBH1STMF,28-01-15,4.3,4.5,4.3,4.4,133900
DBH1STMF,29-01-15,4.3,4.4,4.3,4.3,133067
DBH1STMF,02-01-15,4.3,4.3,4.2,4.3,89821
DBH1STMF,02-02-15,4.3,4.3,4.2,4.3,149624
DBH1STMF,02-03-15,4.3,4.5,4.3,4.4,76730
DBH1STMF,02-04-15,4.4,4.5,4.4,4.5,138291
DBH1STMF,02-05-15,4.4,4.5,4.4,4.5,23373
DBH1STMF,02-08-15,4.5,4.5,4.4,4.4,23002
DBH1STMF,02-09-15,4.4,4.4,4.4,4.4,65419
DBH1STMF,02-10-15,4.4,4.5,4.3,4.5,188229
DBH1STMF,02-11-15,4.5,4.6,4.4,4.5,114122
DBH1STMF,02-12-15,4.4,4.6,4.4,4.6,153703
DBH1STMF,15-02-15,4.5,4.6,4.5,4.6,244369
DBH1STMF,16-02-15,4.5,4.6,4.5,4.6,259084
DBH1STMF,17-02-15,4.6,4.7,4.6,4.6,61773
DBH1STMF,18-02-15,4.6,4.7,4.6,4.7,86000
DBH1STMF,19-02-15,4.5,4.7,4.5,4.6,9500
DBH1STMF,22-02-15,4.5,4.6,4.5,4.6,85700
DBH1STMF,23-02-15,4.6,4.6,4.5,4.6,205500
DBH1STMF,24-02-15,4.6,4.6,4.6,4.6,236400
DBH1STMF,25-02-15,4.6,4.6,4.5,4.6,212300
DBH1STMF,26-02-15,4.5,4.6,4.5,4.5,74500
DBH1STMF,03-01-15,4.5,4.5,4.4,4.4,145875
DBH1STMF,03-02-15,4.4,4.5,4.4,4.4,24600
DBH1STMF,03-03-15,4.4,4.6,4.4,4.5,77500
DBH1STMF,03-04-15,4.5,4.6,4.5,4.6,256850
DBH1STMF,03-05-15,4.5,4.5,4.5,4.5,31000
DBH1STMF,03-08-15,4.4,4.6,4.4,4.5,8600
DBH1STMF,03-09-15,4.5,4.5,4.4,4.5,27690
DBH1STMF,03-10-15,4.4,4.6,4.4,4.4,45274
DBH1STMF,03-11-15,4.4,4.5,4.4,4.5,72756
DBH1STMF,03-12-15,4.4,4.5,4.4,4.5,24840
DBH1STMF,15-03-15,4.5,4.5,4.3,4.4,47600
DBH1STMF,16-03-15,4.4,4.5,4.3,4.4,59000
DBH1STMF,18-03-15,4.1,4.5,4.1,4.3,55000
DBH1STMF,19-03-15,4.4,4.4,4.3,4.4,19900
DBH1STMF,22-03-15,4.3,4.4,4,4.1,227250
DBH1STMF,23-03-15,4.2,4.2,4,4.1,337400
DBH1STMF,24-03-15,4.1,4.2,4.1,4.2,75000
DBH1STMF,25-03-15,4.1,4.2,4,4.1,121800
DBH1STMF,29-03-15,4.1,4.2,4.1,4.2,28350
DBH1STMF,30-03-15,4.2,4.2,4,4.1,247020
DBH1STMF,31-03-15,4.1,4.2,4,4.1,50780
DBH1STMF,04-01-15,4.1,4.2,4.1,4.1,16000
DBH1STMF,04-02-15,4,4.1,4,4.1,186250
DBH1STMF,04-05-15,4,4.2,4,4.1,222000
DBH1STMF,04-06-15,4,4,4,4,68600
DBH1STMF,04-07-15,4,4.1,3.8,3.9,305950
DBH1STMF,04-08-15,3.8,3.9,3.8,3.9,83800
DBH1STMF,04-09-15,3.9,3.9,3.8,3.9,88650
DBH1STMF,04-12-15,3.9,3.9,3.8,3.8,21000
DBH1STMF,13-04-15,3.9,3.9,3.6,3.7,98678
DBH1STMF,15-04-15,3.7,3.9,3.7,3.9,55412
DBH1STMF,16-04-15,3.8,3.9,3.8,3.9,151500
DBH1STMF,19-04-15,3.9,4,3.8,3.9,83700
DBH1STMF,20-04-15,3.8,4,3.8,3.9,147450
DBH1STMF,21-04-15,3.9,3.9,3.9,3.9,119422
DBH1STMF,22-04-15,3.8,3.9,3.7,3.8,117852
DBH1STMF,23-04-15,3.7,3.8,3.7,3.7,117100
DBH1STMF,26-04-15,3.8,3.9,3.7,3.8,41400
DBH1STMF,27-04-15,3.9,4,3.8,3.9,103200
DBH1STMF,29-04-15,3.8,3.9,3.7,3.7,92000
DBH1STMF,30-04-15,3.8,3.8,3.7,3.7,45800
DBH1STMF,05-04-15,3.7,3.7,3.7,3.7,238520
DBH1STMF,05-05-15,3.7,3.8,3.7,3.8,78100
DBH1STMF,05-06-15,3.7,3.9,3.7,3.9,215937
DBH1STMF,05-07-15,3.9,4,3.9,4,170600
DBH1STMF,05-10-15,4,4.3,4,4.2,92750
DBH1STMF,05-11-15,4.4,4.4,4,4.3,110925
DBH1STMF,05-12-15,4.4,4.7,4.4,4.5,711760
DBH1STMF,13-05-15,4.6,4.6,4.3,4.4,117325
DBH1STMF,14-05-15,4.3,4.3,4.1,4.3,119100
DBH1STMF,17-05-15,4.1,4.2,4.1,4.1,64800
DBH1STMF,18-05-15,4.1,4.4,4.1,4.3,94050
DBH1STMF,19-05-15,4.2,4.4,4.1,4.2,175600
DBH1STMF,20-05-15,4.1,4.2,4,4.1,322310
DBH1STMF,21-05-15,4.1,4.2,4,4.1,216400
DBH1STMF,24-05-15,4,4.2,4,4.2,8000
DBH1STMF,25-05-15,4,4.3,4,4.2,145149
DBH1STMF,26-05-15,4.2,4.3,4.1,4.2,109900
DBH1STMF,27-05-15,4.1,4.2,4,4.1,82402
DBH1STMF,28-05-15,4.1,4.1,4,4.1,90750
DBH1STMF,31-05-15,4.1,4.1,4,4,50200
DBH1STMF,06-01-15,4,4.1,3.9,4,72900
DBH1STMF,06-02-15,4,4.1,3.9,4,126970
DBH1STMF,06-04-15,4,4.1,4,4,133980
DBH1STMF,06-07-15,4.1,4.1,4,4,52070
DBH1STMF,06-08-15,4,4,3.8,3.8,253615
DBH1STMF,06-09-15,4,4,3.9,3.9,28200
DBH1STMF,06-10-15,4,4.1,3.9,3.9,191255
DBH1STMF,06-11-15,3.9,4,3.9,4,51500
DBH1STMF,14-06-15,4,4,3.8,3.8,94500
DBH1STMF,15-06-15,3.7,3.9,3.7,3.8,20500
DBH1STMF,16-06-15,4,4,3.8,3.9,39658
DBH1STMF,17-06-15,3.8,3.9,3.8,3.8,78500
DBH1STMF,18-06-15,3.9,4,3.8,3.8,56349
DBH1STMF,21-06-15,3.9,3.9,3.7,3.8,130470
DBH1STMF,22-06-15,3.8,3.8,3.8,3.8,44129
DBH1STMF,23-06-15,3.8,3.9,3.8,3.8,66110
DBH1STMF,24-06-15,3.8,4,3.8,3.9,115881
DBH1STMF,25-06-15,3.8,4,3.8,3.9,42024
DBH1STMF,28-06-15,3.8,3.9,3.8,3.8,13919
DBH1STMF,29-06-15,3.8,3.9,3.8,3.8,79305
DBH1STMF,30-06-15,3.8,3.9,3.8,3.8,59819
DBH1STMF,07-02-15,3.8,3.9,3.8,3.9,49290
DBH1STMF,07-05-15,3.8,3.9,3.8,3.9,119100
DBH1STMF,07-06-15,3.9,3.9,3.8,3.9,135095
DBH1STMF,07-07-15,3.8,4,3.8,3.9,31300
DBH1STMF,07-08-15,3.9,4,3.9,4,109066
DBH1STMF,07-09-15,3.9,4.1,3.9,4,111008
DBH1STMF,07-12-15,4,4.3,4,4.2,597505
DBH1STMF,13-07-15,4.3,4.3,4.2,4.3,280445
DBH1STMF,14-07-15,4.2,4.3,4.2,4.3,406798
DBH1STMF,21-07-15,4.3,4.4,4.2,4.3,82884
DBH1STMF,22-07-15,4.3,4.3,4.1,4.2,138166
DBH1STMF,23-07-15,4.2,4.3,4.1,4.2,211032
DBH1STMF,26-07-15,4.2,4.3,4.1,4.2,299166
DBH1STMF,27-07-15,4.2,4.3,4.1,4.2,125808
DBH1STMF,28-07-15,4.2,4.4,4.2,4.4,482719
DBH1STMF,29-07-15,4.4,4.5,4.3,4.3,468105
DBH1STMF,30-07-15,4.4,4.4,4.3,4.3,403300
DBH1STMF,08-02-15,4.3,4.5,4.3,4.4,435295
DBH1STMF,08-03-15,4.4,4.5,4.4,4.4,365779
DBH1STMF,08-04-15,4.4,4.5,4.4,4.4,251300
DBH1STMF,08-05-15,4.4,4.5,4.4,4.5,380270
DBH1STMF,08-06-15,4.5,4.6,4.4,4.5,360750
DBH1STMF,08-09-15,4.5,4.5,4.4,4.5,279640
DBH1STMF,08-10-15,4.5,4.5,4.4,4.4,266140
DBH1STMF,08-11-15,4.4,4.5,4.3,4.4,322200
DBH1STMF,08-12-15,4.3,4.4,4.3,4.4,70740
DBH1STMF,13-08-15,4.4,4.4,4.3,4.4,276696
DBH1STMF,16-08-15,4.4,4.5,4.3,4.4,264600
DBH1STMF,17-08-15,4.3,4.4,4.3,4.3,338000
DBH1STMF,18-08-15,4.3,4.4,4.3,4.4,579226
DBH1STMF,19-08-15,4.3,4.4,4.3,4.3,124100
DBH1STMF,20-08-15,4.3,4.4,4.3,4.3,229254
DBH1STMF,23-08-15,4.3,4.4,4.3,4.3,70062
DBH1STMF,24-08-15,4.3,4.4,4.3,4.3,61380
DBH1STMF,25-08-15,4.3,4.3,4.3,4.3,29480
DBH1STMF,26-08-15,4.3,4.4,4.3,4.3,129800
DBH1STMF,27-08-15,4.3,4.4,4.2,4.3,127904
DBH1STMF,30-08-15,4.2,4.3,4.2,4.3,63335
DBH1STMF,31-08-15,4.2,4.4,4.2,4.3,135893
DBH1STMF,09-01-15,4.3,4.3,4.2,4.3,74801
DBH1STMF,09-02-15,4.3,4.4,4.3,4.4,300200
DBH1STMF,09-03-15,4.3,4.5,4.3,4.4,530244
DBH1STMF,09-07-15,4.2,4.4,4.1,4.3,475541
DBH1STMF,09-08-15,4.3,4.6,4.3,4.5,581702
DBH1STMF,09-09-15,4.4,4.7,4.4,4.5,955770
DBH1STMF,09-10-15,4.6,4.6,4.4,4.5,746000
DBH1STMF,13-09-15,4.5,4.6,4.5,4.6,1132093
DBH1STMF,14-09-15,4.6,4.7,4.5,4.6,592717
DBH1STMF,15-09-15,4.6,4.8,4.6,4.8,874150
DBH1STMF,16-09-15,4.8,5,4.7,4.9,1022400
DBH1STMF,17-09-15,4.8,4.9,4.7,4.8,591160
DBH1STMF,20-09-15,4.9,4.9,4.7,4.7,33089
DBH1STMF,21-09-15,4.7,4.7,4.5,4.6,347000
DBH1STMF,22-09-15,4.6,4.6,4.4,4.5,118806
DBH1STMF,28-09-15,4.5,4.5,4.4,4.4,50527
DBH1STMF,29-09-15,4.4,4.5,4.3,4.4,1396820
DBH1STMF,30-09-15,4.4,4.7,4.4,4.6,398155
DBH1STMF,10-01-15,4.7,4.9,4.7,4.9,1154625
DBH1STMF,10-04-15,4.8,5.1,4.8,5,854549
DBH1STMF,10-05-15,4.9,4.9,4.8,4.9,261300
DBH1STMF,10-06-15,4.8,5,4.8,4.9,322102
DBH1STMF,10-07-15,4.9,5.3,4.9,5.3,1877301
DBH1STMF,10-08-15,5.3,5.7,5.3,5.5,1284768
DBH1STMF,10-11-15,5.4,5.6,5.2,5.5,1002432
DBH1STMF,10-12-15,5.5,5.7,5.5,5.5,1066625
DBH1STMF,13-10-15,5.5,5.6,5.4,5.5,1507430
DBH1STMF,14-10-15,5.4,5.5,5.4,5.4,915453
DBH1STMF,15-10-15,5.4,5.5,5.3,5.3,540435
DBH1STMF,18-10-15,5.3,5.4,5.2,5.3,2091753
DBH1STMF,19-10-15,5.2,5.2,5,5.1,137472
DBH1STMF,20-10-15,5.1,5.2,4.9,5,224600
DBH1STMF,21-10-15,4.9,5,4.9,5,78600
DBH1STMF,25-10-15,4.9,5,4.9,4.9,63130
DBH1STMF,26-10-15,5,5,4.8,4.9,16570
DBH1STMF,27-10-15,4.9,4.9,4.7,4.9,376600
DBH1STMF,28-10-15,5,5,4.9,4.9,62020
DBH1STMF,29-10-15,5,5.2,5,5.1,193920
DBH1STMF,11-01-15,5,5.2,5,5.1,383953
DBH1STMF,11-02-15,5.2,5.3,5.1,5.3,852710
DBH1STMF,11-03-15,5.3,5.4,5.2,5.3,867940
DBH1STMF,11-04-15,5.3,5.4,5.1,5.2,117803
DBH1STMF,11-05-15,5.2,5.3,5,5.1,268189
DBH1STMF,11-08-15,5.1,5.1,5,5.1,129050
DBH1STMF,11-09-15,5.1,5.1,4.9,4.9,171420
DBH1STMF,11-10-15,4.9,4.9,4.9,4.9,62387
DBH1STMF,11-11-15,4.8,5,4.8,4.8,207120
DBH1STMF,11-12-15,4.8,4.9,4.6,4.7,273390
DBH1STMF,15-11-15,4.7,4.7,4.6,4.7,194600
DBH1STMF,16-11-15,5,5,4.7,4.8,94201
DBH1STMF,17-11-15,4.8,4.9,4.8,4.8,200600
DBH1STMF,18-11-15,4.7,4.9,4.7,4.9,100050
DBH1STMF,19-11-15,4.9,4.9,4.8,4.9,95447
DBH1STMF,22-11-15,4.9,4.9,4.8,4.9,160500
DBH1STMF,23-11-15,5,5,4.9,5,272410
DBH1STMF,24-11-15,4.9,5,4.9,5,90230
DBH1STMF,25-11-15,5,5,4.9,4.9,240344
DBH1STMF,26-11-15,5,5.1,5,5,271860
DBH1STMF,29-11-15,5,5.1,5,5.1,150100
DBH1STMF,30-11-15,5,5.1,4.9,5,170255
DBH1STMF,12-01-15,4.9,5.1,4.9,5,93910
DBH1STMF,12-02-15,5,5,4.8,4.9,514700
DBH1STMF,12-03-15,4.9,5,4.9,4.9,124239
DBH1STMF,12-06-15,4.8,5,4.8,4.9,97775
DBH1STMF,12-07-15,4.9,5,4.9,4.9,78120
DBH1STMF,12-08-15,4.9,5,4.9,5,126731
DBH1STMF,12-09-15,4.9,5,4.9,5,48504
DBH1STMF,12-10-15,5,5.2,4.9,5.1,189350
DBH1STMF,13-12-15,5.1,5.1,4.9,5,96900
DBH1STMF,14-12-15,4.9,5,4.9,5,213927
DBH1STMF,15-12-15,5,5,4.9,5,43200
DBH1STMF,17-12-15,4.9,5,4.8,4.9,64550
DBH1STMF,20-12-15,4.9,5,4.9,4.9,45310
DBH1STMF,21-12-15,4.9,5,4.9,5,40290
DBH1STMF,22-12-15,4.9,5,4.9,5,220096
DBH1STMF,23-12-15,4.9,5,4.9,5,22995
DBH1STMF,24-12-15,4.9,5,4.9,5,71101
DBH1STMF,27-12-15,4.9,4.9,4.9,4.9,38950
DBH1STMF,28-12-15,4.9,5,4.9,5,39000
DBH1STMF,29-12-15,5,5,4.9,4.9,106740
DBH1STMF,30-12-15,4.9,5,4.9,5,35850
DBH1STMF,31-12-15,4.9,5,4.9,4.9,55380
GREENDELMF,01-01-15,4.6,4.6,4.5,4.5,4751
GREENDELMF,01-05-15,4.5,4.5,4.5,4.5,25780
GREENDELMF,01-06-15,4.5,4.5,4.4,4.5,41450
GREENDELMF,01-07-15,4.4,4.5,4.4,4.5,52686
GREENDELMF,01-08-15,4.4,4.5,4.4,4.5,59968
GREENDELMF,01-11-15,4.4,4.5,4.4,4.5,151600
GREENDELMF,01-12-15,4.5,4.5,4.4,4.5,58850
GREENDELMF,13-01-15,4.4,4.5,4.4,4.4,16450
GREENDELMF,14-01-15,4.5,4.5,4.3,4.4,187406
GREENDELMF,15-01-15,4.4,4.5,4.4,4.4,91450
GREENDELMF,18-01-15,4.5,4.5,4.4,4.5,173212
GREENDELMF,19-01-15,4.5,4.5,4.4,4.4,360900
GREENDELMF,20-01-15,4.5,4.6,4.4,4.4,87300
GREENDELMF,21-01-15,4.4,4.5,4.4,4.4,112800
GREENDELMF,22-01-15,4.4,4.4,4.4,4.4,139548
GREENDELMF,25-01-15,4.4,4.4,4.3,4.3,226000
GREENDELMF,26-01-15,4.3,4.3,4.2,4.3,52100
GREENDELMF,27-01-15,4.4,4.4,4.2,4.3,257876
GREENDELMF,28-01-15,4.3,4.4,4.3,4.3,52500
GREENDELMF,29-01-15,4.4,4.4,4.2,4.3,49200
GREENDELMF,02-01-15,4.3,4.4,4.2,4.2,24417
GREENDELMF,02-02-15,4.3,4.5,4.2,4.3,158906
GREENDELMF,02-03-15,4.3,4.4,4.3,4.4,119928
GREENDELMF,02-04-15,4.4,4.5,4.4,4.5,139058
GREENDELMF,02-05-15,4.4,4.5,4.4,4.5,198110
GREENDELMF,02-08-15,4.4,4.4,4.3,4.4,30348
GREENDELMF,02-09-15,4.4,4.4,4.2,4.3,828500
GREENDELMF,02-10-15,4.3,4.5,4.3,4.4,175186
GREENDELMF,02-11-15,4.5,4.6,4.3,4.4,368867
GREENDELMF,02-12-15,4.5,4.6,4.4,4.6,678311
GREENDELMF,15-02-15,4.7,4.7,4.4,4.5,133300
GREENDELMF,16-02-15,4.4,4.5,4.4,4.5,139185
GREENDELMF,17-02-15,4.5,4.6,4.5,4.6,269501
GREENDELMF,18-02-15,4.6,4.7,4.5,4.6,276000
GREENDELMF,19-02-15,4.6,4.7,4.5,4.6,303500
GREENDELMF,22-02-15,4.6,4.6,4.6,4.6,224600
GREENDELMF,23-02-15,4.7,4.7,4.6,4.6,293851
GREENDELMF,24-02-15,4.5,4.7,4.5,4.6,271528
GREENDELMF,25-02-15,4.6,4.6,4.4,4.4,490296
GREENDELMF,26-02-15,4.6,4.6,4.4,4.5,215600
GREENDELMF,03-01-15,4.6,4.7,4.5,4.7,56100
GREENDELMF,03-02-15,4.5,4.5,4.4,4.5,32500
GREENDELMF,03-03-15,4.4,4.5,4.4,4.5,202500
GREENDELMF,03-04-15,4.4,4.5,4.4,4.5,205931
GREENDELMF,03-05-15,4.4,4.5,4.4,4.4,6500
GREENDELMF,03-08-15,4.5,4.5,4.4,4.4,36100
GREENDELMF,03-09-15,4.4,4.4,4.3,4.4,120000
GREENDELMF,03-10-15,4.4,4.4,4.3,4.4,38000
GREENDELMF,03-11-15,4.3,4.4,4.3,4.4,204987
GREENDELMF,03-12-15,4.3,4.4,4.3,4.3,47100
GREENDELMF,15-03-15,4.3,4.4,4.2,4.3,325750
GREENDELMF,16-03-15,4.4,4.4,4.2,4.3,104620
GREENDELMF,18-03-15,4.2,4.3,4.2,4.3,151850
GREENDELMF,19-03-15,4.3,4.3,4.2,4.3,145500
GREENDELMF,22-03-15,4.2,4.3,4.2,4.2,39793
GREENDELMF,23-03-15,4.3,4.3,4.2,4.3,231500
GREENDELMF,24-03-15,4.2,4.2,4.2,4.2,178800
GREENDELMF,25-03-15,4.1,4.2,4.1,4.2,38500
GREENDELMF,29-03-15,4.2,4.2,4.1,4.2,130500
GREENDELMF,30-03-15,4.1,4.2,4.1,4.2,196969
GREENDELMF,31-03-15,4.2,4.2,4.1,4.2,93000
GREENDELMF,04-01-15,4.1,4.2,4.1,4.2,137000
GREENDELMF,04-02-15,4.1,4.2,4,4.1,46800
GREENDELMF,04-05-15,4.1,4.1,4.1,4.1,28355
GREENDELMF,04-06-15,4.1,4.2,4,4,143282
GREENDELMF,04-07-15,4,4,3.9,4,131544
GREENDELMF,04-08-15,3.9,3.9,3.8,3.9,139299
GREENDELMF,04-09-15,3.9,4,3.8,3.9,17000
GREENDELMF,04-12-15,3.8,3.9,3.8,3.8,176975
GREENDELMF,13-04-15,3.9,3.9,3.9,3.9,14233
GREENDELMF,15-04-15,3.7,4,3.7,3.9,20265
GREENDELMF,16-04-15,3.7,4.1,3.7,4,38500
GREENDELMF,19-04-15,4,4,3.9,4,17110
GREENDELMF,20-04-15,3.9,4,3.9,3.9,31990
GREENDELMF,21-04-15,3.8,4,3.8,3.9,72000
GREENDELMF,22-04-15,3.9,3.9,3.9,3.9,11500
GREENDELMF,23-04-15,3.8,3.9,3.7,3.8,137300
GREENDELMF,26-04-15,3.8,3.9,3.7,3.8,4800
GREENDELMF,27-04-15,3.8,4.1,3.8,4,197000
GREENDELMF,29-04-15,3.8,3.9,3.7,3.8,64700
GREENDELMF,30-04-15,3.8,3.8,3.7,3.7,18600
GREENDELMF,05-04-15,3.7,3.8,3.7,3.7,147500
GREENDELMF,05-05-15,3.7,3.8,3.6,3.8,176594
GREENDELMF,05-06-15,3.7,4.1,3.7,3.9,877150
GREENDELMF,05-07-15,3.9,4,3.8,3.9,228641
GREENDELMF,05-10-15,4,4.2,3.9,4.1,459659
GREENDELMF,05-11-15,4.2,4.3,4.1,4.2,187510
GREENDELMF,05-12-15,4.4,4.5,4.3,4.3,1245325
GREENDELMF,13-05-15,4.4,4.4,4.2,4.3,286700
GREENDELMF,14-05-15,4.1,4.2,4,4.2,278520
GREENDELMF,17-05-15,4,4,3.9,4,150475
GREENDELMF,18-05-15,3.9,4.1,3.9,4,106900
GREENDELMF,19-05-15,4,4.1,4,4.1,94800
GREENDELMF,20-05-15,3.9,4.1,3.9,4,58400
GREENDELMF,21-05-15,4,4.2,4,4,424500
GREENDELMF,24-05-15,4,4,4,4,26500
GREENDELMF,25-05-15,4,4.1,4,4.1,55600
GREENDELMF,26-05-15,4,4.2,4,4.1,402425
GREENDELMF,27-05-15,4,4.1,3.9,4,299030
GREENDELMF,28-05-15,3.9,4,3.9,3.9,75320
GREENDELMF,31-05-15,4,4,3.9,3.9,101000
GREENDELMF,06-01-15,3.9,4,3.9,3.9,20000
GREENDELMF,06-02-15,3.9,4,3.9,3.9,32320
GREENDELMF,06-04-15,3.9,3.9,3.8,3.9,82611
GREENDELMF,06-07-15,3.9,3.9,3.8,3.9,88895
GREENDELMF,06-08-15,3.9,3.9,3.8,3.8,46470
GREENDELMF,06-09-15,3.9,3.9,3.8,3.8,76950
GREENDELMF,06-10-15,3.7,4,3.7,3.9,99300
GREENDELMF,06-11-15,3.9,3.9,3.8,3.9,37500
GREENDELMF,14-06-15,3.8,3.9,3.7,3.8,40300
GREENDELMF,15-06-15,3.7,3.8,3.7,3.8,82000
GREENDELMF,16-06-15,3.7,3.8,3.7,3.8,80679
GREENDELMF,17-06-15,3.8,4,3.7,3.9,111726
GREENDELMF,18-06-15,3.8,3.9,3.8,3.9,92300
GREENDELMF,21-06-15,3.8,3.9,3.8,3.9,181283
GREENDELMF,22-06-15,3.8,4,3.8,3.9,116469
GREENDELMF,23-06-15,3.8,3.9,3.8,3.9,180660
GREENDELMF,24-06-15,3.8,3.9,3.8,3.9,61300
GREENDELMF,25-06-15,4,4.1,3.9,3.9,200143
GREENDELMF,28-06-15,3.9,4,3.8,3.8,44600
GREENDELMF,29-06-15,3.9,4,3.8,3.9,76590
GREENDELMF,30-06-15,3.8,4,3.8,4,60500
GREENDELMF,07-02-15,3.9,4,3.9,4,195460
GREENDELMF,07-05-15,3.9,3.9,3.9,3.9,70500
GREENDELMF,07-06-15,3.9,4,3.8,4,312322
GREENDELMF,07-07-15,3.9,4,3.9,4,242065
GREENDELMF,07-08-15,4,4.3,3.9,4.1,377124
GREENDELMF,07-09-15,4.1,4.2,4,4.2,672093
GREENDELMF,07-12-15,4.2,4.5,4.2,4.3,495680
GREENDELMF,13-07-15,4.3,4.4,4.3,4.3,64253
GREENDELMF,14-07-15,4.2,4.3,4.2,4.3,142193
GREENDELMF,21-07-15,4.3,4.4,4.2,4.4,269500
GREENDELMF,22-07-15,4.3,4.4,4.2,4.3,278043
GREENDELMF,23-07-15,4.2,4.4,4.2,4.4,309357
GREENDELMF,26-07-15,4.3,4.3,4.1,4.2,189500
GREENDELMF,27-07-15,4.2,4.4,4.2,4.4,202350
GREENDELMF,28-07-15,4.3,4.4,4.2,4.4,325440
GREENDELMF,29-07-15,4.3,4.4,4.3,4.3,578595
GREENDELMF,30-07-15,4.3,4.4,4.3,4.4,55673
GREENDELMF,08-02-15,4.4,4.5,4.3,4.4,213477
GREENDELMF,08-03-15,4.3,4.5,4.3,4.4,360925
GREENDELMF,08-04-15,4.4,4.6,4.4,4.4,244213
GREENDELMF,08-05-15,4.4,4.5,4.4,4.5,285621
GREENDELMF,08-06-15,4.5,4.6,4.4,4.5,376555
GREENDELMF,08-09-15,4.5,4.5,4.4,4.5,153541
GREENDELMF,08-10-15,4.5,4.6,4.4,4.5,161774
GREENDELMF,08-11-15,4.4,4.4,4.3,4.4,194352
GREENDELMF,08-12-15,4.4,4.4,4.4,4.4,92500
GREENDELMF,13-08-15,4.4,4.5,4.3,4.4,175500
GREENDELMF,16-08-15,4.5,4.5,4.4,4.4,302191
GREENDELMF,17-08-15,4.3,4.5,4.3,4.4,162155
GREENDELMF,18-08-15,4.4,4.4,4.4,4.4,51811
GREENDELMF,19-08-15,4.3,4.4,4.3,4.3,60766
GREENDELMF,20-08-15,4.3,4.4,4.3,4.3,38268
GREENDELMF,23-08-15,4.4,4.4,4.3,4.3,137645
GREENDELMF,24-08-15,4.2,4.3,4.2,4.3,111254
GREENDELMF,25-08-15,4.3,4.4,4.2,4.3,41442
GREENDELMF,26-08-15,4.3,4.4,4.3,4.3,60500
GREENDELMF,27-08-15,4.3,4.4,4.3,4.3,8312
GREENDELMF,30-08-15,4.3,4.4,4.3,4.4,67619
GREENDELMF,31-08-15,4.4,4.4,4.3,4.4,101500
GREENDELMF,09-01-15,4.4,4.5,4.3,4.4,140171
GREENDELMF,09-02-15,4.4,4.5,4.4,4.4,92421
GREENDELMF,09-03-15,4.4,4.6,4.4,4.5,309864
GREENDELMF,09-07-15,4.4,4.5,4.2,4.4,476619
GREENDELMF,09-08-15,4.4,4.5,4.4,4.4,425539
GREENDELMF,09-09-15,4.4,4.6,4.4,4.5,947500
GREENDELMF,09-10-15,4.5,4.6,4.4,4.5,939975
GREENDELMF,13-09-15,4.5,4.6,4.5,4.6,574640
GREENDELMF,14-09-15,4.6,4.7,4.5,4.6,636403
GREENDELMF,15-09-15,4.6,4.7,4.6,4.7,657200
GREENDELMF,16-09-15,4.6,4.7,4.5,4.6,314611
GREENDELMF,17-09-15,4.6,4.7,4.6,4.7,657000
GREENDELMF,20-09-15,4.6,4.7,4.6,4.6,53321
GREENDELMF,21-09-15,4.5,4.6,4.5,4.5,281900
GREENDELMF,22-09-15,4.5,4.5,4.4,4.4,57500
GREENDELMF,28-09-15,4.4,4.4,4.4,4.4,63250
GREENDELMF,29-09-15,4.4,4.5,4.3,4.5,67000
GREENDELMF,30-09-15,4.4,4.5,4.4,4.5,70272
GREENDELMF,10-01-15,4.5,4.7,4.5,4.7,406400
GREENDELMF,10-04-15,4.6,4.7,4.5,4.6,236400
GREENDELMF,10-05-15,4.6,5,4.5,4.9,1337936
GREENDELMF,10-06-15,4.9,5.2,4.9,5.2,1614080
GREENDELMF,10-07-15,5.1,5.6,5,5.5,3520574
GREENDELMF,10-08-15,5.4,5.8,5.4,5.7,2155006
GREENDELMF,10-11-15,5.7,5.8,5.3,5.6,1560792
GREENDELMF,10-12-15,5.5,5.5,5.2,5.4,1265772
GREENDELMF,13-10-15,5.5,5.5,5.2,5.3,1699466
GREENDELMF,14-10-15,5.4,5.4,5,5.1,1674890
GREENDELMF,15-10-15,5.1,5.3,5,5.1,872950
GREENDELMF,18-10-15,5.3,5.3,4.9,4.9,718925
GREENDELMF,19-10-15,4.9,4.9,4.8,4.9,736925
GREENDELMF,20-10-15,4.9,5.1,4.9,5,1260950
GREENDELMF,21-10-15,4.9,5.1,4.9,4.9,669825
GREENDELMF,25-10-15,4.9,4.9,4.6,4.6,604174
GREENDELMF,26-10-15,4.8,4.9,4.6,4.9,1099832
GREENDELMF,27-10-15,4.8,5.1,4.8,5,1652002
GREENDELMF,28-10-15,5,5.2,4.9,5.2,719607
GREENDELMF,29-10-15,5,5.4,5,5.2,2325720
GREENDELMF,11-01-15,5.3,5.6,5.1,5.1,1451800
GREENDELMF,11-02-15,5.1,5.3,4.9,5.2,1062575
GREENDELMF,11-03-15,5.2,5.5,5.1,5.1,735370
GREENDELMF,11-04-15,5.1,5.2,5,5.1,133307
GREENDELMF,11-05-15,5,5.1,4.9,5,537865
GREENDELMF,11-08-15,5.1,5.1,4.8,4.9,207158
GREENDELMF,11-09-15,4.9,4.9,4.7,4.8,581903
GREENDELMF,11-10-15,4.8,4.8,4.7,4.7,487750
GREENDELMF,11-11-15,4.6,5,4.6,4.9,1440200
GREENDELMF,11-12-15,4.9,5,4.8,4.9,833490
GREENDELMF,15-11-15,4.9,4.9,4.7,4.7,251311
GREENDELMF,16-11-15,4.7,4.8,4.6,4.8,531885
GREENDELMF,17-11-15,4.8,4.8,4.5,4.6,1020345
GREENDELMF,18-11-15,4.7,4.9,4.5,4.8,423332
GREENDELMF,19-11-15,4.8,4.8,4.7,4.7,333635
GREENDELMF,22-11-15,4.6,4.9,4.6,4.8,166254
GREENDELMF,23-11-15,4.8,5,4.8,4.9,673058
GREENDELMF,24-11-15,4.9,4.9,4.8,4.8,153203
GREENDELMF,25-11-15,4.9,5,4.7,4.7,402210
GREENDELMF,26-11-15,4.8,4.9,4.8,4.9,304464
GREENDELMF,29-11-15,4.8,5,4.8,5,312460
GREENDELMF,30-11-15,4.9,5,4.8,4.9,157505
GREENDELMF,12-01-15,4.8,4.9,4.8,4.9,48038
GREENDELMF,12-02-15,5,5,4.7,4.8,626477
GREENDELMF,12-03-15,4.8,4.8,4.7,4.8,623206
GREENDELMF,12-06-15,4.7,4.8,4.7,4.7,65250
GREENDELMF,12-07-15,4.8,4.8,4.6,4.7,505250
GREENDELMF,12-08-15,4.7,4.8,4.6,4.7,91377
GREENDELMF,12-09-15,4.7,4.8,4.7,4.7,185589
GREENDELMF,12-10-15,4.7,4.8,4.6,4.8,147910
GREENDELMF,13-12-15,4.6,4.7,4.6,4.6,109893
GREENDELMF,14-12-15,4.6,4.7,4.5,4.7,342555
GREENDELMF,15-12-15,4.7,4.7,4.6,4.7,443310
GREENDELMF,17-12-15,4.7,4.8,4.6,4.7,314098
GREENDELMF,20-12-15,4.6,4.7,4.6,4.7,24185
GREENDELMF,21-12-15,4.6,4.8,4.6,4.7,164770
GREENDELMF,22-12-15,4.7,4.9,4.7,4.8,420600
GREENDELMF,23-12-15,4.8,4.8,4.7,4.7,469100
GREENDELMF,24-12-15,4.7,4.8,4.6,4.7,255876
GREENDELMF,27-12-15,4.7,4.7,4.6,4.6,276000
GREENDELMF,28-12-15,4.7,4.7,4.6,4.7,129396
GREENDELMF,29-12-15,4.7,4.9,4.7,4.8,350766
GREENDELMF,30-12-15,4.7,4.9,4.7,4.8,34892
GREENDELMF,31-12-15,4.7,4.8,4.7,4.7,17821
ICB3RDNRB,01-01-15,4.3,4.5,4.3,4.4,104701
ICB3RDNRB,01-05-15,4.4,4.4,4.3,4.3,41495
ICB3RDNRB,01-06-15,4.3,4.4,4.3,4.4,91761
ICB3RDNRB,01-07-15,4.4,4.4,4.3,4.4,145595
ICB3RDNRB,01-08-15,4.3,4.4,4.3,4.4,139884
ICB3RDNRB,01-11-15,4.4,4.4,4.3,4.4,67800
ICB3RDNRB,01-12-15,4.3,4.4,4.3,4.3,29450
ICB3RDNRB,13-01-15,4.4,4.4,4.3,4.4,112395
ICB3RDNRB,14-01-15,4.3,4.4,4.3,4.4,17192
ICB3RDNRB,15-01-15,4.3,4.4,4.3,4.3,74680
ICB3RDNRB,18-01-15,4.3,4.4,4.3,4.4,126500
ICB3RDNRB,19-01-15,4.3,4.4,4.3,4.4,15542
ICB3RDNRB,20-01-15,4.3,4.6,4.3,4.5,645480
ICB3RDNRB,21-01-15,4.4,4.5,4.4,4.4,207455
ICB3RDNRB,22-01-15,4.4,4.4,4.3,4.3,372650
ICB3RDNRB,25-01-15,4.3,4.4,4.3,4.3,128620
ICB3RDNRB,26-01-15,4.3,4.3,4.2,4.2,296893
ICB3RDNRB,27-01-15,4.4,4.5,4.3,4.4,632574
ICB3RDNRB,28-01-15,4.4,4.4,4.3,4.3,32600
ICB3RDNRB,29-01-15,4.3,4.4,4.3,4.3,409700
ICB3RDNRB,02-01-15,4.3,4.3,4.3,4.3,74500
ICB3RDNRB,02-02-15,4.3,4.4,4.2,4.3,304564
ICB3RDNRB,02-03-15,4.4,4.5,4.4,4.4,1056824
ICB3RDNRB,02-04-15,4.5,4.5,4.4,4.4,223544
ICB3RDNRB,02-05-15,4.4,4.4,4.4,4.4,397305
ICB3RDNRB,02-08-15,4.4,4.5,4.3,4.3,284508
ICB3RDNRB,02-09-15,4.3,4.4,4.3,4.3,260502
ICB3RDNRB,02-10-15,4.3,4.4,4.3,4.4,162949
ICB3RDNRB,02-11-15,4.4,4.4,4.3,4.3,188155
ICB3RDNRB,02-12-15,4.3,4.4,4.3,4.4,475883
ICB3RDNRB,15-02-15,4.3,4.4,4.3,4.4,299636
ICB3RDNRB,16-02-15,4.4,4.4,4.3,4.3,79243
ICB3RDNRB,17-02-15,4.4,4.4,4.3,4.4,254701
ICB3RDNRB,18-02-15,4.3,4.4,4.3,4.4,139143
ICB3RDNRB,19-02-15,4.4,4.4,4.3,4.4,59850
ICB3RDNRB,22-02-15,4.4,4.4,4.3,4.4,75131
ICB3RDNRB,23-02-15,4.3,4.4,4.3,4.3,36300
ICB3RDNRB,24-02-15,4.3,4.4,4.3,4.3,105500
ICB3RDNRB,25-02-15,4.4,4.4,4.3,4.3,60920
ICB3RDNRB,26-02-15,4.3,4.4,4.3,4.3,249250
ICB3RDNRB,03-01-15,4.3,4.4,4.3,4.4,1050
ICB3RDNRB,03-02-15,4.3,4.4,4.3,4.3,166408
ICB3RDNRB,03-03-15,4.4,4.4,4.3,4.3,149500
ICB3RDNRB,03-04-15,4.3,4.4,4.3,4.4,141100
ICB3RDNRB,03-05-15,4.3,4.4,4.3,4.3,29300
ICB3RDNRB,03-08-15,4.3,4.4,4.3,4.3,97600
ICB3RDNRB,03-09-15,4.3,4.3,4.3,4.3,13000
ICB3RDNRB,03-10-15,4.3,4.3,4.3,4.3,85011
ICB3RDNRB,03-11-15,4.3,4.4,4.3,4.3,50100
ICB3RDNRB,03-12-15,4.3,4.3,4.2,4.3,49670
ICB3RDNRB,15-03-15,4.2,4.3,4.2,4.2,64821
ICB3RDNRB,16-03-15,4.2,4.2,4.1,4.2,39500
ICB3RDNRB,18-03-15,4.2,4.2,4.1,4.2,73900
ICB3RDNRB,19-03-15,4.2,4.3,4.2,4.2,97010
ICB3RDNRB,22-03-15,4.2,4.2,4.1,4.2,21694
ICB3RDNRB,23-03-15,4.2,4.2,4.1,4.1,101500
ICB3RDNRB,24-03-15,4.2,4.2,4.1,4.1,62250
ICB3RDNRB,25-03-15,4.1,4.2,4,4.1,69500
ICB3RDNRB,29-03-15,4.1,4.1,4,4.1,52300
ICB3RDNRB,30-03-15,4.1,4.1,3.9,3.9,159000
ICB3RDNRB,31-03-15,4,4.1,4,4.1,31600
ICB3RDNRB,04-01-15,4,4.1,3.9,4,26863
ICB3RDNRB,04-02-15,4,4.1,3.9,4.1,131500
ICB3RDNRB,04-05-15,4,4.1,3.9,4,106093
ICB3RDNRB,04-06-15,4,4.1,3.9,4.1,104500
ICB3RDNRB,04-07-15,4,4,3.9,4,92400
ICB3RDNRB,04-08-15,3.9,4,3.9,3.9,58800
ICB3RDNRB,04-09-15,3.9,4,3.8,3.9,225800
ICB3RDNRB,04-12-15,3.9,4,3.8,3.9,45000
ICB3RDNRB,13-04-15,3.9,3.9,3.8,3.9,40970
ICB3RDNRB,15-04-15,3.8,3.9,3.8,3.9,83200
ICB3RDNRB,16-04-15,4,4,3.9,3.9,73450
ICB3RDNRB,19-04-15,3.9,4,3.9,4,57850
ICB3RDNRB,20-04-15,4,4,3.9,3.9,66100
ICB3RDNRB,21-04-15,3.9,3.9,3.8,3.9,111093
ICB3RDNRB,22-04-15,3.9,4,3.9,4,148546
ICB3RDNRB,23-04-15,3.9,4,3.8,3.9,114000
ICB3RDNRB,26-04-15,3.9,3.9,3.8,3.9,25100
ICB3RDNRB,27-04-15,3.9,3.9,3.8,3.8,194925
ICB3RDNRB,29-04-15,3.9,3.9,3.8,3.9,62743
ICB3RDNRB,30-04-15,3.9,3.9,3.8,3.9,15837
ICB3RDNRB,05-04-15,3.8,3.8,3.7,3.8,51000
ICB3RDNRB,05-05-15,3.7,3.8,3.7,3.7,34651
ICB3RDNRB,05-06-15,3.8,3.9,3.7,3.8,46410
ICB3RDNRB,05-07-15,3.7,3.9,3.7,3.8,78800
ICB3RDNRB,05-10-15,3.8,4.1,3.8,4.1,464250
ICB3RDNRB,05-11-15,4,4.3,4,4.3,314900
ICB3RDNRB,05-12-15,4.4,4.7,4.2,4.6,978219
ICB3RDNRB,13-05-15,4.5,4.5,4.2,4.3,221450
ICB3RDNRB,14-05-15,4.1,4.3,4.1,4.2,220250
ICB3RDNRB,17-05-15,4.1,4.1,4,4,208700
ICB3RDNRB,18-05-15,4,4.2,4,4.2,98700
ICB3RDNRB,19-05-15,4.1,4.3,4.1,4.2,142000
ICB3RDNRB,20-05-15,4.1,4.3,4.1,4.1,164785
ICB3RDNRB,21-05-15,4.2,4.2,4.1,4.2,119969
ICB3RDNRB,24-05-15,4.1,4.3,4.1,4.3,62500
ICB3RDNRB,25-05-15,4.1,4.3,4.1,4.2,119600
ICB3RDNRB,26-05-15,4.3,4.3,4.1,4.1,276169
ICB3RDNRB,27-05-15,4.1,4.2,4.1,4.1,81600
ICB3RDNRB,28-05-15,4.2,4.2,4.1,4.1,57000
ICB3RDNRB,31-05-15,4.2,4.2,4,4.1,154660
ICB3RDNRB,06-01-15,4.1,4.3,4.1,4.2,113500
ICB3RDNRB,06-02-15,4.1,4.2,4.1,4.2,52420
ICB3RDNRB,06-04-15,4.2,4.2,4.1,4.1,86150
ICB3RDNRB,06-07-15,4.1,4.2,4,4.1,210750
ICB3RDNRB,06-08-15,4.1,4.2,4,4.1,254450
ICB3RDNRB,06-09-15,4.2,4.2,4,4,359455
ICB3RDNRB,06-10-15,4.1,4.3,4,4.2,434224
ICB3RDNRB,06-11-15,4.2,4.4,4.2,4.3,425200
ICB3RDNRB,14-06-15,4.2,4.2,4.1,4.1,121000
ICB3RDNRB,15-06-15,4.1,4.1,4.1,4.1,68304
ICB3RDNRB,16-06-15,4.1,4.2,4,4.2,240030
ICB3RDNRB,17-06-15,4.1,4.4,4.1,4.3,298980
ICB3RDNRB,18-06-15,4.2,4.2,4.1,4.2,40610
ICB3RDNRB,21-06-15,4.1,4.2,4.1,4.2,97620
ICB3RDNRB,22-06-15,4.1,4.3,4.1,4.3,150803
ICB3RDNRB,23-06-15,4.3,4.3,4.1,4.3,176023
ICB3RDNRB,24-06-15,4.3,4.3,4.2,4.3,55742
ICB3RDNRB,25-06-15,4.2,4.3,4.1,4.2,68580
ICB3RDNRB,28-06-15,4.1,4.3,4.1,4.3,133450
ICB3RDNRB,29-06-15,4.2,4.2,4.1,4.2,152786
ICB3RDNRB,30-06-15,4.1,4.3,4.1,4.3,153192
ICB3RDNRB,07-02-15,4.2,4.4,4.2,4.3,150275
ICB3RDNRB,07-05-15,4.2,4.3,4.2,4.3,35400
ICB3RDNRB,07-06-15,4.2,4.3,4.2,4.2,8250
ICB3RDNRB,07-07-15,4.2,4.3,4.1,4.2,285325
ICB3RDNRB,07-08-15,4.2,4.3,4.2,4.2,6500
ICB3RDNRB,07-09-15,4.2,4.3,4.2,4.3,125372
ICB3RDNRB,07-12-15,4.2,4.4,4.2,4.3,195820
ICB3RDNRB,13-07-15,4.3,4.4,4.3,4.4,105925
ICB3RDNRB,14-07-15,4.4,4.5,4.3,4.4,243348
ICB3RDNRB,21-07-15,4.4,4.5,4.3,4.4,110900
ICB3RDNRB,22-07-15,4.4,4.5,4.3,4.4,138850
ICB3RDNRB,23-07-15,4.3,4.5,4.3,4.4,140308
ICB3RDNRB,26-07-15,4.4,4.5,4.3,4.5,338143
ICB3RDNRB,27-07-15,4.5,4.5,4.3,4.5,629249
ICB3RDNRB,28-07-15,4.5,4.6,4.4,4.5,367453
ICB3RDNRB,29-07-15,4.6,4.6,4.5,4.6,273320
ICB3RDNRB,30-07-15,4.6,4.6,4.5,4.6,261000
ICB3RDNRB,08-02-15,4.6,4.6,4.5,4.6,83040
ICB3RDNRB,08-03-15,4.5,4.5,4.5,4.5,133765
ICB3RDNRB,08-04-15,4.5,4.5,4.4,4.5,306237
ICB3RDNRB,08-05-15,4.5,4.6,4.4,4.4,242025
ICB3RDNRB,08-06-15,4.5,4.6,4.4,4.5,186669
ICB3RDNRB,08-09-15,4.4,4.5,4.4,4.4,62472
ICB3RDNRB,08-10-15,4.4,4.5,4.4,4.4,23725
ICB3RDNRB,08-11-15,4.4,4.4,4.2,4.3,173946
ICB3RDNRB,08-12-15,4.3,4.5,4.3,4.4,140893
ICB3RDNRB,13-08-15,4.4,4.6,4.4,4.6,663845
ICB3RDNRB,16-08-15,4.5,4.5,4.4,4.5,288571
ICB3RDNRB,17-08-15,4.5,4.5,4.4,4.4,189320
ICB3RDNRB,18-08-15,4.4,4.5,4.4,4.4,335350
ICB3RDNRB,19-08-15,4.4,4.5,4.4,4.4,69493
ICB3RDNRB,20-08-15,4.4,4.5,4.4,4.4,65922
ICB3RDNRB,23-08-15,4.4,4.5,4.4,4.5,49070
ICB3RDNRB,24-08-15,4.3,4.5,4.3,4.5,207426
ICB3RDNRB,25-08-15,4.4,4.5,4.4,4.4,155873
ICB3RDNRB,26-08-15,4.4,4.4,4.3,4.3,553235
ICB3RDNRB,27-08-15,4.4,4.4,4.3,4.4,417930
ICB3RDNRB,30-08-15,4.3,4.4,4.3,4.4,415376
ICB3RDNRB,31-08-15,4.4,4.5,4.3,4.4,221850
ICB3RDNRB,09-01-15,4.3,4.4,4.3,4.3,685644
ICB3RDNRB,09-03-15,4.1,4.2,3.9,4,1314525
ICB3RDNRB,09-06-15,4.1,4.2,4,4.1,420037
ICB3RDNRB,09-07-15,4.1,4.3,4,4.2,947797
ICB3RDNRB,09-08-15,4.3,4.5,4.2,4.3,1224270
ICB3RDNRB,09-09-15,4.3,4.4,4.2,4.2,304317
ICB3RDNRB,09-10-15,4.2,4.4,4.2,4.3,524800
ICB3RDNRB,13-09-15,4.4,4.4,4.2,4.3,489867
ICB3RDNRB,14-09-15,4.2,4.4,4.2,4.2,240500
ICB3RDNRB,15-09-15,4.2,4.3,4.2,4.3,98880
ICB3RDNRB,16-09-15,4.2,4.3,4.2,4.2,191900
ICB3RDNRB,17-09-15,4.3,4.3,4.2,4.2,102335
ICB3RDNRB,20-09-15,4.2,4.2,4.2,4.2,225000
ICB3RDNRB,21-09-15,4.3,4.3,4.1,4.2,145220
ICB3RDNRB,22-09-15,4.1,4.2,4.1,4.2,73550
ICB3RDNRB,28-09-15,4.1,4.2,4.1,4.1,157558
ICB3RDNRB,29-09-15,4.2,4.2,4.1,4.2,35730
ICB3RDNRB,30-09-15,4.2,4.3,4.1,4.2,557324
ICB3RDNRB,10-01-15,4.2,4.3,4.1,4.3,397662
ICB3RDNRB,10-04-15,4.3,4.4,4.2,4.2,208291
ICB3RDNRB,10-05-15,4.2,4.3,4.2,4.3,268650
ICB3RDNRB,10-06-15,4.3,4.3,4.2,4.3,48565
ICB3RDNRB,10-07-15,4.3,4.5,4.2,4.4,752049
ICB3RDNRB,10-08-15,4.5,4.5,4.4,4.4,251698
ICB3RDNRB,10-11-15,4.5,4.5,4.3,4.4,693559
ICB3RDNRB,10-12-15,4.4,4.5,4.4,4.4,192659
ICB3RDNRB,13-10-15,4.4,4.5,4.3,4.3,479152
ICB3RDNRB,14-10-15,4.3,4.3,4.2,4.2,107296
ICB3RDNRB,15-10-15,4.2,4.3,4.2,4.2,141600
ICB3RDNRB,18-10-15,4.2,4.3,4.1,4.2,160100
ICB3RDNRB,19-10-15,4.2,4.2,4.1,4.2,66878
ICB3RDNRB,20-10-15,4.3,4.3,4.1,4.1,89280
ICB3RDNRB,21-10-15,4.1,4.2,4.1,4.1,32000
ICB3RDNRB,25-10-15,4.1,4.2,4.1,4.1,72400
ICB3RDNRB,26-10-15,4.1,4.2,4.1,4.1,164750
ICB3RDNRB,27-10-15,4.1,4.1,4.1,4.1,198500
ICB3RDNRB,28-10-15,4.1,4.1,4,4.1,114420
ICB3RDNRB,29-10-15,4.2,4.2,4,4.1,124055
ICB3RDNRB,11-01-15,4,4.1,4,4.1,81100
ICB3RDNRB,11-02-15,4.1,4.1,4,4.1,63600
ICB3RDNRB,11-03-15,4.1,4.1,4,4,71895
ICB3RDNRB,11-04-15,4,4.1,4,4,231287
ICB3RDNRB,11-05-15,4,4.1,4,4,118700
ICB3RDNRB,11-08-15,4,4,4,4,48400
ICB3RDNRB,11-09-15,4.1,4.1,4,4,253700
ICB3RDNRB,11-10-15,4.1,4.1,3.9,3.9,542010
ICB3RDNRB,11-11-15,4,4,3.9,3.9,294991
ICB3RDNRB,11-12-15,3.9,4,3.9,4,179059
ICB3RDNRB,15-11-15,3.9,4,3.9,3.9,113400
ICB3RDNRB,16-11-15,3.9,4,3.9,4,213200
ICB3RDNRB,17-11-15,3.9,4,3.9,4,43175
ICB3RDNRB,18-11-15,4,4,3.9,4,212520
ICB3RDNRB,19-11-15,4,4.1,4,4.1,206363
ICB3RDNRB,22-11-15,4.1,4.1,4,4.1,401810
ICB3RDNRB,23-11-15,4.1,4.2,4,4.1,295625
ICB3RDNRB,24-11-15,4.1,4.1,4,4.1,69720
ICB3RDNRB,25-11-15,4,4.1,4,4.1,39975
ICB3RDNRB,26-11-15,4.1,4.1,4,4,106489
ICB3RDNRB,29-11-15,4.1,4.1,4,4.1,85104
ICB3RDNRB,30-11-15,4,4.1,4,4,66979
ICB3RDNRB,12-01-15,4,4.1,4,4,322590
ICB3RDNRB,12-02-15,4,4.1,4,4,92920
ICB3RDNRB,12-03-15,4.1,4.1,4,4,254500
ICB3RDNRB,12-06-15,4,4.1,4,4.1,59265
ICB3RDNRB,12-07-15,4,4.2,4,4.2,623719
ICB3RDNRB,12-08-15,4.2,4.2,4.1,4.1,145798
ICB3RDNRB,12-09-15,4.1,4.2,4.1,4.2,290926
ICB3RDNRB,12-10-15,4.1,4.2,4.1,4.1,242150
ICB3RDNRB,13-12-15,4.2,4.2,4.1,4.2,249701
ICB3RDNRB,14-12-15,4.1,4.2,4.1,4.1,76595
ICB3RDNRB,15-12-15,4.1,4.2,4.1,4.2,59400
ICB3RDNRB,17-12-15,4.1,4.2,4.1,4.1,49810
ICB3RDNRB,20-12-15,4.1,4.1,4,4.1,42307
ICB3RDNRB,21-12-15,4.1,4.1,4,4.1,190200
ICB3RDNRB,22-12-15,4.1,4.2,4,4.1,90900
ICB3RDNRB,23-12-15,4,4.2,4,4.1,95590
ICB3RDNRB,24-12-15,4.1,4.2,4.1,4.1,43476
ICB3RDNRB,27-12-15,4.1,4.1,4,4.1,27400
ICB3RDNRB,28-12-15,4.1,4.2,4,4.2,458520
ICB3RDNRB,29-12-15,4.1,4.2,4.1,4.1,66300
ICB3RDNRB,30-12-15,4.2,4.2,4.1,4.2,101422
ICB3RDNRB,31-12-15,4.2,4.2,4.1,4.1,51310
ICBEPMF1S1,01-01-15,4.5,4.6,4.5,4.5,8377
ICBEPMF1S1,01-05-15,4.4,4.6,4.4,4.5,47878
ICBEPMF1S1,01-06-15,4.6,4.6,4.5,4.6,26150
ICBEPMF1S1,01-07-15,4.5,4.6,4.5,4.6,192320
ICBEPMF1S1,01-08-15,4.6,4.6,4.4,4.5,311513
ICBEPMF1S1,01-11-15,4.5,4.6,4.5,4.6,21917
ICBEPMF1S1,01-12-15,4.5,4.5,4.5,4.5,34765
ICBEPMF1S1,13-01-15,4.4,4.6,4.4,4.6,72700
ICBEPMF1S1,14-01-15,4.5,4.5,4.5,4.5,46700
ICBEPMF1S1,15-01-15,4.5,4.5,4.4,4.5,22106
ICBEPMF1S1,18-01-15,4.4,4.4,4.3,4.4,173350
ICBEPMF1S1,19-01-15,4.4,4.5,4.3,4.4,55466
ICBEPMF1S1,20-01-15,4.4,4.5,4.4,4.5,98800
ICBEPMF1S1,21-01-15,4.4,4.5,4.3,4.4,92206
ICBEPMF1S1,22-01-15,4.4,4.4,4.3,4.3,20018
ICBEPMF1S1,25-01-15,4.4,4.4,4.3,4.3,47000
ICBEPMF1S1,26-01-15,4.3,4.4,4.3,4.4,47775
ICBEPMF1S1,27-01-15,4.3,4.5,4.3,4.4,31350
ICBEPMF1S1,28-01-15,4.4,4.5,4.4,4.5,27040
ICBEPMF1S1,29-01-15,4.4,4.5,4.4,4.4,33535
ICBEPMF1S1,02-01-15,4.4,4.5,4.4,4.4,13000
ICBEPMF1S1,02-02-15,4.4,4.4,4.3,4.4,28000
ICBEPMF1S1,02-03-15,4.4,4.5,4.3,4.4,36620
ICBEPMF1S1,02-04-15,4.4,4.5,4.4,4.4,74200
ICBEPMF1S1,02-05-15,4.4,4.5,4.4,4.4,132228
ICBEPMF1S1,02-08-15,4.4,4.5,4.4,4.5,43500
ICBEPMF1S1,02-09-15,4.5,4.5,4.4,4.4,118600
ICBEPMF1S1,02-10-15,4.4,4.5,4.4,4.4,73696
ICBEPMF1S1,02-11-15,4.4,4.5,4.4,4.5,19700
ICBEPMF1S1,02-12-15,4.5,4.6,4.5,4.6,85759
ICBEPMF1S1,15-02-15,4.5,4.7,4.5,4.6,86398
ICBEPMF1S1,16-02-15,4.6,4.6,4.5,4.5,48900
ICBEPMF1S1,17-02-15,4.5,4.6,4.5,4.5,65472
ICBEPMF1S1,18-02-15,4.5,4.6,4.5,4.6,19728
ICBEPMF1S1,19-02-15,4.7,4.7,4.5,4.5,35000
ICBEPMF1S1,22-02-15,4.5,4.5,4.5,4.5,31975
ICBEPMF1S1,23-02-15,4.5,4.6,4.5,4.5,30500
ICBEPMF1S1,24-02-15,4.5,4.5,4.4,4.5,76000
ICBEPMF1S1,25-02-15,4.5,4.5,4.4,4.5,85940
ICBEPMF1S1,26-02-15,4.6,4.6,4.4,4.4,9000
ICBEPMF1S1,03-01-15,4.6,4.6,4.4,4.4,19500
ICBEPMF1S1,03-02-15,4.4,4.5,4.3,4.4,143100
ICBEPMF1S1,03-03-15,4.4,4.5,4.4,4.5,159500
ICBEPMF1S1,03-04-15,4.5,4.6,4.4,4.6,98000
ICBEPMF1S1,03-05-15,4.5,4.6,4.4,4.4,28500
ICBEPMF1S1,03-08-15,4.4,4.5,4.4,4.5,21500
ICBEPMF1S1,03-09-15,4.4,4.5,4.4,4.5,114500
ICBEPMF1S1,03-10-15,4.4,4.5,4.4,4.5,33912
ICBEPMF1S1,03-11-15,4.4,4.5,4.4,4.4,76700
ICBEPMF1S1,03-12-15,4.4,4.4,4.3,4.4,28600
ICBEPMF1S1,15-03-15,4.4,4.5,4.4,4.4,12500
ICBEPMF1S1,16-03-15,4.4,4.4,4.3,4.3,43616
ICBEPMF1S1,18-03-15,4.4,4.4,4.3,4.3,19975
ICBEPMF1S1,19-03-15,4.3,4.3,4.3,4.3,3080
ICBEPMF1S1,22-03-15,4.3,4.4,4.3,4.3,93500
ICBEPMF1S1,23-03-15,4.5,4.5,4.3,4.4,14200
ICBEPMF1S1,24-03-15,4.4,4.4,4.3,4.3,38000
ICBEPMF1S1,25-03-15,4.3,4.3,4.2,4.3,18700
ICBEPMF1S1,29-03-15,4.3,4.4,4.3,4.3,81500
ICBEPMF1S1,30-03-15,4.3,4.3,4.2,4.2,12750
ICBEPMF1S1,31-03-15,4.2,4.3,4.2,4.2,156500
ICBEPMF1S1,04-01-15,4.2,4.2,4.1,4.2,13250
ICBEPMF1S1,04-02-15,4.1,4.2,4.1,4.1,14450
ICBEPMF1S1,04-05-15,4.1,4.2,4.1,4.1,54650
ICBEPMF1S1,04-06-15,4.1,4.1,4,4,34100
ICBEPMF1S1,04-07-15,4,4,3.6,3.8,84067
ICBEPMF1S1,04-08-15,3.8,4,3.8,4,41219
ICBEPMF1S1,04-09-15,4,4,3.8,3.8,107816
ICBEPMF1S1,04-12-15,3.8,4,3.8,3.9,18000
ICBEPMF1S1,13-04-15,3.9,4,3.8,3.9,23442
ICBEPMF1S1,15-04-15,3.9,4,3.9,4,33138
ICBEPMF1S1,16-04-15,3.9,4,3.8,3.9,80500
ICBEPMF1S1,19-04-15,3.9,4.1,3.9,4,40533
ICBEPMF1S1,20-04-15,4,4.1,3.9,4,149200
ICBEPMF1S1,21-04-15,3.9,4.2,3.9,4.2,59100
ICBEPMF1S1,22-04-15,4,4.2,3.9,4,142468
ICBEPMF1S1,23-04-15,3.9,4,3.8,3.9,88000
ICBEPMF1S1,26-04-15,3.9,3.9,3.9,3.9,10000
ICBEPMF1S1,27-04-15,4,4,3.9,4,18000
ICBEPMF1S1,29-04-15,3.9,4,3.9,4,24950
ICBEPMF1S1,30-04-15,4,4,3.9,3.9,76782
ICBEPMF1S1,05-04-15,3.9,4,3.9,3.9,125802
ICBEPMF1S1,05-05-15,3.8,3.8,3.7,3.8,102500
ICBEPMF1S1,05-06-15,3.8,4,3.8,4,40800
ICBEPMF1S1,05-07-15,3.9,4.1,3.9,4.1,180910
ICBEPMF1S1,05-10-15,4.2,4.4,4.2,4.3,78100
ICBEPMF1S1,05-11-15,4.3,4.6,4.3,4.5,406599
ICBEPMF1S1,05-12-15,4.6,4.9,4.6,4.9,605581
ICBEPMF1S1,13-05-15,4.8,4.9,4.6,4.8,257423
ICBEPMF1S1,14-05-15,4.5,4.8,4.5,4.7,237960
ICBEPMF1S1,17-05-15,4.7,4.7,4.4,4.5,85356
ICBEPMF1S1,18-05-15,4.5,4.6,4.5,4.6,86066
ICBEPMF1S1,19-05-15,4.6,4.7,4.5,4.6,162000
ICBEPMF1S1,20-05-15,4.6,4.7,4.5,4.7,36100
ICBEPMF1S1,21-05-15,4.7,4.8,4.6,4.7,61900
ICBEPMF1S1,24-05-15,4.5,4.5,4.5,4.5,500
ICBEPMF1S1,25-05-15,4.5,4.8,4.5,4.7,32400
ICBEPMF1S1,26-05-15,4.8,4.8,4.7,4.8,45289
ICBEPMF1S1,27-05-15,4.7,4.7,4.5,4.6,30000
ICBEPMF1S1,28-05-15,4.8,4.8,4.4,4.5,22610
ICBEPMF1S1,31-05-15,4.5,4.7,4.5,4.5,14500
ICBEPMF1S1,06-01-15,4.6,4.7,4.4,4.6,40300
ICBEPMF1S1,06-02-15,4.5,4.6,4.5,4.5,42000
ICBEPMF1S1,06-04-15,4.5,4.5,4.3,4.4,49700
ICBEPMF1S1,06-07-15,4.6,4.7,4.4,4.5,61500
ICBEPMF1S1,06-08-15,4.4,4.9,4.4,4.8,927289
ICBEPMF1S1,06-09-15,4.7,4.9,4.7,4.9,379400
ICBEPMF1S1,06-10-15,4.9,5.3,4.9,5.3,1226585
ICBEPMF1S1,06-11-15,5.2,5.8,5.2,5.8,765752
ICBEPMF1S1,14-06-15,5.8,5.8,5.3,5.3,270921
ICBEPMF1S1,15-06-15,5.1,5.2,5,5.1,229899
ICBEPMF1S1,16-06-15,5.1,5.5,5,5.4,356745
ICBEPMF1S1,17-06-15,5.4,5.5,5.2,5.3,362000
ICBEPMF1S1,18-06-15,5.3,5.5,5.1,5.2,273000
ICBEPMF1S1,21-06-15,5.2,5.4,5,5.3,275000
ICBEPMF1S1,22-06-15,5.3,5.5,5.2,5.4,308457
ICBEPMF1S1,23-06-15,5.4,5.5,5.3,5.4,139902
ICBEPMF1S1,24-06-15,5.6,5.7,5.4,5.5,349295
ICBEPMF1S1,25-06-15,5.7,5.7,5.4,5.5,76000
ICBEPMF1S1,28-06-15,5.4,5.7,5.3,5.6,147500
ICBEPMF1S1,29-06-15,5.6,5.7,5.3,5.6,154751
ICBEPMF1S1,30-06-15,5.5,5.7,5.4,5.5,262600
ICBEPMF1S1,07-02-15,5.3,5.6,5.3,5.5,165370
ICBEPMF1S1,07-05-15,5.4,5.5,5.2,5.4,214833
ICBEPMF1S1,07-06-15,5.2,5.5,5.2,5.3,143750
ICBEPMF1S1,07-07-15,5.1,5.3,5,5.1,200950
ICBEPMF1S1,07-08-15,5.3,5.5,5.3,5.4,205500
ICBEPMF1S1,07-09-15,5.3,5.5,5.1,5.3,171950
ICBEPMF1S1,07-12-15,5.3,5.6,5.3,5.5,157065
ICBEPMF1S1,13-07-15,5.4,5.6,5.4,5.5,83448
ICBEPMF1S1,14-07-15,5.6,5.7,5.5,5.5,472107
ICBEPMF1S1,21-07-15,5.4,5.9,5.4,5.8,219641
ICBEPMF1S1,22-07-15,6,6,5.5,5.6,553325
ICBEPMF1S1,23-07-15,5.6,5.9,5.6,5.8,224455
ICBEPMF1S1,26-07-15,5.8,6,5.7,5.9,300290
ICBEPMF1S1,27-07-15,5.7,5.9,5.6,5.9,313345
ICBEPMF1S1,28-07-15,5.8,6.2,5.8,6.1,397654
ICBEPMF1S1,29-07-15,6.1,6.2,6,6,421509
ICBEPMF1S1,30-07-15,6,6.1,5.8,5.9,132100
ICBEPMF1S1,08-02-15,5.8,5.9,5.7,5.9,255400
ICBEPMF1S1,08-03-15,5.7,5.8,5.7,5.7,148428
ICBEPMF1S1,08-04-15,5.8,6,5.8,6,582701
ICBEPMF1S1,08-05-15,5.9,6.1,5.8,6,310259
ICBEPMF1S1,08-06-15,5.9,6,5.7,5.8,233017
ICBEPMF1S1,08-09-15,5.8,6,5.8,5.9,213112
ICBEPMF1S1,08-10-15,5.7,5.8,5.6,5.7,276000
ICBEPMF1S1,08-11-15,5.7,5.9,5.7,5.8,71345
ICBEPMF1S1,08-12-15,6,6,5.6,5.7,229075
ICBEPMF1S1,13-08-15,5.9,6.1,5.7,6,604331
ICBEPMF1S1,16-08-15,6.2,6.2,5.9,6,509295
ICBEPMF1S1,17-08-15,6,6.1,5.9,6,332500
ICBEPMF1S1,18-08-15,5.9,6.2,5.9,6.1,757800
ICBEPMF1S1,19-08-15,6.1,6.2,6,6.2,565317
ICBEPMF1S1,20-08-15,6.2,6.4,6.1,6.3,374501
ICBEPMF1S1,23-08-15,6,6.4,6,6.4,257840
ICBEPMF1S1,24-08-15,6.3,6.3,6.2,6.2,257653
ICBEPMF1S1,25-08-15,6.2,6.4,6.2,6.3,283742
ICBEPMF1S1,26-08-15,6.2,6.4,6.2,6.3,208687
ICBEPMF1S1,27-08-15,6.2,6.3,6.1,6.3,336175
ICBEPMF1S1,30-08-15,6.3,6.4,6.2,6.3,170900
ICBEPMF1S1,31-08-15,6.3,6.3,6,6,127255
ICBEPMF1S1,09-01-15,6,6.1,5.8,5.8,562900
ICBEPMF1S1,09-03-15,5.7,5.7,5.3,5.5,602390
ICBEPMF1S1,09-06-15,5.6,5.9,5.5,5.8,442320
ICBEPMF1S1,09-07-15,5.8,6,5.7,5.9,305401
ICBEPMF1S1,09-08-15,5.9,6.4,5.8,6.4,3578500
ICBEPMF1S1,09-09-15,6.2,6.3,6.1,6.2,430524
ICBEPMF1S1,09-10-15,6.2,6.8,6.2,6.8,1029600
ICBEPMF1S1,13-09-15,7,7,6.3,6.5,169914
ICBEPMF1S1,14-09-15,6.7,7,6.5,6.5,64000
ICBEPMF1S1,15-09-15,6.5,6.6,6.2,6.5,473745
ICBEPMF1S1,16-09-15,6.3,6.5,6.3,6.4,78993
ICBEPMF1S1,17-09-15,6.3,6.5,6.3,6.4,106000
ICBEPMF1S1,20-09-15,6.3,6.4,6.2,6.3,157400
ICBEPMF1S1,21-09-15,6.3,6.4,6.2,6.3,141082
ICBEPMF1S1,22-09-15,6.2,6.3,6.2,6.2,65000
ICBEPMF1S1,28-09-15,6.2,6.3,6.2,6.3,38510
ICBEPMF1S1,29-09-15,6.2,6.3,6.2,6.3,37770
ICBEPMF1S1,30-09-15,6.2,6.3,6.1,6.2,54538
ICBEPMF1S1,10-01-15,6.1,6.4,6.1,6.4,194580
ICBEPMF1S1,10-04-15,6.4,6.5,6.3,6.4,208374
ICBEPMF1S1,10-05-15,6.3,6.5,6.3,6.4,140937
ICBEPMF1S1,10-06-15,6.4,6.6,6.4,6.5,128871
ICBEPMF1S1,10-07-15,6.4,6.6,6.4,6.5,251294
ICBEPMF1S1,10-08-15,6.5,6.9,6.5,6.8,220614
ICBEPMF1S1,10-11-15,6.8,7,6.8,7,303850
ICBEPMF1S1,10-12-15,7,7,6.8,6.9,231476
ICBEPMF1S1,13-10-15,6.8,6.9,6.7,6.8,162520
ICBEPMF1S1,14-10-15,6.8,6.8,6.7,6.7,50275
ICBEPMF1S1,15-10-15,6.7,6.7,6.5,6.6,50300
ICBEPMF1S1,18-10-15,6.5,6.6,6.3,6.4,146525
ICBEPMF1S1,19-10-15,6.5,6.6,6.4,6.5,85304
ICBEPMF1S1,20-10-15,6.4,6.4,6.3,6.3,74875
ICBEPMF1S1,21-10-15,6.3,6.4,6,6.2,236400
ICBEPMF1S1,25-10-15,6,6.1,6,6,7500
ICBEPMF1S1,26-10-15,6,6.3,6,6.2,48140
ICBEPMF1S1,27-10-15,6.1,6.1,6,6.1,31725
ICBEPMF1S1,28-10-15,6.1,6.2,6,6.1,30300
ICBEPMF1S1,29-10-15,6,6.1,6,6,48750
ICBEPMF1S1,11-01-15,6,6.2,6,6.1,44820
ICBEPMF1S1,11-02-15,6.1,6.1,6,6,70670
ICBEPMF1S1,11-03-15,6,6.1,6,6,28000
ICBEPMF1S1,11-04-15,6,6.3,6,6.3,86650
ICBEPMF1S1,11-05-15,6.1,6.1,6,6.1,40601
ICBEPMF1S1,11-08-15,6.1,6.1,6.1,6.1,11130
ICBEPMF1S1,11-09-15,6,6.1,5.9,6,96300
ICBEPMF1S1,11-10-15,5.9,6,5.6,5.9,86166
ICBEPMF1S1,11-11-15,5.8,5.8,5.6,5.8,45256
ICBEPMF1S1,11-12-15,5.7,5.7,5.4,5.6,87500
ICBEPMF1S1,15-11-15,5.6,5.7,5.6,5.6,46000
ICBEPMF1S1,16-11-15,5.6,5.7,5.6,5.7,82400
ICBEPMF1S1,17-11-15,5.7,5.7,5.5,5.6,171166
ICBEPMF1S1,18-11-15,5.7,5.8,5.6,5.7,44450
ICBEPMF1S1,19-11-15,5.7,5.7,5.6,5.7,8100
ICBEPMF1S1,22-11-15,5.6,5.8,5.6,5.7,92000
ICBEPMF1S1,23-11-15,5.9,6,5.6,5.8,136369
ICBEPMF1S1,24-11-15,5.7,5.7,5.6,5.6,103200
ICBEPMF1S1,25-11-15,5.5,5.7,5.4,5.5,119850
ICBEPMF1S1,26-11-15,5.4,5.6,5.4,5.5,45000
ICBEPMF1S1,29-11-15,5.5,5.7,5.5,5.5,173000
ICBEPMF1S1,30-11-15,5.6,5.7,5.5,5.7,83340
ICBEPMF1S1,12-01-15,5.7,5.8,5.6,5.8,124700
ICBEPMF1S1,12-02-15,5.8,5.8,5.7,5.8,24600
ICBEPMF1S1,12-03-15,5.6,5.8,5.6,5.6,118369
ICBEPMF1S1,12-06-15,5.6,5.6,5.5,5.6,75874
ICBEPMF1S1,12-07-15,5.5,5.6,5.5,5.5,60400
ICBEPMF1S1,12-08-15,5.5,5.5,5.5,5.5,47800
ICBEPMF1S1,12-09-15,5.5,5.6,5.5,5.6,103500
ICBEPMF1S1,12-10-15,5.5,5.6,5.5,5.6,16740
ICBEPMF1S1,13-12-15,5.5,5.7,5.5,5.6,21400
ICBEPMF1S1,14-12-15,5.5,5.6,5.5,5.6,35600
ICBEPMF1S1,15-12-15,5.5,5.7,5.5,5.6,23615
ICBEPMF1S1,17-12-15,5.7,5.7,5.5,5.5,50440
ICBEPMF1S1,20-12-15,5.5,5.5,5.4,5.5,29600
ICBEPMF1S1,21-12-15,5.6,5.7,5.5,5.6,90900
ICBEPMF1S1,22-12-15,5.6,5.7,5.6,5.7,50310
ICBEPMF1S1,23-12-15,5.6,5.8,5.6,5.7,61900
ICBEPMF1S1,24-12-15,5.6,5.8,5.6,5.8,96809
ICBEPMF1S1,27-12-15,5.7,5.7,5.6,5.7,54860
ICBEPMF1S1,28-12-15,5.7,5.7,5.7,5.7,73550
ICBEPMF1S1,29-12-15,5.7,5.8,5.7,5.8,24400
ICBEPMF1S1,30-12-15,5.7,5.9,5.7,5.9,84251
ICBEPMF1S1,31-12-15,5.9,6,5.8,5.9,5000
IFILISLMF1,01-01-15,5.8,5.9,5.6,5.7,67500
IFILISLMF1,01-05-15,5.7,5.9,5.5,5.6,68471
IFILISLMF1,01-06-15,5.5,5.7,5.5,5.6,47153
IFILISLMF1,01-07-15,5.5,5.8,5.5,5.5,76245
IFILISLMF1,01-08-15,5.4,5.8,5.4,5.6,179532
IFILISLMF1,01-11-15,5.5,5.6,5.5,5.5,46395
IFILISLMF1,01-12-15,5.6,5.8,5.5,5.7,76250
IFILISLMF1,13-01-15,5.5,5.8,5.5,5.7,350831
IFILISLMF1,14-01-15,5.6,6,5.6,5.9,286165
IFILISLMF1,15-01-15,5.7,5.9,5.7,5.8,183000
IFILISLMF1,18-01-15,5.7,5.9,5.7,5.9,115400
IFILISLMF1,19-01-15,5.7,6.1,5.7,5.9,212800
IFILISLMF1,20-01-15,5.7,6.1,5.7,6.1,435560
IFILISLMF1,21-01-15,5.9,6.1,5.8,6.1,255081
IFILISLMF1,22-01-15,5.8,6,5.8,6,65840
IFILISLMF1,25-01-15,5.8,6.1,5.7,5.7,114000
IFILISLMF1,26-01-15,5.7,5.8,5.7,5.7,83650
IFILISLMF1,27-01-15,5.7,5.8,5.7,5.8,31718
IFILISLMF1,28-01-15,5.7,5.9,5.7,5.7,30400
IFILISLMF1,29-01-15,5.7,5.9,5.7,5.7,50500
IFILISLMF1,02-01-15,5.7,5.8,5.6,5.7,66848
IFILISLMF1,02-02-15,5.7,5.7,5.6,5.7,125300
IFILISLMF1,02-03-15,5.7,6,5.7,5.9,208193
IFILISLMF1,02-04-15,5.8,5.9,5.8,5.8,42210
IFILISLMF1,02-05-15,5.9,6.1,5.8,6,420089
IFILISLMF1,02-08-15,5.9,6,5.9,6,225650
IFILISLMF1,02-09-15,6.1,6.4,5.8,6.3,1163231
IFILISLMF1,02-10-15,6.1,6.2,6,6.1,99179
IFILISLMF1,02-11-15,6.1,6.4,6.1,6.4,3056184
IFILISLMF1,02-12-15,6.4,6.5,6.2,6.4,396668
IFILISLMF1,15-02-15,6.5,6.7,6.2,6.3,1099262
IFILISLMF1,16-02-15,6.2,6.3,6,6.3,1013150
IFILISLMF1,17-02-15,6.1,6.3,6,6.3,169389
IFILISLMF1,18-02-15,6.4,6.4,6.1,6.2,245879
IFILISLMF1,19-02-15,6.1,6.3,6.1,6.2,62720
IFILISLMF1,22-02-15,6.1,6.4,6.1,6.3,276470
IFILISLMF1,23-02-15,6.2,6.2,6.1,6.1,87828
IFILISLMF1,24-02-15,6.1,6.2,6.1,6.1,151345
IFILISLMF1,25-02-15,6.1,6.2,5.9,6,219944
IFILISLMF1,26-02-15,6.1,6.1,5.9,6,150350
IFILISLMF1,03-01-15,6.2,6.3,5.8,6,292300
IFILISLMF1,03-02-15,5.9,6,5.9,5.9,30400
IFILISLMF1,03-03-15,5.9,6,5.9,5.9,7510
IFILISLMF1,03-04-15,5.9,6,5.8,5.9,197377
IFILISLMF1,03-05-15,5.8,6,5.8,5.9,161142
IFILISLMF1,03-08-15,5.9,6.1,5.8,5.9,26500
IFILISLMF1,03-09-15,5.9,6,5.9,5.9,21845
IFILISLMF1,03-10-15,5.9,6,5.9,5.9,135800
IFILISLMF1,03-11-15,6,6,5.9,5.9,30550
IFILISLMF1,03-12-15,5.9,6,5.9,5.9,122000
IFILISLMF1,15-03-15,6,6,5.8,5.9,253373
IFILISLMF1,16-03-15,5.8,5.9,5.8,5.8,54490
IFILISLMF1,18-03-15,5.8,5.8,5.7,5.8,98973
IFILISLMF1,19-03-15,5.8,6,5.7,5.7,85600
IFILISLMF1,22-03-15,5.7,5.9,5.7,5.9,335000
IFILISLMF1,23-03-15,5.9,6,5.7,6,314589
IFILISLMF1,24-03-15,5.8,5.9,5.7,5.8,83800
IFILISLMF1,25-03-15,5.7,5.9,5.7,5.9,25800
IFILISLMF1,29-03-15,5.8,5.9,5.6,5.7,379825
IFILISLMF1,30-03-15,5.7,5.8,5.6,5.6,182680
IFILISLMF1,31-03-15,5.6,5.6,5.5,5.6,105020
IFILISLMF1,04-01-15,5.6,5.7,5.6,5.7,22500
IFILISLMF1,04-02-15,5.6,5.8,5.6,5.7,39295
IFILISLMF1,04-05-15,5.6,5.7,5.6,5.7,59500
IFILISLMF1,04-06-15,5.6,5.6,5.3,5.3,395787
IFILISLMF1,04-07-15,5.4,5.6,5.3,5.5,83900
IFILISLMF1,04-08-15,5.4,5.5,5.1,5.3,243540
IFILISLMF1,04-09-15,5.5,5.6,4.8,5.1,665263
IFILISLMF1,04-12-15,5.1,5.2,4.8,4.9,63658
IFILISLMF1,13-04-15,4.8,5.1,4.8,5.1,25500
IFILISLMF1,15-04-15,5.1,5.2,4.9,5.2,238478
IFILISLMF1,16-04-15,5,5.3,4.9,5.2,153250
IFILISLMF1,19-04-15,5.1,5.5,5.1,5.4,75700
IFILISLMF1,20-04-15,5.3,5.3,5.2,5.2,71000
IFILISLMF1,21-04-15,5.1,5.2,5,5.2,63004
IFILISLMF1,22-04-15,5.2,5.5,4.9,5.1,211087
IFILISLMF1,23-04-15,5,5.1,4.9,4.9,119950
IFILISLMF1,26-04-15,5,5.2,4.7,4.8,221086
IFILISLMF1,27-04-15,5,5.2,5,5.1,245894
IFILISLMF1,29-04-15,5.1,5.3,5.1,5.2,117300
IFILISLMF1,30-04-15,5,5.1,5,5.1,16550
IFILISLMF1,05-04-15,4.9,5.1,4.9,5,24900
IFILISLMF1,05-05-15,5,5.2,4.9,5.1,85500
IFILISLMF1,05-06-15,4.9,5.3,4.9,5,157250
IFILISLMF1,05-07-15,5,5.1,4.9,5,131000
IFILISLMF1,05-10-15,5.1,5.5,5.1,5.4,252918
IFILISLMF1,05-11-15,5.8,5.8,5.4,5.7,320950
IFILISLMF1,05-12-15,5.7,6.2,5.6,6.1,1520058
IFILISLMF1,13-05-15,5.9,6.1,5.8,6,454995
IFILISLMF1,14-05-15,5.9,6,5.8,5.9,462714
IFILISLMF1,17-05-15,5.7,5.9,5.5,5.8,352749
IFILISLMF1,18-05-15,5.8,6,5.8,5.9,205411
IFILISLMF1,19-05-15,5.7,6.1,5.7,6,349595
IFILISLMF1,20-05-15,6,6.1,5.8,6,86866
IFILISLMF1,21-05-15,6,6.1,6,6,191100
IFILISLMF1,24-05-15,5.9,6.3,5.9,5.9,46525
IFILISLMF1,25-05-15,6.3,6.3,5.9,6.2,203026
IFILISLMF1,26-05-15,6.1,6.3,6,6.1,71322
IFILISLMF1,27-05-15,6,6,5.9,6,296310
IFILISLMF1,28-05-15,6.3,6.3,5.8,5.9,203000
IFILISLMF1,31-05-15,5.8,5.9,5.7,5.8,111650
IFILISLMF1,06-01-15,5.7,6.2,5.7,5.8,46100
IFILISLMF1,06-02-15,5.8,6.1,5.8,5.8,43834
IFILISLMF1,06-04-15,5.7,6,5.7,5.9,59160
IFILISLMF1,06-07-15,5.8,6,5.8,6,476197
IFILISLMF1,06-08-15,5.8,6,5.8,5.9,365782
IFILISLMF1,06-09-15,5.8,6,5.8,5.9,60047
IFILISLMF1,06-10-15,5.9,6.2,5.9,6.1,255549
IFILISLMF1,06-11-15,6,6.2,6,6.1,148610
IFILISLMF1,14-06-15,6.1,6.2,6,6.1,97391
IFILISLMF1,15-06-15,6.1,6.2,6,6,71001
IFILISLMF1,16-06-15,6,6.4,6,6.3,816670
IFILISLMF1,17-06-15,6.3,6.6,6.2,6.4,249000
IFILISLMF1,18-06-15,6.2,6.4,6.1,6.2,568820
IFILISLMF1,21-06-15,6.1,6.4,6.1,6.4,123724
IFILISLMF1,22-06-15,6.3,6.4,6.2,6.3,175681
IFILISLMF1,23-06-15,6.2,6.4,6.1,6.4,187650
IFILISLMF1,24-06-15,6.3,6.5,6.3,6.4,297889
IFILISLMF1,25-06-15,6.3,6.4,6.3,6.3,93355
IFILISLMF1,28-06-15,6.2,6.4,6.2,6.3,172703
IFILISLMF1,29-06-15,6.3,6.4,6.2,6.3,115483
IFILISLMF1,30-06-15,6.2,6.6,6.2,6.5,427307
IFILISLMF1,07-02-15,6.5,6.5,6.4,6.5,272469
IFILISLMF1,07-05-15,6.3,6.5,6.3,6.4,168697
IFILISLMF1,07-06-15,6.4,6.5,6.3,6.4,146168
IFILISLMF1,07-07-15,6.4,6.4,6.3,6.4,157120
IFILISLMF1,07-08-15,6.3,6.5,6.3,6.4,107450
IFILISLMF1,07-09-15,6.3,6.4,6.2,6.3,164487
IFILISLMF1,07-12-15,6.5,6.5,6.4,6.5,262220
IFILISLMF1,13-07-15,6.5,6.5,6.4,6.5,407848
IFILISLMF1,14-07-15,6.5,6.6,6.4,6.5,763165
IFILISLMF1,21-07-15,6.5,6.6,6.4,6.5,660147
IFILISLMF1,22-07-15,6.6,6.8,6.4,6.7,1380818
IFILISLMF1,23-07-15,6.6,7,6.6,7,634735
IFILISLMF1,26-07-15,7,7.3,6.9,7.2,1489162
IFILISLMF1,27-07-15,7.1,7.3,6.8,6.9,1033164
IFILISLMF1,28-07-15,6.9,7.3,6.9,6.9,1184025
IFILISLMF1,29-07-15,7,7.1,6.8,7,759176
IFILISLMF1,30-07-15,6.9,7,6.8,6.9,237306
IFILISLMF1,08-02-15,6.9,7.1,6.9,7,442700
IFILISLMF1,08-03-15,7,7,6.9,7,470738
IFILISLMF1,08-04-15,6.9,7,6.8,6.9,907784
IFILISLMF1,08-05-15,6.9,7,6.8,6.8,1024900
IFILISLMF1,08-06-15,6.9,7,6.8,6.8,568400
IFILISLMF1,08-09-15,6.8,6.9,6.3,6.5,764010
IFILISLMF1,08-10-15,6.4,6.7,6.4,6.6,192419
IFILISLMF1,08-11-15,6.6,6.7,6.5,6.7,402874
IFILISLMF1,08-12-15,6.6,6.8,6.4,6.6,869878
IFILISLMF1,13-08-15,6.9,7,6.6,6.8,1513204
IFILISLMF1,16-08-15,6.9,7,6.8,6.8,1735919
IFILISLMF1,17-08-15,6.8,6.8,6.7,6.7,789080
IFILISLMF1,18-08-15,6.7,7,6.7,7,2463745
IFILISLMF1,19-08-15,7,7.1,6.9,7,849432
IFILISLMF1,20-08-15,7.1,7.2,7,7.2,883370
IFILISLMF1,23-08-15,7.2,7.3,7.1,7.2,913570
IFILISLMF1,24-08-15,7.2,7.4,7.1,7.2,1355965
IFILISLMF1,25-08-15,7,7.4,7,7.3,1899738
IFILISLMF1,26-08-15,7.3,7.4,7.1,7.3,1379849
IFILISLMF1,27-08-15,7.2,7.4,7.1,7.2,320575
IFILISLMF1,30-08-15,7.1,7.2,7,7.1,381012
IFILISLMF1,31-08-15,7.1,7.2,7,7,418373
IFILISLMF1,09-01-15,7,7.1,6.9,7,814141
IFILISLMF1,09-03-15,6.3,6.7,6.3,6.4,3942991
IFILISLMF1,09-06-15,6.3,6.6,6.3,6.5,807209
IFILISLMF1,09-07-15,6.4,6.7,6.4,6.5,1022201
IFILISLMF1,09-08-15,6.5,6.8,6.4,6.7,1776826
IFILISLMF1,09-09-15,6.8,7,6.6,6.9,7479000
IFILISLMF1,09-10-15,6.8,7.2,6.7,7,3088071
IFILISLMF1,13-09-15,6.9,6.9,6.6,6.7,167000
IFILISLMF1,14-09-15,6.7,7,6.7,7,1062485
IFILISLMF1,15-09-15,6.7,6.9,6.7,6.9,216000
IFILISLMF1,16-09-15,6.7,6.9,6.7,6.9,40211
IFILISLMF1,17-09-15,7,7,6.8,6.9,76680
IFILISLMF1,20-09-15,6.8,6.9,6.7,6.9,117506
IFILISLMF1,21-09-15,6.8,6.8,6.8,6.8,52252
IFILISLMF1,22-09-15,6.8,6.8,6.7,6.7,42238
IFILISLMF1,28-09-15,6.7,6.8,6.7,6.8,63000
IFILISLMF1,29-09-15,6.7,6.8,6.6,6.7,157600
IFILISLMF1,30-09-15,6.6,6.7,6.4,6.5,228527
IFILISLMF1,10-01-15,6.4,6.6,6.4,6.5,94209
IFILISLMF1,10-04-15,6.5,6.6,6.5,6.5,12389
IFILISLMF1,10-05-15,6.5,6.6,6.4,6.5,219367
IFILISLMF1,10-06-15,6.5,6.5,6.4,6.5,405000
IFILISLMF1,10-07-15,6.4,6.6,6.4,6.5,628935
IFILISLMF1,10-08-15,6.6,6.7,6.4,6.5,630180
IFILISLMF1,10-11-15,6.6,6.9,6.4,6.7,511562
IFILISLMF1,10-12-15,6.7,6.9,6.5,6.8,300860
IFILISLMF1,13-10-15,6.7,6.7,6.6,6.6,49990
IFILISLMF1,14-10-15,6.7,6.7,6.5,6.5,195430
IFILISLMF1,15-10-15,6.4,6.5,6.4,6.4,86269
IFILISLMF1,18-10-15,6.3,6.5,6.2,6.3,137890
IFILISLMF1,19-10-15,6.3,6.4,6.2,6.3,117636
IFILISLMF1,20-10-15,6.2,6.4,6.2,6.3,55014
IFILISLMF1,21-10-15,6.2,6.3,6.1,6.2,133156
IFILISLMF1,25-10-15,6.1,6.1,6,6.1,50408
IFILISLMF1,26-10-15,6.1,6.3,6,6.1,188100
IFILISLMF1,27-10-15,6.2,6.2,6,6.1,47500
IFILISLMF1,28-10-15,6,6.1,6,6,13949
IFILISLMF1,29-10-15,6.1,6.1,6,6.1,62372
IFILISLMF1,11-01-15,6.1,6.2,6,6,86085
IFILISLMF1,11-02-15,6,6.1,6,6,76623
IFILISLMF1,11-03-15,6.1,6.2,6,6.2,206480
IFILISLMF1,11-04-15,6.1,6.2,6,6.2,98680
IFILISLMF1,11-05-15,6.1,6.2,6,6.1,13957
IFILISLMF1,11-08-15,6.1,6.1,5.9,6,361103
IFILISLMF1,11-09-15,5.9,6,5.8,5.9,283920
IFILISLMF1,11-10-15,5.9,5.9,5.7,5.7,466306
IFILISLMF1,11-11-15,5.8,5.9,5.5,5.7,215125
IFILISLMF1,11-12-15,5.7,5.9,5.7,5.8,13693
IFILISLMF1,15-11-15,5.7,5.9,5.7,5.8,42840
IFILISLMF1,16-11-15,5.8,5.9,5.8,5.8,15147
IFILISLMF1,17-11-15,5.8,5.8,5.7,5.8,108399
IFILISLMF1,18-11-15,5.8,5.8,5.7,5.8,26120
IFILISLMF1,19-11-15,5.8,5.9,5.8,5.8,81575
IFILISLMF1,22-11-15,5.8,6,5.8,6,36980
IFILISLMF1,23-11-15,5.9,6,5.9,6,50500
IFILISLMF1,24-11-15,5.9,6,5.9,6,39790
IFILISLMF1,25-11-15,5.9,6,5.9,5.9,7700
IFILISLMF1,26-11-15,5.9,6,5.9,6,18356
IFILISLMF1,29-11-15,5.9,6.1,5.9,6,130450
IFILISLMF1,30-11-15,6,6.1,6,6.1,54900
IFILISLMF1,12-01-15,6.1,6.3,6.1,6.2,305743
IFILISLMF1,12-02-15,6.2,6.3,6.1,6.3,139600
IFILISLMF1,12-03-15,6.2,6.3,6.2,6.3,42460
IFILISLMF1,12-06-15,6.2,6.4,6.2,6.3,46915
IFILISLMF1,12-07-15,6.3,6.4,6.1,6.2,29446
IFILISLMF1,12-08-15,6.3,6.3,6.2,6.2,15565
IFILISLMF1,12-09-15,6.2,6.3,6.2,6.2,28388
IFILISLMF1,12-10-15,6.2,6.3,6.2,6.3,33886
IFILISLMF1,13-12-15,6.3,6.3,6.2,6.3,6004
IFILISLMF1,14-12-15,6.2,6.3,6.1,6.2,34593
IFILISLMF1,15-12-15,6.2,6.3,6,6.1,73014
IFILISLMF1,17-12-15,6.1,6.2,6.1,6.2,56263
IFILISLMF1,20-12-15,6.1,6.2,6.1,6.2,72410
IFILISLMF1,21-12-15,6.1,6.2,6.1,6.2,31570
IFILISLMF1,22-12-15,6.2,6.3,6.2,6.2,48453
IFILISLMF1,23-12-15,6.2,6.2,6.1,6.2,422370
IFILISLMF1,24-12-15,5.9,6.3,5.9,6.2,35640
IFILISLMF1,27-12-15,6.2,6.3,6.2,6.3,67288
IFILISLMF1,28-12-15,6.3,6.3,6.2,6.3,83578
IFILISLMF1,29-12-15,6.2,6.3,6.2,6.2,115182
IFILISLMF1,30-12-15,6.2,6.3,6.2,6.3,65969
IFILISLMF1,31-12-15,6.3,6.3,6.2,6.3,144901
PF1STMF,01-01-15,4.6,4.6,4.5,4.6,12901
PF1STMF,01-05-15,4.5,4.6,4.5,4.6,5465
PF1STMF,01-06-15,4.5,4.6,4.5,4.5,34168
PF1STMF,01-07-15,4.5,4.5,4.4,4.5,145567
PF1STMF,01-08-15,4.5,4.5,4.5,4.5,23170
PF1STMF,01-11-15,4.6,4.6,4.4,4.5,43650
PF1STMF,01-12-15,4.5,4.5,4.4,4.5,8500
PF1STMF,13-01-15,4.4,4.5,4.4,4.5,17580
PF1STMF,14-01-15,4.5,4.5,4.4,4.5,28780
PF1STMF,15-01-15,4.4,4.6,4.4,4.6,23500
PF1STMF,18-01-15,4.5,4.5,4.4,4.4,51500
PF1STMF,19-01-15,4.5,4.5,4.4,4.4,26995
PF1STMF,20-01-15,4.4,4.5,4.4,4.4,31600
PF1STMF,21-01-15,4.4,4.4,4.3,4.4,66394
PF1STMF,22-01-15,4.4,4.4,4.3,4.4,13550
PF1STMF,25-01-15,4.3,4.5,4.3,4.3,46651
PF1STMF,26-01-15,4.4,4.6,4.2,4.5,191584
PF1STMF,27-01-15,4.5,5,4.5,5,1041415
PF1STMF,28-01-15,4.9,5.5,4.9,5.3,878045
PF1STMF,29-01-15,5.1,5.6,5.1,5.3,580000
PF1STMF,02-01-15,4.9,5.4,4.9,5.3,85971
PF1STMF,02-02-15,5.4,5.4,5,5.3,98776
PF1STMF,02-03-15,5.3,5.7,5.1,5.5,581870
PF1STMF,02-04-15,5.2,5.6,5.2,5.5,251280
PF1STMF,02-05-15,5.2,5.2,5.1,5.2,50300
PF1STMF,02-08-15,5.1,5.2,5.1,5.1,94559
PF1STMF,02-09-15,5.4,5.5,4.9,5.3,92820
PF1STMF,02-10-15,5.5,5.6,4.8,4.9,735672
PF1STMF,02-11-15,5,5.3,5,5.3,262520
PF1STMF,02-12-15,5.1,5.2,5,5.1,115500
PF1STMF,15-02-15,5.1,5.1,5,5,40510
PF1STMF,16-02-15,5,5.1,4.8,4.9,432036
PF1STMF,17-02-15,4.9,5.2,4.7,5,138768
PF1STMF,18-02-15,5,5,5,5,32800
PF1STMF,19-02-15,5,5.3,5,5.1,444132
PF1STMF,22-02-15,5,5.2,5,5.1,31500
PF1STMF,23-02-15,5,5.3,5,5.3,428385
PF1STMF,24-02-15,5.2,5.4,5.2,5.2,175901
PF1STMF,25-02-15,5.1,5.2,5.1,5.2,21600
PF1STMF,26-02-15,5.1,5.2,5,5.1,62854
PF1STMF,03-01-15,5,5.2,5,5.1,52401
PF1STMF,03-02-15,5.1,5.2,4.9,5,42099
PF1STMF,03-03-15,5,5,4.9,5,17000
PF1STMF,03-04-15,5,5,4.9,4.9,8671
PF1STMF,03-05-15,4.8,4.9,4.8,4.9,18500
PF1STMF,03-08-15,4.8,4.8,4.7,4.8,27700
PF1STMF,03-09-15,4.7,4.8,4.7,4.8,3365
PF1STMF,03-10-15,4.7,4.9,4.7,4.9,11619
PF1STMF,03-11-15,4.8,4.8,4.6,4.7,39974
PF1STMF,03-12-15,4.7,4.7,4.6,4.7,6601
PF1STMF,15-03-15,4.7,4.7,4.6,4.6,21000
PF1STMF,16-03-15,4.5,4.6,4.5,4.5,7500
PF1STMF,18-03-15,4.6,4.6,4.5,4.5,4500
PF1STMF,19-03-15,4.5,4.5,4.4,4.5,36000
PF1STMF,22-03-15,4.4,4.6,4.4,4.5,12002
PF1STMF,23-03-15,4.5,4.5,4.5,4.5,35900
PF1STMF,24-03-15,4.4,4.5,4.4,4.4,19000
PF1STMF,25-03-15,4.5,4.5,4.3,4.4,91000
PF1STMF,29-03-15,4.5,4.5,4.4,4.5,43850
PF1STMF,30-03-15,4.4,4.4,4.4,4.4,11000
PF1STMF,31-03-15,4.4,4.4,4.3,4.4,45000
PF1STMF,04-01-15,4.4,4.4,4.3,4.3,2000
PF1STMF,04-02-15,4.3,4.4,4.3,4.3,3889
PF1STMF,04-05-15,4.3,4.4,4.3,4.4,15000
PF1STMF,04-06-15,4.3,4.4,4.3,4.3,7000
PF1STMF,04-07-15,4.3,4.3,4.1,4.1,100000
PF1STMF,04-08-15,4,4.1,4,4,51500
PF1STMF,04-09-15,4.2,4.2,4.1,4.1,12000
PF1STMF,04-12-15,4,4.3,4,4.1,7600
PF1STMF,13-04-15,4.1,4.1,4.1,4.1,20500
PF1STMF,15-04-15,4.1,4.3,4.1,4.3,9500
PF1STMF,16-04-15,4.1,4.2,4.1,4.1,11000
PF1STMF,19-04-15,4.1,4.1,4.1,4.1,21500
PF1STMF,20-04-15,4.1,4.2,4,4.1,58380
PF1STMF,21-04-15,4,4.1,4,4,17780
PF1STMF,22-04-15,4,4.1,4,4,8000
PF1STMF,23-04-15,4,4.1,4,4,5298
PF1STMF,26-04-15,4.1,4.1,4,4.1,10500
PF1STMF,27-04-15,4,4.1,4,4,23400
PF1STMF,29-04-15,4,4,4,4,19000
PF1STMF,30-04-15,4,4,4,4,7820
PF1STMF,05-04-15,3.9,4,3.9,4,37500
PF1STMF,05-05-15,4,4,3.9,4,48500
PF1STMF,05-06-15,4,4.1,4,4,4062
PF1STMF,05-07-15,4,4.1,3.9,4,46000
PF1STMF,05-10-15,4.1,4.4,4,4.4,143951
PF1STMF,05-11-15,4.5,4.7,4.4,4.6,133462
PF1STMF,05-12-15,4.7,4.9,4.7,4.8,118291
PF1STMF,13-05-15,4.7,4.7,4.4,4.4,241887
PF1STMF,14-05-15,4.3,4.5,4.3,4.4,47892
PF1STMF,17-05-15,4.6,4.6,4.1,4.2,31596
PF1STMF,18-05-15,4.4,4.4,4.3,4.4,27919
PF1STMF,19-05-15,4.7,4.7,4.4,4.4,148396
PF1STMF,20-05-15,4.4,4.5,4.4,4.4,42800
PF1STMF,21-05-15,4.4,4.6,4.3,4.4,170000
PF1STMF,24-05-15,4.3,4.3,4.3,4.3,9000
PF1STMF,25-05-15,4.5,4.6,4.4,4.5,30700
PF1STMF,26-05-15,4.5,4.6,4.4,4.5,10500
PF1STMF,27-05-15,4.5,4.6,4.3,4.5,112600
PF1STMF,28-05-15,4.5,4.5,4.4,4.4,42400
PF1STMF,31-05-15,4.4,4.5,4.4,4.5,7501
PF1STMF,06-01-15,4.4,4.5,4.4,4.5,15600
PF1STMF,06-02-15,4.4,4.5,4.4,4.4,32705
PF1STMF,06-04-15,4.3,4.4,4.2,4.3,76455
PF1STMF,06-07-15,4.5,4.5,4.3,4.4,42090
PF1STMF,06-08-15,4.2,4.5,4.2,4.4,42995
PF1STMF,06-09-15,4.2,4.4,4.2,4.3,7872
PF1STMF,06-10-15,4.4,4.6,4.4,4.5,77850
PF1STMF,06-11-15,4.4,4.6,4.4,4.5,629800
PF1STMF,14-06-15,4.4,4.4,4.3,4.4,8500
PF1STMF,15-06-15,4.3,4.4,4.3,4.4,8000
PF1STMF,16-06-15,4.3,4.6,4.3,4.4,409510
PF1STMF,17-06-15,4.3,4.6,4.3,4.4,11030
PF1STMF,18-06-15,4.6,4.6,4.4,4.5,14810
PF1STMF,21-06-15,4.4,4.5,4.4,4.5,9501
PF1STMF,22-06-15,4.4,4.6,4.4,4.6,38158
PF1STMF,23-06-15,5,5,4.5,4.6,132639
PF1STMF,24-06-15,4.6,4.7,4.5,4.6,93450
PF1STMF,25-06-15,4.6,4.7,4.6,4.7,53500
PF1STMF,28-06-15,4.5,4.7,4.5,4.6,50950
PF1STMF,29-06-15,4.6,4.7,4.5,4.6,140900
PF1STMF,30-06-15,4.5,4.7,4.5,4.6,124788
PF1STMF,07-02-15,4.8,4.9,4.6,4.7,179070
PF1STMF,07-05-15,4.6,4.7,4.6,4.6,64391
PF1STMF,07-06-15,4.5,4.7,4.5,4.6,29260
PF1STMF,07-07-15,4.6,4.7,4.5,4.6,14000
PF1STMF,07-08-15,4.6,4.7,4.6,4.6,13120
PF1STMF,07-09-15,4.6,4.7,4.5,4.7,118540
PF1STMF,07-12-15,4.7,4.8,4.6,4.8,96600
PF1STMF,13-07-15,4.8,4.8,4.6,4.8,77270
PF1STMF,14-07-15,4.9,4.9,4.8,4.9,52576
PF1STMF,21-07-15,4.9,4.9,4.7,4.7,12050
PF1STMF,22-07-15,4.7,4.8,4.7,4.8,82200
PF1STMF,23-07-15,4.8,4.9,4.7,4.9,50920
PF1STMF,26-07-15,4.7,4.9,4.7,4.9,180700
PF1STMF,27-07-15,5,5,4.9,5,233680
PF1STMF,28-07-15,5,5.1,5,5.1,133240
PF1STMF,29-07-15,5.2,5.4,5.2,5.3,516610
PF1STMF,30-07-15,5.2,5.3,5.2,5.2,65362
PF1STMF,08-02-15,5.4,5.4,5.2,5.3,157808
PF1STMF,08-03-15,5.3,5.3,5,5.1,724750
PF1STMF,08-04-15,5.1,5.3,5,5.2,1159334
PF1STMF,08-05-15,5.1,5.2,5,5,445900
PF1STMF,08-06-15,5,5.1,4.9,5.1,217260
PF1STMF,08-09-15,4.9,5.1,4.9,5,59000
PF1STMF,08-10-15,4.9,5,4.9,4.9,41000
PF1STMF,08-11-15,4.8,5,4.8,4.9,87925
PF1STMF,08-12-15,4.8,5,4.8,4.9,42920
PF1STMF,13-08-15,4.9,5.1,4.8,5,97086
PF1STMF,16-08-15,4.9,4.9,4.8,4.8,2212
PF1STMF,17-08-15,4.7,4.9,4.7,4.9,152455
PF1STMF,18-08-15,4.7,4.8,4.7,4.7,54400
PF1STMF,19-08-15,4.7,4.8,4.7,4.8,63100
PF1STMF,20-08-15,4.7,4.9,4.7,4.8,20500
PF1STMF,23-08-15,4.8,4.9,4.6,4.7,71843
PF1STMF,24-08-15,4.7,4.8,4.7,4.7,23000
PF1STMF,25-08-15,4.7,4.9,4.7,4.8,71910
PF1STMF,26-08-15,4.7,4.9,4.7,4.8,30600
PF1STMF,27-08-15,4.8,4.9,4.7,4.8,23955
PF1STMF,30-08-15,4.9,4.9,4.7,4.8,53900
PF1STMF,31-08-15,4.7,4.9,4.7,4.8,365481
PF1STMF,09-01-15,4.9,5.1,4.8,5,271300
PF1STMF,09-03-15,4.5,4.6,4.5,4.5,201500
PF1STMF,09-06-15,4.6,4.8,4.3,4.7,122764
PF1STMF,09-07-15,4.6,4.9,4.5,4.8,566950
PF1STMF,09-08-15,4.8,5,4.6,4.7,361460
PF1STMF,09-09-15,4.8,4.8,4.6,4.7,33100
PF1STMF,09-10-15,4.7,4.8,4.6,4.8,191850
PF1STMF,13-09-15,4.8,4.8,4.7,4.7,33304
PF1STMF,14-09-15,4.7,4.8,4.6,4.7,27510
PF1STMF,15-09-15,4.6,4.7,4.6,4.7,2500
PF1STMF,16-09-15,4.6,4.7,4.6,4.6,7500
PF1STMF,17-09-15,4.6,4.6,4.6,4.6,11000
PF1STMF,20-09-15,4.6,4.7,4.6,4.7,41200
PF1STMF,21-09-15,4.6,4.7,4.6,4.6,44500
PF1STMF,22-09-15,4.6,4.6,4.6,4.6,57000
PF1STMF,28-09-15,4.5,4.8,4.5,4.8,58500
PF1STMF,29-09-15,4.8,4.8,4.6,4.7,12987
PF1STMF,30-09-15,4.6,4.7,4.5,4.6,49847
PF1STMF,10-01-15,4.5,4.9,4.5,4.8,295900
PF1STMF,10-04-15,4.8,4.8,4.6,4.7,54700
PF1STMF,10-05-15,4.6,4.8,4.6,4.6,2845
PF1STMF,10-06-15,4.6,4.6,4.5,4.6,369216
PF1STMF,10-07-15,4.6,4.9,4.5,4.8,292978
PF1STMF,10-08-15,4.7,4.8,4.7,4.8,74252
PF1STMF,10-11-15,4.8,4.9,4.7,4.8,111351
PF1STMF,10-12-15,4.8,5,4.6,4.9,598457
PF1STMF,13-10-15,4.9,5,4.8,5,182500
PF1STMF,14-10-15,4.9,4.9,4.8,4.8,14316
PF1STMF,15-10-15,4.8,4.8,4.7,4.8,15200
PF1STMF,18-10-15,4.7,4.7,4.6,4.7,61500
PF1STMF,19-10-15,4.8,4.8,4.6,4.8,96683
PF1STMF,20-10-15,4.8,4.8,4.6,4.7,75115
PF1STMF,21-10-15,4.7,4.7,4.6,4.7,18500
PF1STMF,25-10-15,4.7,4.8,4.6,4.7,6000
PF1STMF,26-10-15,4.6,4.7,4.5,4.5,100002
PF1STMF,27-10-15,4.5,4.5,4.3,4.4,374880
PF1STMF,28-10-15,4.4,4.5,4.3,4.3,84580
PF1STMF,29-10-15,4.4,4.5,4.4,4.4,31665
PF1STMF,11-01-15,4.4,4.4,4.3,4.3,92844
PF1STMF,11-02-15,4.3,4.3,4.2,4.3,82092
PF1STMF,11-03-15,4.3,4.5,4.3,4.4,62208
PF1STMF,11-04-15,4.4,4.4,4.3,4.4,91922
PF1STMF,11-05-15,4.3,4.4,4.3,4.3,1028
PF1STMF,11-08-15,4.3,4.3,4.3,4.3,18860
PF1STMF,11-09-15,4.3,4.3,4.2,4.3,21175
PF1STMF,11-10-15,4.3,4.3,4.2,4.2,59920
PF1STMF,11-11-15,4.2,4.2,4.2,4.2,46210
PF1STMF,11-12-15,4.2,4.3,4.2,4.2,16465
PF1STMF,15-11-15,4.1,4.2,4.1,4.2,22500
PF1STMF,16-11-15,4.2,4.4,4.2,4.3,66212
PF1STMF,17-11-15,4.2,4.3,4.1,4.2,197370
PF1STMF,18-11-15,4.2,4.2,4.1,4.2,13220
PF1STMF,19-11-15,4.2,4.2,4.2,4.2,108800
PF1STMF,22-11-15,4.1,4.3,4.1,4.3,143000
PF1STMF,23-11-15,4.3,4.3,4.2,4.2,27900
PF1STMF,24-11-15,4.2,4.3,4.2,4.2,17000
PF1STMF,25-11-15,4.2,4.2,4.2,4.2,63000
PF1STMF,26-11-15,4.2,4.2,4.2,4.2,19200
PF1STMF,29-11-15,4.2,4.2,4.2,4.2,27600
PF1STMF,30-11-15,4.2,4.3,4.2,4.3,64036
PF1STMF,12-01-15,4.3,4.3,4.3,4.3,100000
PF1STMF,12-02-15,4.2,4.3,4.2,4.2,175710
PF1STMF,12-03-15,4.3,4.3,4.2,4.2,11501
PF1STMF,12-06-15,4.2,4.3,4.2,4.3,36500
PF1STMF,12-07-15,4.2,4.3,4.2,4.3,32130
PF1STMF,12-08-15,4.3,4.3,4.2,4.2,139700
PF1STMF,12-09-15,4.2,4.3,4.2,4.2,112000
PF1STMF,12-10-15,4.2,4.3,4.2,4.2,49296
PF1STMF,13-12-15,4.2,4.3,4.2,4.2,47971
PF1STMF,14-12-15,4.3,4.3,4.1,4.2,113224
PF1STMF,15-12-15,4.2,4.2,4.1,4.1,77000
PF1STMF,17-12-15,4.2,4.2,4.1,4.2,32000
PF1STMF,20-12-15,4.2,4.2,4.1,4.2,49900
PF1STMF,21-12-15,4.2,4.3,4.1,4.3,85346
PF1STMF,22-12-15,4.2,4.3,4.2,4.2,31270
PF1STMF,23-12-15,4.2,4.2,4.2,4.2,11000
PF1STMF,24-12-15,4.2,4.2,4.1,4.1,68880
PF1STMF,27-12-15,4.2,4.2,4.2,4.2,8180
PF1STMF,28-12-15,4.2,4.3,4.1,4.2,159683
PF1STMF,29-12-15,4.2,4.3,4.2,4.2,112100
PF1STMF,30-12-15,4.3,4.3,4.2,4.3,38271
PF1STMF,31-12-15,4.3,4.3,4.2,4.2,37400
PHPMF1,01-01-15,4.8,4.8,4.6,4.7,37497
PHPMF1,01-05-15,4.6,4.7,4.5,4.6,175978
PHPMF1,01-06-15,4.6,4.7,4.5,4.6,60397
PHPMF1,01-07-15,4.6,4.6,4.5,4.6,113517
PHPMF1,01-08-15,4.6,4.7,4.5,4.6,151773
PHPMF1,01-11-15,4.6,4.7,4.5,4.6,108387
PHPMF1,01-12-15,4.6,4.7,4.5,4.6,147620
PHPMF1,13-01-15,4.6,4.6,4.5,4.6,126359
PHPMF1,14-01-15,4.6,4.6,4.5,4.6,437806
PHPMF1,15-01-15,4.5,4.6,4.5,4.5,188664
PHPMF1,18-01-15,4.5,4.6,4.4,4.5,193439
PHPMF1,19-01-15,4.5,4.6,4.4,4.4,274720
PHPMF1,20-01-15,4.5,4.6,4.4,4.5,204714
PHPMF1,21-01-15,4.4,4.5,4.4,4.5,131292
PHPMF1,22-01-15,4.5,4.5,4.4,4.4,196503
PHPMF1,25-01-15,4.4,4.5,4.3,4.4,242237
PHPMF1,26-01-15,4.4,4.5,4.3,4.4,102661
PHPMF1,27-01-15,4.4,4.5,4.3,4.4,117862
PHPMF1,28-01-15,4.5,4.6,4.4,4.6,497938
PHPMF1,29-01-15,4.6,4.6,4.5,4.5,333831
PHPMF1,02-01-15,4.6,4.6,4.4,4.5,127390
PHPMF1,02-02-15,4.5,4.5,4.4,4.5,314134
PHPMF1,02-03-15,4.5,4.6,4.4,4.6,335478
PHPMF1,02-04-15,4.5,4.7,4.5,4.6,381793
PHPMF1,02-05-15,4.6,4.6,4.4,4.5,481321
PHPMF1,02-08-15,4.5,4.6,4.5,4.5,319567
PHPMF1,02-09-15,4.5,4.5,4.5,4.5,163798
PHPMF1,02-10-15,4.5,4.6,4.5,4.5,72498
PHPMF1,02-11-15,4.5,4.5,4.4,4.5,115043
PHPMF1,02-12-15,4.5,4.6,4.5,4.5,89755
PHPMF1,15-02-15,4.6,4.6,4.5,4.5,314666
PHPMF1,16-02-15,4.5,4.6,4.5,4.5,132441
PHPMF1,17-02-15,4.6,4.6,4.5,4.6,716256
PHPMF1,18-02-15,4.5,4.7,4.5,4.6,322720
PHPMF1,19-02-15,4.6,4.6,4.5,4.5,381236
PHPMF1,22-02-15,4.5,4.6,4.5,4.5,35503
PHPMF1,23-02-15,4.6,4.6,4.5,4.5,121316
PHPMF1,24-02-15,4.6,4.6,4.5,4.5,64589
PHPMF1,25-02-15,4.6,4.6,4.3,4.4,460844
PHPMF1,26-02-15,4.4,4.5,4.4,4.4,129881
PHPMF1,03-01-15,4.5,4.5,4.4,4.4,101189
PHPMF1,03-02-15,4.5,4.5,4.4,4.4,158560
PHPMF1,03-03-15,4.4,4.5,4.4,4.4,50624
PHPMF1,03-04-15,4.4,4.5,4.4,4.5,72055
PHPMF1,03-05-15,4.4,4.5,4.4,4.5,88324
PHPMF1,03-08-15,4.4,4.6,4.4,4.5,271382
PHPMF1,03-09-15,4.4,4.5,4.4,4.4,23736
PHPMF1,03-10-15,4.4,4.5,4.4,4.4,35410
PHPMF1,03-11-15,4.4,4.5,4.4,4.4,184230
PHPMF1,03-12-15,4.4,4.4,4.3,4.4,107431
PHPMF1,15-03-15,4.5,4.5,4.4,4.4,147789
PHPMF1,16-03-15,4.4,4.4,4.3,4.4,223545
PHPMF1,18-03-15,4.3,4.4,4.1,4.3,462136
PHPMF1,19-03-15,4.3,4.3,4.2,4.3,25356
PHPMF1,22-03-15,4.3,4.4,4.2,4.4,184615
PHPMF1,23-03-15,4.3,4.4,4.3,4.3,113747
PHPMF1,24-03-15,4.3,4.3,4.2,4.3,369654
PHPMF1,25-03-15,4.3,4.4,4.2,4.3,103139
PHPMF1,29-03-15,4.3,4.3,4.2,4.2,322873
PHPMF1,30-03-15,4.2,4.3,4.2,4.2,191239
PHPMF1,31-03-15,4.3,4.3,4.2,4.2,39299
PHPMF1,04-01-15,4.2,4.3,4.2,4.2,56897
PHPMF1,04-02-15,4.2,4.3,4.2,4.3,70721
PHPMF1,04-05-15,4.2,4.3,4.2,4.2,153729
PHPMF1,04-06-15,4.2,4.2,4.1,4.2,235725
PHPMF1,04-07-15,4,4.1,4,4.1,311705
PHPMF1,04-08-15,4,4.1,4,4,197257
PHPMF1,04-09-15,4,4.1,4,4,197735
PHPMF1,04-12-15,4,4.1,4,4,108659
PHPMF1,13-04-15,4,4,3.9,3.9,45117
PHPMF1,15-04-15,3.9,4,3.9,4,72764
PHPMF1,16-04-15,4,4.2,4,4,86798
PHPMF1,19-04-15,4,4.1,4,4,61004
PHPMF1,20-04-15,4,4.1,3.9,4,218243
PHPMF1,21-04-15,4,4.1,4,4,279733
PHPMF1,22-04-15,4,4.1,4,4,232947
PHPMF1,23-04-15,4,4.1,4,4,362165
PHPMF1,26-04-15,4,4,4,4,280595
PHPMF1,27-04-15,4,4,3.9,4,23407
PHPMF1,29-04-15,3.9,4,3.9,3.9,55825
PHPMF1,30-04-15,4,4,3.9,4,234440
PHPMF1,05-04-15,4,4,3.9,3.9,131336
PHPMF1,05-05-15,4,4,3.9,3.9,110262
PHPMF1,05-06-15,3.9,4,3.9,4,56639
PHPMF1,05-07-15,3.9,4,3.9,3.9,117233
PHPMF1,05-10-15,4,4.2,3.9,4.2,280988
PHPMF1,05-11-15,4.3,4.5,4.1,4.5,429278
PHPMF1,05-12-15,4.5,4.9,4.5,4.8,1010011
PHPMF1,13-05-15,4.7,4.7,4.5,4.5,228322
PHPMF1,14-05-15,4.5,4.5,4.3,4.4,324239
PHPMF1,17-05-15,4.4,4.4,4.1,4.1,262786
PHPMF1,18-05-15,4.2,4.4,4.1,4.3,334983
PHPMF1,19-05-15,4.2,4.4,4.2,4.3,150738
PHPMF1,20-05-15,4.3,4.4,4.2,4.3,334329
PHPMF1,21-05-15,4.2,4.5,4.2,4.3,207764
PHPMF1,24-05-15,4.3,4.4,4.2,4.3,223996
PHPMF1,25-05-15,4.3,4.5,4.3,4.4,205845
PHPMF1,26-05-15,4.5,4.6,4.4,4.5,312115
PHPMF1,27-05-15,4.5,4.5,4.4,4.4,331263
PHPMF1,28-05-15,4.4,4.5,4.3,4.4,144293
PHPMF1,31-05-15,4.3,4.5,4.3,4.3,169662
PHPMF1,06-01-15,4.3,4.5,4.3,4.4,415437
PHPMF1,06-02-15,4.3,4.5,4.3,4.3,236282
PHPMF1,06-04-15,4.3,4.4,4.3,4.3,175907
PHPMF1,06-07-15,4.3,4.6,4.3,4.4,401648
PHPMF1,06-08-15,4.3,4.4,4.3,4.3,115843
PHPMF1,06-09-15,4.3,4.4,4.3,4.3,137340
PHPMF1,06-10-15,4.3,4.5,4.3,4.5,390984
PHPMF1,06-11-15,4.5,4.5,4.3,4.4,113619
PHPMF1,14-06-15,4.4,4.4,4.3,4.4,49774
PHPMF1,15-06-15,4.4,4.4,4.3,4.3,64838
PHPMF1,16-06-15,4.3,4.4,4.3,4.4,199250
PHPMF1,17-06-15,4.3,4.5,4.3,4.5,785511
PHPMF1,18-06-15,4.4,4.5,4.3,4.4,461288
PHPMF1,21-06-15,4.3,4.4,4.3,4.4,67066
PHPMF1,22-06-15,4.3,4.4,4.3,4.4,36054
PHPMF1,23-06-15,4.3,4.4,4.3,4.3,176554
PHPMF1,24-06-15,4.3,4.5,4.3,4.4,2872933
PHPMF1,25-06-15,4.4,4.5,4.3,4.4,245951
PHPMF1,28-06-15,4.4,4.4,4.3,4.3,78487
PHPMF1,29-06-15,4.4,4.5,4.3,4.4,328459
PHPMF1,30-06-15,4.3,4.5,4.3,4.5,468374
PHPMF1,07-02-15,4.5,4.5,4.4,4.5,439469
PHPMF1,07-05-15,4.4,4.5,4.4,4.5,224037
PHPMF1,07-06-15,4.4,4.5,4.4,4.5,110604
PHPMF1,07-07-15,4.4,4.5,4.4,4.5,129034
PHPMF1,07-08-15,4.4,4.5,4.4,4.4,127364
PHPMF1,07-09-15,4.4,4.6,4.4,4.5,234762
PHPMF1,07-12-15,4.5,4.7,4.5,4.6,432514
PHPMF1,13-07-15,4.7,4.8,4.6,4.7,148893
PHPMF1,14-07-15,4.7,4.8,4.6,4.8,288491
PHPMF1,21-07-15,4.7,4.8,4.6,4.7,260125
PHPMF1,22-07-15,4.7,4.7,4.6,4.6,348878
PHPMF1,23-07-15,4.6,4.7,4.6,4.7,338075
PHPMF1,26-07-15,4.7,4.8,4.6,4.7,638779
PHPMF1,27-07-15,4.7,4.8,4.6,4.7,408504
PHPMF1,28-07-15,4.7,5.1,4.7,5.1,1650068
PHPMF1,29-07-15,5.2,5.4,5,5.1,1472480
PHPMF1,30-07-15,5,5.2,5,5,843487
PHPMF1,08-02-15,5,5.1,5,5,323302
PHPMF1,08-03-15,5.1,5.1,4.9,4.9,584379
PHPMF1,08-04-15,5,5,4.9,5,1178663
PHPMF1,08-05-15,4.9,5.1,4.9,4.9,598178
PHPMF1,08-06-15,5,5.1,4.8,4.9,535724
PHPMF1,08-09-15,5,5,4.9,5,390694
PHPMF1,08-10-15,4.9,5,4.8,4.8,177306
PHPMF1,08-11-15,4.9,4.9,4.6,4.7,515462
PHPMF1,08-12-15,4.7,4.9,4.7,4.8,160338
PHPMF1,13-08-15,4.8,4.9,4.7,4.9,113850
PHPMF1,16-08-15,4.9,4.9,4.6,4.7,600682
PHPMF1,17-08-15,4.6,4.7,4.4,4.5,617308
PHPMF1,18-08-15,4.5,4.5,4.4,4.4,258393
PHPMF1,19-08-15,4.4,4.6,4.4,4.5,507627
PHPMF1,20-08-15,4.5,4.6,4.4,4.5,319708
PHPMF1,23-08-15,4.5,4.6,4.4,4.4,136821
PHPMF1,24-08-15,4.3,4.5,4.3,4.5,80260
PHPMF1,25-08-15,4.4,4.5,4.4,4.4,90864
PHPMF1,26-08-15,4.5,4.5,4.4,4.4,91576
PHPMF1,27-08-15,4.4,4.5,4.3,4.4,202547
PHPMF1,30-08-15,4.4,4.5,4.4,4.4,43965
PHPMF1,31-08-15,4.4,4.5,4.3,4.3,645543
PHPMF1,09-01-15,4.4,4.4,4.3,4.3,546431
PHPMF1,09-02-15,4.3,4.4,4.3,4.3,191883
PHPMF1,09-03-15,4.3,4.5,4.3,4.4,176766
PHPMF1,09-06-15,4.4,4.5,4.4,4.4,403471
PHPMF1,09-08-15,4.4,4.4,4.2,4.3,798716
PHPMF1,09-09-15,4.3,4.4,4.3,4.3,451968
PHPMF1,09-10-15,4.4,4.5,4.3,4.4,314231
PHPMF1,13-09-15,4.4,4.4,4.3,4.3,236555
PHPMF1,14-09-15,4.3,4.4,4.3,4.3,102168
PHPMF1,15-09-15,4.4,4.4,4.3,4.3,118613
PHPMF1,16-09-15,4.3,4.4,4.3,4.3,205047
PHPMF1,17-09-15,4.3,4.4,4.3,4.4,467837
PHPMF1,20-09-15,4.3,4.4,4.3,4.4,126236
PHPMF1,21-09-15,4.3,4.4,4.3,4.3,162598
PHPMF1,22-09-15,4.3,4.4,4.3,4.3,170026
PHPMF1,28-09-15,4.3,4.4,4.3,4.3,59127
PHPMF1,29-09-15,4.3,4.4,4.3,4.3,493202
PHPMF1,30-09-15,4.3,4.4,4.2,4.3,698497
PHPMF1,10-01-15,4.4,4.6,4.3,4.5,1478006
PHPMF1,10-04-15,4.5,4.6,4.4,4.4,563422
PHPMF1,10-05-15,4.4,4.4,4.3,4.4,208668
PHPMF1,10-06-15,4.4,4.5,4.3,4.4,199648
PHPMF1,10-07-15,4.4,4.7,4.3,4.6,1315376
PHPMF1,10-08-15,4.5,4.7,4.5,4.7,1139013
PHPMF1,10-11-15,4.7,4.8,4.6,4.7,1261857
PHPMF1,10-12-15,4.7,4.8,4.6,4.7,550155
PHPMF1,13-10-15,4.7,4.8,4.6,4.6,670586
PHPMF1,14-10-15,4.6,4.7,4.5,4.5,471821
PHPMF1,15-10-15,4.5,4.6,4.5,4.5,201100
PHPMF1,18-10-15,4.6,4.6,4.4,4.5,437019
PHPMF1,19-10-15,4.5,4.6,4.4,4.5,348122
PHPMF1,20-10-15,4.5,4.5,4.4,4.4,317705
PHPMF1,21-10-15,4.4,4.5,4.4,4.4,216023
PHPMF1,25-10-15,4.4,4.4,4.4,4.4,183735
PHPMF1,26-10-15,4.4,4.4,4.3,4.4,132904
PHPMF1,27-10-15,4.4,4.5,4.3,4.4,86534
PHPMF1,28-10-15,4.4,4.4,4.3,4.3,79476
PHPMF1,29-10-15,4.3,4.5,4.3,4.5,120029
PHPMF1,11-01-15,4.4,4.4,4.3,4.3,147922
PHPMF1,11-02-15,4.3,4.3,4.1,4.2,203094
PHPMF1,11-03-15,4.3,4.4,4.2,4.2,257226
PHPMF1,11-04-15,4.2,4.3,4.2,4.3,274876
PHPMF1,11-05-15,4.2,4.3,4.2,4.3,34147
PHPMF1,11-08-15,4.3,4.3,4.2,4.2,43335
PHPMF1,11-09-15,4.2,4.2,4.2,4.2,200196
PHPMF1,11-10-15,4.3,4.3,4.2,4.2,64816
PHPMF1,11-11-15,4.2,4.3,4.1,4.1,467907
PHPMF1,11-12-15,4.1,4.2,4.1,4.1,1433160
PHPMF1,15-11-15,4,4.2,4,4.1,172089
PHPMF1,16-11-15,4.1,4.2,4.1,4.2,122268
PHPMF1,17-11-15,4.1,4.2,4.1,4.2,338645
PHPMF1,18-11-15,4.2,4.2,4.1,4.2,44164
PHPMF1,19-11-15,4.1,4.2,4.1,4.1,149197
PHPMF1,22-11-15,4.1,4.2,4.1,4.2,173452
PHPMF1,23-11-15,4.2,4.3,4.2,4.2,78045
PHPMF1,24-11-15,4.2,4.2,4.1,4.1,139475
PHPMF1,25-11-15,4.1,4.2,4.1,4.2,26096
PHPMF1,26-11-15,4.2,4.2,4.1,4.2,201364
PHPMF1,29-11-15,4.2,4.2,4.1,4.1,135295
PHPMF1,30-11-15,4.1,4.2,4.1,4.1,135493
PHPMF1,12-01-15,4.1,4.2,4.1,4.1,220117
PHPMF1,12-02-15,4.2,4.2,4.1,4.2,692119
PHPMF1,12-03-15,4.1,4.2,4.1,4.1,124768
PHPMF1,12-06-15,4.1,4.2,4.1,4.1,304550
PHPMF1,12-07-15,4.1,4.2,4.1,4.1,260994
PHPMF1,12-08-15,4.2,4.3,4.1,4.2,881263
PHPMF1,12-09-15,4.2,4.2,4.1,4.2,261318
PHPMF1,12-10-15,4.2,4.2,4.1,4.1,123979
PHPMF1,13-12-15,4.1,4.2,4.1,4.2,111048
PHPMF1,14-12-15,4.2,4.2,4.1,4.1,224212
PHPMF1,15-12-15,4.1,4.2,4.1,4.1,130032
PHPMF1,17-12-15,4.1,4.2,4.1,4.1,113177
PHPMF1,20-12-15,4.1,4.1,4,4.1,84050
PHPMF1,21-12-15,4.1,4.2,4,4.2,230694
PHPMF1,22-12-15,4.1,4.2,4.1,4.1,59036
PHPMF1,23-12-15,4.1,4.2,4.1,4.1,78043
PHPMF1,24-12-15,4.1,4.1,4,4.1,38540
PHPMF1,27-12-15,4.1,4.1,4,4.1,35037
PHPMF1,28-12-15,4.1,4.1,4,4.1,77922
PHPMF1,29-12-15,4.1,4.1,4,4,163640
PHPMF1,30-12-15,4,4.1,4,4.1,239077
PHPMF1,31-12-15,4,4.1,4,4.1,74858
POPULAR1MF,01-01-15,5,5.1,4.9,5,170584
POPULAR1MF,01-05-15,4.9,5,4.9,4.9,40434
POPULAR1MF,01-06-15,5,5,4.9,5,219767
POPULAR1MF,01-07-15,4.9,5,4.9,4.9,340827
POPULAR1MF,01-08-15,4.9,5.1,4.9,5,481436
POPULAR1MF,01-11-15,5,5.1,4.9,5.1,497893
POPULAR1MF,01-12-15,4.9,5.1,4.9,5,321713
POPULAR1MF,13-01-15,5.2,5.2,4.9,5,190076
POPULAR1MF,14-01-15,5.1,5.2,4.9,5,519936
POPULAR1MF,15-01-15,5,5.1,4.9,5,180729
POPULAR1MF,18-01-15,5.1,5.1,4.9,4.9,281250
POPULAR1MF,19-01-15,4.9,4.9,4.8,4.8,371369
POPULAR1MF,20-01-15,4.8,4.9,4.8,4.8,210112
POPULAR1MF,21-01-15,4.9,5,4.7,4.8,441187
POPULAR1MF,22-01-15,4.9,5,4.7,4.8,222609
POPULAR1MF,25-01-15,4.7,4.8,4.7,4.7,150956
POPULAR1MF,26-01-15,4.8,5,4.7,4.7,528206
POPULAR1MF,27-01-15,4.8,4.8,4.6,4.7,297595
POPULAR1MF,28-01-15,4.8,4.8,4.7,4.7,262731
POPULAR1MF,29-01-15,4.7,4.9,4.7,4.8,678496
POPULAR1MF,02-01-15,4.7,4.8,4.7,4.8,175317
POPULAR1MF,02-02-15,4.7,4.9,4.7,4.8,570821
POPULAR1MF,02-03-15,4.8,4.9,4.7,4.8,369770
POPULAR1MF,02-04-15,4.8,4.9,4.7,4.8,153638
POPULAR1MF,02-05-15,4.7,4.9,4.7,4.8,417048
POPULAR1MF,02-08-15,4.8,4.9,4.8,4.8,166115
POPULAR1MF,02-09-15,4.8,4.9,4.7,4.8,181587
POPULAR1MF,02-10-15,4.8,4.8,4.7,4.8,371618
POPULAR1MF,02-11-15,4.7,4.9,4.7,4.8,143227
POPULAR1MF,02-12-15,4.8,4.9,4.7,4.8,207006
POPULAR1MF,15-02-15,4.8,4.9,4.7,4.8,107803
POPULAR1MF,16-02-15,4.8,4.9,4.8,4.8,331052
POPULAR1MF,17-02-15,4.8,4.9,4.8,4.9,371253
POPULAR1MF,18-02-15,4.9,4.9,4.8,4.9,343128
POPULAR1MF,19-02-15,4.9,5,4.8,4.9,123091
POPULAR1MF,22-02-15,4.9,4.9,4.8,4.8,480678
POPULAR1MF,23-02-15,4.8,4.9,4.8,4.8,39624
POPULAR1MF,24-02-15,4.8,4.9,4.8,4.8,59000
POPULAR1MF,25-02-15,4.8,4.9,4.8,4.9,66560
POPULAR1MF,26-02-15,4.9,4.9,4.6,4.7,739883
POPULAR1MF,03-01-15,4.7,4.8,4.7,4.7,95049
POPULAR1MF,03-02-15,4.6,4.8,4.6,4.7,33832
POPULAR1MF,03-03-15,4.7,4.8,4.7,4.7,176682
POPULAR1MF,03-04-15,4.6,4.8,4.6,4.7,22616
POPULAR1MF,03-05-15,4.6,4.7,4.6,4.7,49074
POPULAR1MF,03-08-15,4.7,4.8,4.7,4.8,186735
POPULAR1MF,03-09-15,4.7,4.7,4.7,4.7,12144
POPULAR1MF,03-10-15,4.7,4.7,4.7,4.7,86967
POPULAR1MF,03-11-15,4.8,4.8,4.7,4.7,67982
POPULAR1MF,03-12-15,4.6,4.7,4.5,4.6,98678
POPULAR1MF,15-03-15,4.5,4.7,4.5,4.6,52800
POPULAR1MF,16-03-15,4.6,4.6,4.5,4.6,140832
POPULAR1MF,18-03-15,4.6,4.6,4.5,4.5,121264
POPULAR1MF,19-03-15,4.6,4.6,4.5,4.6,102526
POPULAR1MF,22-03-15,4.5,4.6,4.5,4.5,207270
POPULAR1MF,23-03-15,4.5,4.7,4.5,4.5,214450
POPULAR1MF,24-03-15,4.5,4.6,4.5,4.6,100829
POPULAR1MF,25-03-15,4.5,4.6,4.3,4.5,676291
POPULAR1MF,29-03-15,4.4,4.5,4.3,4.4,358497
POPULAR1MF,30-03-15,4.4,4.5,4.3,4.4,89527
POPULAR1MF,31-03-15,4.3,4.5,4.3,4.4,133337
POPULAR1MF,04-01-15,4.4,4.4,4.3,4.3,31398
POPULAR1MF,04-02-15,4.3,4.5,4.3,4.4,59517
POPULAR1MF,04-05-15,4.4,4.5,4.4,4.4,82690
POPULAR1MF,04-06-15,4.4,4.4,4.3,4.3,93571
POPULAR1MF,04-07-15,4.4,4.4,4.3,4.3,132073
POPULAR1MF,04-08-15,4.2,4.3,4.1,4.2,352359
POPULAR1MF,04-09-15,4.2,4.2,4.1,4.1,295550
POPULAR1MF,04-12-15,4,4.2,4,4.1,171156
POPULAR1MF,13-04-15,4,4.4,4,4.2,203556
POPULAR1MF,15-04-15,4,4.6,4,4.6,444500
POPULAR1MF,16-04-15,4.3,4.3,4.2,4.2,471459
POPULAR1MF,19-04-15,4.1,4.3,4.1,4.3,76022
POPULAR1MF,20-04-15,4.2,4.2,4.1,4.2,21072
POPULAR1MF,21-04-15,4.2,4.2,4.1,4.1,273617
POPULAR1MF,22-04-15,4.1,4.1,4.1,4.1,40521
POPULAR1MF,23-04-15,4.1,4.1,4.1,4.1,106137
POPULAR1MF,26-04-15,4.1,4.2,4,4.1,217103
POPULAR1MF,27-04-15,4.1,4.1,4,4.1,488383
POPULAR1MF,29-04-15,4.1,4.1,4,4.1,238415
POPULAR1MF,30-04-15,4.1,4.1,4.1,4.1,88715
POPULAR1MF,05-04-15,4.1,4.1,3.9,3.9,322548
POPULAR1MF,05-05-15,3.9,4.1,3.9,4,93733
POPULAR1MF,05-06-15,3.9,4.1,3.9,4,32346
POPULAR1MF,05-07-15,4.1,4.1,4,4.1,37745
POPULAR1MF,05-10-15,4.2,4.5,4.1,4.5,446835
POPULAR1MF,05-11-15,4.6,4.8,4.5,4.6,328568
POPULAR1MF,05-12-15,4.6,5,4.5,4.8,1167768
POPULAR1MF,13-05-15,4.8,5,4.5,4.6,268271
POPULAR1MF,14-05-15,4.6,4.6,4.3,4.5,251494
POPULAR1MF,17-05-15,4.4,4.5,4.3,4.4,182123
POPULAR1MF,18-05-15,4.3,4.7,4.3,4.7,852066
POPULAR1MF,19-05-15,4.6,4.8,4.6,4.7,94500
POPULAR1MF,20-05-15,4.6,4.7,4.6,4.6,289980
POPULAR1MF,21-05-15,4.6,4.8,4.5,4.6,306564
POPULAR1MF,24-05-15,4.4,4.8,4.4,4.7,175332
POPULAR1MF,25-05-15,4.8,4.8,4.6,4.7,587841
POPULAR1MF,26-05-15,4.7,4.9,4.7,4.7,257887
POPULAR1MF,27-05-15,4.7,4.8,4.6,4.7,724397
POPULAR1MF,28-05-15,4.9,4.9,4.5,4.5,157886
POPULAR1MF,31-05-15,4.5,4.7,4.5,4.5,160761
POPULAR1MF,06-01-15,4.5,4.7,4.5,4.6,486909
POPULAR1MF,06-02-15,4.6,4.7,4.5,4.6,291193
POPULAR1MF,06-04-15,4.5,4.6,4.5,4.5,352601
POPULAR1MF,06-07-15,4.6,4.6,4.5,4.5,173863
POPULAR1MF,06-08-15,4.5,4.6,4.5,4.5,256202
POPULAR1MF,06-09-15,4.5,4.6,4.4,4.5,171342
POPULAR1MF,06-10-15,4.6,4.7,4.5,4.7,2396074
POPULAR1MF,06-11-15,4.7,4.8,4.6,4.7,308188
POPULAR1MF,14-06-15,4.6,4.7,4.6,4.7,65847
POPULAR1MF,15-06-15,4.6,4.6,4.5,4.6,110702
POPULAR1MF,16-06-15,4.5,4.7,4.5,4.5,167801
POPULAR1MF,17-06-15,4.5,4.7,4.5,4.6,108138
POPULAR1MF,18-06-15,4.5,4.6,4.5,4.6,267469
POPULAR1MF,21-06-15,4.5,4.7,4.5,4.6,91645
POPULAR1MF,22-06-15,4.5,4.7,4.5,4.6,139600
POPULAR1MF,23-06-15,4.8,4.8,4.5,4.5,150853
POPULAR1MF,24-06-15,4.5,4.7,4.5,4.6,79949
POPULAR1MF,25-06-15,4.6,4.7,4.6,4.6,51699
POPULAR1MF,28-06-15,4.5,4.6,4.5,4.5,36269
POPULAR1MF,29-06-15,4.5,4.7,4.5,4.6,562470
POPULAR1MF,30-06-15,4.6,4.8,4.6,4.7,199206
POPULAR1MF,07-02-15,4.7,4.8,4.7,4.7,411571
POPULAR1MF,07-05-15,4.7,4.8,4.7,4.7,232633
POPULAR1MF,07-06-15,4.6,4.8,4.6,4.7,56017
POPULAR1MF,07-07-15,4.7,4.8,4.7,4.7,187718
POPULAR1MF,07-08-15,4.7,4.9,4.7,4.7,254930
POPULAR1MF,07-09-15,4.7,4.8,4.6,4.7,522220
POPULAR1MF,07-12-15,4.8,5,4.7,4.9,838866
POPULAR1MF,13-07-15,4.8,5.2,4.8,5.2,1898575
POPULAR1MF,14-07-15,5.3,5.4,5.1,5.3,1754595
POPULAR1MF,21-07-15,5.1,5.4,5.1,5.3,794755
POPULAR1MF,22-07-15,5.3,5.3,5,5.1,407188
POPULAR1MF,23-07-15,5,5.2,5,5.1,267990
POPULAR1MF,26-07-15,5.1,5.3,5.1,5.2,486626
POPULAR1MF,27-07-15,5.2,5.3,5.1,5.2,619943
POPULAR1MF,28-07-15,5.3,5.5,5.2,5.4,1195334
POPULAR1MF,29-07-15,5.7,5.8,5.4,5.7,2403493
POPULAR1MF,30-07-15,5.7,5.9,5.4,5.5,1645938
POPULAR1MF,08-02-15,5.3,5.6,5.3,5.4,1665191
POPULAR1MF,08-03-15,5.5,5.6,5.4,5.5,1099549
POPULAR1MF,08-04-15,5.4,5.5,5.3,5.5,869125
POPULAR1MF,08-05-15,5.3,5.6,5.3,5.3,1324530
POPULAR1MF,08-06-15,5.3,5.4,5.1,5.1,1474099
POPULAR1MF,08-09-15,5.1,5.3,5.1,5.2,289921
POPULAR1MF,08-10-15,5.1,5.3,4.9,5,1971051
POPULAR1MF,08-11-15,5.1,5.2,5,5.1,1127916
POPULAR1MF,08-12-15,5,5.2,5,5.2,426063
POPULAR1MF,13-08-15,5.2,5.3,5,5.1,540197
POPULAR1MF,16-08-15,5.2,5.3,4.9,4.9,978324
POPULAR1MF,17-08-15,5,5,4.8,4.8,907684
POPULAR1MF,18-08-15,4.8,4.9,4.7,4.8,369724
POPULAR1MF,19-08-15,4.8,4.9,4.7,4.7,824809
POPULAR1MF,20-08-15,4.7,4.9,4.7,4.9,581829
POPULAR1MF,23-08-15,4.7,4.9,4.7,4.8,187552
POPULAR1MF,24-08-15,4.8,4.8,4.7,4.7,250285
POPULAR1MF,25-08-15,4.7,4.8,4.7,4.7,396526
POPULAR1MF,26-08-15,4.6,4.8,4.6,4.7,732862
POPULAR1MF,27-08-15,4.7,4.8,4.7,4.8,633401
POPULAR1MF,30-08-15,4.7,4.9,4.7,4.8,334513
POPULAR1MF,31-08-15,4.8,4.8,4.7,4.8,246566
POPULAR1MF,09-01-15,4.7,4.8,4.7,4.8,1314688
POPULAR1MF,09-02-15,4.8,4.9,4.7,4.8,406614
POPULAR1MF,09-03-15,4.7,4.9,4.7,4.8,241801
POPULAR1MF,09-06-15,4.8,4.9,4.8,4.8,387533
POPULAR1MF,09-08-15,4.4,4.5,4.3,4.4,647259
POPULAR1MF,09-09-15,4.4,4.8,4.4,4.5,490948
POPULAR1MF,09-10-15,4.5,4.6,4.4,4.4,376195
POPULAR1MF,13-09-15,4.5,4.5,4.3,4.4,1066037
POPULAR1MF,14-09-15,4.4,4.5,4.4,4.4,216920
POPULAR1MF,15-09-15,4.4,4.5,4.3,4.4,492805
POPULAR1MF,16-09-15,4.4,4.5,4.3,4.4,103442
POPULAR1MF,17-09-15,4.4,4.4,4.3,4.3,305599
POPULAR1MF,20-09-15,4.4,4.4,4.3,4.4,339807
POPULAR1MF,21-09-15,4.4,4.4,4.3,4.3,200684
POPULAR1MF,22-09-15,4.4,4.4,4.3,4.4,219329
POPULAR1MF,28-09-15,4.4,4.5,4.3,4.4,236050
POPULAR1MF,29-09-15,4.4,4.4,4.3,4.3,340972
POPULAR1MF,30-09-15,4.3,4.4,4.3,4.3,565346
POPULAR1MF,10-01-15,4.4,4.6,4.3,4.5,757903
POPULAR1MF,10-04-15,4.5,4.7,4.4,4.6,1401021
POPULAR1MF,10-05-15,4.5,4.6,4.4,4.5,265974
POPULAR1MF,10-06-15,4.5,4.6,4.4,4.5,752570
POPULAR1MF,10-07-15,4.5,4.8,4.5,4.7,1538588
POPULAR1MF,10-08-15,4.7,4.8,4.6,4.8,737009
POPULAR1MF,10-11-15,4.8,4.9,4.7,4.8,2738769
POPULAR1MF,10-12-15,4.8,5,4.8,4.9,1603165
POPULAR1MF,13-10-15,4.8,5,4.7,4.7,600099
POPULAR1MF,14-10-15,4.7,4.7,4.6,4.7,441408
POPULAR1MF,15-10-15,4.6,4.7,4.6,4.7,300865
POPULAR1MF,18-10-15,4.6,4.8,4.5,4.6,661860
POPULAR1MF,19-10-15,4.6,4.7,4.4,4.5,485330
POPULAR1MF,20-10-15,4.5,4.5,4.4,4.5,332042
POPULAR1MF,21-10-15,4.5,4.6,4.5,4.5,63778
POPULAR1MF,25-10-15,4.5,4.6,4.4,4.5,83771
POPULAR1MF,26-10-15,4.4,4.5,4.4,4.4,222069
POPULAR1MF,27-10-15,4.4,4.5,4.4,4.4,299522
POPULAR1MF,28-10-15,4.4,4.5,4.4,4.4,78281
POPULAR1MF,29-10-15,4.4,4.6,4.4,4.5,441310
POPULAR1MF,11-01-15,4.5,4.5,4.3,4.4,462438
POPULAR1MF,11-02-15,4.4,4.5,4.4,4.5,596381
POPULAR1MF,11-03-15,4.5,4.5,4.4,4.5,592509
POPULAR1MF,11-04-15,4.4,4.5,4.4,4.4,104297
POPULAR1MF,11-05-15,4.4,4.5,4.4,4.5,652134
POPULAR1MF,11-08-15,4.4,4.5,4.4,4.4,134888
POPULAR1MF,11-09-15,4.4,4.5,4.3,4.3,427223
POPULAR1MF,11-10-15,4.3,4.4,4.3,4.3,117320
POPULAR1MF,11-11-15,4.4,4.4,4.1,4.2,372034
POPULAR1MF,11-12-15,4.3,4.3,4.1,4.2,276908
POPULAR1MF,15-11-15,4.3,4.3,4.1,4.2,153609
POPULAR1MF,16-11-15,4.1,4.3,4.1,4.3,149604
POPULAR1MF,17-11-15,4.3,4.4,4.2,4.3,124067
POPULAR1MF,18-11-15,4.2,4.3,4.2,4.3,172372
POPULAR1MF,19-11-15,4.2,4.4,4.2,4.3,375962
POPULAR1MF,22-11-15,4.2,4.3,4.2,4.3,143871
POPULAR1MF,23-11-15,4.3,4.4,4.3,4.3,431291
POPULAR1MF,24-11-15,4.3,4.4,4.2,4.2,450590
POPULAR1MF,25-11-15,4.3,4.4,4.2,4.2,379239
POPULAR1MF,26-11-15,4.3,4.4,4.2,4.4,111793
POPULAR1MF,29-11-15,4.4,4.4,4.2,4.2,384625
POPULAR1MF,30-11-15,4.2,4.3,4.2,4.2,328336
POPULAR1MF,12-01-15,4.2,4.2,4.2,4.2,80173
POPULAR1MF,12-02-15,4.2,4.3,4.2,4.2,340485
POPULAR1MF,12-03-15,4.2,4.3,4.2,4.2,119992
POPULAR1MF,12-06-15,4.2,4.3,4.2,4.2,652534
POPULAR1MF,12-07-15,4.2,4.3,4.2,4.2,633031
POPULAR1MF,12-08-15,4.3,4.4,4.2,4.2,638053
POPULAR1MF,12-09-15,4.2,4.3,4.2,4.3,286386
POPULAR1MF,12-10-15,4.3,4.3,4.2,4.2,240239
POPULAR1MF,13-12-15,4.2,4.3,4.2,4.3,172407
POPULAR1MF,14-12-15,4.2,4.3,4.2,4.3,282563
POPULAR1MF,15-12-15,4.2,4.3,4.2,4.2,561323
POPULAR1MF,17-12-15,4.2,4.3,4.1,4.2,149053
POPULAR1MF,20-12-15,4.2,4.3,4.1,4.2,444794
POPULAR1MF,21-12-15,4.3,4.3,4.1,4.2,174833
POPULAR1MF,22-12-15,4.2,4.3,4.1,4.2,242618
POPULAR1MF,23-12-15,4.2,4.3,4.1,4.2,127948
POPULAR1MF,24-12-15,4.1,4.2,4.1,4.2,371060
POPULAR1MF,27-12-15,4.2,4.3,4.1,4.2,126148
POPULAR1MF,28-12-15,4.1,4.3,4.1,4.2,268181
POPULAR1MF,29-12-15,4.2,4.2,4.1,4.2,372941
POPULAR1MF,30-12-15,4.2,4.3,4.1,4.2,175550
POPULAR1MF,31-12-15,4.2,4.3,4.2,4.2,150958
RNSPIN,01-01-15,29.5,30,27.6,27.8,427365
RNSPIN,01-05-15,27.8,28.6,27.3,27.7,239412
RNSPIN,01-06-15,28.2,28.5,27.5,28.3,211021
RNSPIN,01-07-15,28.2,29,28.2,28.4,367809
RNSPIN,01-08-15,28.9,28.9,28.3,28.6,162242
RNSPIN,01-11-15,28,29.2,28,28.7,373477
RNSPIN,01-12-15,29,29,28.6,28.9,300703
RNSPIN,13-01-15,29.1,29.3,28.7,28.9,255985
RNSPIN,14-01-15,29,31.7,28.9,30.3,848062
RNSPIN,15-01-15,30.9,32,30.2,30.6,542132
RNSPIN,18-01-15,30,30.1,29.1,29.4,374599
RNSPIN,19-01-15,29.5,30,29.1,29.3,210702
RNSPIN,20-01-15,29.2,29.7,29,29.6,240749
RNSPIN,21-01-15,29.4,29.7,28.7,28.9,350348
RNSPIN,22-01-15,28.1,29.5,28.1,29.1,226707
RNSPIN,25-01-15,29.8,30,28.6,28.9,115587
RNSPIN,26-01-15,29,29.3,28.7,28.7,197875
RNSPIN,27-01-15,29.3,29.4,27.9,28.9,160478
RNSPIN,28-01-15,29.1,29.1,28.4,28.6,221205
RNSPIN,29-01-15,28.4,28.6,27.9,28,196860
RNSPIN,02-01-15,28.7,29,27,27.2,177283
RNSPIN,02-02-15,27.3,27.3,26.3,26.9,188635
RNSPIN,02-03-15,27,27.6,26.9,27.1,65772
RNSPIN,02-04-15,27.2,27.5,27.1,27.3,108619
RNSPIN,02-05-15,27,28.5,26.9,28.1,146377
RNSPIN,02-08-15,28.6,28.9,27.7,28.6,225775
RNSPIN,02-09-15,29,29,28.2,28.3,139171
RNSPIN,02-10-15,28.4,29,28.3,28.7,146204
RNSPIN,02-11-15,28.7,29.9,28.4,28.7,194407
RNSPIN,02-12-15,28.8,29.1,28.5,28.8,250440
RNSPIN,15-02-15,29,29.3,28.6,29.2,178298
RNSPIN,16-02-15,29.2,30.8,29.2,29.9,830908
RNSPIN,17-02-15,30.3,30.4,29.3,29.5,148540
RNSPIN,18-02-15,29.4,29.7,28.7,28.8,261424
RNSPIN,19-02-15,28.8,29,27.6,27.9,275270
RNSPIN,22-02-15,27.7,29.5,27.6,28.2,208983
RNSPIN,23-02-15,28.7,29,28.2,28.3,137184
RNSPIN,24-02-15,28.6,29,28.1,28.2,101599
RNSPIN,25-02-15,28.4,28.8,27.7,27.8,250692
RNSPIN,26-02-15,28,28.4,27.6,27.8,154266
RNSPIN,03-01-15,28,28.1,27.1,27.3,198512
RNSPIN,03-02-15,27.5,28,27,27.6,221064
RNSPIN,03-03-15,27.4,27.8,27.3,27.4,170808
RNSPIN,03-04-15,27.5,27.9,27.4,27.7,124327
RNSPIN,03-05-15,27.5,28.1,27.4,27.7,145492
RNSPIN,03-08-15,28.1,28.1,27.4,27.6,107816
RNSPIN,03-09-15,27.5,28,27.3,27.4,247347
RNSPIN,03-10-15,27.5,27.5,27,27.2,270162
RNSPIN,03-11-15,27.2,27.3,26.6,26.7,213330
RNSPIN,03-12-15,26.7,26.9,25.9,26,310415
RNSPIN,15-03-15,26.1,26.1,23.4,24.6,223020
RNSPIN,16-03-15,24.1,25.5,24.1,24.5,198686
RNSPIN,18-03-15,24.1,24.7,23.8,24.2,252756
RNSPIN,19-03-15,24,24.9,23.9,24.7,107672
RNSPIN,22-03-15,25.1,26,25,25.8,198366
RNSPIN,23-03-15,26.3,26.4,24.9,25,209335
RNSPIN,24-03-15,25.2,25.3,23.7,24,458023
RNSPIN,25-03-15,23.8,24,23.4,23.8,267898
RNSPIN,29-03-15,23.8,24.5,23.8,24.2,155212
RNSPIN,30-03-15,24,24.5,23.9,24,90489
RNSPIN,31-03-15,24.4,24.4,23.9,24,110763
RNSPIN,04-01-15,24.2,24.3,24,24.3,288306
RNSPIN,04-02-15,24.5,24.5,24,24.1,107702
RNSPIN,04-05-15,23.1,24.2,23,23.5,87456
RNSPIN,04-06-15,24,24,22.8,22.9,222727
RNSPIN,04-07-15,23.2,23.2,21.4,22,303829
RNSPIN,04-08-15,22,22,21.4,21.5,279686
RNSPIN,04-09-15,22,23,21,22.1,210225
RNSPIN,04-12-15,22.5,22.6,21.3,21.8,86605
RNSPIN,13-04-15,22,22,21,21.3,189102
RNSPIN,15-04-15,21.2,22.2,21.1,21.8,142577
RNSPIN,16-04-15,22.3,22.6,21.9,22,212585
RNSPIN,19-04-15,22.1,23,21.7,22.6,141465
RNSPIN,20-04-15,22.5,23.3,22.1,22.2,136612
RNSPIN,21-04-15,21.8,22.4,21.5,21.6,273910
RNSPIN,22-04-15,21.5,22.3,21.2,21.8,214082
RNSPIN,23-04-15,21.7,22.1,21,21.5,278105
RNSPIN,26-04-15,21.9,23.4,20.8,22.4,418583
RNSPIN,27-04-15,24,24.6,23,24.6,458130
RNSPIN,29-04-15,22.2,22.2,22.2,22.2,239544
RNSPIN,30-04-15,20,21.5,20,20,1153254
RNSPIN,05-04-15,19.4,20.3,18,18.1,645440
RNSPIN,05-05-15,19.3,19.3,18,18.6,293980
RNSPIN,05-06-15,18.2,19.2,18.2,19,199877
RNSPIN,05-07-15,19.2,19.4,18.6,19,257647
RNSPIN,05-10-15,19.2,19.5,18.7,19.4,215638
RNSPIN,05-11-15,19,20.1,19,19.7,297208
RNSPIN,05-12-15,19.5,20,18.8,19,205459
RNSPIN,13-05-15,19.8,19.8,18.5,19.2,234490
RNSPIN,14-05-15,19,19.9,19,19.7,145113
RNSPIN,17-05-15,19.5,19.5,18,18.4,412528
RNSPIN,18-05-15,18.1,18.7,18,18.4,414751
RNSPIN,19-05-15,18.6,18.9,18.3,18.4,325437
RNSPIN,20-05-15,18.8,19,18.5,18.9,497120
RNSPIN,21-05-15,19.6,19.6,18.7,18.9,307805
RNSPIN,24-05-15,19,19.5,18.5,18.9,108428
RNSPIN,25-05-15,19.8,19.8,18.9,19.3,383357
RNSPIN,26-05-15,20,20,19,19,363550
RNSPIN,27-05-15,19.5,19.5,18.9,19,327017
RNSPIN,28-05-15,19,19.1,18.5,18.7,261807
RNSPIN,31-05-15,18.7,19.2,18.5,18.6,305239
RNSPIN,06-01-15,18.6,18.9,18.5,18.6,317618
RNSPIN,06-02-15,18.6,18.9,18.6,18.7,206529
RNSPIN,06-04-15,18.7,19,18.6,18.8,126462
RNSPIN,06-07-15,19,19.2,18.9,19.1,338823
RNSPIN,06-08-15,19.1,19.1,18.9,19,307657
RNSPIN,06-09-15,19,19.3,18.8,19.1,321793
RNSPIN,06-10-15,19.1,19.6,19.1,19.5,400707
RNSPIN,06-11-15,19.4,20.7,19,19.7,917608
RNSPIN,14-06-15,19.5,19.5,18.7,19,404170
RNSPIN,15-06-15,19,19.7,18.9,19.4,326004
RNSPIN,16-06-15,19.4,20.2,19.4,20,521164
RNSPIN,17-06-15,20.7,22,20.2,22,1557593
RNSPIN,18-06-15,23,24.2,21.4,22.1,798728
RNSPIN,21-06-15,22.1,23.3,22,23,522120
RNSPIN,22-06-15,23.1,24.4,23,23.9,748255
RNSPIN,23-06-15,23.9,26.1,23.9,25.2,1993492
RNSPIN,24-06-15,25,26.5,23.6,24.9,1370610
RNSPIN,25-06-15,24.9,25.4,23.6,23.8,509331
RNSPIN,28-06-15,25.5,25.5,21.9,22.2,402611
RNSPIN,29-06-15,23.5,24.4,22.2,24,413280
RNSPIN,30-06-15,24.5,26.2,24.5,25.7,1386744
RNSPIN,07-02-15,26,28.2,25.9,27.1,1012650
RNSPIN,07-05-15,27.2,28,25.4,25.6,352977
RNSPIN,07-06-15,25.5,25.5,23.5,23.8,383880
RNSPIN,07-07-15,24.6,25,24.2,24.3,98779
RNSPIN,07-08-15,23.6,25.1,23.6,24.9,348763
RNSPIN,07-09-15,25.3,26,25,25.8,525430
RNSPIN,07-12-15,25.6,26,25,25.3,299643
RNSPIN,13-07-15,25.6,25.6,24.1,24.5,307266
RNSPIN,14-07-15,24.6,25.4,24.5,24.8,255907
RNSPIN,21-07-15,24.8,25,24.6,24.8,155858
RNSPIN,22-07-15,24.8,25,24.7,24.8,250911
RNSPIN,23-07-15,25.2,25.2,24.6,24.8,311286
RNSPIN,26-07-15,24.8,25.2,24.4,24.6,547014
RNSPIN,27-07-15,24.6,24.8,24.4,24.5,310510
RNSPIN,28-07-15,24.8,24.8,24,24,329282
RNSPIN,29-07-15,24,24.3,23.5,23.9,535569
RNSPIN,30-07-15,24,24,22.7,23,729399
RNSPIN,08-02-15,23.9,24.7,23,23.1,643992
RNSPIN,08-03-15,23.5,23.8,22.9,23,448491
RNSPIN,08-04-15,23.8,23.8,23,23.1,602370
RNSPIN,08-05-15,23.6,25.4,23.4,24.9,742226
RNSPIN,08-06-15,26,26.9,22.9,23.7,537268
RNSPIN,08-09-15,23.8,24.3,23.7,23.9,223968
RNSPIN,08-10-15,23.9,24.3,23.6,23.7,144489
RNSPIN,08-11-15,24,24.7,23.7,24.1,270018
RNSPIN,08-12-15,24.3,25.9,24.3,25,504859
RNSPIN,13-08-15,25.2,25.8,23.5,24.7,455514
RNSPIN,16-08-15,24.6,24.7,23.8,23.9,304590
RNSPIN,17-08-15,24.1,24.1,23.6,23.8,239682
RNSPIN,18-08-15,23.9,24.5,23.7,24,195053
RNSPIN,19-08-15,24.3,24.4,24,24.1,212351
RNSPIN,20-08-15,24.1,24.3,23.9,24.1,231910
RNSPIN,23-08-15,24.1,24.3,23.5,23.7,273996
RNSPIN,24-08-15,23.7,23.9,23.2,23.4,185665
RNSPIN,25-08-15,23.4,23.9,23.2,23.4,174935
RNSPIN,26-08-15,23.4,23.8,23.2,23.7,128729
RNSPIN,27-08-15,23.7,24,23.6,23.7,169008
RNSPIN,30-08-15,23.8,23.8,22.4,22.6,1030493
RNSPIN,31-08-15,22.3,23.3,21.5,22.1,929954
RNSPIN,09-01-15,22.9,23,21.9,22.2,234022
RNSPIN,09-02-15,22.2,22.7,21.8,22,526646
RNSPIN,09-03-15,22.4,22.4,21.9,22,267489
RNSPIN,09-06-15,22.8,22.8,22,22.3,166909
RNSPIN,09-07-15,22.6,23,22.5,23,100320
RNSPIN,09-08-15,23.3,23.6,22.9,23.1,117023
RNSPIN,09-09-15,23,23.2,22.6,22.8,84752
RNSPIN,09-10-15,22.7,22.9,22.2,22.3,176719
RNSPIN,13-09-15,22.5,22.6,21.8,21.9,249944
RNSPIN,14-09-15,22,22.5,21.7,22,197122
RNSPIN,15-09-15,22.3,22.3,22,22,145045
RNSPIN,16-09-15,22.4,22.5,21.8,22,185693
RNSPIN,17-09-15,22,22.3,21.8,22.1,195524
RNSPIN,20-09-15,22.3,22.3,22,22,221536
RNSPIN,21-09-15,22.1,22.5,22,22.4,135633
RNSPIN,22-09-15,22.5,22.8,22.3,22.5,171813
RNSPIN,28-09-15,22.5,22.6,22.3,22.4,125316
RNSPIN,29-09-15,22.4,22.5,22.3,22.5,109902
RNSPIN,30-09-15,22.6,22.6,22,22.2,295132
RNSPIN,10-01-15,22.1,22.4,22,22.1,260509
RNSPIN,10-04-15,22,22.2,21.9,22,99810
RNSPIN,10-05-15,22,22,21.7,21.9,156432
RNSPIN,10-06-15,21.8,22,21.8,21.9,168640
RNSPIN,10-07-15,21.9,22,21.5,21.5,243936
RNSPIN,10-08-15,21.5,21.6,20.9,21,272070
RNSPIN,10-11-15,21.1,21.1,20,20.3,172086
RNSPIN,10-12-15,20.6,20.9,20.4,20.5,186502
RNSPIN,13-10-15,20.5,21.5,20.4,21.5,103115
RNSPIN,14-10-15,21,21.5,21,21.4,87281
RNSPIN,15-10-15,21.6,21.9,21.2,21.8,125727
RNSPIN,18-10-15,21.9,21.9,21.1,21.3,64531
RNSPIN,19-10-15,21.4,21.6,20.7,21,79795
RNSPIN,20-10-15,21.3,21.9,20.9,21.4,234381
RNSPIN,21-10-15,21.3,21.7,21.1,21.4,76483
RNSPIN,25-10-15,21.4,21.7,21.3,21.7,103658
RNSPIN,26-10-15,21.8,21.9,21.5,21.7,180319
RNSPIN,27-10-15,21.8,21.8,21.3,21.4,85317
RNSPIN,28-10-15,21.9,21.9,20.2,20.4,423426
RNSPIN,29-10-15,20.3,20.6,19,20.3,150082
RNSPIN,11-01-15,20.2,20.2,19.5,20.1,197580
RNSPIN,11-02-15,20.5,21.2,20.3,21.1,186156
RNSPIN,11-03-15,21.4,21.9,21.1,21.8,174363
RNSPIN,11-04-15,21.5,21.5,20.8,20.8,184658
RNSPIN,11-05-15,21,22,20.7,21.3,151483
RNSPIN,11-08-15,21.1,21.3,20.9,20.9,182826
RNSPIN,11-09-15,20.8,21,20.7,20.8,215450
RNSPIN,11-10-15,20.9,21.3,20.8,20.9,268355
RNSPIN,11-11-15,21,21.4,20.9,21,319007
RNSPIN,11-12-15,20.9,21.2,20.9,21.1,79346
RNSPIN,15-11-15,21,21,20.6,20.6,137240
RNSPIN,16-11-15,21,21.1,20.8,21.1,100080
RNSPIN,17-11-15,21.2,21.2,20.9,20.9,113410
RNSPIN,18-11-15,20.9,21.2,20.9,21.1,152091
RNSPIN,19-11-15,21.4,21.6,21.2,21.4,295792
RNSPIN,22-11-15,21.8,22.2,21.6,22.1,384018
RNSPIN,23-11-15,22.2,22.5,21.9,22,251390
RNSPIN,24-11-15,22,22,21.6,21.7,98123
RNSPIN,25-11-15,21.9,21.9,21.4,21.5,57951
RNSPIN,26-11-15,21.6,21.7,20.9,21.2,167452
RNSPIN,29-11-15,21.3,21.6,20.9,21.1,154070
RNSPIN,30-11-15,21.1,21.8,21.1,21.4,171032
RNSPIN,12-01-15,21.3,21.4,21,21.2,245632
RNSPIN,12-02-15,21.2,21.5,21.2,21.4,285616
RNSPIN,12-03-15,21.2,21.4,21.2,21.3,147883
RNSPIN,12-06-15,21.2,21.4,21.2,21.3,118977
RNSPIN,12-07-15,21.3,21.4,21.1,21.1,149161
RNSPIN,12-08-15,21.3,21.3,21,21.1,183607
RNSPIN,12-09-15,21.2,21.2,21,21,320066
RNSPIN,12-10-15,21.1,21.2,20.9,20.9,199863
RNSPIN,13-12-15,21,21.1,20.6,20.7,288526
RNSPIN,14-12-15,20.7,20.7,20.4,20.6,213155
RNSPIN,15-12-15,21.1,21.1,20,20.1,201225
RNSPIN,17-12-15,20.5,20.5,20.1,20.1,169538
RNSPIN,20-12-15,20.1,20.2,19.9,19.9,170227
RNSPIN,21-12-15,20.2,21.3,20.1,21,261252
RNSPIN,22-12-15,21.3,21.7,21.3,21.4,198262
RNSPIN,23-12-15,21.5,21.8,21.1,21.3,270240
RNSPIN,24-12-15,21.5,21.8,21.3,21.7,157385
RNSPIN,27-12-15,21.9,23,21.9,22.7,600707
RNSPIN,28-12-15,22.7,23.1,22.2,22.3,165174
RNSPIN,29-12-15,22.2,22.8,22.2,22.3,164096
RNSPIN,30-12-15,22.3,22.5,22,22.1,280729
RNSPIN,31-12-15,22.4,22.6,21.8,22.1,345678
