source_sheet,sector,trading_date,open,high,low,close,volume
DSE-2011,1JANATAMF,2015-01-01,5.1,5.3,5.1,5.3,91470
DSE-2011,1JANATAMF,2015-05-01,5.1,5.2,5.1,5.1,26123
DSE-2011,1JANATAMF,2015-06-01,5.2,5.3,5.1,5.2,78987
DSE-2011,1JANATAMF,2015-07-01,5.1,5.2,5.1,5.2,98861
DSE-2011,1JANATAMF,2015-08-01,5.1,5.3,5.0,5.2,103256
DSE-2011,1JANATAMF,2015-11-01,5.1,5.2,5.1,5.2,64717
DSE-2011,1JANATAMF,2015-12-01,5.1,5.2,5.1,5.1,34650
DSE-2011,1JANATAMF,2015-01-13,5.1,5.2,5.1,5.1,86072
DSE-2011,1JANATAMF,2015-01-14,5.2,5.3,5.1,5.2,113400
DSE-2011,1JANATAMF,2015-01-15,5.1,5.3,5.1,5.2,284893
DSE-2011,1JANATAMF,2015-01-18,5.2,5.2,5.1,5.1,61432
DSE-2011,1JANATAMF,2015-01-19,5.1,5.3,5.1,5.2,242408
DSE-2011,1JANATAMF,2015-01-20,5.1,5.2,5.1,5.1,20924
DSE-2011,1JANATAMF,2015-01-21,5.1,5.2,5.1,5.1,73675
DSE-2011,1JANATAMF,2015-01-22,5.1,5.2,5.1,5.1,19805
DSE-2011,1JANATAMF,2015-01-25,5.1,5.1,5.0,5.0,22283
DSE-2011,1JANATAMF,2015-01-26,5.0,5.1,4.9,5.0,38128
DSE-2011,1JANATAMF,2015-01-27,5.0,5.1,5.0,5.1,142284
DSE-2011,1JANATAMF,2015-01-28,5.1,5.2,5.1,5.1,63154
DSE-2011,1JANATAMF,2015-01-29,5.1,5.1,5.0,5.1,32330
DSE-2011,1JANATAMF,2015-01-02,5.0,5.0,4.8,5.0,78515
DSE-2011,1JANATAMF,2015-02-02,4.9,5.0,4.9,5.0,112541
DSE-2011,1JANATAMF,2015-03-02,4.9,5.2,4.9,5.1,214820
DSE-2011,1JANATAMF,2015-04-02,5.1,5.2,5.0,5.1,148262
DSE-2011,1JANATAMF,2015-05-02,5.0,5.1,5.0,5.1,80424
DSE-2011,1JANATAMF,2015-08-02,5.0,5.1,5.0,5.0,142314
DSE-2011,1JANATAMF,2015-09-02,5.0,5.1,4.9,5.0,63800
DSE-2011,1JANATAMF,2015-10-02,5.0,5.1,5.0,5.0,69826
DSE-2011,1JANATAMF,2015-11-02,5.0,5.1,4.9,5.0,102914
DSE-2011,1JANATAMF,2015-12-02,5.0,5.1,4.9,5.0,59240
DSE-2011,1JANATAMF,2015-02-15,5.0,5.1,5.0,5.0,81620
DSE-2011,1JANATAMF,2015-02-16,5.0,5.1,5.0,5.0,83642
DSE-2011,1JANATAMF,2015-02-17,5.0,5.1,5.0,5.0,88870
DSE-2011,1JANATAMF,2015-02-18,5.0,5.1,5.0,5.0,132968
DSE-2011,1JANATAMF,2015-02-19,4.9,5.1,4.9,5.1,162044
DSE-2011,1JANATAMF,2015-02-22,5.0,5.0,4.9,5.0,68580
DSE-2011,1JANATAMF,2015-02-23,5.0,5.0,4.9,4.9,94050
DSE-2011,1JANATAMF,2015-02-24,4.9,5.0,4.9,5.0,109090
DSE-2011,1JANATAMF,2015-02-25,5.0,5.0,4.9,5.0,100346
DSE-2011,1JANATAMF,2015-02-26,4.9,5.0,4.9,5.0,38653
DSE-2011,1JANATAMF,2015-01-03,5.0,5.0,4.9,5.0,51957
DSE-2011,1JANATAMF,2015-02-03,4.9,5.0,4.9,5.0,95485
DSE-2011,1JANATAMF,2015-03-03,4.9,5.0,4.9,4.9,26163
DSE-2011,1JANATAMF,2015-04-03,5.0,5.0,4.9,5.0,145248
DSE-2011,1JANATAMF,2015-05-03,4.9,4.9,4.8,4.8,181417
DSE-2011,1JANATAMF,2015-08-03,4.8,4.9,4.8,4.9,7937
DSE-2011,1JANATAMF,2015-09-03,4.8,4.9,4.8,4.8,33055
DSE-2011,1JANATAMF,2015-10-03,4.8,4.9,4.8,4.8,70304
DSE-2011,1JANATAMF,2015-11-03,4.8,4.8,4.8,4.8,62504
DSE-2011,1JANATAMF,2015-12-03,4.6,4.8,4.6,4.7,49733
DSE-2011,1JANATAMF,2015-03-15,4.8,4.8,4.7,4.7,21679
DSE-2011,1JANATAMF,2015-03-16,4.6,4.8,4.6,4.7,6694
DSE-2011,1JANATAMF,2015-03-18,4.7,4.8,4.7,4.7,49955
DSE-2011,1JANATAMF,2015-03-19,4.6,4.9,4.6,4.8,47934
DSE-2011,1JANATAMF,2015-03-22,4.7,4.9,4.7,4.8,29755
DSE-2011,1JANATAMF,2015-03-23,4.8,4.9,4.6,4.6,236203
DSE-2011,1JANATAMF,2015-03-24,4.7,4.8,4.7,4.8,53221
DSE-2011,1JANATAMF,2015-03-25,4.7,4.7,4.6,4.6,34158
DSE-2011,1JANATAMF,2015-03-29,4.6,4.7,4.6,4.6,98489
DSE-2011,1JANATAMF,2015-03-30,4.6,4.7,4.5,4.6,141667
DSE-2011,1JANATAMF,2015-03-31,4.6,4.6,4.5,4.5,25273
DSE-2011,1JANATAMF,2015-01-04,4.5,4.6,4.5,4.6,46311
DSE-2011,1JANATAMF,2015-02-04,4.5,4.6,4.5,4.6,91511
DSE-2011,1JANATAMF,2015-05-04,4.6,4.6,4.3,4.5,37355
DSE-2011,1JANATAMF,2015-06-04,4.5,4.5,4.3,4.5,27386
DSE-2011,1JANATAMF,2015-07-04,4.3,4.4,4.3,4.3,83382
DSE-2011,1JANATAMF,2015-08-04,4.3,4.5,4.3,4.3,77769
DSE-2011,1JANATAMF,2015-09-04,4.3,4.3,4.1,4.1,283615
DSE-2011,1JANATAMF,2015-12-04,4.1,4.3,4.1,4.1,19511
DSE-2011,1JANATAMF,2015-04-13,4.0,4.2,4.0,4.1,32863
DSE-2011,1JANATAMF,2015-04-15,4.1,4.2,4.1,4.2,51600
DSE-2011,1JANATAMF,2015-04-16,4.2,4.3,4.1,4.1,52906
DSE-2011,1JANATAMF,2015-04-19,4.1,4.3,4.1,4.2,55101
DSE-2011,1JANATAMF,2015-04-20,4.1,4.2,4.1,4.1,35879
DSE-2011,1JANATAMF,2015-04-21,4.1,4.2,4.1,4.2,54166
DSE-2011,1JANATAMF,2015-04-22,4.1,4.3,4.1,4.1,58222
DSE-2011,1JANATAMF,2015-04-23,4.1,4.2,4.1,4.1,80119
DSE-2011,1JANATAMF,2015-04-26,4.2,4.2,4.1,4.2,30710
DSE-2011,1JANATAMF,2015-04-27,4.1,4.2,4.1,4.1,593554
DSE-2011,1JANATAMF,2015-04-29,4.2,4.2,4.1,4.1,37007
DSE-2011,1JANATAMF,2015-04-30,4.1,4.2,4.1,4.2,80682
DSE-2011,1JANATAMF,2015-04-05,4.1,4.1,4.0,4.1,38460
DSE-2011,1JANATAMF,2015-05-05,4.2,4.2,4.0,4.1,42812
DSE-2011,1JANATAMF,2015-06-05,4.0,4.1,4.0,4.1,28108
DSE-2011,1JANATAMF,2015-07-05,4.1,4.3,4.1,4.2,93995
DSE-2011,1JANATAMF,2015-10-05,4.3,4.6,4.2,4.6,386695
DSE-2011,1JANATAMF,2015-11-05,4.5,4.8,4.5,4.8,269914
DSE-2011,1JANATAMF,2015-12-05,4.9,5.2,4.9,5.0,584965
DSE-2011,1JANATAMF,2015-05-13,5.0,5.2,4.6,4.9,207865
DSE-2011,1JANATAMF,2015-05-14,4.9,4.9,4.6,4.7,147879
DSE-2011,1JANATAMF,2015-05-17,4.6,4.8,4.5,4.6,131944
DSE-2011,1JANATAMF,2015-05-18,4.5,4.8,4.5,4.8,80314
DSE-2011,1JANATAMF,2015-05-19,4.8,4.9,4.7,4.8,133941
DSE-2011,1JANATAMF,2015-05-20,4.7,4.9,4.7,4.8,121724
DSE-2011,1JANATAMF,2015-05-21,4.7,4.9,4.7,4.8,259899
DSE-2011,1JANATAMF,2015-05-24,4.7,4.9,4.7,4.8,15845
DSE-2011,1JANATAMF,2015-05-25,4.7,4.8,4.7,4.8,211499
DSE-2011,1JANATAMF,2015-05-26,4.8,5.0,4.8,4.9,430948
DSE-2011,1JANATAMF,2015-05-27,4.8,5.0,4.8,4.9,283485
DSE-2011,1JANATAMF,2015-05-28,4.9,4.9,4.7,4.7,402056
DSE-2011,1JANATAMF,2015-05-31,4.7,4.8,4.7,4.7,93270
DSE-2011,1JANATAMF,2015-01-06,4.7,4.8,4.7,4.8,470540
DSE-2011,1JANATAMF,2015-02-06,4.7,4.9,4.7,4.9,408494
DSE-2011,1JANATAMF,2015-04-06,4.9,4.9,4.7,4.7,54952
DSE-2011,1JANATAMF,2015-07-06,4.8,4.8,4.7,4.7,55117
DSE-2011,1JANATAMF,2015-08-06,4.7,4.8,4.7,4.7,137552
DSE-2011,1JANATAMF,2015-09-06,4.8,4.9,4.7,4.7,242076
DSE-2011,1JANATAMF,2015-10-06,4.8,4.9,4.7,4.8,364390
DSE-2011,1JANATAMF,2015-11-06,4.8,5.0,4.8,4.9,333593
DSE-2011,1JANATAMF,2015-06-14,4.9,4.9,4.8,4.8,146116
DSE-2011,1JANATAMF,2015-06-15,4.8,4.9,4.7,4.8,159330
DSE-2011,1JANATAMF,2015-06-16,4.8,4.9,4.7,4.7,35915
DSE-2011,1JANATAMF,2015-06-17,4.7,4.9,4.7,4.8,53105
DSE-2011,1JANATAMF,2015-06-18,4.7,4.9,4.7,4.8,93459
DSE-2011,1JANATAMF,2015-06-21,4.7,4.9,4.7,4.8,28959
DSE-2011,1JANATAMF,2015-06-22,4.7,4.9,4.7,4.7,91091
DSE-2011,1JANATAMF,2015-06-23,4.7,4.8,4.7,4.7,94462
DSE-2011,1JANATAMF,2015-06-24,4.7,4.8,4.7,4.7,62727
DSE-2011,1JANATAMF,2015-06-25,4.7,4.8,4.7,4.7,33744
DSE-2011,1JANATAMF,2015-06-28,4.8,4.8,4.7,4.7,333763
DSE-2011,1JANATAMF,2015-06-29,4.7,4.8,4.7,4.8,282954
DSE-2011,1JANATAMF,2015-06-30,4.7,4.8,4.7,4.8,295061
DSE-2011,1JANATAMF,2015-02-07,4.8,4.8,4.7,4.8,77892
DSE-2011,1JANATAMF,2015-05-07,4.7,4.9,4.7,4.9,189133
DSE-2011,1JANATAMF,2015-06-07,4.8,4.9,4.8,4.8,45529
DSE-2011,1JANATAMF,2015-07-07,4.8,4.9,4.8,4.9,53852
DSE-2011,1JANATAMF,2015-08-07,4.9,4.9,4.8,4.9,122276
DSE-2011,1JANATAMF,2015-09-07,4.8,4.9,4.8,4.9,82785
DSE-2011,1JANATAMF,2015-12-07,4.9,5.1,4.9,5.1,624715
DSE-2011,1JANATAMF,2015-07-13,5.1,5.2,5.0,5.1,693171
DSE-2011,1JANATAMF,2015-07-14,5.0,5.3,5.0,5.2,529626
DSE-2011,1JANATAMF,2015-07-21,5.2,5.3,5.1,5.1,124211
DSE-2011,1JANATAMF,2015-07-22,5.1,5.2,5.0,5.1,156422
DSE-2011,1JANATAMF,2015-07-23,5.0,5.1,5.0,5.1,209254
DSE-2011,1JANATAMF,2015-07-26,5.1,5.2,5.1,5.2,183419
DSE-2011,1JANATAMF,2015-07-27,5.2,5.3,5.1,5.2,216980
DSE-2011,1JANATAMF,2015-07-28,5.2,5.4,5.2,5.3,486410
DSE-2011,1JANATAMF,2015-07-29,5.3,5.5,5.2,5.4,1310802
DSE-2011,1JANATAMF,2015-07-30,5.3,5.5,5.3,5.4,391674
DSE-2011,1JANATAMF,2015-02-08,5.4,5.7,5.3,5.6,623507
DSE-2011,1JANATAMF,2015-03-08,5.6,5.7,5.5,5.6,414591
DSE-2011,1JANATAMF,2015-04-08,5.5,5.7,5.5,5.6,672774
DSE-2011,1JANATAMF,2015-05-08,5.6,5.6,5.4,5.5,311800
DSE-2011,1JANATAMF,2015-06-08,5.4,5.5,5.3,5.4,302051
DSE-2011,1JANATAMF,2015-09-08,5.5,5.5,5.2,5.3,170561
DSE-2011,1JANATAMF,2015-10-08,5.2,5.4,5.2,5.3,382690
DSE-2011,1JANATAMF,2015-11-08,5.2,5.3,5.1,5.2,326060
DSE-2011,1JANATAMF,2015-12-08,5.2,5.4,5.2,5.3,147959
DSE-2011,1JANATAMF,2015-08-13,5.3,5.4,5.3,5.3,154954
DSE-2011,1JANATAMF,2015-08-16,5.5,5.5,5.1,5.1,780893
DSE-2011,1JANATAMF,2015-08-17,5.2,5.2,4.9,5.0,785091
DSE-2011,1JANATAMF,2015-08-18,5.0,5.0,4.9,4.9,557025
DSE-2011,1JANATAMF,2015-08-19,4.9,5.0,4.8,4.9,253721
DSE-2011,1JANATAMF,2015-08-20,4.9,5.0,4.8,4.9,217741
DSE-2011,1JANATAMF,2015-08-23,4.8,5.0,4.8,4.9,134321
DSE-2011,1JANATAMF,2015-08-24,4.9,5.0,4.9,4.9,169710
DSE-2011,1JANATAMF,2015-08-25,5.0,5.0,4.9,4.9,225964
DSE-2011,1JANATAMF,2015-08-26,4.8,5.0,4.8,4.9,72982
DSE-2011,1JANATAMF,2015-08-27,5.0,5.0,4.9,5.0,224723
DSE-2011,1JANATAMF,2015-08-30,5.0,5.1,4.9,5.0,236770
DSE-2011,1JANATAMF,2015-08-31,5.0,5.0,4.9,5.0,157729
DSE-2011,1JANATAMF,2015-01-09,5.0,5.0,4.9,4.9,132161
DSE-2011,1JANATAMF,2015-02-09,4.9,5.0,4.9,4.9,199972
DSE-2011,1JANATAMF,2015-06-09,4.1,4.5,4.1,4.5,400873
DSE-2011,1JANATAMF,2015-07-09,4.4,4.6,4.4,4.5,298410
DSE-2011,1JANATAMF,2015-08-09,4.6,4.7,4.5,4.6,799912
DSE-2011,1JANATAMF,2015-09-09,4.6,4.8,4.6,4.6,140672
DSE-2011,1JANATAMF,2015-10-09,4.6,4.7,4.5,4.5,205425
DSE-2011,1JANATAMF,2015-09-13,4.5,4.6,4.5,4.5,47198
DSE-2011,1JANATAMF,2015-09-14,4.5,4.6,4.5,4.5,197107
DSE-2011,1JANATAMF,2015-09-15,4.6,4.7,4.5,4.6,109573
DSE-2011,1JANATAMF,2015-09-16,4.5,4.6,4.5,4.6,225086
DSE-2011,1JANATAMF,2015-09-17,4.5,4.6,4.5,4.6,72735
DSE-2011,1JANATAMF,2015-09-20,4.5,4.7,4.5,4.6,112561
DSE-2011,1JANATAMF,2015-09-21,4.6,4.6,4.5,4.5,207185
DSE-2011,1JANATAMF,2015-09-22,4.6,4.6,4.5,4.5,453650
DSE-2011,1JANATAMF,2015-09-28,4.5,4.6,4.5,4.5,217128
DSE-2011,1JANATAMF,2015-09-29,4.5,4.6,4.5,4.5,57050
DSE-2011,1JANATAMF,2015-09-30,4.5,4.6,4.5,4.6,72901
DSE-2011,1JANATAMF,2015-01-10,4.6,4.7,4.5,4.7,385643
DSE-2011,1JANATAMF,2015-04-10,4.7,4.8,4.6,4.7,355286
DSE-2011,1JANATAMF,2015-05-10,4.6,4.6,4.5,4.6,315093
DSE-2011,1JANATAMF,2015-06-10,4.5,4.7,4.5,4.6,335512
DSE-2011,1JANATAMF,2015-07-10,4.7,4.9,4.6,4.8,1401503
DSE-2011,1JANATAMF,2015-08-10,4.8,4.9,4.7,4.8,412976
DSE-2011,1JANATAMF,2015-11-10,4.9,4.9,4.7,4.8,925775
DSE-2011,1JANATAMF,2015-12-10,4.8,4.9,4.8,4.9,414197
DSE-2011,1JANATAMF,2015-10-13,4.9,5.0,4.7,4.8,718469
DSE-2011,1JANATAMF,2015-10-14,4.8,4.8,4.7,4.7,133572
DSE-2011,1JANATAMF,2015-10-15,4.7,4.8,4.6,4.7,446809
DSE-2011,1JANATAMF,2015-10-18,4.7,4.7,4.5,4.5,533682
DSE-2011,1JANATAMF,2015-10-19,4.5,4.7,4.5,4.6,264737
DSE-2011,1JANATAMF,2015-10-20,4.5,4.6,4.5,4.6,151516
DSE-2011,1JANATAMF,2015-10-21,4.5,4.7,4.5,4.6,273348
DSE-2011,1JANATAMF,2015-10-25,4.5,4.6,4.5,4.5,212745
DSE-2011,1JANATAMF,2015-10-26,4.5,4.6,4.5,4.5,96873
DSE-2011,1JANATAMF,2015-10-27,4.5,4.6,4.5,4.5,170181
DSE-2011,1JANATAMF,2015-10-28,4.5,4.6,4.4,4.5,167106
DSE-2011,1JANATAMF,2015-10-29,4.5,4.6,4.5,4.5,211150
DSE-2011,1JANATAMF,2015-01-11,4.5,4.6,4.4,4.4,148397
DSE-2011,1JANATAMF,2015-02-11,4.4,4.5,4.4,4.5,423972
DSE-2011,1JANATAMF,2015-03-11,4.5,4.6,4.5,4.5,252430
DSE-2011,1JANATAMF,2015-04-11,4.5,4.6,4.4,4.5,92126
DSE-2011,1JANATAMF,2015-05-11,4.5,4.6,4.4,4.4,184754
DSE-2011,1JANATAMF,2015-08-11,4.4,4.5,4.4,4.4,214183
DSE-2011,1JANATAMF,2015-09-11,4.4,4.5,4.4,4.4,316843
DSE-2011,1JANATAMF,2015-10-11,4.4,4.5,4.3,4.3,189059
DSE-2011,1JANATAMF,2015-11-11,4.4,4.4,4.2,4.3,367861
DSE-2011,1JANATAMF,2015-12-11,4.3,4.3,4.0,4.2,699188
DSE-2011,1JANATAMF,2015-11-15,4.3,4.3,4.1,4.2,135426
DSE-2011,1JANATAMF,2015-11-16,4.1,4.3,4.1,4.3,103370
DSE-2011,1JANATAMF,2015-11-17,4.3,4.3,4.2,4.3,142890
DSE-2011,1JANATAMF,2015-11-18,4.2,4.4,4.2,4.3,35584
DSE-2011,1JANATAMF,2015-11-19,4.3,4.4,4.3,4.4,164159
DSE-2011,1JANATAMF,2015-11-22,4.4,4.4,4.3,4.4,298414
DSE-2011,1JANATAMF,2015-11-23,4.4,4.5,4.3,4.4,138901
DSE-2011,1JANATAMF,2015-11-24,4.4,4.5,4.3,4.4,72368
DSE-2011,1JANATAMF,2015-11-25,4.3,4.4,4.3,4.3,27013
DSE-2011,1JANATAMF,2015-11-26,4.4,4.5,4.3,4.4,65858
DSE-2011,1JANATAMF,2015-11-29,4.3,4.4,4.3,4.4,148256
DSE-2011,1JANATAMF,2015-11-30,4.3,4.4,4.3,4.3,206191
DSE-2011,1JANATAMF,2015-01-12,4.3,4.4,4.3,4.3,52165
DSE-2011,1JANATAMF,2015-02-12,4.4,4.4,4.3,4.3,437832
DSE-2011,1JANATAMF,2015-03-12,4.3,4.4,4.3,4.3,66340
DSE-2011,1JANATAMF,2015-06-12,4.3,4.4,4.3,4.3,158510
DSE-2011,1JANATAMF,2015-07-12,4.3,4.4,4.2,4.3,350751
DSE-2011,1JANATAMF,2015-08-12,4.3,4.4,4.3,4.3,302109
DSE-2011,1JANATAMF,2015-09-12,4.3,4.4,4.3,4.3,110232
DSE-2011,1JANATAMF,2015-10-12,4.3,4.4,4.2,4.3,421361
DSE-2011,1JANATAMF,2015-12-13,4.3,4.3,4.2,4.2,326444
DSE-2011,1JANATAMF,2015-12-14,4.2,4.4,4.2,4.3,252485
DSE-2011,1JANATAMF,2015-12-15,4.3,4.3,4.2,4.3,139886
DSE-2011,1JANATAMF,2015-12-17,4.2,4.3,4.2,4.3,63106
DSE-2011,1JANATAMF,2015-12-20,4.2,4.3,4.2,4.3,333055
DSE-2011,1JANATAMF,2015-12-21,4.2,4.4,4.2,4.4,326512
DSE-2011,1JANATAMF,2015-12-22,4.3,4.3,4.2,4.3,114702
DSE-2011,1JANATAMF,2015-12-23,4.3,4.3,4.2,4.2,292095
DSE-2011,1JANATAMF,2015-12-24,4.2,4.3,4.2,4.3,205031
DSE-2011,1JANATAMF,2015-12-27,4.3,4.3,4.2,4.2,338070
DSE-2011,1JANATAMF,2015-12-28,4.2,4.3,4.2,4.3,131964
DSE-2011,1JANATAMF,2015-12-29,4.2,4.3,4.2,4.2,260942
DSE-2011,1JANATAMF,2015-12-30,4.3,4.3,4.2,4.3,240322
DSE-2011,1JANATAMF,2015-12-31,4.3,4.3,4.2,4.3,87878
DSE-2011,DBH1STMF,2015-01-01,4.6,4.7,4.6,4.7,46749
DSE-2011,DBH1STMF,2015-05-01,4.7,4.7,4.6,4.6,35935
DSE-2011,DBH1STMF,2015-06-01,4.6,4.6,4.3,4.4,520450
DSE-2011,DBH1STMF,2015-07-01,4.6,4.6,4.5,4.6,66402
DSE-2011,DBH1STMF,2015-08-01,4.5,4.6,4.5,4.6,202283
DSE-2011,DBH1STMF,2015-11-01,4.5,4.7,4.5,4.6,68050
DSE-2011,DBH1STMF,2015-12-01,4.6,4.7,4.5,4.6,26025
DSE-2011,DBH1STMF,2015-01-13,4.5,4.6,4.5,4.6,42950
DSE-2011,DBH1STMF,2015-01-14,4.6,4.7,4.5,4.6,57225
DSE-2011,DBH1STMF,2015-01-15,4.5,4.7,4.5,4.6,80255
DSE-2011,DBH1STMF,2015-01-18,4.5,4.6,4.5,4.5,97900
DSE-2011,DBH1STMF,2015-01-19,4.5,4.6,4.4,4.5,103083
DSE-2011,DBH1STMF,2015-01-20,4.5,4.5,4.4,4.5,70670
DSE-2011,DBH1STMF,2015-01-21,4.5,4.5,4.4,4.4,70500
DSE-2011,DBH1STMF,2015-01-22,4.6,4.7,4.5,4.5,179217
DSE-2011,DBH1STMF,2015-01-25,4.4,4.5,4.3,4.4,119400
DSE-2011,DBH1STMF,2015-01-26,4.5,4.7,4.4,4.6,60370
DSE-2011,DBH1STMF,2015-01-27,4.3,4.5,4.3,4.4,161700
DSE-2011,DBH1STMF,2015-01-28,4.3,4.5,4.3,4.4,133900
DSE-2011,DBH1STMF,2015-01-29,4.3,4.4,4.3,4.3,133067
DSE-2011,DBH1STMF,2015-01-02,4.3,4.3,4.2,4.3,89821
DSE-2011,DBH1STMF,2015-02-02,4.3,4.3,4.2,4.3,149624
DSE-2011,DBH1STMF,2015-03-02,4.3,4.5,4.3,4.4,76730
DSE-2011,DBH1STMF,2015-04-02,4.4,4.5,4.4,4.5,138291
DSE-2011,DBH1STMF,2015-05-02,4.4,4.5,4.4,4.5,23373
DSE-2011,DBH1STMF,2015-08-02,4.5,4.5,4.4,4.4,23002
DSE-2011,DBH1STMF,2015-09-02,4.4,4.4,4.4,4.4,65419
DSE-2011,DBH1STMF,2015-10-02,4.4,4.5,4.3,4.5,188229
DSE-2011,DBH1STMF,2015-11-02,4.5,4.6,4.4,4.5,114122
DSE-2011,DBH1STMF,2015-12-02,4.4,4.6,4.4,4.6,153703
DSE-2011,DBH1STMF,2015-02-15,4.5,4.6,4.5,4.6,244369
DSE-2011,DBH1STMF,2015-02-16,4.5,4.6,4.5,4.6,259084
DSE-2011,DBH1STMF,2015-02-17,4.6,4.7,4.6,4.6,61773
DSE-2011,DBH1STMF,2015-02-18,4.6,4.7,4.6,4.7,86000
DSE-2011,DBH1STMF,2015-02-19,4.5,4.7,4.5,4.6,9500
DSE-2011,DBH1STMF,2015-02-22,4.5,4.6,4.5,4.6,85700
DSE-2011,DBH1STMF,2015-02-23,4.6,4.6,4.5,4.6,205500
DSE-2011,DBH1STMF,2015-02-24,4.6,4.6,4.6,4.6,236400
DSE-2011,DBH1STMF,2015-02-25,4.6,4.6,4.5,4.6,212300
DSE-2011,DBH1STMF,2015-02-26,4.5,4.6,4.5,4.5,74500
DSE-2011,DBH1STMF,2015-01-03,4.5,4.5,4.4,4.4,145875
DSE-2011,DBH1STMF,2015-02-03,4.4,4.5,4.4,4.4,24600
DSE-2011,DBH1STMF,2015-03-03,4.4,4.6,4.4,4.5,77500
DSE-2011,DBH1STMF,2015-04-03,4.5,4.6,4.5,4.6,256850
DSE-2011,DBH1STMF,2015-05-03,4.5,4.5,4.5,4.5,31000
DSE-2011,DBH1STMF,2015-08-03,4.4,4.6,4.4,4.5,8600
DSE-2011,DBH1STMF,2015-09-03,4.5,4.5,4.4,4.5,27690
DSE-2011,DBH1STMF,2015-10-03,4.4,4.6,4.4,4.4,45274
DSE-2011,DBH1STMF,2015-11-03,4.4,4.5,4.4,4.5,72756
DSE-2011,DBH1STMF,2015-12-03,4.4,4.5,4.4,4.5,24840
DSE-2011,DBH1STMF,2015-03-15,4.5,4.5,4.3,4.4,47600
DSE-2011,DBH1STMF,2015-03-16,4.4,4.5,4.3,4.4,59000
DSE-2011,DBH1STMF,2015-03-18,4.1,4.5,4.1,4.3,55000
DSE-2011,DBH1STMF,2015-03-19,4.4,4.4,4.3,4.4,19900
DSE-2011,DBH1STMF,2015-03-22,4.3,4.4,4.0,4.1,227250
DSE-2011,DBH1STMF,2015-03-23,4.2,4.2,4.0,4.1,337400
DSE-2011,DBH1STMF,2015-03-24,4.1,4.2,4.1,4.2,75000
DSE-2011,DBH1STMF,2015-03-25,4.1,4.2,4.0,4.1,121800
DSE-2011,DBH1STMF,2015-03-29,4.1,4.2,4.1,4.2,28350
DSE-2011,DBH1STMF,2015-03-30,4.2,4.2,4.0,4.1,247020
DSE-2011,DBH1STMF,2015-03-31,4.1,4.2,4.0,4.1,50780
DSE-2011,DBH1STMF,2015-01-04,4.1,4.2,4.1,4.1,16000
DSE-2011,DBH1STMF,2015-02-04,4.0,4.1,4.0,4.1,186250
DSE-2011,DBH1STMF,2015-05-04,4.0,4.2,4.0,4.1,222000
DSE-2011,DBH1STMF,2015-06-04,4.0,4.0,4.0,4.0,68600
DSE-2011,DBH1STMF,2015-07-04,4.0,4.1,3.8,3.9,305950
DSE-2011,DBH1STMF,2015-08-04,3.8,3.9,3.8,3.9,83800
DSE-2011,DBH1STMF,2015-09-04,3.9,3.9,3.8,3.9,88650
DSE-2011,DBH1STMF,2015-12-04,3.9,3.9,3.8,3.8,21000
DSE-2011,DBH1STMF,2015-04-13,3.9,3.9,3.6,3.7,98678
DSE-2011,DBH1STMF,2015-04-15,3.7,3.9,3.7,3.9,55412
DSE-2011,DBH1STMF,2015-04-16,3.8,3.9,3.8,3.9,151500
DSE-2011,DBH1STMF,2015-04-19,3.9,4.0,3.8,3.9,83700
DSE-2011,DBH1STMF,2015-04-20,3.8,4.0,3.8,3.9,147450
DSE-2011,DBH1STMF,2015-04-21,3.9,3.9,3.9,3.9,119422
DSE-2011,DBH1STMF,2015-04-22,3.8,3.9,3.7,3.8,117852
DSE-2011,DBH1STMF,2015-04-23,3.7,3.8,3.7,3.7,117100
DSE-2011,DBH1STMF,2015-04-26,3.8,3.9,3.7,3.8,41400
DSE-2011,DBH1STMF,2015-04-27,3.9,4.0,3.8,3.9,103200
DSE-2011,DBH1STMF,2015-04-29,3.8,3.9,3.7,3.7,92000
DSE-2011,DBH1STMF,2015-04-30,3.8,3.8,3.7,3.7,45800
DSE-2011,DBH1STMF,2015-04-05,3.7,3.7,3.7,3.7,238520
DSE-2011,DBH1STMF,2015-05-05,3.7,3.8,3.7,3.8,78100
DSE-2011,DBH1STMF,2015-06-05,3.7,3.9,3.7,3.9,215937
DSE-2011,DBH1STMF,2015-07-05,3.9,4.0,3.9,4.0,170600
DSE-2011,DBH1STMF,2015-10-05,4.0,4.3,4.0,4.2,92750
DSE-2011,DBH1STMF,2015-11-05,4.4,4.4,4.0,4.3,110925
DSE-2011,DBH1STMF,2015-12-05,4.4,4.7,4.4,4.5,711760
DSE-2011,DBH1STMF,2015-05-13,4.6,4.6,4.3,4.4,117325
DSE-2011,DBH1STMF,2015-05-14,4.3,4.3,4.1,4.3,119100
DSE-2011,DBH1STMF,2015-05-17,4.1,4.2,4.1,4.1,64800
DSE-2011,DBH1STMF,2015-05-18,4.1,4.4,4.1,4.3,94050
DSE-2011,DBH1STMF,2015-05-19,4.2,4.4,4.1,4.2,175600
DSE-2011,DBH1STMF,2015-05-20,4.1,4.2,4.0,4.1,322310
DSE-2011,DBH1STMF,2015-05-21,4.1,4.2,4.0,4.1,216400
DSE-2011,DBH1STMF,2015-05-24,4.0,4.2,4.0,4.2,8000
DSE-2011,DBH1STMF,2015-05-25,4.0,4.3,4.0,4.2,145149
DSE-2011,DBH1STMF,2015-05-26,4.2,4.3,4.1,4.2,109900
DSE-2011,DBH1STMF,2015-05-27,4.1,4.2,4.0,4.1,82402
DSE-2011,DBH1STMF,2015-05-28,4.1,4.1,4.0,4.1,90750
DSE-2011,DBH1STMF,2015-05-31,4.1,4.1,4.0,4.0,50200
DSE-2011,DBH1STMF,2015-01-06,4.0,4.1,3.9,4.0,72900
DSE-2011,DBH1STMF,2015-02-06,4.0,4.1,3.9,4.0,126970
DSE-2011,DBH1STMF,2015-04-06,4.0,4.1,4.0,4.0,133980
DSE-2011,DBH1STMF,2015-07-06,4.1,4.1,4.0,4.0,52070
DSE-2011,DBH1STMF,2015-08-06,4.0,4.0,3.8,3.8,253615
DSE-2011,DBH1STMF,2015-09-06,4.0,4.0,3.9,3.9,28200
DSE-2011,DBH1STMF,2015-10-06,4.0,4.1,3.9,3.9,191255
DSE-2011,DBH1STMF,2015-11-06,3.9,4.0,3.9,4.0,51500
DSE-2011,DBH1STMF,2015-06-14,4.0,4.0,3.8,3.8,94500
DSE-2011,DBH1STMF,2015-06-15,3.7,3.9,3.7,3.8,20500
DSE-2011,DBH1STMF,2015-06-16,4.0,4.0,3.8,3.9,39658
DSE-2011,DBH1STMF,2015-06-17,3.8,3.9,3.8,3.8,78500
DSE-2011,DBH1STMF,2015-06-18,3.9,4.0,3.8,3.8,56349
DSE-2011,DBH1STMF,2015-06-21,3.9,3.9,3.7,3.8,130470
DSE-2011,DBH1STMF,2015-06-22,3.8,3.8,3.8,3.8,44129
DSE-2011,DBH1STMF,2015-06-23,3.8,3.9,3.8,3.8,66110
DSE-2011,DBH1STMF,2015-06-24,3.8,4.0,3.8,3.9,115881
DSE-2011,DBH1STMF,2015-06-25,3.8,4.0,3.8,3.9,42024
DSE-2011,DBH1STMF,2015-06-28,3.8,3.9,3.8,3.8,13919
DSE-2011,DBH1STMF,2015-06-29,3.8,3.9,3.8,3.8,79305
DSE-2011,DBH1STMF,2015-06-30,3.8,3.9,3.8,3.8,59819
DSE-2011,DBH1STMF,2015-02-07,3.8,3.9,3.8,3.9,49290
DSE-2011,DBH1STMF,2015-05-07,3.8,3.9,3.8,3.9,119100
DSE-2011,DBH1STMF,2015-06-07,3.9,3.9,3.8,3.9,135095
DSE-2011,DBH1STMF,2015-07-07,3.8,4.0,3.8,3.9,31300
DSE-2011,DBH1STMF,2015-08-07,3.9,4.0,3.9,4.0,109066
DSE-2011,DBH1STMF,2015-09-07,3.9,4.1,3.9,4.0,111008
DSE-2011,DBH1STMF,2015-12-07,4.0,4.3,4.0,4.2,597505
DSE-2011,DBH1STMF,2015-07-13,4.3,4.3,4.2,4.3,280445
DSE-2011,DBH1STMF,2015-07-14,4.2,4.3,4.2,4.3,406798
DSE-2011,DBH1STMF,2015-07-21,4.3,4.4,4.2,4.3,82884
DSE-2011,DBH1STMF,2015-07-22,4.3,4.3,4.1,4.2,138166
DSE-2011,DBH1STMF,2015-07-23,4.2,4.3,4.1,4.2,211032
DSE-2011,DBH1STMF,2015-07-26,4.2,4.3,4.1,4.2,299166
DSE-2011,DBH1STMF,2015-07-27,4.2,4.3,4.1,4.2,125808
DSE-2011,DBH1STMF,2015-07-28,4.2,4.4,4.2,4.4,482719
DSE-2011,DBH1STMF,2015-07-29,4.4,4.5,4.3,4.3,468105
DSE-2011,DBH1STMF,2015-07-30,4.4,4.4,4.3,4.3,403300
DSE-2011,DBH1STMF,2015-02-08,4.3,4.5,4.3,4.4,435295
DSE-2011,DBH1STMF,2015-03-08,4.4,4.5,4.4,4.4,365779
DSE-2011,DBH1STMF,2015-04-08,4.4,4.5,4.4,4.4,251300
DSE-2011,DBH1STMF,2015-05-08,4.4,4.5,4.4,4.5,380270
DSE-2011,DBH1STMF,2015-06-08,4.5,4.6,4.4,4.5,360750
DSE-2011,DBH1STMF,2015-09-08,4.5,4.5,4.4,4.5,279640
DSE-2011,DBH1STMF,2015-10-08,4.5,4.5,4.4,4.4,266140
DSE-2011,DBH1STMF,2015-11-08,4.4,4.5,4.3,4.4,322200
DSE-2011,DBH1STMF,2015-12-08,4.3,4.4,4.3,4.4,70740
DSE-2011,DBH1STMF,2015-08-13,4.4,4.4,4.3,4.4,276696
DSE-2011,DBH1STMF,2015-08-16,4.4,4.5,4.3,4.4,264600
DSE-2011,DBH1STMF,2015-08-17,4.3,4.4,4.3,4.3,338000
DSE-2011,DBH1STMF,2015-08-18,4.3,4.4,4.3,4.4,579226
DSE-2011,DBH1STMF,2015-08-19,4.3,4.4,4.3,4.3,124100
DSE-2011,DBH1STMF,2015-08-20,4.3,4.4,4.3,4.3,229254
DSE-2011,DBH1STMF,2015-08-23,4.3,4.4,4.3,4.3,70062
DSE-2011,DBH1STMF,2015-08-24,4.3,4.4,4.3,4.3,61380
DSE-2011,DBH1STMF,2015-08-25,4.3,4.3,4.3,4.3,29480
DSE-2011,DBH1STMF,2015-08-26,4.3,4.4,4.3,4.3,129800
DSE-2011,DBH1STMF,2015-08-27,4.3,4.4,4.2,4.3,127904
DSE-2011,DBH1STMF,2015-08-30,4.2,4.3,4.2,4.3,63335
DSE-2011,DBH1STMF,2015-08-31,4.2,4.4,4.2,4.3,135893
DSE-2011,DBH1STMF,2015-01-09,4.3,4.3,4.2,4.3,74801
DSE-2011,DBH1STMF,2015-02-09,4.3,4.4,4.3,4.4,300200
DSE-2011,DBH1STMF,2015-03-09,4.3,4.5,4.3,4.4,530244
DSE-2011,DBH1STMF,2015-07-09,4.2,4.4,4.1,4.3,475541
DSE-2011,DBH1STMF,2015-08-09,4.3,4.6,4.3,4.5,581702
DSE-2011,DBH1STMF,2015-09-09,4.4,4.7,4.4,4.5,955770
DSE-2011,DBH1STMF,2015-10-09,4.6,4.6,4.4,4.5,746000
DSE-2011,DBH1STMF,2015-09-13,4.5,4.6,4.5,4.6,1132093
DSE-2011,DBH1STMF,2015-09-14,4.6,4.7,4.5,4.6,592717
DSE-2011,DBH1STMF,2015-09-15,4.6,4.8,4.6,4.8,874150
DSE-2011,DBH1STMF,2015-09-16,4.8,5.0,4.7,4.9,1022400
DSE-2011,DBH1STMF,2015-09-17,4.8,4.9,4.7,4.8,591160
DSE-2011,DBH1STMF,2015-09-20,4.9,4.9,4.7,4.7,33089
DSE-2011,DBH1STMF,2015-09-21,4.7,4.7,4.5,4.6,347000
DSE-2011,DBH1STMF,2015-09-22,4.6,4.6,4.4,4.5,118806
DSE-2011,DBH1STMF,2015-09-28,4.5,4.5,4.4,4.4,50527
DSE-2011,DBH1STMF,2015-09-29,4.4,4.5,4.3,4.4,1396820
DSE-2011,DBH1STMF,2015-09-30,4.4,4.7,4.4,4.6,398155
DSE-2011,DBH1STMF,2015-01-10,4.7,4.9,4.7,4.9,1154625
DSE-2011,DBH1STMF,2015-04-10,4.8,5.1,4.8,5.0,854549
DSE-2011,DBH1STMF,2015-05-10,4.9,4.9,4.8,4.9,261300
DSE-2011,DBH1STMF,2015-06-10,4.8,5.0,4.8,4.9,322102
DSE-2011,DBH1STMF,2015-07-10,4.9,5.3,4.9,5.3,1877301
DSE-2011,DBH1STMF,2015-08-10,5.3,5.7,5.3,5.5,1284768
DSE-2011,DBH1STMF,2015-11-10,5.4,5.6,5.2,5.5,1002432
DSE-2011,DBH1STMF,2015-12-10,5.5,5.7,5.5,5.5,1066625
DSE-2011,DBH1STMF,2015-10-13,5.5,5.6,5.4,5.5,1507430
DSE-2011,DBH1STMF,2015-10-14,5.4,5.5,5.4,5.4,915453
DSE-2011,DBH1STMF,2015-10-15,5.4,5.5,5.3,5.3,540435
DSE-2011,DBH1STMF,2015-10-18,5.3,5.4,5.2,5.3,2091753
DSE-2011,DBH1STMF,2015-10-19,5.2,5.2,5.0,5.1,137472
DSE-2011,DBH1STMF,2015-10-20,5.1,5.2,4.9,5.0,224600
DSE-2011,DBH1STMF,2015-10-21,4.9,5.0,4.9,5.0,78600
DSE-2011,DBH1STMF,2015-10-25,4.9,5.0,4.9,4.9,63130
DSE-2011,DBH1STMF,2015-10-26,5.0,5.0,4.8,4.9,16570
DSE-2011,DBH1STMF,2015-10-27,4.9,4.9,4.7,4.9,376600
DSE-2011,DBH1STMF,2015-10-28,5.0,5.0,4.9,4.9,62020
DSE-2011,DBH1STMF,2015-10-29,5.0,5.2,5.0,5.1,193920
DSE-2011,DBH1STMF,2015-01-11,5.0,5.2,5.0,5.1,383953
DSE-2011,DBH1STMF,2015-02-11,5.2,5.3,5.1,5.3,852710
DSE-2011,DBH1STMF,2015-03-11,5.3,5.4,5.2,5.3,867940
DSE-2011,DBH1STMF,2015-04-11,5.3,5.4,5.1,5.2,117803
DSE-2011,DBH1STMF,2015-05-11,5.2,5.3,5.0,5.1,268189
DSE-2011,DBH1STMF,2015-08-11,5.1,5.1,5.0,5.1,129050
DSE-2011,DBH1STMF,2015-09-11,5.1,5.1,4.9,4.9,171420
DSE-2011,DBH1STMF,2015-10-11,4.9,4.9,4.9,4.9,62387
DSE-2011,DBH1STMF,2015-11-11,4.8,5.0,4.8,4.8,207120
DSE-2011,DBH1STMF,2015-12-11,4.8,4.9,4.6,4.7,273390
DSE-2011,DBH1STMF,2015-11-15,4.7,4.7,4.6,4.7,194600
DSE-2011,DBH1STMF,2015-11-16,5.0,5.0,4.7,4.8,94201
DSE-2011,DBH1STMF,2015-11-17,4.8,4.9,4.8,4.8,200600
DSE-2011,DBH1STMF,2015-11-18,4.7,4.9,4.7,4.9,100050
DSE-2011,DBH1STMF,2015-11-19,4.9,4.9,4.8,4.9,95447
DSE-2011,DBH1STMF,2015-11-22,4.9,4.9,4.8,4.9,160500
DSE-2011,DBH1STMF,2015-11-23,5.0,5.0,4.9,5.0,272410
DSE-2011,DBH1STMF,2015-11-24,4.9,5.0,4.9,5.0,90230
DSE-2011,DBH1STMF,2015-11-25,5.0,5.0,4.9,4.9,240344
DSE-2011,DBH1STMF,2015-11-26,5.0,5.1,5.0,5.0,271860
DSE-2011,DBH1STMF,2015-11-29,5.0,5.1,5.0,5.1,150100
DSE-2011,DBH1STMF,2015-11-30,5.0,5.1,4.9,5.0,170255
DSE-2011,DBH1STMF,2015-01-12,4.9,5.1,4.9,5.0,93910
DSE-2011,DBH1STMF,2015-02-12,5.0,5.0,4.8,4.9,514700
DSE-2011,DBH1STMF,2015-03-12,4.9,5.0,4.9,4.9,124239
DSE-2011,DBH1STMF,2015-06-12,4.8,5.0,4.8,4.9,97775
DSE-2011,DBH1STMF,2015-07-12,4.9,5.0,4.9,4.9,78120
DSE-2011,DBH1STMF,2015-08-12,4.9,5.0,4.9,5.0,126731
DSE-2011,DBH1STMF,2015-09-12,4.9,5.0,4.9,5.0,48504
DSE-2011,DBH1STMF,2015-10-12,5.0,5.2,4.9,5.1,189350
DSE-2011,DBH1STMF,2015-12-13,5.1,5.1,4.9,5.0,96900
DSE-2011,DBH1STMF,2015-12-14,4.9,5.0,4.9,5.0,213927
DSE-2011,DBH1STMF,2015-12-15,5.0,5.0,4.9,5.0,43200
DSE-2011,DBH1STMF,2015-12-17,4.9,5.0,4.8,4.9,64550
DSE-2011,DBH1STMF,2015-12-20,4.9,5.0,4.9,4.9,45310
DSE-2011,DBH1STMF,2015-12-21,4.9,5.0,4.9,5.0,40290
DSE-2011,DBH1STMF,2015-12-22,4.9,5.0,4.9,5.0,220096
DSE-2011,DBH1STMF,2015-12-23,4.9,5.0,4.9,5.0,22995
DSE-2011,DBH1STMF,2015-12-24,4.9,5.0,4.9,5.0,71101
DSE-2011,DBH1STMF,2015-12-27,4.9,4.9,4.9,4.9,38950
DSE-2011,DBH1STMF,2015-12-28,4.9,5.0,4.9,5.0,39000
DSE-2011,DBH1STMF,2015-12-29,5.0,5.0,4.9,4.9,106740
DSE-2011,DBH1STMF,2015-12-30,4.9,5.0,4.9,5.0,35850
DSE-2011,DBH1STMF,2015-12-31,4.9,5.0,4.9,4.9,55380
DSE-2011,GREENDELMF,2015-01-01,4.6,4.6,4.5,4.5,4751
DSE-2011,GREENDELMF,2015-05-01,4.5,4.5,4.5,4.5,25780
DSE-2011,GREENDELMF,2015-06-01,4.5,4.5,4.4,4.5,41450
DSE-2011,GREENDELMF,2015-07-01,4.4,4.5,4.4,4.5,52686
DSE-2011,GREENDELMF,2015-08-01,4.4,4.5,4.4,4.5,59968
DSE-2011,GREENDELMF,2015-11-01,4.4,4.5,4.4,4.5,151600
DSE-2011,GREENDELMF,2015-12-01,4.5,4.5,4.4,4.5,58850
DSE-2011,GREENDELMF,2015-01-13,4.4,4.5,4.4,4.4,16450
DSE-2011,GREENDELMF,2015-01-14,4.5,4.5,4.3,4.4,187406
DSE-2011,GREENDELMF,2015-01-15,4.4,4.5,4.4,4.4,91450
DSE-2011,GREENDELMF,2015-01-18,4.5,4.5,4.4,4.5,173212
DSE-2011,GREENDELMF,2015-01-19,4.5,4.5,4.4,4.4,360900
DSE-2011,GREENDELMF,2015-01-20,4.5,4.6,4.4,4.4,87300
DSE-2011,GREENDELMF,2015-01-21,4.4,4.5,4.4,4.4,112800
DSE-2011,GREENDELMF,2015-01-22,4.4,4.4,4.4,4.4,139548
DSE-2011,GREENDELMF,2015-01-25,4.4,4.4,4.3,4.3,226000
DSE-2011,GREENDELMF,2015-01-26,4.3,4.3,4.2,4.3,52100
DSE-2011,GREENDELMF,2015-01-27,4.4,4.4,4.2,4.3,257876
DSE-2011,GREENDELMF,2015-01-28,4.3,4.4,4.3,4.3,52500
DSE-2011,GREENDELMF,2015-01-29,4.4,4.4,4.2,4.3,49200
DSE-2011,GREENDELMF,2015-01-02,4.3,4.4,4.2,4.2,24417
DSE-2011,GREENDELMF,2015-02-02,4.3,4.5,4.2,4.3,158906
DSE-2011,GREENDELMF,2015-03-02,4.3,4.4,4.3,4.4,119928
DSE-2011,GREENDELMF,2015-04-02,4.4,4.5,4.4,4.5,139058
DSE-2011,GREENDELMF,2015-05-02,4.4,4.5,4.4,4.5,198110
DSE-2011,GREENDELMF,2015-08-02,4.4,4.4,4.3,4.4,30348
DSE-2011,GREENDELMF,2015-09-02,4.4,4.4,4.2,4.3,828500
DSE-2011,GREENDELMF,2015-10-02,4.3,4.5,4.3,4.4,175186
DSE-2011,GREENDELMF,2015-11-02,4.5,4.6,4.3,4.4,368867
DSE-2011,GREENDELMF,2015-12-02,4.5,4.6,4.4,4.6,678311
DSE-2011,GREENDELMF,2015-02-15,4.7,4.7,4.4,4.5,133300
DSE-2011,GREENDELMF,2015-02-16,4.4,4.5,4.4,4.5,139185
DSE-2011,GREENDELMF,2015-02-17,4.5,4.6,4.5,4.6,269501
DSE-2011,GREENDELMF,2015-02-18,4.6,4.7,4.5,4.6,276000
DSE-2011,GREENDELMF,2015-02-19,4.6,4.7,4.5,4.6,303500
DSE-2011,GREENDELMF,2015-02-22,4.6,4.6,4.6,4.6,224600
DSE-2011,GREENDELMF,2015-02-23,4.7,4.7,4.6,4.6,293851
DSE-2011,GREENDELMF,2015-02-24,4.5,4.7,4.5,4.6,271528
DSE-2011,GREENDELMF,2015-02-25,4.6,4.6,4.4,4.4,490296
DSE-2011,GREENDELMF,2015-02-26,4.6,4.6,4.4,4.5,215600
DSE-2011,GREENDELMF,2015-01-03,4.6,4.7,4.5,4.7,56100
DSE-2011,GREENDELMF,2015-02-03,4.5,4.5,4.4,4.5,32500
DSE-2011,GREENDELMF,2015-03-03,4.4,4.5,4.4,4.5,202500
DSE-2011,GREENDELMF,2015-04-03,4.4,4.5,4.4,4.5,205931
DSE-2011,GREENDELMF,2015-05-03,4.4,4.5,4.4,4.4,6500
DSE-2011,GREENDELMF,2015-08-03,4.5,4.5,4.4,4.4,36100
DSE-2011,GREENDELMF,2015-09-03,4.4,4.4,4.3,4.4,120000
DSE-2011,GREENDELMF,2015-10-03,4.4,4.4,4.3,4.4,38000
DSE-2011,GREENDELMF,2015-11-03,4.3,4.4,4.3,4.4,204987
DSE-2011,GREENDELMF,2015-12-03,4.3,4.4,4.3,4.3,47100
DSE-2011,GREENDELMF,2015-03-15,4.3,4.4,4.2,4.3,325750
DSE-2011,GREENDELMF,2015-03-16,4.4,4.4,4.2,4.3,104620
DSE-2011,GREENDELMF,2015-03-18,4.2,4.3,4.2,4.3,151850
DSE-2011,GREENDELMF,2015-03-19,4.3,4.3,4.2,4.3,145500
DSE-2011,GREENDELMF,2015-03-22,4.2,4.3,4.2,4.2,39793
DSE-2011,GREENDELMF,2015-03-23,4.3,4.3,4.2,4.3,231500
DSE-2011,GREENDELMF,2015-03-24,4.2,4.2,4.2,4.2,178800
DSE-2011,GREENDELMF,2015-03-25,4.1,4.2,4.1,4.2,38500
DSE-2011,GREENDELMF,2015-03-29,4.2,4.2,4.1,4.2,130500
DSE-2011,GREENDELMF,2015-03-30,4.1,4.2,4.1,4.2,196969
DSE-2011,GREENDELMF,2015-03-31,4.2,4.2,4.1,4.2,93000
DSE-2011,GREENDELMF,2015-01-04,4.1,4.2,4.1,4.2,137000
DSE-2011,GREENDELMF,2015-02-04,4.1,4.2,4.0,4.1,46800
DSE-2011,GREENDELMF,2015-05-04,4.1,4.1,4.1,4.1,28355
DSE-2011,GREENDELMF,2015-06-04,4.1,4.2,4.0,4.0,143282
DSE-2011,GREENDELMF,2015-07-04,4.0,4.0,3.9,4.0,131544
DSE-2011,GREENDELMF,2015-08-04,3.9,3.9,3.8,3.9,139299
DSE-2011,GREENDELMF,2015-09-04,3.9,4.0,3.8,3.9,17000
DSE-2011,GREENDELMF,2015-12-04,3.8,3.9,3.8,3.8,176975
DSE-2011,GREENDELMF,2015-04-13,3.9,3.9,3.9,3.9,14233
DSE-2011,GREENDELMF,2015-04-15,3.7,4.0,3.7,3.9,20265
DSE-2011,GREENDELMF,2015-04-16,3.7,4.1,3.7,4.0,38500
DSE-2011,GREENDELMF,2015-04-19,4.0,4.0,3.9,4.0,17110
DSE-2011,GREENDELMF,2015-04-20,3.9,4.0,3.9,3.9,31990
DSE-2011,GREENDELMF,2015-04-21,3.8,4.0,3.8,3.9,72000
DSE-2011,GREENDELMF,2015-04-22,3.9,3.9,3.9,3.9,11500
DSE-2011,GREENDELMF,2015-04-23,3.8,3.9,3.7,3.8,137300
DSE-2011,GREENDELMF,2015-04-26,3.8,3.9,3.7,3.8,4800
DSE-2011,GREENDELMF,2015-04-27,3.8,4.1,3.8,4.0,197000
DSE-2011,GREENDELMF,2015-04-29,3.8,3.9,3.7,3.8,64700
DSE-2011,GREENDELMF,2015-04-30,3.8,3.8,3.7,3.7,18600
DSE-2011,GREENDELMF,2015-04-05,3.7,3.8,3.7,3.7,147500
DSE-2011,GREENDELMF,2015-05-05,3.7,3.8,3.6,3.8,176594
DSE-2011,GREENDELMF,2015-06-05,3.7,4.1,3.7,3.9,877150
DSE-2011,GREENDELMF,2015-07-05,3.9,4.0,3.8,3.9,228641
DSE-2011,GREENDELMF,2015-10-05,4.0,4.2,3.9,4.1,459659
DSE-2011,GREENDELMF,2015-11-05,4.2,4.3,4.1,4.2,187510
DSE-2011,GREENDELMF,2015-12-05,4.4,4.5,4.3,4.3,1245325
DSE-2011,GREENDELMF,2015-05-13,4.4,4.4,4.2,4.3,286700
DSE-2011,GREENDELMF,2015-05-14,4.1,4.2,4.0,4.2,278520
DSE-2011,GREENDELMF,2015-05-17,4.0,4.0,3.9,4.0,150475
DSE-2011,GREENDELMF,2015-05-18,3.9,4.1,3.9,4.0,106900
DSE-2011,GREENDELMF,2015-05-19,4.0,4.1,4.0,4.1,94800
DSE-2011,GREENDELMF,2015-05-20,3.9,4.1,3.9,4.0,58400
DSE-2011,GREENDELMF,2015-05-21,4.0,4.2,4.0,4.0,424500
DSE-2011,GREENDELMF,2015-05-24,4.0,4.0,4.0,4.0,26500
DSE-2011,GREENDELMF,2015-05-25,4.0,4.1,4.0,4.1,55600
DSE-2011,GREENDELMF,2015-05-26,4.0,4.2,4.0,4.1,402425
DSE-2011,GREENDELMF,2015-05-27,4.0,4.1,3.9,4.0,299030
DSE-2011,GREENDELMF,2015-05-28,3.9,4.0,3.9,3.9,75320
DSE-2011,GREENDELMF,2015-05-31,4.0,4.0,3.9,3.9,101000
DSE-2011,GREENDELMF,2015-01-06,3.9,4.0,3.9,3.9,20000
DSE-2011,GREENDELMF,2015-02-06,3.9,4.0,3.9,3.9,32320
DSE-2011,GREENDELMF,2015-04-06,3.9,3.9,3.8,3.9,82611
DSE-2011,GREENDELMF,2015-07-06,3.9,3.9,3.8,3.9,88895
DSE-2011,GREENDELMF,2015-08-06,3.9,3.9,3.8,3.8,46470
DSE-2011,GREENDELMF,2015-09-06,3.9,3.9,3.8,3.8,76950
DSE-2011,GREENDELMF,2015-10-06,3.7,4.0,3.7,3.9,99300
DSE-2011,GREENDELMF,2015-11-06,3.9,3.9,3.8,3.9,37500
DSE-2011,GREENDELMF,2015-06-14,3.8,3.9,3.7,3.8,40300
DSE-2011,GREENDELMF,2015-06-15,3.7,3.8,3.7,3.8,82000
DSE-2011,GREENDELMF,2015-06-16,3.7,3.8,3.7,3.8,80679
DSE-2011,GREENDELMF,2015-06-17,3.8,4.0,3.7,3.9,111726
DSE-2011,GREENDELMF,2015-06-18,3.8,3.9,3.8,3.9,92300
DSE-2011,GREENDELMF,2015-06-21,3.8,3.9,3.8,3.9,181283
DSE-2011,GREENDELMF,2015-06-22,3.8,4.0,3.8,3.9,116469
DSE-2011,GREENDELMF,2015-06-23,3.8,3.9,3.8,3.9,180660
DSE-2011,GREENDELMF,2015-06-24,3.8,3.9,3.8,3.9,61300
DSE-2011,GREENDELMF,2015-06-25,4.0,4.1,3.9,3.9,200143
DSE-2011,GREENDELMF,2015-06-28,3.9,4.0,3.8,3.8,44600
DSE-2011,GREENDELMF,2015-06-29,3.9,4.0,3.8,3.9,76590
DSE-2011,GREENDELMF,2015-06-30,3.8,4.0,3.8,4.0,60500
DSE-2011,GREENDELMF,2015-02-07,3.9,4.0,3.9,4.0,195460
DSE-2011,GREENDELMF,2015-05-07,3.9,3.9,3.9,3.9,70500
DSE-2011,GREENDELMF,2015-06-07,3.9,4.0,3.8,4.0,312322
DSE-2011,GREENDELMF,2015-07-07,3.9,4.0,3.9,4.0,242065
DSE-2011,GREENDELMF,2015-08-07,4.0,4.3,3.9,4.1,377124
DSE-2011,GREENDELMF,2015-09-07,4.1,4.2,4.0,4.2,672093
DSE-2011,GREENDELMF,2015-12-07,4.2,4.5,4.2,4.3,495680
DSE-2011,GREENDELMF,2015-07-13,4.3,4.4,4.3,4.3,64253
DSE-2011,GREENDELMF,2015-07-14,4.2,4.3,4.2,4.3,142193
DSE-2011,GREENDELMF,2015-07-21,4.3,4.4,4.2,4.4,269500
DSE-2011,GREENDELMF,2015-07-22,4.3,4.4,4.2,4.3,278043
DSE-2011,GREENDELMF,2015-07-23,4.2,4.4,4.2,4.4,309357
DSE-2011,GREENDELMF,2015-07-26,4.3,4.3,4.1,4.2,189500
DSE-2011,GREENDELMF,2015-07-27,4.2,4.4,4.2,4.4,202350
DSE-2011,GREENDELMF,2015-07-28,4.3,4.4,4.2,4.4,325440
DSE-2011,GREENDELMF,2015-07-29,4.3,4.4,4.3,4.3,578595
DSE-2011,GREENDELMF,2015-07-30,4.3,4.4,4.3,4.4,55673
DSE-2011,GREENDELMF,2015-02-08,4.4,4.5,4.3,4.4,213477
DSE-2011,GREENDELMF,2015-03-08,4.3,4.5,4.3,4.4,360925
DSE-2011,GREENDELMF,2015-04-08,4.4,4.6,4.4,4.4,244213
DSE-2011,GREENDELMF,2015-05-08,4.4,4.5,4.4,4.5,285621
DSE-2011,GREENDELMF,2015-06-08,4.5,4.6,4.4,4.5,376555
DSE-2011,GREENDELMF,2015-09-08,4.5,4.5,4.4,4.5,153541
DSE-2011,GREENDELMF,2015-10-08,4.5,4.6,4.4,4.5,161774
DSE-2011,GREENDELMF,2015-11-08,4.4,4.4,4.3,4.4,194352
DSE-2011,GREENDELMF,2015-12-08,4.4,4.4,4.4,4.4,92500
DSE-2011,GREENDELMF,2015-08-13,4.4,4.5,4.3,4.4,175500
DSE-2011,GREENDELMF,2015-08-16,4.5,4.5,4.4,4.4,302191
DSE-2011,GREENDELMF,2015-08-17,4.3,4.5,4.3,4.4,162155
DSE-2011,GREENDELMF,2015-08-18,4.4,4.4,4.4,4.4,51811
DSE-2011,GREENDELMF,2015-08-19,4.3,4.4,4.3,4.3,60766
DSE-2011,GREENDELMF,2015-08-20,4.3,4.4,4.3,4.3,38268
DSE-2011,GREENDELMF,2015-08-23,4.4,4.4,4.3,4.3,137645
DSE-2011,GREENDELMF,2015-08-24,4.2,4.3,4.2,4.3,111254
DSE-2011,GREENDELMF,2015-08-25,4.3,4.4,4.2,4.3,41442
DSE-2011,GREENDELMF,2015-08-26,4.3,4.4,4.3,4.3,60500
DSE-2011,GREENDELMF,2015-08-27,4.3,4.4,4.3,4.3,8312
DSE-2011,GREENDELMF,2015-08-30,4.3,4.4,4.3,4.4,67619
DSE-2011,GREENDELMF,2015-08-31,4.4,4.4,4.3,4.4,101500
DSE-2011,GREENDELMF,2015-01-09,4.4,4.5,4.3,4.4,140171
DSE-2011,GREENDELMF,2015-02-09,4.4,4.5,4.4,4.4,92421
DSE-2011,GREENDELMF,2015-03-09,4.4,4.6,4.4,4.5,309864
DSE-2011,GREENDELMF,2015-07-09,4.4,4.5,4.2,4.4,476619
DSE-2011,GREENDELMF,2015-08-09,4.4,4.5,4.4,4.4,425539
DSE-2011,GREENDELMF,2015-09-09,4.4,4.6,4.4,4.5,947500
DSE-2011,GREENDELMF,2015-10-09,4.5,4.6,4.4,4.5,939975
DSE-2011,GREENDELMF,2015-09-13,4.5,4.6,4.5,4.6,574640
DSE-2011,GREENDELMF,2015-09-14,4.6,4.7,4.5,4.6,636403
DSE-2011,GREENDELMF,2015-09-15,4.6,4.7,4.6,4.7,657200
DSE-2011,GREENDELMF,2015-09-16,4.6,4.7,4.5,4.6,314611
DSE-2011,GREENDELMF,2015-09-17,4.6,4.7,4.6,4.7,657000
DSE-2011,GREENDELMF,2015-09-20,4.6,4.7,4.6,4.6,53321
DSE-2011,GREENDELMF,2015-09-21,4.5,4.6,4.5,4.5,281900
DSE-2011,GREENDELMF,2015-09-22,4.5,4.5,4.4,4.4,57500
DSE-2011,GREENDELMF,2015-09-28,4.4,4.4,4.4,4.4,63250
DSE-2011,GREENDELMF,2015-09-29,4.4,4.5,4.3,4.5,67000
DSE-2011,GREENDELMF,2015-09-30,4.4,4.5,4.4,4.5,70272
DSE-2011,GREENDELMF,2015-01-10,4.5,4.7,4.5,4.7,406400
DSE-2011,GREENDELMF,2015-04-10,4.6,4.7,4.5,4.6,236400
DSE-2011,GREENDELMF,2015-05-10,4.6,5.0,4.5,4.9,1337936
DSE-2011,GREENDELMF,2015-06-10,4.9,5.2,4.9,5.2,1614080
DSE-2011,GREENDELMF,2015-07-10,5.1,5.6,5.0,5.5,3520574
DSE-2011,GREENDELMF,2015-08-10,5.4,5.8,5.4,5.7,2155006
DSE-2011,GREENDELMF,2015-11-10,5.7,5.8,5.3,5.6,1560792
DSE-2011,GREENDELMF,2015-12-10,5.5,5.5,5.2,5.4,1265772
DSE-2011,GREENDELMF,2015-10-13,5.5,5.5,5.2,5.3,1699466
DSE-2011,GREENDELMF,2015-10-14,5.4,5.4,5.0,5.1,1674890
DSE-2011,GREENDELMF,2015-10-15,5.1,5.3,5.0,5.1,872950
DSE-2011,GREENDELMF,2015-10-18,5.3,5.3,4.9,4.9,718925
DSE-2011,GREENDELMF,2015-10-19,4.9,4.9,4.8,4.9,736925
DSE-2011,GREENDELMF,2015-10-20,4.9,5.1,4.9,5.0,1260950
DSE-2011,GREENDELMF,2015-10-21,4.9,5.1,4.9,4.9,669825
DSE-2011,GREENDELMF,2015-10-25,4.9,4.9,4.6,4.6,604174
DSE-2011,GREENDELMF,2015-10-26,4.8,4.9,4.6,4.9,1099832
DSE-2011,GREENDELMF,2015-10-27,4.8,5.1,4.8,5.0,1652002
DSE-2011,GREENDELMF,2015-10-28,5.0,5.2,4.9,5.2,719607
DSE-2011,GREENDELMF,2015-10-29,5.0,5.4,5.0,5.2,2325720
DSE-2011,GREENDELMF,2015-01-11,5.3,5.6,5.1,5.1,1451800
DSE-2011,GREENDELMF,2015-02-11,5.1,5.3,4.9,5.2,1062575
DSE-2011,GREENDELMF,2015-03-11,5.2,5.5,5.1,5.1,735370
DSE-2011,GREENDELMF,2015-04-11,5.1,5.2,5.0,5.1,133307
DSE-2011,GREENDELMF,2015-05-11,5.0,5.1,4.9,5.0,537865
DSE-2011,GREENDELMF,2015-08-11,5.1,5.1,4.8,4.9,207158
DSE-2011,GREENDELMF,2015-09-11,4.9,4.9,4.7,4.8,581903
DSE-2011,GREENDELMF,2015-10-11,4.8,4.8,4.7,4.7,487750
DSE-2011,GREENDELMF,2015-11-11,4.6,5.0,4.6,4.9,1440200
DSE-2011,GREENDELMF,2015-12-11,4.9,5.0,4.8,4.9,833490
DSE-2011,GREENDELMF,2015-11-15,4.9,4.9,4.7,4.7,251311
DSE-2011,GREENDELMF,2015-11-16,4.7,4.8,4.6,4.8,531885
DSE-2011,GREENDELMF,2015-11-17,4.8,4.8,4.5,4.6,1020345
DSE-2011,GREENDELMF,2015-11-18,4.7,4.9,4.5,4.8,423332
DSE-2011,GREENDELMF,2015-11-19,4.8,4.8,4.7,4.7,333635
DSE-2011,GREENDELMF,2015-11-22,4.6,4.9,4.6,4.8,166254
DSE-2011,GREENDELMF,2015-11-23,4.8,5.0,4.8,4.9,673058
DSE-2011,GREENDELMF,2015-11-24,4.9,4.9,4.8,4.8,153203
DSE-2011,GREENDELMF,2015-11-25,4.9,5.0,4.7,4.7,402210
DSE-2011,GREENDELMF,2015-11-26,4.8,4.9,4.8,4.9,304464
DSE-2011,GREENDELMF,2015-11-29,4.8,5.0,4.8,5.0,312460
DSE-2011,GREENDELMF,2015-11-30,4.9,5.0,4.8,4.9,157505
DSE-2011,GREENDELMF,2015-01-12,4.8,4.9,4.8,4.9,48038
DSE-2011,GREENDELMF,2015-02-12,5.0,5.0,4.7,4.8,626477
DSE-2011,GREENDELMF,2015-03-12,4.8,4.8,4.7,4.8,623206
DSE-2011,GREENDELMF,2015-06-12,4.7,4.8,4.7,4.7,65250
DSE-2011,GREENDELMF,2015-07-12,4.8,4.8,4.6,4.7,505250
DSE-2011,GREENDELMF,2015-08-12,4.7,4.8,4.6,4.7,91377
DSE-2011,GREENDELMF,2015-09-12,4.7,4.8,4.7,4.7,185589
DSE-2011,GREENDELMF,2015-10-12,4.7,4.8,4.6,4.8,147910
DSE-2011,GREENDELMF,2015-12-13,4.6,4.7,4.6,4.6,109893
DSE-2011,GREENDELMF,2015-12-14,4.6,4.7,4.5,4.7,342555
DSE-2011,GREENDELMF,2015-12-15,4.7,4.7,4.6,4.7,443310
DSE-2011,GREENDELMF,2015-12-17,4.7,4.8,4.6,4.7,314098
DSE-2011,GREENDELMF,2015-12-20,4.6,4.7,4.6,4.7,24185
DSE-2011,GREENDELMF,2015-12-21,4.6,4.8,4.6,4.7,164770
DSE-2011,GREENDELMF,2015-12-22,4.7,4.9,4.7,4.8,420600
DSE-2011,GREENDELMF,2015-12-23,4.8,4.8,4.7,4.7,469100
DSE-2011,GREENDELMF,2015-12-24,4.7,4.8,4.6,4.7,255876
DSE-2011,GREENDELMF,2015-12-27,4.7,4.7,4.6,4.6,276000
DSE-2011,GREENDELMF,2015-12-28,4.7,4.7,4.6,4.7,129396
DSE-2011,GREENDELMF,2015-12-29,4.7,4.9,4.7,4.8,350766
DSE-2011,GREENDELMF,2015-12-30,4.7,4.9,4.7,4.8,34892
DSE-2011,GREENDELMF,2015-12-31,4.7,4.8,4.7,4.7,17821
DSE-2011,IFILISLMF1,2015-01-01,5.8,5.9,5.6,5.7,67500
DSE-2011,IFILISLMF1,2015-05-01,5.7,5.9,5.5,5.6,68471
DSE-2011,IFILISLMF1,2015-06-01,5.5,5.7,5.5,5.6,47153
DSE-2011,IFILISLMF1,2015-07-01,5.5,5.8,5.5,5.5,76245
DSE-2011,IFILISLMF1,2015-08-01,5.4,5.8,5.4,5.6,179532
DSE-2011,IFILISLMF1,2015-11-01,5.5,5.6,5.5,5.5,46395
DSE-2011,IFILISLMF1,2015-12-01,5.6,5.8,5.5,5.7,76250
DSE-2011,IFILISLMF1,2015-01-13,5.5,5.8,5.5,5.7,350831
DSE-2011,IFILISLMF1,2015-01-14,5.6,6.0,5.6,5.9,286165
DSE-2011,IFILISLMF1,2015-01-15,5.7,5.9,5.7,5.8,183000
DSE-2011,IFILISLMF1,2015-01-18,5.7,5.9,5.7,5.9,115400
DSE-2011,IFILISLMF1,2015-01-19,5.7,6.1,5.7,5.9,212800
DSE-2011,IFILISLMF1,2015-01-20,5.7,6.1,5.7,6.1,435560
DSE-2011,IFILISLMF1,2015-01-21,5.9,6.1,5.8,6.1,255081
DSE-2011,IFILISLMF1,2015-01-22,5.8,6.0,5.8,6.0,65840
DSE-2011,IFILISLMF1,2015-01-25,5.8,6.1,5.7,5.7,114000
DSE-2011,IFILISLMF1,2015-01-26,5.7,5.8,5.7,5.7,83650
DSE-2011,IFILISLMF1,2015-01-27,5.7,5.8,5.7,5.8,31718
DSE-2011,IFILISLMF1,2015-01-28,5.7,5.9,5.7,5.7,30400
DSE-2011,IFILISLMF1,2015-01-29,5.7,5.9,5.7,5.7,50500
DSE-2011,IFILISLMF1,2015-01-02,5.7,5.8,5.6,5.7,66848
DSE-2011,IFILISLMF1,2015-02-02,5.7,5.7,5.6,5.7,125300
DSE-2011,IFILISLMF1,2015-03-02,5.7,6.0,5.7,5.9,208193
DSE-2011,IFILISLMF1,2015-04-02,5.8,5.9,5.8,5.8,42210
DSE-2011,IFILISLMF1,2015-05-02,5.9,6.1,5.8,6.0,420089
DSE-2011,IFILISLMF1,2015-08-02,5.9,6.0,5.9,6.0,225650
DSE-2011,IFILISLMF1,2015-09-02,6.1,6.4,5.8,6.3,1163231
DSE-2011,IFILISLMF1,2015-10-02,6.1,6.2,6.0,6.1,99179
DSE-2011,IFILISLMF1,2015-11-02,6.1,6.4,6.1,6.4,3056184
DSE-2011,IFILISLMF1,2015-12-02,6.4,6.5,6.2,6.4,396668
DSE-2011,IFILISLMF1,2015-02-15,6.5,6.7,6.2,6.3,1099262
DSE-2011,IFILISLMF1,2015-02-16,6.2,6.3,6.0,6.3,1013150
DSE-2011,IFILISLMF1,2015-02-17,6.1,6.3,6.0,6.3,169389
DSE-2011,IFILISLMF1,2015-02-18,6.4,6.4,6.1,6.2,245879
DSE-2011,IFILISLMF1,2015-02-19,6.1,6.3,6.1,6.2,62720
DSE-2011,IFILISLMF1,2015-02-22,6.1,6.4,6.1,6.3,276470
DSE-2011,IFILISLMF1,2015-02-23,6.2,6.2,6.1,6.1,87828
DSE-2011,IFILISLMF1,2015-02-24,6.1,6.2,6.1,6.1,151345
DSE-2011,IFILISLMF1,2015-02-25,6.1,6.2,5.9,6.0,219944
DSE-2011,IFILISLMF1,2015-02-26,6.1,6.1,5.9,6.0,150350
DSE-2011,IFILISLMF1,2015-01-03,6.2,6.3,5.8,6.0,292300
DSE-2011,IFILISLMF1,2015-02-03,5.9,6.0,5.9,5.9,30400
DSE-2011,IFILISLMF1,2015-03-03,5.9,6.0,5.9,5.9,7510
DSE-2011,IFILISLMF1,2015-04-03,5.9,6.0,5.8,5.9,197377
DSE-2011,IFILISLMF1,2015-05-03,5.8,6.0,5.8,5.9,161142
DSE-2011,IFILISLMF1,2015-08-03,5.9,6.1,5.8,5.9,26500
DSE-2011,IFILISLMF1,2015-09-03,5.9,6.0,5.9,5.9,21845
DSE-2011,IFILISLMF1,2015-10-03,5.9,6.0,5.9,5.9,135800
DSE-2011,IFILISLMF1,2015-11-03,6.0,6.0,5.9,5.9,30550
DSE-2011,IFILISLMF1,2015-12-03,5.9,6.0,5.9,5.9,122000
DSE-2011,IFILISLMF1,2015-03-15,6.0,6.0,5.8,5.9,253373
DSE-2011,IFILISLMF1,2015-03-16,5.8,5.9,5.8,5.8,54490
DSE-2011,IFILISLMF1,2015-03-18,5.8,5.8,5.7,5.8,98973
DSE-2011,IFILISLMF1,2015-03-19,5.8,6.0,5.7,5.7,85600
DSE-2011,IFILISLMF1,2015-03-22,5.7,5.9,5.7,5.9,335000
DSE-2011,IFILISLMF1,2015-03-23,5.9,6.0,5.7,6.0,314589
DSE-2011,IFILISLMF1,2015-03-24,5.8,5.9,5.7,5.8,83800
DSE-2011,IFILISLMF1,2015-03-25,5.7,5.9,5.7,5.9,25800
DSE-2011,IFILISLMF1,2015-03-29,5.8,5.9,5.6,5.7,379825
DSE-2011,IFILISLMF1,2015-03-30,5.7,5.8,5.6,5.6,182680
DSE-2011,IFILISLMF1,2015-03-31,5.6,5.6,5.5,5.6,105020
DSE-2011,IFILISLMF1,2015-01-04,5.6,5.7,5.6,5.7,22500
DSE-2011,IFILISLMF1,2015-02-04,5.6,5.8,5.6,5.7,39295
DSE-2011,IFILISLMF1,2015-05-04,5.6,5.7,5.6,5.7,59500
DSE-2011,IFILISLMF1,2015-06-04,5.6,5.6,5.3,5.3,395787
DSE-2011,IFILISLMF1,2015-07-04,5.4,5.6,5.3,5.5,83900
DSE-2011,IFILISLMF1,2015-08-04,5.4,5.5,5.1,5.3,243540
DSE-2011,IFILISLMF1,2015-09-04,5.5,5.6,4.8,5.1,665263
DSE-2011,IFILISLMF1,2015-12-04,5.1,5.2,4.8,4.9,63658
DSE-2011,IFILISLMF1,2015-04-13,4.8,5.1,4.8,5.1,25500
DSE-2011,IFILISLMF1,2015-04-15,5.1,5.2,4.9,5.2,238478
DSE-2011,IFILISLMF1,2015-04-16,5.0,5.3,4.9,5.2,153250
DSE-2011,IFILISLMF1,2015-04-19,5.1,5.5,5.1,5.4,75700
DSE-2011,IFILISLMF1,2015-04-20,5.3,5.3,5.2,5.2,71000
DSE-2011,IFILISLMF1,2015-04-21,5.1,5.2,5.0,5.2,63004
DSE-2011,IFILISLMF1,2015-04-22,5.2,5.5,4.9,5.1,211087
DSE-2011,IFILISLMF1,2015-04-23,5.0,5.1,4.9,4.9,119950
DSE-2011,IFILISLMF1,2015-04-26,5.0,5.2,4.7,4.8,221086
DSE-2011,IFILISLMF1,2015-04-27,5.0,5.2,5.0,5.1,245894
DSE-2011,IFILISLMF1,2015-04-29,5.1,5.3,5.1,5.2,117300
DSE-2011,IFILISLMF1,2015-04-30,5.0,5.1,5.0,5.1,16550
DSE-2011,IFILISLMF1,2015-04-05,4.9,5.1,4.9,5.0,24900
DSE-2011,IFILISLMF1,2015-05-05,5.0,5.2,4.9,5.1,85500
DSE-2011,IFILISLMF1,2015-06-05,4.9,5.3,4.9,5.0,157250
DSE-2011,IFILISLMF1,2015-07-05,5.0,5.1,4.9,5.0,131000
DSE-2011,IFILISLMF1,2015-10-05,5.1,5.5,5.1,5.4,252918
DSE-2011,IFILISLMF1,2015-11-05,5.8,5.8,5.4,5.7,320950
DSE-2011,IFILISLMF1,2015-12-05,5.7,6.2,5.6,6.1,1520058
DSE-2011,IFILISLMF1,2015-05-13,5.9,6.1,5.8,6.0,454995
DSE-2011,IFILISLMF1,2015-05-14,5.9,6.0,5.8,5.9,462714
DSE-2011,IFILISLMF1,2015-05-17,5.7,5.9,5.5,5.8,352749
DSE-2011,IFILISLMF1,2015-05-18,5.8,6.0,5.8,5.9,205411
DSE-2011,IFILISLMF1,2015-05-19,5.7,6.1,5.7,6.0,349595
DSE-2011,IFILISLMF1,2015-05-20,6.0,6.1,5.8,6.0,86866
DSE-2011,IFILISLMF1,2015-05-21,6.0,6.1,6.0,6.0,191100
DSE-2011,IFILISLMF1,2015-05-24,5.9,6.3,5.9,5.9,46525
DSE-2011,IFILISLMF1,2015-05-25,6.3,6.3,5.9,6.2,203026
DSE-2011,IFILISLMF1,2015-05-26,6.1,6.3,6.0,6.1,71322
DSE-2011,IFILISLMF1,2015-05-27,6.0,6.0,5.9,6.0,296310
DSE-2011,IFILISLMF1,2015-05-28,6.3,6.3,5.8,5.9,203000
DSE-2011,IFILISLMF1,2015-05-31,5.8,5.9,5.7,5.8,111650
DSE-2011,IFILISLMF1,2015-01-06,5.7,6.2,5.7,5.8,46100
DSE-2011,IFILISLMF1,2015-02-06,5.8,6.1,5.8,5.8,43834
DSE-2011,IFILISLMF1,2015-04-06,5.7,6.0,5.7,5.9,59160
DSE-2011,IFILISLMF1,2015-07-06,5.8,6.0,5.8,6.0,476197
DSE-2011,IFILISLMF1,2015-08-06,5.8,6.0,5.8,5.9,365782
DSE-2011,IFILISLMF1,2015-09-06,5.8,6.0,5.8,5.9,60047
DSE-2011,IFILISLMF1,2015-10-06,5.9,6.2,5.9,6.1,255549
DSE-2011,IFILISLMF1,2015-11-06,6.0,6.2,6.0,6.1,148610
DSE-2011,IFILISLMF1,2015-06-14,6.1,6.2,6.0,6.1,97391
DSE-2011,IFILISLMF1,2015-06-15,6.1,6.2,6.0,6.0,71001
DSE-2011,IFILISLMF1,2015-06-16,6.0,6.4,6.0,6.3,816670
DSE-2011,IFILISLMF1,2015-06-17,6.3,6.6,6.2,6.4,249000
DSE-2011,IFILISLMF1,2015-06-18,6.2,6.4,6.1,6.2,568820
DSE-2011,IFILISLMF1,2015-06-21,6.1,6.4,6.1,6.4,123724
DSE-2011,IFILISLMF1,2015-06-22,6.3,6.4,6.2,6.3,175681
DSE-2011,IFILISLMF1,2015-06-23,6.2,6.4,6.1,6.4,187650
DSE-2011,IFILISLMF1,2015-06-24,6.3,6.5,6.3,6.4,297889
DSE-2011,IFILISLMF1,2015-06-25,6.3,6.4,6.3,6.3,93355
DSE-2011,IFILISLMF1,2015-06-28,6.2,6.4,6.2,6.3,172703
DSE-2011,IFILISLMF1,2015-06-29,6.3,6.4,6.2,6.3,115483
DSE-2011,IFILISLMF1,2015-06-30,6.2,6.6,6.2,6.5,427307
DSE-2011,IFILISLMF1,2015-02-07,6.5,6.5,6.4,6.5,272469
DSE-2011,IFILISLMF1,2015-05-07,6.3,6.5,6.3,6.4,168697
DSE-2011,IFILISLMF1,2015-06-07,6.4,6.5,6.3,6.4,146168
DSE-2011,IFILISLMF1,2015-07-07,6.4,6.4,6.3,6.4,157120
DSE-2011,IFILISLMF1,2015-08-07,6.3,6.5,6.3,6.4,107450
DSE-2011,IFILISLMF1,2015-09-07,6.3,6.4,6.2,6.3,164487
DSE-2011,IFILISLMF1,2015-12-07,6.5,6.5,6.4,6.5,262220
DSE-2011,IFILISLMF1,2015-07-13,6.5,6.5,6.4,6.5,407848
DSE-2011,IFILISLMF1,2015-07-14,6.5,6.6,6.4,6.5,763165
DSE-2011,IFILISLMF1,2015-07-21,6.5,6.6,6.4,6.5,660147
DSE-2011,IFILISLMF1,2015-07-22,6.6,6.8,6.4,6.7,1380818
DSE-2011,IFILISLMF1,2015-07-23,6.6,7.0,6.6,7.0,634735
DSE-2011,IFILISLMF1,2015-07-26,7.0,7.3,6.9,7.2,1489162
DSE-2011,IFILISLMF1,2015-07-27,7.1,7.3,6.8,6.9,1033164
DSE-2011,IFILISLMF1,2015-07-28,6.9,7.3,6.9,6.9,1184025
DSE-2011,IFILISLMF1,2015-07-29,7.0,7.1,6.8,7.0,759176
DSE-2011,IFILISLMF1,2015-07-30,6.9,7.0,6.8,6.9,237306
DSE-2011,IFILISLMF1,2015-02-08,6.9,7.1,6.9,7.0,442700
DSE-2011,IFILISLMF1,2015-03-08,7.0,7.0,6.9,7.0,470738
DSE-2011,IFILISLMF1,2015-04-08,6.9,7.0,6.8,6.9,907784
DSE-2011,IFILISLMF1,2015-05-08,6.9,7.0,6.8,6.8,1024900
DSE-2011,IFILISLMF1,2015-06-08,6.9,7.0,6.8,6.8,568400
DSE-2011,IFILISLMF1,2015-09-08,6.8,6.9,6.3,6.5,764010
DSE-2011,IFILISLMF1,2015-10-08,6.4,6.7,6.4,6.6,192419
DSE-2011,IFILISLMF1,2015-11-08,6.6,6.7,6.5,6.7,402874
DSE-2011,IFILISLMF1,2015-12-08,6.6,6.8,6.4,6.6,869878
DSE-2011,IFILISLMF1,2015-08-13,6.9,7.0,6.6,6.8,1513204
DSE-2011,IFILISLMF1,2015-08-16,6.9,7.0,6.8,6.8,1735919
DSE-2011,IFILISLMF1,2015-08-17,6.8,6.8,6.7,6.7,789080
DSE-2011,IFILISLMF1,2015-08-18,6.7,7.0,6.7,7.0,2463745
DSE-2011,IFILISLMF1,2015-08-19,7.0,7.1,6.9,7.0,849432
DSE-2011,IFILISLMF1,2015-08-20,7.1,7.2,7.0,7.2,883370
DSE-2011,IFILISLMF1,2015-08-23,7.2,7.3,7.1,7.2,913570
DSE-2011,IFILISLMF1,2015-08-24,7.2,7.4,7.1,7.2,1355965
DSE-2011,IFILISLMF1,2015-08-25,7.0,7.4,7.0,7.3,1899738
DSE-2011,IFILISLMF1,2015-08-26,7.3,7.4,7.1,7.3,1379849
DSE-2011,IFILISLMF1,2015-08-27,7.2,7.4,7.1,7.2,320575
DSE-2011,IFILISLMF1,2015-08-30,7.1,7.2,7.0,7.1,381012
DSE-2011,IFILISLMF1,2015-08-31,7.1,7.2,7.0,7.0,418373
DSE-2011,IFILISLMF1,2015-01-09,7.0,7.1,6.9,7.0,814141
DSE-2011,IFILISLMF1,2015-03-09,6.3,6.7,6.3,6.4,3942991
DSE-2011,IFILISLMF1,2015-06-09,6.3,6.6,6.3,6.5,807209
DSE-2011,IFILISLMF1,2015-07-09,6.4,6.7,6.4,6.5,1022201
DSE-2011,IFILISLMF1,2015-08-09,6.5,6.8,6.4,6.7,1776826
DSE-2011,IFILISLMF1,2015-09-09,6.8,7.0,6.6,6.9,7479000
DSE-2011,IFILISLMF1,2015-10-09,6.8,7.2,6.7,7.0,3088071
DSE-2011,IFILISLMF1,2015-09-13,6.9,6.9,6.6,6.7,167000
DSE-2011,IFILISLMF1,2015-09-14,6.7,7.0,6.7,7.0,1062485
DSE-2011,IFILISLMF1,2015-09-15,6.7,6.9,6.7,6.9,216000
DSE-2011,IFILISLMF1,2015-09-16,6.7,6.9,6.7,6.9,40211
DSE-2011,IFILISLMF1,2015-09-17,7.0,7.0,6.8,6.9,76680
DSE-2011,IFILISLMF1,2015-09-20,6.8,6.9,6.7,6.9,117506
DSE-2011,IFILISLMF1,2015-09-21,6.8,6.8,6.8,6.8,52252
DSE-2011,IFILISLMF1,2015-09-22,6.8,6.8,6.7,6.7,42238
DSE-2011,IFILISLMF1,2015-09-28,6.7,6.8,6.7,6.8,63000
DSE-2011,IFILISLMF1,2015-09-29,6.7,6.8,6.6,6.7,157600
DSE-2011,IFILISLMF1,2015-09-30,6.6,6.7,6.4,6.5,228527
DSE-2011,IFILISLMF1,2015-01-10,6.4,6.6,6.4,6.5,94209
DSE-2011,IFILISLMF1,2015-04-10,6.5,6.6,6.5,6.5,12389
DSE-2011,IFILISLMF1,2015-05-10,6.5,6.6,6.4,6.5,219367
DSE-2011,IFILISLMF1,2015-06-10,6.5,6.5,6.4,6.5,405000
DSE-2011,IFILISLMF1,2015-07-10,6.4,6.6,6.4,6.5,628935
DSE-2011,IFILISLMF1,2015-08-10,6.6,6.7,6.4,6.5,630180
DSE-2011,IFILISLMF1,2015-11-10,6.6,6.9,6.4,6.7,511562
DSE-2011,IFILISLMF1,2015-12-10,6.7,6.9,6.5,6.8,300860
DSE-2011,IFILISLMF1,2015-10-13,6.7,6.7,6.6,6.6,49990
DSE-2011,IFILISLMF1,2015-10-14,6.7,6.7,6.5,6.5,195430
DSE-2011,IFILISLMF1,2015-10-15,6.4,6.5,6.4,6.4,86269
DSE-2011,IFILISLMF1,2015-10-18,6.3,6.5,6.2,6.3,137890
DSE-2011,IFILISLMF1,2015-10-19,6.3,6.4,6.2,6.3,117636
DSE-2011,IFILISLMF1,2015-10-20,6.2,6.4,6.2,6.3,55014
DSE-2011,IFILISLMF1,2015-10-21,6.2,6.3,6.1,6.2,133156
DSE-2011,IFILISLMF1,2015-10-25,6.1,6.1,6.0,6.1,50408
DSE-2011,IFILISLMF1,2015-10-26,6.1,6.3,6.0,6.1,188100
DSE-2011,IFILISLMF1,2015-10-27,6.2,6.2,6.0,6.1,47500
DSE-2011,IFILISLMF1,2015-10-28,6.0,6.1,6.0,6.0,13949
DSE-2011,IFILISLMF1,2015-10-29,6.1,6.1,6.0,6.1,62372
DSE-2011,IFILISLMF1,2015-01-11,6.1,6.2,6.0,6.0,86085
DSE-2011,IFILISLMF1,2015-02-11,6.0,6.1,6.0,6.0,76623
DSE-2011,IFILISLMF1,2015-03-11,6.1,6.2,6.0,6.2,206480
DSE-2011,IFILISLMF1,2015-04-11,6.1,6.2,6.0,6.2,98680
DSE-2011,IFILISLMF1,2015-05-11,6.1,6.2,6.0,6.1,13957
DSE-2011,IFILISLMF1,2015-08-11,6.1,6.1,5.9,6.0,361103
DSE-2011,IFILISLMF1,2015-09-11,5.9,6.0,5.8,5.9,283920
DSE-2011,IFILISLMF1,2015-10-11,5.9,5.9,5.7,5.7,466306
DSE-2011,IFILISLMF1,2015-11-11,5.8,5.9,5.5,5.7,215125
DSE-2011,IFILISLMF1,2015-12-11,5.7,5.9,5.7,5.8,13693
DSE-2011,IFILISLMF1,2015-11-15,5.7,5.9,5.7,5.8,42840
DSE-2011,IFILISLMF1,2015-11-16,5.8,5.9,5.8,5.8,15147
DSE-2011,IFILISLMF1,2015-11-17,5.8,5.8,5.7,5.8,108399
DSE-2011,IFILISLMF1,2015-11-18,5.8,5.8,5.7,5.8,26120
DSE-2011,IFILISLMF1,2015-11-19,5.8,5.9,5.8,5.8,81575
DSE-2011,IFILISLMF1,2015-11-22,5.8,6.0,5.8,6.0,36980
DSE-2011,IFILISLMF1,2015-11-23,5.9,6.0,5.9,6.0,50500
DSE-2011,IFILISLMF1,2015-11-24,5.9,6.0,5.9,6.0,39790
DSE-2011,IFILISLMF1,2015-11-25,5.9,6.0,5.9,5.9,7700
DSE-2011,IFILISLMF1,2015-11-26,5.9,6.0,5.9,6.0,18356
DSE-2011,IFILISLMF1,2015-11-29,5.9,6.1,5.9,6.0,130450
DSE-2011,IFILISLMF1,2015-11-30,6.0,6.1,6.0,6.1,54900
DSE-2011,IFILISLMF1,2015-01-12,6.1,6.3,6.1,6.2,305743
DSE-2011,IFILISLMF1,2015-02-12,6.2,6.3,6.1,6.3,139600
DSE-2011,IFILISLMF1,2015-03-12,6.2,6.3,6.2,6.3,42460
DSE-2011,IFILISLMF1,2015-06-12,6.2,6.4,6.2,6.3,46915
DSE-2011,IFILISLMF1,2015-07-12,6.3,6.4,6.1,6.2,29446
DSE-2011,IFILISLMF1,2015-08-12,6.3,6.3,6.2,6.2,15565
DSE-2011,IFILISLMF1,2015-09-12,6.2,6.3,6.2,6.2,28388
DSE-2011,IFILISLMF1,2015-10-12,6.2,6.3,6.2,6.3,33886
DSE-2011,IFILISLMF1,2015-12-13,6.3,6.3,6.2,6.3,6004
DSE-2011,IFILISLMF1,2015-12-14,6.2,6.3,6.1,6.2,34593
DSE-2011,IFILISLMF1,2015-12-15,6.2,6.3,6.0,6.1,73014
DSE-2011,IFILISLMF1,2015-12-17,6.1,6.2,6.1,6.2,56263
DSE-2011,IFILISLMF1,2015-12-20,6.1,6.2,6.1,6.2,72410
DSE-2011,IFILISLMF1,2015-12-21,6.1,6.2,6.1,6.2,31570
DSE-2011,IFILISLMF1,2015-12-22,6.2,6.3,6.2,6.2,48453
DSE-2011,IFILISLMF1,2015-12-23,6.2,6.2,6.1,6.2,422370
DSE-2011,IFILISLMF1,2015-12-24,5.9,6.3,5.9,6.2,35640
DSE-2011,IFILISLMF1,2015-12-27,6.2,6.3,6.2,6.3,67288
DSE-2011,IFILISLMF1,2015-12-28,6.3,6.3,6.2,6.3,83578
DSE-2011,IFILISLMF1,2015-12-29,6.2,6.3,6.2,6.2,115182
DSE-2011,IFILISLMF1,2015-12-30,6.2,6.3,6.2,6.3,65969
DSE-2011,IFILISLMF1,2015-12-31,6.3,6.3,6.2,6.3,144901
DSE-2011,PHPMF1,2015-01-01,4.8,4.8,4.6,4.7,37497
DSE-2011,PHPMF1,2015-05-01,4.6,4.7,4.5,4.6,175978
DSE-2011,PHPMF1,2015-06-01,4.6,4.7,4.5,4.6,60397
DSE-2011,PHPMF1,2015-07-01,4.6,4.6,4.5,4.6,113517
DSE-2011,PHPMF1,2015-08-01,4.6,4.7,4.5,4.6,151773
DSE-2011,PHPMF1,2015-11-01,4.6,4.7,4.5,4.6,108387
DSE-2011,PHPMF1,2015-12-01,4.6,4.7,4.5,4.6,147620
DSE-2011,PHPMF1,2015-01-13,4.6,4.6,4.5,4.6,126359
DSE-2011,PHPMF1,2015-01-14,4.6,4.6,4.5,4.6,437806
DSE-2011,PHPMF1,2015-01-15,4.5,4.6,4.5,4.5,188664
DSE-2011,PHPMF1,2015-01-18,4.5,4.6,4.4,4.5,193439
DSE-2011,PHPMF1,2015-01-19,4.5,4.6,4.4,4.4,274720
DSE-2011,PHPMF1,2015-01-20,4.5,4.6,4.4,4.5,204714
DSE-2011,PHPMF1,2015-01-21,4.4,4.5,4.4,4.5,131292
DSE-2011,PHPMF1,2015-01-22,4.5,4.5,4.4,4.4,196503
DSE-2011,PHPMF1,2015-01-25,4.4,4.5,4.3,4.4,242237
DSE-2011,PHPMF1,2015-01-26,4.4,4.5,4.3,4.4,102661
DSE-2011,PHPMF1,2015-01-27,4.4,4.5,4.3,4.4,117862
DSE-2011,PHPMF1,2015-01-28,4.5,4.6,4.4,4.6,497938
DSE-2011,PHPMF1,2015-01-29,4.6,4.6,4.5,4.5,333831
DSE-2011,PHPMF1,2015-01-02,4.6,4.6,4.4,4.5,127390
DSE-2011,PHPMF1,2015-02-02,4.5,4.5,4.4,4.5,314134
DSE-2011,PHPMF1,2015-03-02,4.5,4.6,4.4,4.6,335478
DSE-2011,PHPMF1,2015-04-02,4.5,4.7,4.5,4.6,381793
DSE-2011,PHPMF1,2015-05-02,4.6,4.6,4.4,4.5,481321
DSE-2011,PHPMF1,2015-08-02,4.5,4.6,4.5,4.5,319567
DSE-2011,PHPMF1,2015-09-02,4.5,4.5,4.5,4.5,163798
DSE-2011,PHPMF1,2015-10-02,4.5,4.6,4.5,4.5,72498
DSE-2011,PHPMF1,2015-11-02,4.5,4.5,4.4,4.5,115043
DSE-2011,PHPMF1,2015-12-02,4.5,4.6,4.5,4.5,89755
DSE-2011,PHPMF1,2015-02-15,4.6,4.6,4.5,4.5,314666
DSE-2011,PHPMF1,2015-02-16,4.5,4.6,4.5,4.5,132441
DSE-2011,PHPMF1,2015-02-17,4.6,4.6,4.5,4.6,716256
DSE-2011,PHPMF1,2015-02-18,4.5,4.7,4.5,4.6,322720
DSE-2011,PHPMF1,2015-02-19,4.6,4.6,4.5,4.5,381236
DSE-2011,PHPMF1,2015-02-22,4.5,4.6,4.5,4.5,35503
DSE-2011,PHPMF1,2015-02-23,4.6,4.6,4.5,4.5,121316
DSE-2011,PHPMF1,2015-02-24,4.6,4.6,4.5,4.5,64589
DSE-2011,PHPMF1,2015-02-25,4.6,4.6,4.3,4.4,460844
DSE-2011,PHPMF1,2015-02-26,4.4,4.5,4.4,4.4,129881
DSE-2011,PHPMF1,2015-01-03,4.5,4.5,4.4,4.4,101189
DSE-2011,PHPMF1,2015-02-03,4.5,4.5,4.4,4.4,158560
DSE-2011,PHPMF1,2015-03-03,4.4,4.5,4.4,4.4,50624
DSE-2011,PHPMF1,2015-04-03,4.4,4.5,4.4,4.5,72055
DSE-2011,PHPMF1,2015-05-03,4.4,4.5,4.4,4.5,88324
DSE-2011,PHPMF1,2015-08-03,4.4,4.6,4.4,4.5,271382
DSE-2011,PHPMF1,2015-09-03,4.4,4.5,4.4,4.4,23736
DSE-2011,PHPMF1,2015-10-03,4.4,4.5,4.4,4.4,35410
DSE-2011,PHPMF1,2015-11-03,4.4,4.5,4.4,4.4,184230
DSE-2011,PHPMF1,2015-12-03,4.4,4.4,4.3,4.4,107431
DSE-2011,PHPMF1,2015-03-15,4.5,4.5,4.4,4.4,147789
DSE-2011,PHPMF1,2015-03-16,4.4,4.4,4.3,4.4,223545
DSE-2011,PHPMF1,2015-03-18,4.3,4.4,4.1,4.3,462136
DSE-2011,PHPMF1,2015-03-19,4.3,4.3,4.2,4.3,25356
DSE-2011,PHPMF1,2015-03-22,4.3,4.4,4.2,4.4,184615
DSE-2011,PHPMF1,2015-03-23,4.3,4.4,4.3,4.3,113747
DSE-2011,PHPMF1,2015-03-24,4.3,4.3,4.2,4.3,369654
DSE-2011,PHPMF1,2015-03-25,4.3,4.4,4.2,4.3,103139
DSE-2011,PHPMF1,2015-03-29,4.3,4.3,4.2,4.2,322873
DSE-2011,PHPMF1,2015-03-30,4.2,4.3,4.2,4.2,191239
DSE-2011,PHPMF1,2015-03-31,4.3,4.3,4.2,4.2,39299
DSE-2011,PHPMF1,2015-01-04,4.2,4.3,4.2,4.2,56897
DSE-2011,PHPMF1,2015-02-04,4.2,4.3,4.2,4.3,70721
DSE-2011,PHPMF1,2015-05-04,4.2,4.3,4.2,4.2,153729
DSE-2011,PHPMF1,2015-06-04,4.2,4.2,4.1,4.2,235725
DSE-2011,PHPMF1,2015-07-04,4.0,4.1,4.0,4.1,311705
DSE-2011,PHPMF1,2015-08-04,4.0,4.1,4.0,4.0,197257
DSE-2011,PHPMF1,2015-09-04,4.0,4.1,4.0,4.0,197735
DSE-2011,PHPMF1,2015-12-04,4.0,4.1,4.0,4.0,108659
DSE-2011,PHPMF1,2015-04-13,4.0,4.0,3.9,3.9,45117
DSE-2011,PHPMF1,2015-04-15,3.9,4.0,3.9,4.0,72764
DSE-2011,PHPMF1,2015-04-16,4.0,4.2,4.0,4.0,86798
DSE-2011,PHPMF1,2015-04-19,4.0,4.1,4.0,4.0,61004
DSE-2011,PHPMF1,2015-04-20,4.0,4.1,3.9,4.0,218243
DSE-2011,PHPMF1,2015-04-21,4.0,4.1,4.0,4.0,279733
DSE-2011,PHPMF1,2015-04-22,4.0,4.1,4.0,4.0,232947
DSE-2011,PHPMF1,2015-04-23,4.0,4.1,4.0,4.0,362165
DSE-2011,PHPMF1,2015-04-26,4.0,4.0,4.0,4.0,280595
DSE-2011,PHPMF1,2015-04-27,4.0,4.0,3.9,4.0,23407
DSE-2011,PHPMF1,2015-04-29,3.9,4.0,3.9,3.9,55825
DSE-2011,PHPMF1,2015-04-30,4.0,4.0,3.9,4.0,234440
DSE-2011,PHPMF1,2015-04-05,4.0,4.0,3.9,3.9,131336
DSE-2011,PHPMF1,2015-05-05,4.0,4.0,3.9,3.9,110262
DSE-2011,PHPMF1,2015-06-05,3.9,4.0,3.9,4.0,56639
DSE-2011,PHPMF1,2015-07-05,3.9,4.0,3.9,3.9,117233
DSE-2011,PHPMF1,2015-10-05,4.0,4.2,3.9,4.2,280988
DSE-2011,PHPMF1,2015-11-05,4.3,4.5,4.1,4.5,429278
DSE-2011,PHPMF1,2015-12-05,4.5,4.9,4.5,4.8,1010011
DSE-2011,PHPMF1,2015-05-13,4.7,4.7,4.5,4.5,228322
DSE-2011,PHPMF1,2015-05-14,4.5,4.5,4.3,4.4,324239
DSE-2011,PHPMF1,2015-05-17,4.4,4.4,4.1,4.1,262786
DSE-2011,PHPMF1,2015-05-18,4.2,4.4,4.1,4.3,334983
DSE-2011,PHPMF1,2015-05-19,4.2,4.4,4.2,4.3,150738
DSE-2011,PHPMF1,2015-05-20,4.3,4.4,4.2,4.3,334329
DSE-2011,PHPMF1,2015-05-21,4.2,4.5,4.2,4.3,207764
DSE-2011,PHPMF1,2015-05-24,4.3,4.4,4.2,4.3,223996
DSE-2011,PHPMF1,2015-05-25,4.3,4.5,4.3,4.4,205845
DSE-2011,PHPMF1,2015-05-26,4.5,4.6,4.4,4.5,312115
DSE-2011,PHPMF1,2015-05-27,4.5,4.5,4.4,4.4,331263
DSE-2011,PHPMF1,2015-05-28,4.4,4.5,4.3,4.4,144293
DSE-2011,PHPMF1,2015-05-31,4.3,4.5,4.3,4.3,169662
DSE-2011,PHPMF1,2015-01-06,4.3,4.5,4.3,4.4,415437
DSE-2011,PHPMF1,2015-02-06,4.3,4.5,4.3,4.3,236282
DSE-2011,PHPMF1,2015-04-06,4.3,4.4,4.3,4.3,175907
DSE-2011,PHPMF1,2015-07-06,4.3,4.6,4.3,4.4,401648
DSE-2011,PHPMF1,2015-08-06,4.3,4.4,4.3,4.3,115843
DSE-2011,PHPMF1,2015-09-06,4.3,4.4,4.3,4.3,137340
DSE-2011,PHPMF1,2015-10-06,4.3,4.5,4.3,4.5,390984
DSE-2011,PHPMF1,2015-11-06,4.5,4.5,4.3,4.4,113619
DSE-2011,PHPMF1,2015-06-14,4.4,4.4,4.3,4.4,49774
DSE-2011,PHPMF1,2015-06-15,4.4,4.4,4.3,4.3,64838
DSE-2011,PHPMF1,2015-06-16,4.3,4.4,4.3,4.4,199250
DSE-2011,PHPMF1,2015-06-17,4.3,4.5,4.3,4.5,785511
DSE-2011,PHPMF1,2015-06-18,4.4,4.5,4.3,4.4,461288
DSE-2011,PHPMF1,2015-06-21,4.3,4.4,4.3,4.4,67066
DSE-2011,PHPMF1,2015-06-22,4.3,4.4,4.3,4.4,36054
DSE-2011,PHPMF1,2015-06-23,4.3,4.4,4.3,4.3,176554
DSE-2011,PHPMF1,2015-06-24,4.3,4.5,4.3,4.4,2872933
DSE-2011,PHPMF1,2015-06-25,4.4,4.5,4.3,4.4,245951
DSE-2011,PHPMF1,2015-06-28,4.4,4.4,4.3,4.3,78487
DSE-2011,PHPMF1,2015-06-29,4.4,4.5,4.3,4.4,328459
DSE-2011,PHPMF1,2015-06-30,4.3,4.5,4.3,4.5,468374
DSE-2011,PHPMF1,2015-02-07,4.5,4.5,4.4,4.5,439469
DSE-2011,PHPMF1,2015-05-07,4.4,4.5,4.4,4.5,224037
DSE-2011,PHPMF1,2015-06-07,4.4,4.5,4.4,4.5,110604
DSE-2011,PHPMF1,2015-07-07,4.4,4.5,4.4,4.5,129034
DSE-2011,PHPMF1,2015-08-07,4.4,4.5,4.4,4.4,127364
DSE-2011,PHPMF1,2015-09-07,4.4,4.6,4.4,4.5,234762
DSE-2011,PHPMF1,2015-12-07,4.5,4.7,4.5,4.6,432514
DSE-2011,PHPMF1,2015-07-13,4.7,4.8,4.6,4.7,148893
DSE-2011,PHPMF1,2015-07-14,4.7,4.8,4.6,4.8,288491
DSE-2011,PHPMF1,2015-07-21,4.7,4.8,4.6,4.7,260125
DSE-2011,PHPMF1,2015-07-22,4.7,4.7,4.6,4.6,348878
DSE-2011,PHPMF1,2015-07-23,4.6,4.7,4.6,4.7,338075
DSE-2011,PHPMF1,2015-07-26,4.7,4.8,4.6,4.7,638779
DSE-2011,PHPMF1,2015-07-27,4.7,4.8,4.6,4.7,408504
DSE-2011,PHPMF1,2015-07-28,4.7,5.1,4.7,5.1,1650068
DSE-2011,PHPMF1,2015-07-29,5.2,5.4,5.0,5.1,1472480
DSE-2011,PHPMF1,2015-07-30,5.0,5.2,5.0,5.0,843487
DSE-2011,PHPMF1,2015-02-08,5.0,5.1,5.0,5.0,323302
DSE-2011,PHPMF1,2015-03-08,5.1,5.1,4.9,4.9,584379
DSE-2011,PHPMF1,2015-04-08,5.0,5.0,4.9,5.0,1178663
DSE-2011,PHPMF1,2015-05-08,4.9,5.1,4.9,4.9,598178
DSE-2011,PHPMF1,2015-06-08,5.0,5.1,4.8,4.9,535724
DSE-2011,PHPMF1,2015-09-08,5.0,5.0,4.9,5.0,390694
DSE-2011,PHPMF1,2015-10-08,4.9,5.0,4.8,4.8,177306
DSE-2011,PHPMF1,2015-11-08,4.9,4.9,4.6,4.7,515462
DSE-2011,PHPMF1,2015-12-08,4.7,4.9,4.7,4.8,160338
DSE-2011,PHPMF1,2015-08-13,4.8,4.9,4.7,4.9,113850
DSE-2011,PHPMF1,2015-08-16,4.9,4.9,4.6,4.7,600682
DSE-2011,PHPMF1,2015-08-17,4.6,4.7,4.4,4.5,617308
DSE-2011,PHPMF1,2015-08-18,4.5,4.5,4.4,4.4,258393
DSE-2011,PHPMF1,2015-08-19,4.4,4.6,4.4,4.5,507627
DSE-2011,PHPMF1,2015-08-20,4.5,4.6,4.4,4.5,319708
DSE-2011,PHPMF1,2015-08-23,4.5,4.6,4.4,4.4,136821
DSE-2011,PHPMF1,2015-08-24,4.3,4.5,4.3,4.5,80260
DSE-2011,PHPMF1,2015-08-25,4.4,4.5,4.4,4.4,90864
DSE-2011,PHPMF1,2015-08-26,4.5,4.5,4.4,4.4,91576
DSE-2011,PHPMF1,2015-08-27,4.4,4.5,4.3,4.4,202547
DSE-2011,PHPMF1,2015-08-30,4.4,4.5,4.4,4.4,43965
DSE-2011,PHPMF1,2015-08-31,4.4,4.5,4.3,4.3,645543
DSE-2011,PHPMF1,2015-01-09,4.4,4.4,4.3,4.3,546431
DSE-2011,PHPMF1,2015-02-09,4.3,4.4,4.3,4.3,191883
DSE-2011,PHPMF1,2015-03-09,4.3,4.5,4.3,4.4,176766
DSE-2011,PHPMF1,2015-06-09,4.4,4.5,4.4,4.4,403471
DSE-2011,PHPMF1,2015-08-09,4.4,4.4,4.2,4.3,798716
DSE-2011,PHPMF1,2015-09-09,4.3,4.4,4.3,4.3,451968
DSE-2011,PHPMF1,2015-10-09,4.4,4.5,4.3,4.4,314231
DSE-2011,PHPMF1,2015-09-13,4.4,4.4,4.3,4.3,236555
DSE-2011,PHPMF1,2015-09-14,4.3,4.4,4.3,4.3,102168
DSE-2011,PHPMF1,2015-09-15,4.4,4.4,4.3,4.3,118613
DSE-2011,PHPMF1,2015-09-16,4.3,4.4,4.3,4.3,205047
DSE-2011,PHPMF1,2015-09-17,4.3,4.4,4.3,4.4,467837
DSE-2011,PHPMF1,2015-09-20,4.3,4.4,4.3,4.4,126236
DSE-2011,PHPMF1,2015-09-21,4.3,4.4,4.3,4.3,162598
DSE-2011,PHPMF1,2015-09-22,4.3,4.4,4.3,4.3,170026
DSE-2011,PHPMF1,2015-09-28,4.3,4.4,4.3,4.3,59127
DSE-2011,PHPMF1,2015-09-29,4.3,4.4,4.3,4.3,493202
DSE-2011,PHPMF1,2015-09-30,4.3,4.4,4.2,4.3,698497
DSE-2011,PHPMF1,2015-01-10,4.4,4.6,4.3,4.5,1478006
DSE-2011,PHPMF1,2015-04-10,4.5,4.6,4.4,4.4,563422
DSE-2011,PHPMF1,2015-05-10,4.4,4.4,4.3,4.4,208668
DSE-2011,PHPMF1,2015-06-10,4.4,4.5,4.3,4.4,199648
DSE-2011,PHPMF1,2015-07-10,4.4,4.7,4.3,4.6,1315376
DSE-2011,PHPMF1,2015-08-10,4.5,4.7,4.5,4.7,1139013
DSE-2011,PHPMF1,2015-11-10,4.7,4.8,4.6,4.7,1261857
DSE-2011,PHPMF1,2015-12-10,4.7,4.8,4.6,4.7,550155
DSE-2011,PHPMF1,2015-10-13,4.7,4.8,4.6,4.6,670586
DSE-2011,PHPMF1,2015-10-14,4.6,4.7,4.5,4.5,471821
DSE-2011,PHPMF1,2015-10-15,4.5,4.6,4.5,4.5,201100
DSE-2011,PHPMF1,2015-10-18,4.6,4.6,4.4,4.5,437019
DSE-2011,PHPMF1,2015-10-19,4.5,4.6,4.4,4.5,348122
DSE-2011,PHPMF1,2015-10-20,4.5,4.5,4.4,4.4,317705
DSE-2011,PHPMF1,2015-10-21,4.4,4.5,4.4,4.4,216023
DSE-2011,PHPMF1,2015-10-25,4.4,4.4,4.4,4.4,183735
DSE-2011,PHPMF1,2015-10-26,4.4,4.4,4.3,4.4,132904
DSE-2011,PHPMF1,2015-10-27,4.4,4.5,4.3,4.4,86534
DSE-2011,PHPMF1,2015-10-28,4.4,4.4,4.3,4.3,79476
DSE-2011,PHPMF1,2015-10-29,4.3,4.5,4.3,4.5,120029
DSE-2011,PHPMF1,2015-01-11,4.4,4.4,4.3,4.3,147922
DSE-2011,PHPMF1,2015-02-11,4.3,4.3,4.1,4.2,203094
DSE-2011,PHPMF1,2015-03-11,4.3,4.4,4.2,4.2,257226
DSE-2011,PHPMF1,2015-04-11,4.2,4.3,4.2,4.3,274876
DSE-2011,PHPMF1,2015-05-11,4.2,4.3,4.2,4.3,34147
DSE-2011,PHPMF1,2015-08-11,4.3,4.3,4.2,4.2,43335
DSE-2011,PHPMF1,2015-09-11,4.2,4.2,4.2,4.2,200196
DSE-2011,PHPMF1,2015-10-11,4.3,4.3,4.2,4.2,64816
DSE-2011,PHPMF1,2015-11-11,4.2,4.3,4.1,4.1,467907
DSE-2011,PHPMF1,2015-12-11,4.1,4.2,4.1,4.1,1433160
DSE-2011,PHPMF1,2015-11-15,4.0,4.2,4.0,4.1,172089
DSE-2011,PHPMF1,2015-11-16,4.1,4.2,4.1,4.2,122268
DSE-2011,PHPMF1,2015-11-17,4.1,4.2,4.1,4.2,338645
DSE-2011,PHPMF1,2015-11-18,4.2,4.2,4.1,4.2,44164
DSE-2011,PHPMF1,2015-11-19,4.1,4.2,4.1,4.1,149197
DSE-2011,PHPMF1,2015-11-22,4.1,4.2,4.1,4.2,173452
DSE-2011,PHPMF1,2015-11-23,4.2,4.3,4.2,4.2,78045
DSE-2011,PHPMF1,2015-11-24,4.2,4.2,4.1,4.1,139475
DSE-2011,PHPMF1,2015-11-25,4.1,4.2,4.1,4.2,26096
DSE-2011,PHPMF1,2015-11-26,4.2,4.2,4.1,4.2,201364
DSE-2011,PHPMF1,2015-11-29,4.2,4.2,4.1,4.1,135295
DSE-2011,PHPMF1,2015-11-30,4.1,4.2,4.1,4.1,135493
DSE-2011,PHPMF1,2015-01-12,4.1,4.2,4.1,4.1,220117
DSE-2011,PHPMF1,2015-02-12,4.2,4.2,4.1,4.2,692119
DSE-2011,PHPMF1,2015-03-12,4.1,4.2,4.1,4.1,124768
DSE-2011,PHPMF1,2015-06-12,4.1,4.2,4.1,4.1,304550
DSE-2011,PHPMF1,2015-07-12,4.1,4.2,4.1,4.1,260994
DSE-2011,PHPMF1,2015-08-12,4.2,4.3,4.1,4.2,881263
DSE-2011,PHPMF1,2015-09-12,4.2,4.2,4.1,4.2,261318
DSE-2011,PHPMF1,2015-10-12,4.2,4.2,4.1,4.1,123979
DSE-2011,PHPMF1,2015-12-13,4.1,4.2,4.1,4.2,111048
DSE-2011,PHPMF1,2015-12-14,4.2,4.2,4.1,4.1,224212
DSE-2011,PHPMF1,2015-12-15,4.1,4.2,4.1,4.1,130032
DSE-2011,PHPMF1,2015-12-17,4.1,4.2,4.1,4.1,113177
DSE-2011,PHPMF1,2015-12-20,4.1,4.1,4.0,4.1,84050
DSE-2011,PHPMF1,2015-12-21,4.1,4.2,4.0,4.2,230694
DSE-2011,PHPMF1,2015-12-22,4.1,4.2,4.1,4.1,59036
DSE-2011,PHPMF1,2015-12-23,4.1,4.2,4.1,4.1,78043
DSE-2011,PHPMF1,2015-12-24,4.1,4.1,4.0,4.1,38540
DSE-2011,PHPMF1,2015-12-27,4.1,4.1,4.0,4.1,35037
DSE-2011,PHPMF1,2015-12-28,4.1,4.1,4.0,4.1,77922
DSE-2011,PHPMF1,2015-12-29,4.1,4.1,4.0,4.0,163640
DSE-2011,PHPMF1,2015-12-30,4.0,4.1,4.0,4.1,239077
DSE-2011,PHPMF1,2015-12-31,4.0,4.1,4.0,4.1,74858
DSE-2012,1JANATAMF,2012-01-01,9.0,9.1,8.7,8.9,701000
DSE-2012,1JANATAMF,2012-02-01,8.7,9.1,8.7,8.9,757000
DSE-2012,1JANATAMF,2012-03-01,9.0,9.0,8.8,8.8,480000
DSE-2012,1JANATAMF,2012-04-01,8.9,9.5,8.7,9.2,3313500
DSE-2012,1JANATAMF,2012-05-01,9.1,9.4,9.0,9.2,988500
DSE-2012,1JANATAMF,2012-08-01,9.0,9.4,8.9,9.2,1882500
DSE-2012,1JANATAMF,2012-09-01,9.0,9.0,8.8,8.9,924500
DSE-2012,1JANATAMF,2012-10-01,8.9,9.5,8.8,9.2,1708000
DSE-2012,1JANATAMF,2012-11-01,9.0,9.1,8.9,9.0,6471000
DSE-2012,1JANATAMF,2012-12-01,9.0,9.0,8.9,8.9,215000
DSE-2012,1JANATAMF,2012-01-15,8.8,9.3,8.7,9.1,641000
DSE-2012,1JANATAMF,2012-01-16,8.8,8.9,8.7,8.7,259000
DSE-2012,1JANATAMF,2012-01-18,8.6,8.8,8.3,8.3,305000
DSE-2012,1JANATAMF,2012-01-19,8.6,8.8,8.5,8.6,137000
DSE-2012,1JANATAMF,2012-01-22,8.8,8.9,8.4,8.4,181500
DSE-2012,1JANATAMF,2012-01-23,8.2,8.5,8.1,8.3,153500
DSE-2012,1JANATAMF,2012-01-24,8.1,8.4,8.1,8.1,124500
DSE-2012,1JANATAMF,2012-01-25,8.1,8.2,7.9,8.1,190000
DSE-2012,1JANATAMF,2012-01-26,8.1,8.1,7.9,7.9,279000
DSE-2012,1JANATAMF,2012-01-29,7.9,8.0,7.6,7.7,141000
DSE-2012,1JANATAMF,2012-01-30,7.4,7.9,7.4,7.7,74000
DSE-2012,1JANATAMF,2012-01-31,7.8,7.9,7.6,7.6,112000
DSE-2012,1JANATAMF,2012-01-02,7.5,7.7,7.2,7.2,151500
DSE-2012,1JANATAMF,2012-02-02,7.2,7.4,7.1,7.1,114500
DSE-2012,1JANATAMF,2012-06-02,7.0,7.0,6.5,6.7,133500
DSE-2012,1JANATAMF,2012-07-02,6.8,7.3,6.8,7.3,234500
DSE-2012,1JANATAMF,2012-08-02,7.6,7.6,7.1,7.1,166000
DSE-2012,1JANATAMF,2012-09-02,7.0,7.4,7.0,7.2,103000
DSE-2012,1JANATAMF,2012-12-02,7.2,7.6,7.2,7.5,282500
DSE-2012,1JANATAMF,2012-02-13,7.4,7.7,7.3,7.4,118000
DSE-2012,1JANATAMF,2012-02-14,7.4,7.5,7.3,7.3,39500
DSE-2012,1JANATAMF,2012-02-15,7.2,7.6,7.2,7.4,49000
DSE-2012,1JANATAMF,2012-02-16,7.5,7.5,7.3,7.3,41500
DSE-2012,1JANATAMF,2012-02-19,7.1,7.3,7.0,7.0,181500
DSE-2012,1JANATAMF,2012-02-20,7.0,7.3,7.0,7.0,153000
DSE-2012,1JANATAMF,2012-02-22,7.1,7.3,7.1,7.1,29000
DSE-2012,1JANATAMF,2012-02-23,7.3,7.5,7.2,7.4,246000
DSE-2012,1JANATAMF,2012-02-26,7.5,7.7,7.5,7.5,163500
DSE-2012,1JANATAMF,2012-02-27,7.5,7.5,7.3,7.3,95000
DSE-2012,1JANATAMF,2012-02-28,7.3,7.5,7.3,7.4,74000
DSE-2012,1JANATAMF,2012-02-29,7.4,7.8,7.4,7.5,291500
DSE-2012,1JANATAMF,2012-01-03,7.5,7.5,7.2,7.2,159000
DSE-2012,1JANATAMF,2012-04-03,7.3,7.4,7.1,7.3,370000
DSE-2012,1JANATAMF,2012-05-03,7.3,7.3,7.1,7.1,279500
DSE-2012,1JANATAMF,2012-06-03,7.0,7.2,7.0,7.0,406000
DSE-2012,1JANATAMF,2012-07-03,7.0,7.1,7.0,7.0,192500
DSE-2012,1JANATAMF,2012-08-03,7.0,7.2,7.0,7.0,74000
DSE-2012,1JANATAMF,2012-11-03,7.1,7.2,7.0,7.0,79500
DSE-2012,1JANATAMF,2012-12-03,7.1,7.1,7.0,7.0,16500
DSE-2012,1JANATAMF,2012-03-13,7.1,7.3,7.1,7.3,183500
DSE-2012,1JANATAMF,2012-03-14,7.2,7.3,7.1,7.1,130500
DSE-2012,1JANATAMF,2012-03-15,7.1,7.3,7.1,7.1,47000
DSE-2012,1JANATAMF,2012-03-18,7.3,7.4,7.1,7.1,283500
DSE-2012,1JANATAMF,2012-03-19,7.1,7.3,7.1,7.1,182000
DSE-2012,1JANATAMF,2012-03-20,7.1,7.3,7.1,7.2,106000
DSE-2012,1JANATAMF,2012-03-21,7.2,7.3,7.2,7.2,174500
DSE-2012,1JANATAMF,2012-03-22,7.2,7.3,7.1,7.2,65000
DSE-2012,1JANATAMF,2012-03-25,7.3,7.4,7.2,7.2,153000
DSE-2012,1JANATAMF,2012-03-27,7.1,7.4,7.1,7.3,170000
DSE-2012,1JANATAMF,2012-03-28,7.3,7.5,7.3,7.3,452000
DSE-2012,1JANATAMF,2012-03-29,7.5,7.9,7.4,7.6,715000
DSE-2012,1JANATAMF,2012-01-04,7.8,7.9,7.6,7.8,519000
DSE-2012,1JANATAMF,2012-02-04,8.0,8.0,7.7,7.8,270000
DSE-2012,1JANATAMF,2012-03-04,7.6,7.8,7.6,7.6,168500
DSE-2012,1JANATAMF,2012-04-04,7.6,7.7,7.4,7.5,99500
DSE-2012,1JANATAMF,2012-05-04,7.5,7.7,7.3,7.5,253000
DSE-2012,1JANATAMF,2012-08-04,7.5,7.6,7.4,7.5,192000
DSE-2012,1JANATAMF,2012-09-04,7.5,7.5,7.3,7.3,115500
DSE-2012,1JANATAMF,2012-10-04,7.6,7.6,7.3,7.4,158500
DSE-2012,1JANATAMF,2012-11-04,7.5,7.7,7.4,7.5,700000
DSE-2012,1JANATAMF,2012-12-04,7.5,7.7,7.5,7.5,145500
DSE-2012,1JANATAMF,2012-04-15,7.7,7.8,7.5,7.6,451000
DSE-2012,1JANATAMF,2012-04-16,7.8,7.8,7.6,7.6,206500
DSE-2012,1JANATAMF,2012-04-17,7.6,7.9,7.6,7.8,287500
DSE-2012,1JANATAMF,2012-04-18,7.8,8.0,7.8,7.9,858500
DSE-2012,1JANATAMF,2012-04-19,7.8,7.9,7.6,7.6,161500
DSE-2012,1JANATAMF,2012-04-22,7.5,7.8,7.5,7.6,425000
DSE-2012,1JANATAMF,2012-04-23,7.6,7.8,7.6,7.6,580500
DSE-2012,1JANATAMF,2012-04-24,7.6,7.8,7.6,7.6,263000
DSE-2012,1JANATAMF,2012-04-25,7.5,7.7,7.5,7.5,189500
DSE-2012,1JANATAMF,2012-04-26,7.5,7.7,7.4,7.4,73500
DSE-2012,1JANATAMF,2012-04-29,7.4,7.5,7.3,7.4,144000
DSE-2012,1JANATAMF,2012-04-30,7.6,7.7,7.4,7.4,183000
DSE-2012,1JANATAMF,2012-02-05,7.5,7.6,7.5,7.5,116000
DSE-2012,1JANATAMF,2012-03-05,7.5,7.5,7.2,7.2,306000
DSE-2012,1JANATAMF,2012-07-05,7.3,7.4,7.2,7.3,43000
DSE-2012,1JANATAMF,2012-08-05,7.4,7.4,7.2,7.2,283000
DSE-2012,1JANATAMF,2012-09-05,7.3,7.3,7.1,7.2,210000
DSE-2012,1JANATAMF,2012-10-05,7.2,7.4,7.2,7.3,241500
DSE-2012,1JANATAMF,2012-05-13,7.3,7.3,7.2,7.2,77500
DSE-2012,1JANATAMF,2012-05-14,7.2,7.3,7.2,7.2,72000
DSE-2012,1JANATAMF,2012-05-15,7.2,7.4,7.2,7.2,85500
DSE-2012,1JANATAMF,2012-05-16,7.3,7.3,7.2,7.2,228500
DSE-2012,1JANATAMF,2012-05-17,7.3,7.3,7.2,7.2,48000
DSE-2012,1JANATAMF,2012-05-20,7.1,7.3,7.1,7.1,142500
DSE-2012,1JANATAMF,2012-05-21,7.2,7.5,7.1,7.3,95500
DSE-2012,1JANATAMF,2012-05-22,7.2,7.3,7.2,7.2,53000
DSE-2012,1JANATAMF,2012-05-23,7.1,7.2,7.0,7.1,103500
DSE-2012,1JANATAMF,2012-05-24,7.1,7.3,7.1,7.1,40000
DSE-2012,1JANATAMF,2012-05-27,7.0,7.1,6.9,7.0,134000
DSE-2012,1JANATAMF,2012-05-28,7.0,7.1,6.9,6.9,274000
DSE-2012,1JANATAMF,2012-05-29,6.9,7.0,6.9,6.9,327000
DSE-2012,1JANATAMF,2012-05-30,6.9,7.1,6.9,7.0,70500
DSE-2012,1JANATAMF,2012-05-31,7.0,7.1,7.0,7.0,90500
DSE-2012,1JANATAMF,2012-03-06,7.0,7.2,7.0,7.1,50000
DSE-2012,1JANATAMF,2012-04-06,7.3,7.3,6.9,6.9,120500
DSE-2012,1JANATAMF,2012-05-06,7.0,7.1,6.9,6.9,42500
DSE-2012,1JANATAMF,2012-06-06,7.0,7.1,6.9,7.0,80500
DSE-2012,1JANATAMF,2012-07-06,6.9,7.0,6.9,6.9,90500
DSE-2012,1JANATAMF,2012-10-06,6.9,7.0,6.9,6.9,25000
DSE-2012,1JANATAMF,2012-11-06,7.0,7.0,6.9,6.9,68000
DSE-2012,1JANATAMF,2012-12-06,6.9,7.0,6.9,6.9,62500
DSE-2012,1JANATAMF,2012-06-13,6.9,7.0,6.9,6.9,49500
DSE-2012,1JANATAMF,2012-06-14,6.9,7.1,6.9,6.9,62000
DSE-2012,1JANATAMF,2012-06-17,6.9,7.0,6.9,6.9,140500
DSE-2012,1JANATAMF,2012-06-18,6.9,7.0,6.9,6.9,82500
DSE-2012,1JANATAMF,2012-06-19,6.9,7.0,6.9,6.9,62000
DSE-2012,1JANATAMF,2012-06-20,6.8,7.0,6.8,6.8,41500
DSE-2012,1JANATAMF,2012-06-21,6.8,7.0,6.8,6.9,78000
DSE-2012,1JANATAMF,2012-06-24,6.9,7.1,6.8,6.8,37500
DSE-2012,1JANATAMF,2012-06-25,6.6,6.9,6.6,6.8,33500
DSE-2012,1JANATAMF,2012-06-26,6.9,7.1,6.7,7.0,74000
DSE-2012,1JANATAMF,2012-06-27,7.0,7.3,6.9,7.1,142000
DSE-2012,1JANATAMF,2012-06-28,7.1,7.3,7.0,7.1,87000
DSE-2012,1JANATAMF,2012-02-07,7.0,7.0,6.9,6.9,27000
DSE-2012,1JANATAMF,2012-03-07,6.9,7.0,6.8,6.9,40000
DSE-2012,1JANATAMF,2012-04-07,6.8,7.0,6.8,6.8,43500
DSE-2012,1JANATAMF,2012-05-07,6.9,6.9,6.8,6.8,45000
DSE-2012,1JANATAMF,2012-08-07,6.9,6.9,6.6,6.7,140500
DSE-2012,1JANATAMF,2012-09-07,6.7,6.9,6.7,6.7,44000
DSE-2012,1JANATAMF,2012-10-07,6.7,6.7,6.3,6.4,148500
DSE-2012,1JANATAMF,2012-11-07,6.3,6.7,6.3,6.4,35500
DSE-2012,1JANATAMF,2012-12-07,6.6,6.8,6.5,6.6,63000
DSE-2012,1JANATAMF,2012-07-15,6.4,6.6,6.3,6.3,61500
DSE-2012,1JANATAMF,2012-07-16,6.2,6.5,6.2,6.4,34500
DSE-2012,1JANATAMF,2012-07-17,6.4,6.5,6.3,6.4,33500
DSE-2012,1JANATAMF,2012-07-18,6.4,6.6,6.3,6.3,44500
DSE-2012,1JANATAMF,2012-07-19,6.4,6.6,6.4,6.4,83500
DSE-2012,1JANATAMF,2012-07-22,6.4,6.5,6.3,6.3,57500
DSE-2012,1JANATAMF,2012-07-23,6.3,6.5,6.3,6.3,64000
DSE-2012,1JANATAMF,2012-07-24,6.4,6.6,6.4,6.5,76500
DSE-2012,1JANATAMF,2012-07-25,6.4,6.5,6.4,6.4,38500
DSE-2012,1JANATAMF,2012-07-26,6.4,6.5,6.3,6.4,152000
DSE-2012,1JANATAMF,2012-07-29,6.4,6.4,6.2,6.3,155000
DSE-2012,1JANATAMF,2012-07-30,6.3,6.4,6.3,6.3,32500
DSE-2012,1JANATAMF,2012-01-08,6.3,6.4,6.2,6.3,61500
DSE-2012,1JANATAMF,2012-02-08,6.3,6.4,6.1,6.1,211500
DSE-2012,1JANATAMF,2012-05-08,6.2,6.2,6.1,6.1,57000
DSE-2012,1JANATAMF,2012-06-08,6.2,6.2,6.1,6.1,133500
DSE-2012,1JANATAMF,2012-07-08,6.1,6.2,6.0,6.0,103500
DSE-2012,1JANATAMF,2012-08-08,6.0,6.1,5.9,5.9,93000
DSE-2012,1JANATAMF,2012-12-08,6.0,6.2,6.0,6.1,263500
DSE-2012,1JANATAMF,2012-08-13,5.6,5.9,5.6,5.8,204500
DSE-2012,1JANATAMF,2012-08-14,5.7,5.8,5.5,5.7,96000
DSE-2012,1JANATAMF,2012-08-26,5.7,5.9,5.5,5.6,236500
DSE-2012,1JANATAMF,2012-08-27,5.7,5.9,5.6,5.7,78500
DSE-2012,1JANATAMF,2012-08-28,5.6,5.7,5.5,5.6,257000
DSE-2012,1JANATAMF,2012-08-29,5.7,5.9,5.6,5.7,247000
DSE-2012,1JANATAMF,2012-08-30,5.6,5.9,5.6,5.7,83500
DSE-2012,1JANATAMF,2012-02-09,5.6,5.9,5.6,5.7,56500
DSE-2012,1JANATAMF,2012-03-09,5.7,5.9,5.7,5.7,100500
DSE-2012,1JANATAMF,2012-04-09,5.7,5.9,5.7,5.7,174000
DSE-2012,1JANATAMF,2012-05-09,5.7,5.8,5.7,5.7,83000
DSE-2012,1JANATAMF,2012-06-09,5.6,5.7,5.6,5.6,78000
DSE-2012,1JANATAMF,2012-09-09,5.6,5.7,5.4,5.5,212500
DSE-2012,1JANATAMF,2012-10-09,5.4,5.6,5.4,5.5,85500
DSE-2012,1JANATAMF,2012-11-09,5.4,5.6,5.4,5.5,49000
DSE-2012,1JANATAMF,2012-12-09,5.5,5.6,5.4,5.5,78500
DSE-2012,1JANATAMF,2012-09-13,5.5,5.7,5.4,5.6,97000
DSE-2012,1JANATAMF,2012-09-16,5.7,6.0,5.4,5.8,371500
DSE-2012,1JANATAMF,2012-09-17,5.8,6.3,5.8,6.2,623500
DSE-2012,1JANATAMF,2012-09-18,6.4,6.8,6.3,6.7,797500
DSE-2012,1JANATAMF,2012-09-19,7.0,7.3,6.8,7.3,1008000
DSE-2012,1JANATAMF,2012-09-20,7.3,8.0,7.0,7.9,2628000
DSE-2012,1JANATAMF,2012-09-23,8.2,8.6,8.1,8.6,1751500
DSE-2012,1JANATAMF,2012-09-24,8.5,8.8,7.9,8.0,1173000
DSE-2012,1JANATAMF,2012-09-25,8.4,8.4,7.7,8.1,1231000
DSE-2012,1JANATAMF,2012-09-26,8.4,8.8,8.1,8.2,1344000
DSE-2012,1JANATAMF,2012-09-27,8.1,8.8,8.1,8.5,1529500
DSE-2012,1JANATAMF,2012-09-30,8.6,8.9,8.3,8.3,1180000
DSE-2012,1JANATAMF,2012-01-10,8.0,8.8,8.0,8.6,1536500
DSE-2012,1JANATAMF,2012-01-10,8.0,8.8,8.0,8.6,1536500
DSE-2012,1JANATAMF,2012-02-10,9.0,9.4,8.9,9.4,3346000
DSE-2012,1JANATAMF,2012-03-10,10.3,10.3,9.2,9.3,4667500
DSE-2012,1JANATAMF,2012-04-10,9.0,9.9,8.5,9.4,2253500
DSE-2012,1JANATAMF,2012-07-10,9.8,9.8,8.5,8.5,1353000
DSE-2012,1JANATAMF,2012-08-10,8.5,8.9,7.8,8.0,1026500
DSE-2012,1JANATAMF,2012-09-10,8.4,8.8,8.3,8.8,834000
DSE-2012,1JANATAMF,2012-10-10,9.4,9.5,8.2,8.3,833500
DSE-2012,1JANATAMF,2012-11-10,8.3,8.5,8.0,8.1,746000
DSE-2012,1JANATAMF,2012-10-14,8.5,8.6,7.8,7.8,799000
DSE-2012,1JANATAMF,2012-10-15,7.3,8.5,7.3,8.5,764000
DSE-2012,1JANATAMF,2012-10-16,8.8,9.0,8.1,8.2,837500
DSE-2012,1JANATAMF,2012-10-17,8.2,8.5,8.1,8.2,421500
DSE-2012,1JANATAMF,2012-10-18,8.6,8.7,8.3,8.3,625500
DSE-2012,1JANATAMF,2012-10-21,8.4,8.5,8.1,8.2,300500
DSE-2012,1JANATAMF,2012-10-22,8.2,8.3,8.0,8.0,292000
DSE-2012,1JANATAMF,2012-10-23,8.1,8.5,8.1,8.3,286000
DSE-2012,1JANATAMF,2012-10-30,8.3,8.4,8.0,8.1,212500
DSE-2012,1JANATAMF,2012-10-31,8.1,8.5,8.1,8.2,517000
DSE-2012,1JANATAMF,2012-01-11,8.2,8.4,8.1,8.1,282500
DSE-2012,1JANATAMF,2012-04-11,8.3,8.3,7.9,7.9,404000
DSE-2012,1JANATAMF,2012-05-11,8.0,8.1,7.9,7.9,303000
DSE-2012,1JANATAMF,2012-06-11,8.0,8.3,8.0,8.2,645000
DSE-2012,1JANATAMF,2012-07-11,8.4,8.4,8.0,8.0,385000
DSE-2012,1JANATAMF,2012-08-11,8.0,8.1,7.8,7.8,239500
DSE-2012,1JANATAMF,2012-11-11,7.9,7.9,7.3,7.4,394500
DSE-2012,1JANATAMF,2012-12-11,7.7,7.7,7.1,7.3,275500
DSE-2012,1JANATAMF,2012-11-13,7.4,7.5,7.2,7.4,343000
DSE-2012,1JANATAMF,2012-11-14,7.4,7.5,7.2,7.2,275000
DSE-2012,1JANATAMF,2012-11-15,7.2,7.9,7.2,7.8,613500
DSE-2012,1JANATAMF,2012-11-18,8.0,8.2,7.4,7.7,627500
DSE-2012,1JANATAMF,2012-11-19,7.6,7.8,7.4,7.4,261500
DSE-2012,1JANATAMF,2012-11-20,7.4,7.6,7.3,7.3,142500
DSE-2012,1JANATAMF,2012-11-21,7.5,7.5,7.3,7.3,92500
DSE-2012,1JANATAMF,2012-11-22,7.5,7.7,7.3,7.3,1007500
DSE-2012,1JANATAMF,2012-11-26,7.3,7.4,7.2,7.2,470500
DSE-2012,1JANATAMF,2012-11-27,7.2,7.4,7.1,7.1,191000
DSE-2012,1JANATAMF,2012-11-28,7.2,7.3,7.1,7.1,165000
DSE-2012,1JANATAMF,2012-11-29,7.3,7.8,7.3,7.7,391500
DSE-2012,1JANATAMF,2012-02-12,8.0,8.0,7.4,7.4,436000
DSE-2012,1JANATAMF,2012-03-12,7.4,7.5,7.3,7.3,137500
DSE-2012,1JANATAMF,2012-04-12,7.2,7.5,7.2,7.3,339000
DSE-2012,1JANATAMF,2012-05-12,7.7,7.7,7.1,7.2,377500
DSE-2012,1JANATAMF,2012-06-12,7.2,7.3,7.2,7.2,87000
DSE-2012,1JANATAMF,2012-09-12,7.2,7.2,7.0,7.0,133500
DSE-2012,1JANATAMF,2012-10-12,7.1,7.1,6.8,6.8,296500
DSE-2012,1JANATAMF,2012-11-12,6.8,7.3,6.8,7.2,365500
DSE-2012,1JANATAMF,2012-12-12,7.3,7.4,7.2,7.2,205500
DSE-2012,1JANATAMF,2012-12-13,7.1,7.2,7.0,7.1,72500
DSE-2012,1JANATAMF,2012-12-17,7.2,7.3,7.2,7.2,177500
DSE-2012,1JANATAMF,2012-12-18,7.2,7.2,7.1,7.1,113500
DSE-2012,1JANATAMF,2012-12-19,7.0,7.2,7.0,7.1,248500
DSE-2012,1JANATAMF,2012-12-20,7.2,7.2,7.0,7.0,344500
DSE-2012,1JANATAMF,2012-12-23,6.9,7.0,6.8,6.8,287500
DSE-2012,1JANATAMF,2012-12-24,6.9,7.1,6.8,7.0,441500
DSE-2012,1JANATAMF,2012-12-26,7.0,7.3,6.9,7.1,277000
DSE-2012,1JANATAMF,2012-12-27,7.2,7.2,7.0,7.1,127500
DSE-2012,1JANATAMF,2012-12-30,7.2,7.2,7.0,7.0,80000
DSE-2012,DBH1STMF,2012-01-01,8.4,8.6,8.2,8.3,906500
DSE-2012,DBH1STMF,2012-02-01,8.4,8.6,8.3,8.3,421500
DSE-2012,DBH1STMF,2012-03-01,8.4,8.5,8.3,8.4,240500
DSE-2012,DBH1STMF,2012-04-01,8.4,8.9,8.4,8.7,1698500
DSE-2012,DBH1STMF,2012-05-01,8.7,8.9,8.6,8.7,1094000
DSE-2012,DBH1STMF,2012-08-01,8.8,8.8,8.5,8.6,594500
DSE-2012,DBH1STMF,2012-09-01,8.6,8.6,8.2,8.2,505000
DSE-2012,DBH1STMF,2012-10-01,8.4,8.4,8.1,8.2,348500
DSE-2012,DBH1STMF,2012-11-01,8.2,8.5,8.1,8.3,424500
DSE-2012,DBH1STMF,2012-12-01,8.3,8.5,8.1,8.2,142000
DSE-2012,DBH1STMF,2012-01-15,8.3,8.3,8.1,8.1,149000
DSE-2012,DBH1STMF,2012-01-16,8.1,8.1,7.7,7.8,416000
DSE-2012,DBH1STMF,2012-01-18,7.6,8.1,7.6,7.7,252500
DSE-2012,DBH1STMF,2012-01-19,8.0,8.1,7.9,7.9,446500
DSE-2012,DBH1STMF,2012-01-22,8.0,8.0,7.6,7.7,219000
DSE-2012,DBH1STMF,2012-01-23,7.6,7.8,7.3,7.4,729000
DSE-2012,DBH1STMF,2012-01-24,7.6,7.8,7.3,7.3,507000
DSE-2012,DBH1STMF,2012-01-25,7.3,7.5,7.2,7.4,212500
DSE-2012,DBH1STMF,2012-01-26,7.3,7.4,7.2,7.3,229500
DSE-2012,DBH1STMF,2012-01-29,7.3,7.3,6.8,6.9,332500
DSE-2012,DBH1STMF,2012-01-30,6.8,7.0,6.7,6.9,199000
DSE-2012,DBH1STMF,2012-01-31,7.0,7.1,6.7,6.9,451500
DSE-2012,DBH1STMF,2012-01-02,6.7,6.7,6.4,6.5,179500
DSE-2012,DBH1STMF,2012-02-02,6.6,6.8,6.5,6.5,128000
DSE-2012,DBH1STMF,2012-06-02,6.5,6.6,6.0,6.2,338500
DSE-2012,DBH1STMF,2012-07-02,6.7,6.8,6.4,6.7,229500
DSE-2012,DBH1STMF,2012-08-02,6.7,6.7,6.2,6.3,157000
DSE-2012,DBH1STMF,2012-09-02,6.4,6.8,6.4,6.7,203000
DSE-2012,DBH1STMF,2012-12-02,6.6,7.2,6.6,6.9,317500
DSE-2012,DBH1STMF,2012-02-13,7.0,7.2,6.8,6.8,467000
DSE-2012,DBH1STMF,2012-02-14,6.7,6.9,6.4,6.5,467000
DSE-2012,DBH1STMF,2012-02-15,6.8,6.8,6.4,6.4,354500
DSE-2012,DBH1STMF,2012-02-16,6.6,6.7,6.4,6.6,183000
DSE-2012,DBH1STMF,2012-02-19,6.5,6.7,6.5,6.6,88500
DSE-2012,DBH1STMF,2012-02-20,6.5,6.8,6.5,6.7,736000
DSE-2012,DBH1STMF,2012-02-22,6.8,6.9,6.7,6.8,223000
DSE-2012,DBH1STMF,2012-02-23,6.9,7.2,6.9,7.0,318000
DSE-2012,DBH1STMF,2012-02-26,7.2,7.3,7.0,7.0,676500
DSE-2012,DBH1STMF,2012-02-27,7.2,7.2,6.7,6.8,326500
DSE-2012,DBH1STMF,2012-02-28,7.0,7.1,6.8,6.8,392000
DSE-2012,DBH1STMF,2012-02-29,6.9,7.1,6.8,6.9,648000
DSE-2012,DBH1STMF,2012-01-03,6.9,7.0,6.8,6.8,149500
DSE-2012,DBH1STMF,2012-04-03,6.8,6.9,6.6,6.8,384500
DSE-2012,DBH1STMF,2012-05-03,6.9,7.0,6.6,6.6,269500
DSE-2012,DBH1STMF,2012-06-03,6.6,6.8,6.6,6.6,164500
DSE-2012,DBH1STMF,2012-07-03,6.7,6.7,6.5,6.5,87500
DSE-2012,DBH1STMF,2012-08-03,6.6,6.7,6.5,6.6,136500
DSE-2012,DBH1STMF,2012-11-03,6.7,6.7,6.5,6.5,53500
DSE-2012,DBH1STMF,2012-12-03,6.6,6.7,6.6,6.6,21000
DSE-2012,DBH1STMF,2012-03-13,6.8,6.9,6.7,6.8,221500
DSE-2012,DBH1STMF,2012-03-14,6.9,7.0,6.7,6.8,316500
DSE-2012,DBH1STMF,2012-03-15,6.9,7.0,6.8,6.8,312000
DSE-2012,DBH1STMF,2012-03-18,7.0,7.2,6.9,7.0,500500
DSE-2012,DBH1STMF,2012-03-19,6.9,7.1,6.9,6.9,208000
DSE-2012,DBH1STMF,2012-03-20,6.9,7.1,6.9,6.9,380500
DSE-2012,DBH1STMF,2012-03-21,7.0,7.0,6.8,6.8,421000
DSE-2012,DBH1STMF,2012-03-22,6.8,7.0,6.8,6.8,455500
DSE-2012,DBH1STMF,2012-03-25,6.9,7.0,6.8,6.8,352000
DSE-2012,DBH1STMF,2012-03-27,6.9,7.0,6.8,6.9,501500
DSE-2012,DBH1STMF,2012-03-28,6.8,7.3,6.8,7.1,983500
DSE-2012,DBH1STMF,2012-03-29,7.3,7.8,7.1,7.7,1781500
DSE-2012,DBH1STMF,2012-01-04,7.9,8.4,7.9,8.3,1586000
DSE-2012,DBH1STMF,2012-02-04,8.2,8.4,8.1,8.1,1013500
DSE-2012,DBH1STMF,2012-03-04,8.0,8.1,7.8,7.8,701000
DSE-2012,DBH1STMF,2012-04-04,7.8,7.9,7.5,7.5,390000
DSE-2012,DBH1STMF,2012-05-04,7.5,7.9,7.4,7.7,576500
DSE-2012,DBH1STMF,2012-08-04,7.7,7.9,7.5,7.5,489000
DSE-2012,DBH1STMF,2012-09-04,7.5,7.6,7.3,7.3,446500
DSE-2012,DBH1STMF,2012-10-04,7.5,7.6,7.3,7.4,643500
DSE-2012,DBH1STMF,2012-11-04,7.6,7.8,7.5,7.5,509000
DSE-2012,DBH1STMF,2012-12-04,7.6,7.8,7.6,7.7,598000
DSE-2012,DBH1STMF,2012-04-15,7.8,7.8,7.5,7.6,967500
DSE-2012,DBH1STMF,2012-04-16,7.8,7.8,7.5,7.6,1004000
DSE-2012,DBH1STMF,2012-04-17,7.6,7.7,7.6,7.6,433500
DSE-2012,DBH1STMF,2012-04-18,7.6,7.8,7.6,7.7,1018000
DSE-2012,DBH1STMF,2012-04-19,7.7,7.7,7.4,7.4,728500
DSE-2012,DBH1STMF,2012-04-22,7.3,7.5,7.3,7.3,295000
DSE-2012,DBH1STMF,2012-04-23,7.5,7.5,7.2,7.2,240500
DSE-2012,DBH1STMF,2012-04-24,7.2,7.4,7.1,7.1,779000
DSE-2012,DBH1STMF,2012-04-25,7.3,7.3,7.0,7.0,230000
DSE-2012,DBH1STMF,2012-04-26,7.0,7.2,7.0,7.0,314000
DSE-2012,DBH1STMF,2012-04-29,6.9,7.0,6.8,6.8,226500
DSE-2012,DBH1STMF,2012-04-30,6.9,7.1,6.9,6.9,228000
DSE-2012,DBH1STMF,2012-02-05,7.0,7.1,6.9,7.0,106000
DSE-2012,DBH1STMF,2012-03-05,6.9,7.1,6.9,6.9,176000
DSE-2012,DBH1STMF,2012-07-05,6.9,7.0,6.8,6.8,164000
DSE-2012,DBH1STMF,2012-08-05,6.9,6.9,6.7,6.7,149500
DSE-2012,DBH1STMF,2012-09-05,6.7,6.7,6.5,6.5,264500
DSE-2012,DBH1STMF,2012-10-05,6.6,6.8,6.4,6.6,358500
DSE-2012,DBH1STMF,2012-05-13,6.8,6.9,6.5,6.5,157000
DSE-2012,DBH1STMF,2012-05-14,6.5,6.7,6.5,6.5,132000
DSE-2012,DBH1STMF,2012-05-15,6.6,6.7,6.5,6.5,269000
DSE-2012,DBH1STMF,2012-05-16,6.5,6.7,6.5,6.5,327500
DSE-2012,DBH1STMF,2012-05-17,6.6,6.6,6.5,6.5,178500
DSE-2012,DBH1STMF,2012-05-20,6.5,6.6,6.5,6.5,47000
DSE-2012,DBH1STMF,2012-05-21,6.6,6.7,6.5,6.5,304500
DSE-2012,DBH1STMF,2012-05-22,6.6,6.6,6.4,6.4,229000
DSE-2012,DBH1STMF,2012-05-23,6.4,6.5,6.2,6.3,195000
DSE-2012,DBH1STMF,2012-05-24,6.4,6.5,6.3,6.3,149500
DSE-2012,DBH1STMF,2012-05-27,6.3,6.4,6.2,6.2,189000
DSE-2012,DBH1STMF,2012-05-28,6.3,6.3,6.1,6.1,191000
DSE-2012,DBH1STMF,2012-05-29,6.3,6.3,6.0,6.2,238000
DSE-2012,DBH1STMF,2012-05-30,6.2,6.3,6.1,6.1,154000
DSE-2012,DBH1STMF,2012-05-31,6.2,6.2,6.1,6.2,101000
DSE-2012,DBH1STMF,2012-03-06,6.3,6.4,6.2,6.3,138000
DSE-2012,DBH1STMF,2012-04-06,6.4,6.4,6.1,6.1,349000
DSE-2012,DBH1STMF,2012-05-06,6.2,6.3,6.1,6.2,81000
DSE-2012,DBH1STMF,2012-06-06,6.2,6.3,6.2,6.2,110500
DSE-2012,DBH1STMF,2012-07-06,6.2,6.4,6.2,6.3,93500
DSE-2012,DBH1STMF,2012-10-06,6.2,6.3,6.1,6.1,29000
DSE-2012,DBH1STMF,2012-11-06,6.2,6.3,6.1,6.2,84500
DSE-2012,DBH1STMF,2012-12-06,6.2,6.3,6.1,6.1,61000
DSE-2012,DBH1STMF,2012-06-13,6.1,6.3,6.1,6.1,53000
DSE-2012,DBH1STMF,2012-06-14,6.2,6.2,6.1,6.1,62500
DSE-2012,DBH1STMF,2012-06-17,6.1,6.2,6.0,6.0,123000
DSE-2012,DBH1STMF,2012-06-18,6.1,6.1,5.9,5.9,156000
DSE-2012,DBH1STMF,2012-06-19,5.8,6.0,5.8,5.9,74000
DSE-2012,DBH1STMF,2012-06-20,5.9,5.9,5.7,5.8,76000
DSE-2012,DBH1STMF,2012-06-21,6.0,6.0,5.8,5.8,145500
DSE-2012,DBH1STMF,2012-06-24,5.9,6.0,5.8,5.8,133500
DSE-2012,DBH1STMF,2012-06-25,5.7,5.9,5.7,5.8,33000
DSE-2012,DBH1STMF,2012-06-26,5.8,6.0,5.8,6.0,109500
DSE-2012,DBH1STMF,2012-06-27,5.9,6.1,5.9,6.0,245000
DSE-2012,DBH1STMF,2012-06-28,6.1,6.1,6.0,6.0,175000
DSE-2012,DBH1STMF,2012-02-07,6.0,6.0,5.7,5.7,159500
DSE-2012,DBH1STMF,2012-03-07,5.8,6.0,5.8,5.8,74500
DSE-2012,DBH1STMF,2012-04-07,5.9,5.9,5.7,5.8,95500
DSE-2012,DBH1STMF,2012-05-07,5.8,5.9,5.7,5.8,100500
DSE-2012,DBH1STMF,2012-08-07,5.9,5.9,5.8,5.8,69000
DSE-2012,DBH1STMF,2012-09-07,5.8,5.8,5.7,5.7,55500
DSE-2012,DBH1STMF,2012-10-07,5.6,5.7,5.5,5.5,258000
DSE-2012,DBH1STMF,2012-11-07,5.3,5.8,5.3,5.7,316000
DSE-2012,DBH1STMF,2012-12-07,5.5,5.8,5.5,5.6,94500
DSE-2012,DBH1STMF,2012-07-15,5.5,5.5,5.3,5.3,76000
DSE-2012,DBH1STMF,2012-07-16,5.3,5.5,5.2,5.3,60500
DSE-2012,DBH1STMF,2012-07-17,5.4,5.5,5.3,5.3,61000
DSE-2012,DBH1STMF,2012-07-18,5.5,5.6,5.4,5.4,108500
DSE-2012,DBH1STMF,2012-07-19,5.6,5.6,5.4,5.4,245500
DSE-2012,DBH1STMF,2012-07-22,5.3,5.4,5.3,5.3,73000
DSE-2012,DBH1STMF,2012-07-23,5.3,5.5,5.3,5.4,39000
DSE-2012,DBH1STMF,2012-07-24,5.4,5.7,5.4,5.5,168500
DSE-2012,DBH1STMF,2012-07-25,5.5,5.6,5.4,5.4,81500
DSE-2012,DBH1STMF,2012-07-26,5.6,5.6,5.4,5.5,90500
DSE-2012,DBH1STMF,2012-07-29,5.5,5.6,5.5,5.5,55500
DSE-2012,DBH1STMF,2012-07-30,5.6,5.7,5.5,5.5,100500
DSE-2012,DBH1STMF,2012-01-08,5.6,5.8,5.5,5.7,265500
DSE-2012,DBH1STMF,2012-02-08,5.7,5.9,5.6,5.8,582000
DSE-2012,DBH1STMF,2012-05-08,5.7,6.0,5.6,5.9,230500
DSE-2012,DBH1STMF,2012-06-08,5.9,6.2,5.9,6.1,452500
DSE-2012,DBH1STMF,2012-07-08,6.3,6.3,5.9,6.0,100000
DSE-2012,DBH1STMF,2012-08-08,6.0,6.0,5.7,5.8,125000
DSE-2012,DBH1STMF,2012-12-08,5.7,5.9,5.6,5.6,204000
DSE-2012,DBH1STMF,2012-08-13,5.2,5.4,4.9,5.0,649000
DSE-2012,DBH1STMF,2012-08-14,4.9,5.1,4.9,5.0,245500
DSE-2012,DBH1STMF,2012-08-26,5.3,5.4,5.0,5.3,243000
DSE-2012,DBH1STMF,2012-08-27,5.2,5.2,5.1,5.1,282000
DSE-2012,DBH1STMF,2012-08-28,5.0,5.2,5.0,5.1,167000
DSE-2012,DBH1STMF,2012-08-29,5.1,5.4,5.1,5.3,501000
DSE-2012,DBH1STMF,2012-08-30,5.4,5.5,5.2,5.3,275500
DSE-2012,DBH1STMF,2012-02-09,5.4,5.4,5.0,5.0,1240000
DSE-2012,DBH1STMF,2012-03-09,5.1,5.2,5.1,5.1,88000
DSE-2012,DBH1STMF,2012-04-09,5.3,5.3,5.1,5.1,240000
DSE-2012,DBH1STMF,2012-05-09,5.1,5.2,5.1,5.1,431000
DSE-2012,DBH1STMF,2012-06-09,5.0,5.1,4.9,5.0,561000
DSE-2012,DBH1STMF,2012-09-09,5.0,5.1,4.9,5.0,275500
DSE-2012,DBH1STMF,2012-10-09,5.0,5.1,5.0,5.0,444000
DSE-2012,DBH1STMF,2012-11-09,5.1,5.1,4.9,5.0,337500
DSE-2012,DBH1STMF,2012-12-09,5.0,5.1,5.0,5.0,323500
DSE-2012,DBH1STMF,2012-09-13,5.0,5.2,5.0,5.1,495500
DSE-2012,DBH1STMF,2012-09-16,5.1,5.4,5.1,5.2,524500
DSE-2012,DBH1STMF,2012-09-17,5.3,5.7,5.2,5.7,935500
DSE-2012,DBH1STMF,2012-09-18,6.2,6.2,5.8,6.1,1523000
DSE-2012,DBH1STMF,2012-09-19,6.4,6.7,6.2,6.7,1014000
DSE-2012,DBH1STMF,2012-09-20,6.9,7.3,6.4,7.3,1727500
DSE-2012,DBH1STMF,2012-09-23,7.9,8.0,7.6,8.0,2004500
DSE-2012,DBH1STMF,2012-09-24,8.7,8.8,7.7,7.9,2790500
DSE-2012,DBH1STMF,2012-09-25,8.0,8.6,8.0,8.5,2638000
DSE-2012,DBH1STMF,2012-09-26,8.6,9.2,8.6,8.9,2661000
DSE-2012,DBH1STMF,2012-09-27,9.0,9.4,8.7,8.9,1699500
DSE-2012,DBH1STMF,2012-09-30,9.4,9.5,8.5,8.7,2944000
DSE-2012,DBH1STMF,2012-01-10,8.6,9.5,8.3,9.3,2109000
DSE-2012,DBH1STMF,2012-01-10,8.6,9.5,8.3,9.3,2109000
DSE-2012,DBH1STMF,2012-02-10,9.9,10.2,9.8,10.2,2780000
DSE-2012,DBH1STMF,2012-03-10,11.2,11.2,9.9,10.0,5583000
DSE-2012,DBH1STMF,2012-04-10,10.0,10.5,9.1,10.1,2842000
DSE-2012,DBH1STMF,2012-07-10,10.6,10.6,9.1,9.1,1957000
DSE-2012,DBH1STMF,2012-08-10,8.7,9.4,8.2,8.6,1394500
DSE-2012,DBH1STMF,2012-09-10,9.4,9.4,8.8,9.3,1067500
DSE-2012,DBH1STMF,2012-10-10,9.9,10.0,8.5,8.7,877000
DSE-2012,DBH1STMF,2012-11-10,8.5,8.9,8.2,8.3,1036000
DSE-2012,DBH1STMF,2012-10-14,8.5,8.9,7.9,8.0,794500
DSE-2012,DBH1STMF,2012-10-15,8.0,8.8,7.7,8.8,1164000
DSE-2012,DBH1STMF,2012-10-16,9.5,9.5,8.5,8.5,1005500
DSE-2012,DBH1STMF,2012-10-17,8.5,8.8,8.3,8.6,413500
DSE-2012,DBH1STMF,2012-10-18,8.4,9.0,8.4,8.6,831000
DSE-2012,DBH1STMF,2012-10-21,8.8,8.9,8.4,8.4,377000
DSE-2012,DBH1STMF,2012-10-22,8.6,8.6,8.2,8.3,443500
DSE-2012,DBH1STMF,2012-10-23,8.1,8.7,8.1,8.3,504000
DSE-2012,DBH1STMF,2012-10-30,8.4,8.5,8.2,8.3,270000
DSE-2012,DBH1STMF,2012-10-31,8.3,8.8,8.2,8.6,619000
DSE-2012,DBH1STMF,2012-01-11,8.7,8.9,8.4,8.4,362500
DSE-2012,DBH1STMF,2012-04-11,8.5,8.6,8.2,8.2,382500
DSE-2012,DBH1STMF,2012-05-11,8.3,8.5,8.0,8.1,614000
DSE-2012,DBH1STMF,2012-06-11,8.3,8.7,8.3,8.5,628500
DSE-2012,DBH1STMF,2012-07-11,8.7,8.9,8.3,8.4,563500
DSE-2012,DBH1STMF,2012-08-11,8.5,8.6,8.2,8.2,572000
DSE-2012,DBH1STMF,2012-11-11,8.2,8.3,7.6,7.7,600000
DSE-2012,DBH1STMF,2012-12-11,7.9,8.0,7.5,7.5,539500
DSE-2012,DBH1STMF,2012-11-13,7.6,7.9,7.5,7.7,369500
DSE-2012,DBH1STMF,2012-11-14,7.8,7.9,7.4,7.5,463000
DSE-2012,DBH1STMF,2012-11-15,7.8,8.2,7.5,8.1,771500
DSE-2012,DBH1STMF,2012-11-18,8.2,8.7,8.2,8.3,1131500
DSE-2012,DBH1STMF,2012-11-19,8.1,8.2,7.9,7.9,600000
DSE-2012,DBH1STMF,2012-11-20,8.0,8.1,7.8,7.8,502000
DSE-2012,DBH1STMF,2012-11-21,7.8,8.2,7.8,7.8,393500
DSE-2012,DBH1STMF,2012-11-22,7.7,8.1,7.7,7.8,302000
DSE-2012,DBH1STMF,2012-11-26,8.2,8.2,7.6,7.7,384500
DSE-2012,DBH1STMF,2012-11-27,7.7,7.9,7.6,7.7,301500
DSE-2012,DBH1STMF,2012-11-28,7.9,7.9,7.5,7.6,350000
DSE-2012,DBH1STMF,2012-11-29,7.7,8.0,7.7,7.8,712000
DSE-2012,DBH1STMF,2012-02-12,8.0,8.0,7.2,7.4,577000
DSE-2012,DBH1STMF,2012-03-12,7.4,7.6,7.3,7.3,210500
DSE-2012,DBH1STMF,2012-04-12,7.5,7.5,7.3,7.3,385500
DSE-2012,DBH1STMF,2012-05-12,7.6,7.6,7.2,7.2,227000
DSE-2012,DBH1STMF,2012-06-12,7.2,7.3,7.1,7.2,245500
DSE-2012,DBH1STMF,2012-09-12,7.1,7.1,6.9,6.9,141500
DSE-2012,DBH1STMF,2012-10-12,6.9,6.9,6.6,6.6,280000
DSE-2012,DBH1STMF,2012-11-12,6.6,7.2,6.5,7.1,456500
DSE-2012,DBH1STMF,2012-12-12,7.2,7.5,7.0,7.0,402000
DSE-2012,DBH1STMF,2012-12-13,7.1,7.3,7.0,7.0,212000
DSE-2012,DBH1STMF,2012-12-17,7.2,7.4,7.1,7.1,266000
DSE-2012,DBH1STMF,2012-12-18,7.2,7.3,7.0,7.0,213500
DSE-2012,DBH1STMF,2012-12-19,7.2,7.2,7.0,7.0,300500
DSE-2012,DBH1STMF,2012-12-20,7.2,7.2,7.0,7.0,171500
DSE-2012,DBH1STMF,2012-12-23,7.0,7.0,6.9,6.9,72500
DSE-2012,DBH1STMF,2012-12-24,6.9,7.2,6.9,7.0,250500
DSE-2012,DBH1STMF,2012-12-26,7.2,7.2,7.0,7.0,207000
DSE-2012,DBH1STMF,2012-12-27,7.2,7.2,7.0,7.1,230000
DSE-2012,DBH1STMF,2012-12-30,7.1,7.2,7.1,7.1,194000
DSE-2012,GREENDELMF,2012-01-01,6.9,7.0,6.9,6.9,365500
DSE-2012,GREENDELMF,2012-02-01,6.9,7.1,6.9,6.9,428000
DSE-2012,GREENDELMF,2012-03-01,6.9,7.0,6.9,6.9,166000
DSE-2012,GREENDELMF,2012-04-01,7.0,7.2,6.9,7.1,1408000
DSE-2012,GREENDELMF,2012-05-01,7.3,7.3,7.0,7.0,778500
DSE-2012,GREENDELMF,2012-08-01,7.0,7.2,7.0,7.0,212500
DSE-2012,GREENDELMF,2012-09-01,7.0,7.1,6.8,6.9,567000
DSE-2012,GREENDELMF,2012-10-01,7.0,7.0,6.7,6.7,159000
DSE-2012,GREENDELMF,2012-11-01,6.9,7.1,6.8,6.9,409000
DSE-2012,GREENDELMF,2012-12-01,6.8,6.9,6.7,6.7,69500
DSE-2012,GREENDELMF,2012-01-15,6.7,6.8,6.6,6.6,96500
DSE-2012,GREENDELMF,2012-01-16,6.5,6.7,6.5,6.5,140000
DSE-2012,GREENDELMF,2012-01-18,6.3,6.6,6.2,6.3,110000
DSE-2012,GREENDELMF,2012-01-19,6.6,6.7,6.5,6.5,151500
DSE-2012,GREENDELMF,2012-01-22,6.4,6.4,6.1,6.2,149000
DSE-2012,GREENDELMF,2012-01-23,6.1,6.2,6.0,6.0,76500
DSE-2012,GREENDELMF,2012-01-24,6.2,6.2,6.0,6.0,128000
DSE-2012,GREENDELMF,2012-01-25,6.0,6.2,5.9,6.0,121500
DSE-2012,GREENDELMF,2012-01-26,6.0,6.2,6.0,6.0,65000
DSE-2012,GREENDELMF,2012-01-29,6.0,6.1,5.8,5.8,113500
DSE-2012,GREENDELMF,2012-01-30,5.7,5.9,5.7,5.8,54000
DSE-2012,GREENDELMF,2012-01-31,6.1,6.1,5.7,5.7,82500
DSE-2012,GREENDELMF,2012-01-02,5.6,5.7,5.3,5.3,67000
DSE-2012,GREENDELMF,2012-02-02,5.5,5.6,5.2,5.3,87000
DSE-2012,GREENDELMF,2012-06-02,5.1,5.2,4.9,4.9,85000
DSE-2012,GREENDELMF,2012-07-02,5.3,5.3,5.2,5.3,96500
DSE-2012,GREENDELMF,2012-08-02,5.3,5.6,5.2,5.2,64500
DSE-2012,GREENDELMF,2012-09-02,5.1,5.5,5.1,5.4,91500
DSE-2012,GREENDELMF,2012-12-02,5.5,5.9,5.4,5.8,123000
DSE-2012,GREENDELMF,2012-02-13,5.9,5.9,5.7,5.7,282000
DSE-2012,GREENDELMF,2012-02-14,5.6,5.6,5.5,5.5,19500
DSE-2012,GREENDELMF,2012-02-15,5.6,5.7,5.5,5.5,50500
DSE-2012,GREENDELMF,2012-02-16,5.6,5.6,5.4,5.5,41000
DSE-2012,GREENDELMF,2012-02-19,5.4,5.7,5.4,5.4,44500
DSE-2012,GREENDELMF,2012-02-20,5.4,5.5,5.4,5.4,138500
DSE-2012,GREENDELMF,2012-02-22,5.7,5.7,5.5,5.5,129000
DSE-2012,GREENDELMF,2012-02-23,5.5,5.7,5.5,5.6,319000
DSE-2012,GREENDELMF,2012-02-26,5.7,5.9,5.7,5.8,395000
DSE-2012,GREENDELMF,2012-02-27,6.0,6.0,5.7,5.7,222500
DSE-2012,GREENDELMF,2012-02-28,5.9,6.0,5.8,5.8,117000
DSE-2012,GREENDELMF,2012-02-29,5.9,6.1,5.8,5.9,366500
DSE-2012,GREENDELMF,2012-01-03,5.9,5.9,5.7,5.7,232500
DSE-2012,GREENDELMF,2012-04-03,5.7,5.7,5.6,5.6,174500
DSE-2012,GREENDELMF,2012-05-03,5.6,5.7,5.5,5.5,118500
DSE-2012,GREENDELMF,2012-06-03,5.5,5.6,5.5,5.5,55000
DSE-2012,GREENDELMF,2012-07-03,5.5,5.7,5.5,5.5,79500
DSE-2012,GREENDELMF,2012-08-03,5.5,5.6,5.5,5.5,188500
DSE-2012,GREENDELMF,2012-11-03,5.6,5.6,5.4,5.5,34000
DSE-2012,GREENDELMF,2012-12-03,5.5,5.6,5.4,5.4,19000
DSE-2012,GREENDELMF,2012-03-13,5.7,5.8,5.5,5.7,121500
DSE-2012,GREENDELMF,2012-03-14,5.5,5.8,5.5,5.7,106500
DSE-2012,GREENDELMF,2012-03-15,5.6,5.9,5.6,5.7,65000
DSE-2012,GREENDELMF,2012-03-18,5.9,6.0,5.8,5.9,209500
DSE-2012,GREENDELMF,2012-03-19,5.7,6.0,5.7,5.8,29000
DSE-2012,GREENDELMF,2012-03-20,5.8,6.0,5.8,5.8,65000
DSE-2012,GREENDELMF,2012-03-21,5.9,6.1,5.9,5.9,159500
DSE-2012,GREENDELMF,2012-03-22,5.9,6.0,5.9,5.9,40000
DSE-2012,GREENDELMF,2012-03-25,6.0,6.0,5.9,6.0,140000
DSE-2012,GREENDELMF,2012-03-27,6.1,6.2,6.0,6.1,228000
DSE-2012,GREENDELMF,2012-03-28,6.2,6.4,6.1,6.3,518000
DSE-2012,GREENDELMF,2012-03-29,6.3,6.9,6.2,6.5,702000
DSE-2012,GREENDELMF,2012-01-04,6.9,7.1,6.6,6.9,842000
DSE-2012,GREENDELMF,2012-02-04,6.9,7.1,6.8,6.9,191000
DSE-2012,GREENDELMF,2012-03-04,6.7,6.9,6.7,6.7,244500
DSE-2012,GREENDELMF,2012-04-04,6.8,6.8,6.4,6.4,386500
DSE-2012,GREENDELMF,2012-05-04,6.4,6.7,6.3,6.5,86500
DSE-2012,GREENDELMF,2012-08-04,6.6,6.6,6.4,6.4,134000
DSE-2012,GREENDELMF,2012-09-04,6.2,6.7,6.2,6.4,149000
DSE-2012,GREENDELMF,2012-10-04,6.5,6.6,6.3,6.3,317500
DSE-2012,GREENDELMF,2012-11-04,6.6,6.7,6.5,6.6,357000
DSE-2012,GREENDELMF,2012-12-04,6.7,6.8,6.6,6.6,217000
DSE-2012,GREENDELMF,2012-04-15,6.8,6.9,6.6,6.7,503000
DSE-2012,GREENDELMF,2012-04-16,6.7,6.8,6.6,6.6,395000
DSE-2012,GREENDELMF,2012-04-17,6.6,6.8,6.6,6.6,462500
DSE-2012,GREENDELMF,2012-04-18,6.7,6.9,6.7,6.7,505500
DSE-2012,GREENDELMF,2012-04-19,6.6,6.7,6.6,6.6,252500
DSE-2012,GREENDELMF,2012-04-22,6.5,6.7,6.5,6.6,315500
DSE-2012,GREENDELMF,2012-04-23,6.5,6.6,6.5,6.5,135500
DSE-2012,GREENDELMF,2012-04-24,6.4,6.7,6.4,6.5,211000
DSE-2012,GREENDELMF,2012-04-25,6.6,6.6,6.3,6.3,409500
DSE-2012,GREENDELMF,2012-04-26,6.2,6.5,6.1,6.1,348000
DSE-2012,GREENDELMF,2012-04-29,6.1,6.1,5.8,5.9,170500
DSE-2012,GREENDELMF,2012-04-30,6.0,6.2,5.9,5.9,509000
DSE-2012,GREENDELMF,2012-02-05,6.1,6.2,5.9,6.0,251000
DSE-2012,GREENDELMF,2012-03-05,6.0,6.1,5.9,5.9,336500
DSE-2012,GREENDELMF,2012-07-05,5.9,6.0,5.8,5.8,28000
DSE-2012,GREENDELMF,2012-08-05,5.8,6.0,5.8,5.8,173000
DSE-2012,GREENDELMF,2012-09-05,5.9,5.9,5.4,5.4,590000
DSE-2012,GREENDELMF,2012-10-05,5.3,5.9,5.2,5.8,455000
DSE-2012,GREENDELMF,2012-05-13,5.7,5.7,5.5,5.5,203500
DSE-2012,GREENDELMF,2012-05-14,5.4,5.6,5.4,5.5,154000
DSE-2012,GREENDELMF,2012-05-15,5.6,5.6,5.5,5.5,121500
DSE-2012,GREENDELMF,2012-05-16,5.6,5.6,5.4,5.4,137000
DSE-2012,GREENDELMF,2012-05-17,5.4,5.5,5.4,5.4,34000
DSE-2012,GREENDELMF,2012-05-20,5.5,5.5,5.4,5.4,17000
DSE-2012,GREENDELMF,2012-05-21,5.5,5.7,5.4,5.5,73000
DSE-2012,GREENDELMF,2012-05-22,5.6,5.6,5.4,5.4,156500
DSE-2012,GREENDELMF,2012-05-23,5.3,5.5,5.2,5.2,137500
DSE-2012,GREENDELMF,2012-05-24,5.3,5.4,5.2,5.2,398500
DSE-2012,GREENDELMF,2012-05-27,5.1,5.3,5.1,5.2,28500
DSE-2012,GREENDELMF,2012-05-28,5.1,5.4,5.1,5.2,436000
DSE-2012,GREENDELMF,2012-05-29,5.1,5.3,5.1,5.2,249000
DSE-2012,GREENDELMF,2012-05-30,5.3,5.4,5.2,5.3,164000
DSE-2012,GREENDELMF,2012-05-31,5.3,5.5,5.3,5.3,182000
DSE-2012,GREENDELMF,2012-03-06,5.2,5.4,5.2,5.3,93500
DSE-2012,GREENDELMF,2012-04-06,5.4,5.4,5.1,5.2,209500
DSE-2012,GREENDELMF,2012-05-06,5.2,5.2,5.1,5.1,117500
DSE-2012,GREENDELMF,2012-06-06,5.2,5.3,5.1,5.2,136500
DSE-2012,GREENDELMF,2012-07-06,5.2,5.3,5.2,5.2,107500
DSE-2012,GREENDELMF,2012-10-06,5.1,5.3,5.1,5.2,101500
DSE-2012,GREENDELMF,2012-11-06,5.2,5.2,5.0,5.0,283500
DSE-2012,GREENDELMF,2012-12-06,5.1,5.2,5.0,5.0,189000
DSE-2012,GREENDELMF,2012-06-13,5.1,5.1,5.0,5.0,81000
DSE-2012,GREENDELMF,2012-06-14,5.0,5.1,4.9,4.9,373000
DSE-2012,GREENDELMF,2012-06-17,4.9,5.1,4.9,5.0,121000
DSE-2012,GREENDELMF,2012-06-18,5.0,5.1,4.9,4.9,187500
DSE-2012,GREENDELMF,2012-06-19,5.0,5.1,4.9,4.9,51500
DSE-2012,GREENDELMF,2012-06-20,4.9,5.0,4.9,4.9,79500
DSE-2012,GREENDELMF,2012-06-21,4.9,5.1,4.9,4.9,96500
DSE-2012,GREENDELMF,2012-06-24,5.1,5.1,4.6,4.7,381500
DSE-2012,GREENDELMF,2012-06-25,4.7,4.9,4.7,4.8,181500
DSE-2012,GREENDELMF,2012-06-26,4.9,5.1,4.7,4.9,176500
DSE-2012,GREENDELMF,2012-06-27,4.9,5.1,4.9,5.0,156500
DSE-2012,GREENDELMF,2012-06-28,5.0,5.1,5.0,5.0,97500
DSE-2012,GREENDELMF,2012-02-07,5.1,5.1,4.8,4.8,63500
DSE-2012,GREENDELMF,2012-03-07,4.9,5.0,4.9,4.9,39500
DSE-2012,GREENDELMF,2012-04-07,4.8,4.9,4.8,4.8,90500
DSE-2012,GREENDELMF,2012-05-07,4.9,4.9,4.8,4.8,63000
DSE-2012,GREENDELMF,2012-08-07,5.0,5.0,4.9,4.9,405000
DSE-2012,GREENDELMF,2012-09-07,4.9,4.9,4.8,4.8,272000
DSE-2012,GREENDELMF,2012-10-07,4.8,4.8,4.6,4.6,165500
DSE-2012,GREENDELMF,2012-11-07,4.6,4.8,4.5,4.7,90500
DSE-2012,GREENDELMF,2012-12-07,4.7,4.8,4.7,4.8,172500
DSE-2012,GREENDELMF,2012-07-15,4.7,4.8,4.7,4.7,133000
DSE-2012,GREENDELMF,2012-07-16,4.6,4.8,4.6,4.7,110000
DSE-2012,GREENDELMF,2012-07-17,4.7,4.8,4.7,4.7,253000
DSE-2012,GREENDELMF,2012-07-18,4.9,4.9,4.7,4.8,57000
DSE-2012,GREENDELMF,2012-07-19,4.8,4.9,4.8,4.8,23000
DSE-2012,GREENDELMF,2012-07-22,4.8,4.9,4.8,4.8,114500
DSE-2012,GREENDELMF,2012-07-23,4.8,4.9,4.8,4.8,94000
DSE-2012,GREENDELMF,2012-07-24,4.9,5.0,4.9,4.9,105000
DSE-2012,GREENDELMF,2012-07-25,5.0,5.0,4.8,4.9,60500
DSE-2012,GREENDELMF,2012-07-26,4.9,5.0,4.9,4.9,150000
DSE-2012,GREENDELMF,2012-07-29,4.8,4.9,4.8,4.8,86500
DSE-2012,GREENDELMF,2012-07-30,4.8,4.9,4.8,4.8,19500
DSE-2012,GREENDELMF,2012-01-08,4.5,4.8,4.5,4.7,21500
DSE-2012,GREENDELMF,2012-02-08,4.7,4.9,4.6,4.6,91000
DSE-2012,GREENDELMF,2012-05-08,4.6,4.8,4.6,4.7,13000
DSE-2012,GREENDELMF,2012-06-08,5.0,5.0,4.7,4.7,20500
DSE-2012,GREENDELMF,2012-07-08,4.8,4.8,4.6,4.6,31500
DSE-2012,GREENDELMF,2012-08-08,4.6,4.7,4.6,4.6,64500
DSE-2012,GREENDELMF,2012-12-08,4.6,4.8,4.6,4.7,55000
DSE-2012,GREENDELMF,2012-08-13,4.6,4.6,4.5,4.5,215000
DSE-2012,GREENDELMF,2012-08-14,4.4,4.6,4.4,4.5,76000
DSE-2012,GREENDELMF,2012-08-26,4.5,4.8,4.5,4.6,118000
DSE-2012,GREENDELMF,2012-08-27,4.6,4.8,4.5,4.7,168500
DSE-2012,GREENDELMF,2012-08-28,4.7,4.7,4.5,4.5,165500
DSE-2012,GREENDELMF,2012-08-29,4.5,4.9,4.5,4.7,160000
DSE-2012,GREENDELMF,2012-08-30,4.8,4.9,4.7,4.8,664000
DSE-2012,GREENDELMF,2012-02-09,4.8,4.9,4.7,4.7,48500
DSE-2012,GREENDELMF,2012-03-09,4.8,4.8,4.7,4.7,202500
DSE-2012,GREENDELMF,2012-04-09,4.6,4.8,4.6,4.7,207500
DSE-2012,GREENDELMF,2012-05-09,4.6,4.8,4.6,4.7,333000
DSE-2012,GREENDELMF,2012-06-09,4.6,4.7,4.6,4.6,203500
DSE-2012,GREENDELMF,2012-09-09,4.7,4.7,4.5,4.6,303500
DSE-2012,GREENDELMF,2012-10-09,4.6,4.8,4.6,4.7,66000
DSE-2012,GREENDELMF,2012-11-09,4.6,4.8,4.6,4.7,298500
DSE-2012,GREENDELMF,2012-12-09,4.7,4.8,4.7,4.7,330500
DSE-2012,GREENDELMF,2012-09-13,4.6,4.8,4.6,4.7,143500
DSE-2012,GREENDELMF,2012-09-16,4.7,5.0,4.6,4.8,785500
DSE-2012,GREENDELMF,2012-09-17,4.9,5.2,4.9,5.2,721000
DSE-2012,GREENDELMF,2012-09-18,5.1,5.7,5.1,5.5,281500
DSE-2012,GREENDELMF,2012-09-19,5.8,6.0,5.6,6.0,558500
DSE-2012,GREENDELMF,2012-09-20,6.4,6.6,5.8,6.6,1386500
DSE-2012,GREENDELMF,2012-09-23,7.2,7.2,6.7,7.2,1599500
DSE-2012,GREENDELMF,2012-09-24,7.7,7.7,6.8,7.1,2056500
DSE-2012,GREENDELMF,2012-09-25,7.1,7.8,7.0,7.6,3784500
DSE-2012,GREENDELMF,2012-09-26,8.2,8.3,7.7,8.0,3264500
DSE-2012,GREENDELMF,2012-09-27,8.6,8.8,8.3,8.6,4233500
DSE-2012,GREENDELMF,2012-09-30,8.8,9.2,8.1,8.4,5563500
DSE-2012,GREENDELMF,2012-01-10,8.1,8.9,7.6,8.7,3236500
DSE-2012,GREENDELMF,2012-01-10,8.1,8.9,7.6,8.7,3236500
DSE-2012,GREENDELMF,2012-02-10,9.2,9.5,9.1,9.4,8679000
DSE-2012,GREENDELMF,2012-03-10,10.3,10.3,8.9,9.0,7134500
DSE-2012,GREENDELMF,2012-04-10,8.6,9.5,8.2,9.1,3199000
DSE-2012,GREENDELMF,2012-07-10,9.1,9.2,8.2,8.2,1939500
DSE-2012,GREENDELMF,2012-08-10,7.6,8.6,7.4,7.7,1198000
DSE-2012,GREENDELMF,2012-09-10,8.2,8.4,7.9,8.4,1103500
DSE-2012,GREENDELMF,2012-10-10,8.9,9.0,7.9,7.9,920000
DSE-2012,GREENDELMF,2012-11-10,7.7,8.2,7.6,7.6,655000
DSE-2012,GREENDELMF,2012-10-14,7.9,8.0,7.3,7.4,975000
DSE-2012,GREENDELMF,2012-10-15,7.4,8.1,7.3,8.1,1286500
DSE-2012,GREENDELMF,2012-10-16,8.8,8.8,7.8,8.0,1825500
DSE-2012,GREENDELMF,2012-10-17,7.9,8.4,7.9,8.2,874500
DSE-2012,GREENDELMF,2012-10-18,8.2,8.5,8.1,8.3,1012500
DSE-2012,GREENDELMF,2012-10-21,8.4,8.5,8.0,8.0,673500
DSE-2012,GREENDELMF,2012-10-22,8.0,8.2,8.0,8.0,652500
DSE-2012,GREENDELMF,2012-10-23,8.1,8.4,8.1,8.2,858500
DSE-2012,GREENDELMF,2012-10-30,8.3,8.3,8.1,8.2,560000
DSE-2012,GREENDELMF,2012-10-31,8.1,8.6,8.1,8.1,739500
DSE-2012,GREENDELMF,2012-01-11,8.2,8.4,8.0,8.1,439000
DSE-2012,GREENDELMF,2012-04-11,8.1,8.2,7.7,7.8,534500
DSE-2012,GREENDELMF,2012-05-11,7.8,8.0,7.8,7.8,291500
DSE-2012,GREENDELMF,2012-06-11,7.9,8.1,7.7,8.0,950000
DSE-2012,GREENDELMF,2012-07-11,8.2,8.3,7.9,7.9,1006500
DSE-2012,GREENDELMF,2012-08-11,7.8,8.0,7.8,7.8,684000
DSE-2012,GREENDELMF,2012-11-11,7.6,7.9,7.5,7.6,1246500
DSE-2012,GREENDELMF,2012-12-11,7.7,7.8,7.6,7.6,536000
DSE-2012,GREENDELMF,2012-11-13,7.6,7.7,7.5,7.5,1897500
DSE-2012,GREENDELMF,2012-11-14,7.6,7.6,7.3,7.4,1982000
DSE-2012,GREENDELMF,2012-11-15,7.5,8.0,7.4,7.8,1016500
DSE-2012,GREENDELMF,2012-11-18,8.4,8.4,7.7,7.7,736000
DSE-2012,GREENDELMF,2012-11-19,7.5,7.8,7.5,7.5,333500
DSE-2012,GREENDELMF,2012-11-20,7.5,7.6,7.4,7.4,282000
DSE-2012,GREENDELMF,2012-11-21,7.4,7.5,7.4,7.4,454500
DSE-2012,GREENDELMF,2012-11-22,7.5,7.6,7.4,7.4,523500
DSE-2012,GREENDELMF,2012-11-26,7.2,7.4,7.2,7.2,334000
DSE-2012,GREENDELMF,2012-11-27,7.2,7.4,7.2,7.2,333000
DSE-2012,GREENDELMF,2012-11-28,7.2,7.3,7.1,7.1,261000
DSE-2012,GREENDELMF,2012-11-29,7.4,7.7,7.2,7.5,357500
DSE-2012,GREENDELMF,2012-02-12,7.7,7.7,7.3,7.3,502500
DSE-2012,GREENDELMF,2012-03-12,7.3,7.3,7.1,7.1,401500
DSE-2012,GREENDELMF,2012-04-12,7.1,7.2,7.0,7.1,108500
DSE-2012,GREENDELMF,2012-05-12,7.2,7.3,7.0,7.0,327000
DSE-2012,GREENDELMF,2012-06-12,7.1,7.1,6.9,6.9,171500
DSE-2012,GREENDELMF,2012-09-12,6.9,6.9,6.6,6.6,249000
DSE-2012,GREENDELMF,2012-10-12,6.9,6.9,6.4,6.4,145500
DSE-2012,GREENDELMF,2012-11-12,6.4,7.0,6.3,7.0,506000
DSE-2012,GREENDELMF,2012-12-12,7.0,7.4,6.7,6.8,584500
DSE-2012,GREENDELMF,2012-12-13,6.9,7.1,6.8,6.8,252500
DSE-2012,GREENDELMF,2012-12-17,7.0,7.1,6.9,7.0,163000
DSE-2012,GREENDELMF,2012-12-18,7.0,7.0,6.8,6.8,177000
DSE-2012,GREENDELMF,2012-12-19,6.8,7.2,6.8,7.0,354000
DSE-2012,GREENDELMF,2012-12-20,7.0,7.1,6.9,6.9,126000
DSE-2012,GREENDELMF,2012-12-23,6.9,7.1,6.8,6.8,101000
DSE-2012,GREENDELMF,2012-12-24,6.9,7.1,6.8,7.0,173500
DSE-2012,GREENDELMF,2012-12-26,7.0,7.0,6.8,6.8,559000
DSE-2012,GREENDELMF,2012-12-27,6.8,6.9,6.8,6.8,349000
DSE-2012,GREENDELMF,2012-12-30,6.8,7.0,6.8,6.9,193000
DSE-2012,IFILISLMF1,2012-01-01,6.5,6.6,6.5,6.5,158000
DSE-2012,IFILISLMF1,2012-02-01,6.5,6.6,6.5,6.5,369500
DSE-2012,IFILISLMF1,2012-03-01,6.6,6.6,6.4,6.5,227000
DSE-2012,IFILISLMF1,2012-04-01,6.6,6.9,6.6,6.8,585000
DSE-2012,IFILISLMF1,2012-05-01,6.9,6.9,6.6,6.6,319000
DSE-2012,IFILISLMF1,2012-08-01,6.6,6.7,6.5,6.5,176500
DSE-2012,IFILISLMF1,2012-09-01,6.4,6.6,6.3,6.3,202500
DSE-2012,IFILISLMF1,2012-10-01,6.3,6.4,6.3,6.3,57000
DSE-2012,IFILISLMF1,2012-11-01,6.3,6.5,6.2,6.3,106500
DSE-2012,IFILISLMF1,2012-12-01,6.3,6.3,6.2,6.2,141000
DSE-2012,IFILISLMF1,2012-01-15,6.3,6.3,6.2,6.2,124500
DSE-2012,IFILISLMF1,2012-01-16,6.2,6.2,6.1,6.1,215500
DSE-2012,IFILISLMF1,2012-01-18,6.0,6.1,5.9,5.9,163000
DSE-2012,IFILISLMF1,2012-01-19,6.2,6.2,5.9,6.2,148000
DSE-2012,IFILISLMF1,2012-01-22,6.2,6.2,5.9,5.9,158500
DSE-2012,IFILISLMF1,2012-01-23,6.0,6.0,5.8,5.8,200500
DSE-2012,IFILISLMF1,2012-01-24,6.0,6.0,5.7,5.7,125500
DSE-2012,IFILISLMF1,2012-01-25,5.7,5.9,5.7,5.8,54500
DSE-2012,IFILISLMF1,2012-01-26,5.8,5.9,5.7,5.7,23500
DSE-2012,IFILISLMF1,2012-01-29,5.5,5.6,5.4,5.4,169500
DSE-2012,IFILISLMF1,2012-01-30,5.4,5.6,5.2,5.4,126000
DSE-2012,IFILISLMF1,2012-01-31,5.4,5.5,5.1,5.2,177500
DSE-2012,IFILISLMF1,2012-01-02,5.0,5.2,5.0,5.0,68000
DSE-2012,IFILISLMF1,2012-02-02,5.0,5.1,5.0,5.0,74000
DSE-2012,IFILISLMF1,2012-06-02,4.9,5.0,4.5,4.5,166000
DSE-2012,IFILISLMF1,2012-07-02,4.7,4.9,4.7,4.9,234500
DSE-2012,IFILISLMF1,2012-08-02,4.9,5.0,4.8,4.8,93000
DSE-2012,IFILISLMF1,2012-09-02,4.7,5.0,4.7,4.9,71000
DSE-2012,IFILISLMF1,2012-12-02,4.9,5.1,4.9,5.0,404000
DSE-2012,IFILISLMF1,2012-02-13,5.0,5.2,5.0,5.0,563000
DSE-2012,IFILISLMF1,2012-02-14,5.0,5.1,4.8,4.9,76000
DSE-2012,IFILISLMF1,2012-02-15,5.0,5.1,4.9,4.9,87500
DSE-2012,IFILISLMF1,2012-02-16,5.0,5.0,4.9,4.9,202500
DSE-2012,IFILISLMF1,2012-02-19,4.8,5.1,4.8,4.9,92500
DSE-2012,IFILISLMF1,2012-02-20,5.0,5.0,4.9,4.9,145500
DSE-2012,IFILISLMF1,2012-02-22,5.0,5.1,4.9,5.0,195500
DSE-2012,IFILISLMF1,2012-02-23,5.1,5.1,4.9,5.0,547000
DSE-2012,IFILISLMF1,2012-02-26,5.2,5.2,5.0,5.0,853000
DSE-2012,IFILISLMF1,2012-02-27,5.1,5.1,4.9,5.0,816000
DSE-2012,IFILISLMF1,2012-02-28,5.1,5.3,5.1,5.2,439500
DSE-2012,IFILISLMF1,2012-02-29,5.1,5.3,5.1,5.1,429000
DSE-2012,IFILISLMF1,2012-01-03,5.2,5.2,5.0,5.1,566000
DSE-2012,IFILISLMF1,2012-04-03,5.0,5.2,5.0,5.0,469500
DSE-2012,IFILISLMF1,2012-05-03,5.2,5.2,4.9,4.9,392000
DSE-2012,IFILISLMF1,2012-06-03,5.1,5.1,4.9,5.0,289000
DSE-2012,IFILISLMF1,2012-07-03,5.1,5.2,4.9,5.0,385000
DSE-2012,IFILISLMF1,2012-08-03,5.0,5.1,4.9,4.9,225500
DSE-2012,IFILISLMF1,2012-11-03,5.0,5.0,4.9,4.9,39500
DSE-2012,IFILISLMF1,2012-12-03,5.0,5.1,4.9,5.0,80000
DSE-2012,IFILISLMF1,2012-03-13,5.0,5.2,5.0,5.1,435000
DSE-2012,IFILISLMF1,2012-03-14,5.2,5.2,5.0,5.0,300500
DSE-2012,IFILISLMF1,2012-03-15,5.1,5.2,5.0,5.0,416500
DSE-2012,IFILISLMF1,2012-03-18,5.1,5.4,5.1,5.1,1253500
DSE-2012,IFILISLMF1,2012-03-19,5.1,5.2,5.0,5.1,429000
DSE-2012,IFILISLMF1,2012-03-20,5.1,5.3,5.1,5.2,378500
DSE-2012,IFILISLMF1,2012-03-21,5.2,5.3,5.1,5.1,166500
DSE-2012,IFILISLMF1,2012-03-22,5.1,5.2,5.1,5.1,40000
DSE-2012,IFILISLMF1,2012-03-25,5.2,5.3,5.1,5.2,255000
DSE-2012,IFILISLMF1,2012-03-27,5.2,5.4,5.2,5.2,405500
DSE-2012,IFILISLMF1,2012-03-28,5.3,5.6,5.3,5.5,1229000
DSE-2012,IFILISLMF1,2012-03-29,5.6,6.0,5.6,5.9,2348000
DSE-2012,IFILISLMF1,2012-01-04,6.0,6.4,6.0,6.4,1163000
DSE-2012,IFILISLMF1,2012-02-04,6.6,6.7,6.4,6.5,1174000
DSE-2012,IFILISLMF1,2012-03-04,6.5,6.5,6.1,6.1,879000
DSE-2012,IFILISLMF1,2012-04-04,6.2,6.2,5.8,5.8,552000
DSE-2012,IFILISLMF1,2012-05-04,5.9,6.2,5.8,6.0,252500
DSE-2012,IFILISLMF1,2012-08-04,6.1,6.2,5.8,5.9,372500
DSE-2012,IFILISLMF1,2012-09-04,5.9,6.0,5.8,5.8,85500
DSE-2012,IFILISLMF1,2012-10-04,5.8,6.1,5.8,5.9,364500
DSE-2012,IFILISLMF1,2012-11-04,6.1,6.4,5.8,6.2,1260000
DSE-2012,IFILISLMF1,2012-12-04,6.2,6.2,6.0,6.1,175000
DSE-2012,IFILISLMF1,2012-04-15,6.2,6.3,6.1,6.1,244500
DSE-2012,IFILISLMF1,2012-04-16,6.3,6.3,6.1,6.1,422500
DSE-2012,IFILISLMF1,2012-04-17,6.1,6.3,6.0,6.1,1010500
DSE-2012,IFILISLMF1,2012-04-18,6.2,6.3,6.1,6.2,973500
DSE-2012,IFILISLMF1,2012-04-19,6.1,6.3,5.9,6.0,1009000
DSE-2012,IFILISLMF1,2012-04-22,6.0,6.2,5.9,6.0,175000
DSE-2012,IFILISLMF1,2012-04-23,6.1,6.1,6.0,6.0,113500
DSE-2012,IFILISLMF1,2012-04-24,5.9,6.0,5.9,5.9,139500
DSE-2012,IFILISLMF1,2012-04-25,5.9,6.0,5.8,5.8,125000
DSE-2012,IFILISLMF1,2012-04-26,5.9,6.0,5.7,5.8,202000
DSE-2012,IFILISLMF1,2012-04-29,5.8,5.8,5.7,5.7,106000
DSE-2012,IFILISLMF1,2012-04-30,5.7,5.9,5.7,5.7,105000
DSE-2012,IFILISLMF1,2012-02-05,5.9,5.9,5.8,5.8,63500
DSE-2012,IFILISLMF1,2012-03-05,5.8,5.8,5.8,5.8,106000
DSE-2012,IFILISLMF1,2012-07-05,5.7,5.9,5.6,5.6,203500
DSE-2012,IFILISLMF1,2012-08-05,5.6,5.7,5.6,5.6,84500
DSE-2012,IFILISLMF1,2012-09-05,5.6,5.6,5.4,5.4,307000
DSE-2012,IFILISLMF1,2012-10-05,5.5,5.7,5.4,5.6,278000
DSE-2012,IFILISLMF1,2012-05-13,5.6,5.6,5.6,5.6,77500
DSE-2012,IFILISLMF1,2012-05-14,5.5,5.6,5.4,5.5,86000
DSE-2012,IFILISLMF1,2012-05-15,5.4,5.6,5.4,5.4,43000
DSE-2012,IFILISLMF1,2012-05-16,5.5,5.5,5.4,5.4,56000
DSE-2012,IFILISLMF1,2012-05-17,5.4,5.5,5.3,5.3,130000
DSE-2012,IFILISLMF1,2012-05-20,5.5,5.5,5.3,5.3,108500
DSE-2012,IFILISLMF1,2012-05-21,5.4,5.5,5.3,5.4,371000
DSE-2012,IFILISLMF1,2012-05-22,5.4,5.4,5.3,5.3,110500
DSE-2012,IFILISLMF1,2012-05-23,5.3,5.3,5.2,5.2,107000
DSE-2012,IFILISLMF1,2012-05-24,5.2,5.3,5.1,5.1,60000
DSE-2012,IFILISLMF1,2012-05-27,5.2,5.2,5.1,5.1,95000
DSE-2012,IFILISLMF1,2012-05-28,5.1,5.2,5.0,5.0,125000
DSE-2012,IFILISLMF1,2012-05-29,5.0,5.1,4.8,5.0,176000
DSE-2012,IFILISLMF1,2012-05-30,4.9,5.1,4.9,5.0,35000
DSE-2012,IFILISLMF1,2012-05-31,5.1,5.2,5.0,5.0,102500
DSE-2012,IFILISLMF1,2012-03-06,5.0,5.2,5.0,5.1,37500
DSE-2012,IFILISLMF1,2012-04-06,5.2,5.2,5.0,5.0,183000
DSE-2012,IFILISLMF1,2012-05-06,5.1,5.1,5.0,5.0,120500
DSE-2012,IFILISLMF1,2012-06-06,5.0,5.2,5.0,5.0,153500
DSE-2012,IFILISLMF1,2012-07-06,5.0,5.1,5.0,5.0,123500
DSE-2012,IFILISLMF1,2012-10-06,5.0,5.1,5.0,5.0,168000
DSE-2012,IFILISLMF1,2012-11-06,5.0,5.0,4.9,4.9,115500
DSE-2012,IFILISLMF1,2012-12-06,4.8,5.0,4.8,4.9,51500
DSE-2012,IFILISLMF1,2012-06-13,4.5,5.0,4.5,4.9,45500
DSE-2012,IFILISLMF1,2012-06-14,4.9,5.0,4.9,4.9,127500
DSE-2012,IFILISLMF1,2012-06-17,4.9,5.0,4.8,4.9,99000
DSE-2012,IFILISLMF1,2012-06-18,4.8,5.0,4.8,4.8,58500
DSE-2012,IFILISLMF1,2012-06-19,4.9,5.0,4.7,4.7,231000
DSE-2012,IFILISLMF1,2012-06-20,4.8,4.8,4.7,4.7,73500
DSE-2012,IFILISLMF1,2012-06-21,4.7,4.8,4.6,4.7,332000
DSE-2012,IFILISLMF1,2012-06-24,4.9,5.0,4.7,4.7,162000
DSE-2012,IFILISLMF1,2012-06-25,4.7,4.7,4.6,4.6,61500
DSE-2012,IFILISLMF1,2012-06-26,4.7,4.8,4.6,4.7,94500
DSE-2012,IFILISLMF1,2012-06-27,4.8,4.9,4.7,4.8,343500
DSE-2012,IFILISLMF1,2012-06-28,4.9,4.9,4.7,4.7,251500
DSE-2012,IFILISLMF1,2012-02-07,4.7,4.8,4.7,4.7,239000
DSE-2012,IFILISLMF1,2012-03-07,4.7,4.8,4.7,4.7,94000
DSE-2012,IFILISLMF1,2012-04-07,4.7,4.8,4.7,4.7,99500
DSE-2012,IFILISLMF1,2012-05-07,4.7,4.8,4.7,4.7,118000
DSE-2012,IFILISLMF1,2012-08-07,4.7,4.8,4.6,4.7,189500
DSE-2012,IFILISLMF1,2012-09-07,4.6,4.7,4.5,4.5,273500
DSE-2012,IFILISLMF1,2012-10-07,4.5,4.6,4.4,4.4,224000
DSE-2012,IFILISLMF1,2012-11-07,4.4,4.6,4.4,4.5,325000
DSE-2012,IFILISLMF1,2012-12-07,4.6,4.6,4.4,4.4,290000
DSE-2012,IFILISLMF1,2012-07-15,4.5,4.5,4.3,4.3,126500
DSE-2012,IFILISLMF1,2012-07-16,4.3,4.4,4.2,4.2,252000
DSE-2012,IFILISLMF1,2012-07-17,4.3,4.4,4.2,4.3,158000
DSE-2012,IFILISLMF1,2012-07-18,4.4,4.5,4.3,4.4,160500
DSE-2012,IFILISLMF1,2012-07-19,4.4,4.6,4.4,4.4,201000
DSE-2012,IFILISLMF1,2012-07-22,4.4,4.4,4.3,4.3,33000
DSE-2012,IFILISLMF1,2012-07-23,4.3,4.4,4.3,4.3,157000
DSE-2012,IFILISLMF1,2012-07-24,4.4,4.5,4.4,4.4,175000
DSE-2012,IFILISLMF1,2012-07-25,4.5,4.5,4.4,4.4,85500
DSE-2012,IFILISLMF1,2012-07-26,4.3,4.5,4.3,4.4,186500
DSE-2012,IFILISLMF1,2012-07-29,4.4,4.5,4.3,4.3,457500
DSE-2012,IFILISLMF1,2012-07-30,4.4,4.5,4.3,4.4,59500
DSE-2012,IFILISLMF1,2012-01-08,4.3,4.4,4.2,4.3,907500
DSE-2012,IFILISLMF1,2012-02-08,4.3,4.6,4.3,4.4,800500
DSE-2012,IFILISLMF1,2012-05-08,4.4,4.5,4.3,4.4,128500
DSE-2012,IFILISLMF1,2012-06-08,4.5,4.5,4.4,4.4,354500
DSE-2012,IFILISLMF1,2012-07-08,4.4,4.5,4.4,4.4,107000
DSE-2012,IFILISLMF1,2012-08-08,4.4,4.5,4.4,4.4,189000
DSE-2012,IFILISLMF1,2012-12-08,4.5,4.5,4.3,4.4,59000
DSE-2012,IFILISLMF1,2012-08-13,4.3,4.5,4.3,4.3,170500
DSE-2012,IFILISLMF1,2012-08-14,4.3,4.4,4.3,4.3,72000
DSE-2012,IFILISLMF1,2012-08-26,4.3,4.3,4.1,4.1,555000
DSE-2012,IFILISLMF1,2012-08-27,4.2,4.3,4.2,4.2,140000
DSE-2012,IFILISLMF1,2012-08-28,4.2,4.3,4.1,4.1,134000
DSE-2012,IFILISLMF1,2012-08-29,4.3,4.4,4.2,4.3,264500
DSE-2012,IFILISLMF1,2012-08-30,4.4,4.5,4.3,4.4,306000
DSE-2012,IFILISLMF1,2012-02-09,4.3,4.4,4.2,4.2,123500
DSE-2012,IFILISLMF1,2012-03-09,4.4,4.4,4.2,4.2,119000
DSE-2012,IFILISLMF1,2012-04-09,4.3,4.3,4.2,4.2,197500
DSE-2012,IFILISLMF1,2012-05-09,4.3,4.3,4.1,4.1,218500
DSE-2012,IFILISLMF1,2012-06-09,4.2,4.3,4.1,4.2,203000
DSE-2012,IFILISLMF1,2012-09-09,4.2,4.3,4.2,4.2,47000
DSE-2012,IFILISLMF1,2012-10-09,4.2,4.3,4.1,4.1,394500
DSE-2012,IFILISLMF1,2012-11-09,4.2,4.3,4.2,4.2,380500
DSE-2012,IFILISLMF1,2012-12-09,4.2,4.4,4.2,4.3,499500
DSE-2012,IFILISLMF1,2012-09-13,4.3,4.4,4.2,4.2,396000
DSE-2012,IFILISLMF1,2012-09-16,4.3,4.5,4.3,4.4,333500
DSE-2012,IFILISLMF1,2012-09-17,4.4,4.8,4.3,4.6,947500
DSE-2012,IFILISLMF1,2012-09-18,4.7,5.0,4.6,5.0,538000
DSE-2012,IFILISLMF1,2012-09-19,5.4,5.5,5.2,5.5,623000
DSE-2012,IFILISLMF1,2012-09-20,5.9,6.0,5.5,6.0,2520000
DSE-2012,IFILISLMF1,2012-09-23,6.6,6.6,6.5,6.6,1198500
DSE-2012,IFILISLMF1,2012-09-24,7.2,7.2,6.6,6.8,2955000
DSE-2012,IFILISLMF1,2012-09-25,7.1,7.4,6.5,7.3,3557500
DSE-2012,IFILISLMF1,2012-09-26,7.6,8.0,7.5,7.9,2294500
DSE-2012,IFILISLMF1,2012-09-27,7.8,8.6,7.8,8.1,2819500
DSE-2012,IFILISLMF1,2012-09-30,8.5,8.5,7.3,7.3,3175500
DSE-2012,IFILISLMF1,2012-01-10,7.2,8.0,6.7,7.9,2377500
DSE-2012,IFILISLMF1,2012-01-10,7.2,8.0,6.7,7.9,2377500
DSE-2012,IFILISLMF1,2012-02-10,8.5,8.6,8.5,8.6,3414000
DSE-2012,IFILISLMF1,2012-03-10,9.4,9.4,8.6,8.8,6705000
DSE-2012,IFILISLMF1,2012-04-10,8.4,9.1,8.1,8.9,2546000
DSE-2012,IFILISLMF1,2012-07-10,8.6,8.9,8.1,8.1,1644500
DSE-2012,IFILISLMF1,2012-08-10,7.6,8.2,7.3,7.3,1801000
DSE-2012,IFILISLMF1,2012-09-10,7.6,8.0,7.5,8.0,920000
DSE-2012,IFILISLMF1,2012-10-10,8.6,8.8,7.7,7.8,1258500
DSE-2012,IFILISLMF1,2012-11-10,8.0,8.0,7.4,7.4,749000
DSE-2012,IFILISLMF1,2012-10-14,7.5,7.7,7.0,7.0,720500
DSE-2012,IFILISLMF1,2012-10-15,7.2,7.7,6.8,7.7,825500
DSE-2012,IFILISLMF1,2012-10-16,8.0,8.3,7.5,7.6,1036000
DSE-2012,IFILISLMF1,2012-10-17,7.5,7.9,7.4,7.6,817500
DSE-2012,IFILISLMF1,2012-10-18,7.8,7.9,7.6,7.6,619500
DSE-2012,IFILISLMF1,2012-10-21,7.7,7.7,7.4,7.4,659500
DSE-2012,IFILISLMF1,2012-10-22,7.5,7.7,7.3,7.5,372000
DSE-2012,IFILISLMF1,2012-10-23,7.6,7.7,7.5,7.5,705500
DSE-2012,IFILISLMF1,2012-10-30,7.6,7.6,7.3,7.4,269500
DSE-2012,IFILISLMF1,2012-10-31,7.5,7.8,7.4,7.5,652500
DSE-2012,IFILISLMF1,2012-01-11,7.5,7.7,7.3,7.4,318000
DSE-2012,IFILISLMF1,2012-04-11,7.5,7.5,7.2,7.2,193000
DSE-2012,IFILISLMF1,2012-05-11,7.2,7.4,7.1,7.2,344000
DSE-2012,IFILISLMF1,2012-06-11,7.4,7.6,7.3,7.5,488500
DSE-2012,IFILISLMF1,2012-07-11,7.7,7.8,7.5,7.5,521500
DSE-2012,IFILISLMF1,2012-08-11,7.5,7.6,7.3,7.3,308000
DSE-2012,IFILISLMF1,2012-11-11,7.4,7.4,6.9,6.9,467000
DSE-2012,IFILISLMF1,2012-12-11,7.0,7.2,6.7,6.8,503000
DSE-2012,IFILISLMF1,2012-11-13,6.7,7.0,6.6,6.9,686500
DSE-2012,IFILISLMF1,2012-11-14,6.9,7.0,6.8,6.8,432500
DSE-2012,IFILISLMF1,2012-11-15,6.9,7.4,6.8,7.3,875000
DSE-2012,IFILISLMF1,2012-11-18,7.5,7.8,7.1,7.1,831000
DSE-2012,IFILISLMF1,2012-11-19,7.2,7.2,6.8,6.8,528500
DSE-2012,IFILISLMF1,2012-11-20,6.9,7.0,6.8,6.8,379500
DSE-2012,IFILISLMF1,2012-11-21,6.9,7.0,6.7,6.7,720000
DSE-2012,IFILISLMF1,2012-11-22,7.0,7.0,6.6,6.7,1045000
DSE-2012,IFILISLMF1,2012-11-26,6.7,6.7,6.3,6.5,542500
DSE-2012,IFILISLMF1,2012-11-27,6.6,6.6,6.2,6.4,628500
DSE-2012,IFILISLMF1,2012-11-28,6.5,6.6,6.3,6.3,615500
DSE-2012,IFILISLMF1,2012-11-29,6.7,6.9,6.5,6.7,475000
DSE-2012,IFILISLMF1,2012-02-12,7.0,7.0,6.4,6.4,741500
DSE-2012,IFILISLMF1,2012-03-12,6.4,6.5,6.3,6.3,191000
DSE-2012,IFILISLMF1,2012-04-12,6.3,6.5,6.3,6.4,176000
DSE-2012,IFILISLMF1,2012-05-12,6.5,6.5,6.3,6.4,230500
DSE-2012,IFILISLMF1,2012-06-12,6.3,6.4,6.3,6.3,186500
DSE-2012,IFILISLMF1,2012-09-12,6.2,6.3,6.0,6.0,204500
DSE-2012,IFILISLMF1,2012-10-12,6.0,6.1,5.8,5.9,236000
DSE-2012,IFILISLMF1,2012-11-12,5.9,6.4,5.8,6.3,551000
DSE-2012,IFILISLMF1,2012-12-12,6.3,6.8,6.3,6.3,744000
DSE-2012,IFILISLMF1,2012-12-13,6.3,6.4,6.2,6.3,249500
DSE-2012,IFILISLMF1,2012-12-17,6.4,6.5,6.3,6.4,231500
DSE-2012,IFILISLMF1,2012-12-18,6.4,6.4,6.2,6.2,271000
DSE-2012,IFILISLMF1,2012-12-19,6.2,6.5,6.2,6.3,723000
DSE-2012,IFILISLMF1,2012-12-20,6.4,6.4,6.2,6.2,185000
DSE-2012,IFILISLMF1,2012-12-23,6.3,6.3,6.1,6.1,132000
DSE-2012,IFILISLMF1,2012-12-24,6.2,6.4,6.1,6.2,241500
DSE-2012,IFILISLMF1,2012-12-26,6.3,6.3,6.1,6.1,402500
DSE-2012,IFILISLMF1,2012-12-27,6.3,6.3,6.1,6.2,397000
DSE-2012,IFILISLMF1,2012-12-30,6.2,6.4,6.2,6.2,183000
DSE-2012,PHPMF1,2012-01-01,6.9,7.0,6.7,6.9,995500
DSE-2012,PHPMF1,2012-02-01,6.8,7.0,6.8,6.8,588500
DSE-2012,PHPMF1,2012-03-01,6.8,7.0,6.7,6.8,1002000
DSE-2012,PHPMF1,2012-04-01,6.9,7.2,6.9,7.1,2140500
DSE-2012,PHPMF1,2012-05-01,7.1,7.3,6.8,6.9,1186500
DSE-2012,PHPMF1,2012-08-01,6.9,7.0,6.8,6.9,341500
DSE-2012,PHPMF1,2012-09-01,7.1,7.1,6.8,6.8,615500
DSE-2012,PHPMF1,2012-10-01,6.8,6.9,6.7,6.8,501500
DSE-2012,PHPMF1,2012-11-01,6.8,6.9,6.6,6.7,689000
DSE-2012,PHPMF1,2012-12-01,6.9,6.9,6.6,6.6,323500
DSE-2012,PHPMF1,2012-01-15,6.7,6.7,6.5,6.6,224000
DSE-2012,PHPMF1,2012-01-16,6.5,6.6,6.4,6.4,333000
DSE-2012,PHPMF1,2012-01-18,6.4,6.5,6.2,6.2,267000
DSE-2012,PHPMF1,2012-01-19,6.4,6.5,6.3,6.4,202000
DSE-2012,PHPMF1,2012-01-22,6.4,6.4,6.1,6.1,184500
DSE-2012,PHPMF1,2012-01-23,6.2,6.3,6.0,6.0,165000
DSE-2012,PHPMF1,2012-01-24,6.1,6.1,5.9,5.9,161000
DSE-2012,PHPMF1,2012-01-25,5.9,6.1,5.8,6.0,272500
DSE-2012,PHPMF1,2012-01-26,6.1,6.1,5.9,5.9,111000
DSE-2012,PHPMF1,2012-01-29,6.0,6.0,5.5,5.6,205000
DSE-2012,PHPMF1,2012-01-30,5.5,5.9,5.5,5.8,300000
DSE-2012,PHPMF1,2012-01-31,5.9,6.0,5.5,5.6,183000
DSE-2012,PHPMF1,2012-01-02,5.6,5.8,5.3,5.3,299000
DSE-2012,PHPMF1,2012-02-02,5.2,5.5,5.2,5.3,198000
DSE-2012,PHPMF1,2012-06-02,5.3,5.3,4.8,4.9,419500
DSE-2012,PHPMF1,2012-07-02,5.1,5.3,5.1,5.3,481500
DSE-2012,PHPMF1,2012-08-02,5.5,5.5,5.1,5.1,249000
DSE-2012,PHPMF1,2012-09-02,4.9,5.5,4.9,5.3,683500
DSE-2012,PHPMF1,2012-12-02,5.6,5.7,5.4,5.6,575500
DSE-2012,PHPMF1,2012-02-13,5.6,5.8,5.6,5.6,291000
DSE-2012,PHPMF1,2012-02-14,5.6,5.6,5.3,5.4,258000
DSE-2012,PHPMF1,2012-02-15,5.3,5.6,5.2,5.5,423000
DSE-2012,PHPMF1,2012-02-16,5.6,5.7,5.4,5.4,130500
DSE-2012,PHPMF1,2012-02-19,5.3,5.5,5.3,5.4,121500
DSE-2012,PHPMF1,2012-02-20,5.5,5.5,5.3,5.3,96500
DSE-2012,PHPMF1,2012-02-22,5.5,5.6,5.4,5.4,155000
DSE-2012,PHPMF1,2012-02-23,5.6,5.9,5.5,5.7,475500
DSE-2012,PHPMF1,2012-02-26,5.9,6.0,5.7,5.7,563000
DSE-2012,PHPMF1,2012-02-27,5.8,6.0,5.6,5.6,520000
DSE-2012,PHPMF1,2012-02-28,5.8,5.8,5.5,5.6,745500
DSE-2012,PHPMF1,2012-02-29,5.5,5.9,5.5,5.7,436000
DSE-2012,PHPMF1,2012-01-03,5.7,5.8,5.5,5.5,366500
DSE-2012,PHPMF1,2012-04-03,5.6,5.6,5.3,5.4,760500
DSE-2012,PHPMF1,2012-05-03,5.6,5.6,5.2,5.3,618000
DSE-2012,PHPMF1,2012-06-03,5.3,5.4,5.2,5.3,467500
DSE-2012,PHPMF1,2012-07-03,5.4,5.4,5.2,5.2,524500
DSE-2012,PHPMF1,2012-08-03,5.2,5.4,5.2,5.3,696500
DSE-2012,PHPMF1,2012-11-03,5.3,5.4,5.2,5.3,181000
DSE-2012,PHPMF1,2012-12-03,5.3,5.4,5.3,5.3,191000
DSE-2012,PHPMF1,2012-03-13,5.4,5.6,5.4,5.4,388500
DSE-2012,PHPMF1,2012-03-14,5.4,5.5,5.3,5.3,415500
DSE-2012,PHPMF1,2012-03-15,5.5,5.6,5.4,5.4,315500
DSE-2012,PHPMF1,2012-03-18,5.6,5.9,5.6,5.7,1440500
DSE-2012,PHPMF1,2012-03-19,5.7,5.8,5.6,5.7,303500
DSE-2012,PHPMF1,2012-03-20,5.7,5.9,5.6,5.6,1188000
DSE-2012,PHPMF1,2012-03-21,5.7,5.9,5.7,5.7,748000
DSE-2012,PHPMF1,2012-03-22,5.7,5.9,5.6,5.7,290000
DSE-2012,PHPMF1,2012-03-25,5.9,5.9,5.7,5.7,807500
DSE-2012,PHPMF1,2012-03-27,5.8,6.0,5.8,5.8,1049000
DSE-2012,PHPMF1,2012-03-28,5.9,6.3,5.9,6.2,1220000
DSE-2012,PHPMF1,2012-03-29,6.2,6.8,6.2,6.7,2824000
DSE-2012,PHPMF1,2012-01-04,6.8,7.1,6.7,7.0,1762000
DSE-2012,PHPMF1,2012-02-04,7.2,7.2,6.9,7.1,1773500
DSE-2012,PHPMF1,2012-03-04,7.2,7.2,6.6,6.7,1090500
DSE-2012,PHPMF1,2012-04-04,6.9,6.9,6.5,6.5,765500
DSE-2012,PHPMF1,2012-05-04,6.6,6.7,6.4,6.6,892000
DSE-2012,PHPMF1,2012-08-04,6.6,6.8,6.4,6.4,551500
DSE-2012,PHPMF1,2012-09-04,6.4,6.5,6.1,6.3,688500
DSE-2012,PHPMF1,2012-10-04,6.3,6.7,6.3,6.6,692500
DSE-2012,PHPMF1,2012-11-04,6.6,6.9,6.5,6.7,792000
DSE-2012,PHPMF1,2012-12-04,6.7,7.0,6.6,6.7,1489000
DSE-2012,PHPMF1,2012-04-15,7.0,7.1,6.8,6.8,833500
DSE-2012,PHPMF1,2012-04-16,6.8,7.2,6.8,6.9,2763500
DSE-2012,PHPMF1,2012-04-17,6.8,7.0,6.8,6.8,588000
DSE-2012,PHPMF1,2012-04-18,6.9,7.1,6.9,6.9,421500
DSE-2012,PHPMF1,2012-04-19,7.1,7.1,6.6,6.6,863000
DSE-2012,PHPMF1,2012-04-22,6.7,6.9,6.6,6.7,238000
DSE-2012,PHPMF1,2012-04-23,6.7,6.8,6.6,6.6,505000
DSE-2012,PHPMF1,2012-04-24,6.6,6.7,6.5,6.6,500000
DSE-2012,PHPMF1,2012-04-25,6.6,6.7,6.4,6.4,191000
DSE-2012,PHPMF1,2012-04-26,6.5,6.5,6.3,6.3,450000
DSE-2012,PHPMF1,2012-04-29,6.2,6.3,6.1,6.1,373000
DSE-2012,PHPMF1,2012-04-30,6.2,6.3,6.1,6.1,523000
DSE-2012,PHPMF1,2012-02-05,6.0,6.3,6.0,6.2,539500
DSE-2012,PHPMF1,2012-03-05,6.3,6.3,6.1,6.1,484500
DSE-2012,PHPMF1,2012-07-05,6.1,6.2,6.0,6.0,444500
DSE-2012,PHPMF1,2012-08-05,6.2,6.2,6.0,6.0,437500
DSE-2012,PHPMF1,2012-09-05,6.0,6.0,5.7,5.7,619500
DSE-2012,PHPMF1,2012-10-05,5.7,6.2,5.7,6.1,374500
DSE-2012,PHPMF1,2012-05-13,6.3,6.3,5.9,5.9,457500
DSE-2012,PHPMF1,2012-05-14,6.0,6.1,5.8,6.0,388500
DSE-2012,PHPMF1,2012-05-15,5.8,6.3,5.8,6.0,1325000
DSE-2012,PHPMF1,2012-05-16,6.0,6.2,5.9,6.0,357500
DSE-2012,PHPMF1,2012-05-17,5.9,6.0,5.9,5.9,283500
DSE-2012,PHPMF1,2012-05-20,6.0,6.0,5.9,5.9,182000
DSE-2012,PHPMF1,2012-05-21,5.9,6.2,5.9,6.0,251000
DSE-2012,PHPMF1,2012-05-22,6.0,6.0,5.8,5.8,240500
DSE-2012,PHPMF1,2012-05-23,5.8,5.9,5.7,5.7,256500
DSE-2012,PHPMF1,2012-05-24,5.8,5.9,5.6,5.6,378000
DSE-2012,PHPMF1,2012-05-27,5.6,5.7,5.5,5.5,171000
DSE-2012,PHPMF1,2012-05-28,5.5,5.6,5.4,5.4,474000
DSE-2012,PHPMF1,2012-05-29,5.4,5.5,5.2,5.3,1082500
DSE-2012,PHPMF1,2012-05-30,5.3,5.6,5.3,5.5,1040500
DSE-2012,PHPMF1,2012-05-31,5.6,5.6,5.4,5.5,403500
DSE-2012,PHPMF1,2012-03-06,5.4,5.7,5.4,5.6,857000
DSE-2012,PHPMF1,2012-04-06,5.7,5.7,5.3,5.4,572500
DSE-2012,PHPMF1,2012-05-06,5.5,5.5,5.3,5.3,674000
DSE-2012,PHPMF1,2012-06-06,5.4,5.6,5.3,5.5,375000
DSE-2012,PHPMF1,2012-07-06,5.4,5.5,5.4,5.4,349000
DSE-2012,PHPMF1,2012-10-06,5.6,5.6,5.3,5.3,97500
DSE-2012,PHPMF1,2012-11-06,5.4,5.5,5.3,5.3,121000
DSE-2012,PHPMF1,2012-12-06,5.3,5.5,5.3,5.4,417500
DSE-2012,PHPMF1,2012-06-13,5.4,5.5,5.4,5.4,371000
DSE-2012,PHPMF1,2012-06-14,5.4,5.5,5.3,5.4,352000
DSE-2012,PHPMF1,2012-06-17,5.4,5.4,5.3,5.3,484500
DSE-2012,PHPMF1,2012-06-18,5.3,5.4,5.2,5.3,740000
DSE-2012,PHPMF1,2012-06-19,5.3,5.4,5.2,5.2,601000
DSE-2012,PHPMF1,2012-06-20,5.3,5.3,5.0,5.0,396500
DSE-2012,PHPMF1,2012-06-21,5.1,5.3,5.0,5.1,315000
DSE-2012,PHPMF1,2012-06-24,5.4,5.4,5.1,5.1,354000
DSE-2012,PHPMF1,2012-06-25,5.0,5.2,5.0,5.0,350000
DSE-2012,PHPMF1,2012-06-26,5.2,5.3,5.0,5.2,182000
DSE-2012,PHPMF1,2012-06-27,5.2,5.4,5.1,5.3,295000
DSE-2012,PHPMF1,2012-06-28,5.5,5.5,5.3,5.3,210500
DSE-2012,PHPMF1,2012-02-07,5.2,5.3,5.1,5.1,125500
DSE-2012,PHPMF1,2012-03-07,5.1,5.2,5.1,5.1,157000
DSE-2012,PHPMF1,2012-04-07,5.1,5.1,5.0,5.0,136500
DSE-2012,PHPMF1,2012-05-07,5.1,5.1,5.0,5.0,111500
DSE-2012,PHPMF1,2012-08-07,5.1,5.2,5.0,5.1,223500
DSE-2012,PHPMF1,2012-09-07,5.0,5.1,4.9,4.9,382500
DSE-2012,PHPMF1,2012-10-07,4.9,4.9,4.8,4.8,295000
DSE-2012,PHPMF1,2012-11-07,4.9,5.0,4.7,4.9,309500
DSE-2012,PHPMF1,2012-12-07,5.0,5.1,4.9,5.0,245500
DSE-2012,PHPMF1,2012-07-15,4.9,4.9,4.8,4.8,114000
DSE-2012,PHPMF1,2012-07-16,4.7,4.8,4.7,4.7,105500
DSE-2012,PHPMF1,2012-07-17,4.7,5.0,4.7,4.8,130000
DSE-2012,PHPMF1,2012-07-18,4.9,5.0,4.8,4.9,255500
DSE-2012,PHPMF1,2012-07-19,5.0,5.1,4.9,4.9,126000
DSE-2012,PHPMF1,2012-07-22,4.9,5.0,4.9,4.9,80500
DSE-2012,PHPMF1,2012-07-23,4.9,5.0,4.9,4.9,277000
DSE-2012,PHPMF1,2012-07-24,5.0,5.2,5.0,5.0,255000
DSE-2012,PHPMF1,2012-07-25,5.1,5.1,4.9,4.9,93500
DSE-2012,PHPMF1,2012-07-26,5.0,5.1,4.9,5.0,114500
DSE-2012,PHPMF1,2012-07-29,5.0,5.1,4.9,4.9,95500
DSE-2012,PHPMF1,2012-07-30,5.0,5.0,4.9,4.9,135000
DSE-2012,PHPMF1,2012-01-08,4.9,5.0,4.8,4.8,101000
DSE-2012,PHPMF1,2012-02-08,4.8,5.0,4.8,4.8,143000
DSE-2012,PHPMF1,2012-05-08,4.9,4.9,4.8,4.8,151000
DSE-2012,PHPMF1,2012-06-08,4.9,5.0,4.8,4.8,74000
DSE-2012,PHPMF1,2012-07-08,4.8,4.9,4.8,4.8,392000
DSE-2012,PHPMF1,2012-08-08,4.8,4.9,4.7,4.8,257000
DSE-2012,PHPMF1,2012-12-08,4.8,5.0,4.8,4.8,65000
DSE-2012,PHPMF1,2012-08-13,4.8,4.9,4.7,4.7,230500
DSE-2012,PHPMF1,2012-08-14,4.7,4.9,4.5,4.7,641500
DSE-2012,PHPMF1,2012-08-26,4.7,4.9,4.6,4.7,378500
DSE-2012,PHPMF1,2012-08-27,4.8,4.8,4.6,4.6,742500
DSE-2012,PHPMF1,2012-08-28,4.6,4.8,4.6,4.7,353500
DSE-2012,PHPMF1,2012-08-29,4.7,5.0,4.7,4.8,549500
DSE-2012,PHPMF1,2012-08-30,4.9,5.0,4.8,4.8,892500
DSE-2012,PHPMF1,2012-02-09,4.8,5.0,4.7,4.7,305000
DSE-2012,PHPMF1,2012-03-09,4.7,4.9,4.7,4.8,132000
DSE-2012,PHPMF1,2012-04-09,4.7,4.8,4.7,4.7,348000
DSE-2012,PHPMF1,2012-05-09,4.7,4.8,4.7,4.7,488500
DSE-2012,PHPMF1,2012-06-09,4.7,4.8,4.6,4.6,241500
DSE-2012,PHPMF1,2012-09-09,4.6,4.7,4.6,4.6,96000
DSE-2012,PHPMF1,2012-10-09,4.6,4.7,4.6,4.6,229000
DSE-2012,PHPMF1,2012-11-09,4.6,4.7,4.5,4.6,525500
DSE-2012,PHPMF1,2012-12-09,4.5,4.7,4.5,4.6,423500
DSE-2012,PHPMF1,2012-09-13,4.5,4.7,4.5,4.6,361000
DSE-2012,PHPMF1,2012-09-16,4.7,4.8,4.6,4.7,886500
DSE-2012,PHPMF1,2012-09-17,4.7,5.1,4.7,5.1,1309500
DSE-2012,PHPMF1,2012-09-18,5.1,5.6,5.1,5.5,1619000
DSE-2012,PHPMF1,2012-09-19,5.5,6.0,5.5,6.0,1772000
DSE-2012,PHPMF1,2012-09-20,6.0,6.6,5.7,6.6,2983500
DSE-2012,PHPMF1,2012-09-23,7.2,7.2,6.9,7.2,6292000
DSE-2012,PHPMF1,2012-09-24,7.8,7.9,7.1,7.4,7129000
DSE-2012,PHPMF1,2012-09-25,7.6,8.1,7.2,8.1,7908000
DSE-2012,PHPMF1,2012-09-26,8.7,8.9,8.5,8.6,7003500
DSE-2012,PHPMF1,2012-09-27,8.4,9.0,8.2,8.7,5099500
DSE-2012,PHPMF1,2012-09-30,9.0,9.0,8.1,8.2,6489500
DSE-2012,PHPMF1,2012-01-10,8.2,8.9,7.5,8.7,6921000
DSE-2012,PHPMF1,2012-01-10,8.2,8.9,7.5,8.7,6921000
DSE-2012,PHPMF1,2012-02-10,9.0,9.5,9.0,9.5,10450000
DSE-2012,PHPMF1,2012-03-10,10.4,10.4,8.9,9.2,11768500
DSE-2012,PHPMF1,2012-04-10,9.0,9.8,8.4,9.2,5261500
DSE-2012,PHPMF1,2012-07-10,9.5,9.6,8.3,8.3,3292000
DSE-2012,PHPMF1,2012-08-10,7.7,8.5,7.5,7.8,3528000
DSE-2012,PHPMF1,2012-09-10,8.3,8.5,8.0,8.5,2094000
DSE-2012,PHPMF1,2012-10-10,8.9,9.0,7.9,8.0,1719500
DSE-2012,PHPMF1,2012-11-10,8.2,8.2,7.7,7.7,1486500
DSE-2012,PHPMF1,2012-10-14,8.0,8.2,7.5,7.5,1730000
DSE-2012,PHPMF1,2012-10-15,7.7,8.2,7.2,8.2,1846000
DSE-2012,PHPMF1,2012-10-16,8.7,8.7,7.9,8.0,2319000
DSE-2012,PHPMF1,2012-10-17,8.0,8.3,7.8,8.0,1282500
DSE-2012,PHPMF1,2012-10-18,8.3,8.3,8.0,8.0,1740000
DSE-2012,PHPMF1,2012-10-21,8.2,8.2,7.7,7.7,1244000
DSE-2012,PHPMF1,2012-10-22,7.8,8.1,7.7,7.8,1175000
DSE-2012,PHPMF1,2012-10-23,8.0,8.1,7.8,7.9,1156000
DSE-2012,PHPMF1,2012-10-30,7.9,8.0,7.8,7.8,511500
DSE-2012,PHPMF1,2012-10-31,7.8,8.3,7.8,8.0,1576500
DSE-2012,PHPMF1,2012-01-11,8.1,8.1,7.8,7.8,894500
DSE-2012,PHPMF1,2012-04-11,7.9,8.0,7.7,7.7,734500
DSE-2012,PHPMF1,2012-05-11,7.8,7.9,7.6,7.7,827500
DSE-2012,PHPMF1,2012-06-11,7.8,8.1,7.7,8.0,3381000
DSE-2012,PHPMF1,2012-07-11,8.1,8.3,7.8,7.9,2164500
DSE-2012,PHPMF1,2012-08-11,7.9,8.0,7.7,7.7,1225000
DSE-2012,PHPMF1,2012-11-11,7.7,7.8,7.2,7.2,2134500
DSE-2012,PHPMF1,2012-12-11,7.3,7.5,6.9,7.0,2529000
DSE-2012,PHPMF1,2012-11-13,7.0,7.4,6.8,7.2,1991000
DSE-2012,PHPMF1,2012-11-14,7.1,7.3,7.0,7.0,1289500
DSE-2012,PHPMF1,2012-11-15,7.0,7.7,7.0,7.5,1934500
DSE-2012,PHPMF1,2012-11-18,7.9,8.0,7.5,7.6,2263000
DSE-2012,PHPMF1,2012-11-19,7.5,7.6,7.2,7.2,1794000
DSE-2012,PHPMF1,2012-11-20,7.3,7.4,7.1,7.2,1674500
DSE-2012,PHPMF1,2012-11-21,7.2,7.5,7.1,7.3,1770000
DSE-2012,PHPMF1,2012-11-22,7.5,7.5,7.3,7.3,1543500
DSE-2012,PHPMF1,2012-11-26,7.3,7.4,7.1,7.1,1129500
DSE-2012,PHPMF1,2012-11-27,7.1,7.2,7.0,7.0,1633000
DSE-2012,PHPMF1,2012-11-28,7.2,7.2,7.0,7.0,1635000
DSE-2012,PHPMF1,2012-11-29,7.3,7.5,7.2,7.4,1378500
DSE-2012,PHPMF1,2012-02-12,7.6,7.7,7.1,7.1,1609500
DSE-2012,PHPMF1,2012-03-12,7.3,7.3,7.0,7.0,1367000
DSE-2012,PHPMF1,2012-04-12,7.1,7.2,7.0,7.0,620500
DSE-2012,PHPMF1,2012-05-12,7.1,7.2,6.9,6.9,1256500
DSE-2012,PHPMF1,2012-06-12,7.0,7.0,6.8,6.8,664500
DSE-2012,PHPMF1,2012-09-12,6.9,6.9,6.5,6.6,879000
DSE-2012,PHPMF1,2012-10-12,6.6,6.7,6.5,6.6,864500
DSE-2012,PHPMF1,2012-11-12,6.6,7.2,6.5,7.0,1397500
DSE-2012,PHPMF1,2012-12-12,7.1,7.3,6.9,6.9,1110000
DSE-2012,PHPMF1,2012-12-13,6.7,7.0,6.4,6.8,391500
DSE-2012,PHPMF1,2012-12-17,6.9,7.1,6.9,6.9,567500
DSE-2012,PHPMF1,2012-12-18,7.0,7.0,6.8,6.8,914000
DSE-2012,PHPMF1,2012-12-19,6.8,7.0,6.8,6.8,526000
DSE-2012,PHPMF1,2012-12-20,6.8,6.9,6.7,6.7,698000
DSE-2012,PHPMF1,2012-12-23,6.8,6.9,6.7,6.7,304500
DSE-2012,PHPMF1,2012-12-24,6.8,7.0,6.6,6.8,790000
DSE-2012,PHPMF1,2012-12-26,6.9,6.9,6.7,6.7,479500
DSE-2012,PHPMF1,2012-12-27,6.9,6.9,6.7,6.8,555500
DSE-2012,PHPMF1,2012-12-30,6.9,7.0,6.7,6.7,701000
DSE-2013,1JANATAMF,2013-01-01,7.1,7.1,6.9,6.9,112500
DSE-2013,1JANATAMF,2013-02-01,7.0,7.0,6.8,6.9,224000
DSE-2013,1JANATAMF,2013-03-01,7.1,7.5,7.1,7.4,1297500
DSE-2013,1JANATAMF,2013-06-01,7.4,7.7,7.2,7.2,399500
DSE-2013,1JANATAMF,2013-07-01,7.1,7.3,7.0,7.1,195000
DSE-2013,1JANATAMF,2013-08-01,7.2,7.4,7.2,7.2,231500
DSE-2013,1JANATAMF,2013-09-01,7.9,7.9,7.3,7.3,1166000
DSE-2013,1JANATAMF,2013-10-01,7.2,7.3,7.1,7.1,193500
DSE-2013,1JANATAMF,2013-01-13,7.1,7.2,7.0,7.1,209000
DSE-2013,1JANATAMF,2013-01-14,7.1,7.2,7.0,7.1,208000
DSE-2013,1JANATAMF,2013-01-15,7.1,7.1,7.0,7.0,106500
DSE-2013,1JANATAMF,2013-01-16,7.1,7.2,7.0,7.0,228000
DSE-2013,1JANATAMF,2013-01-17,7.0,7.2,7.0,7.0,177000
DSE-2013,1JANATAMF,2013-01-20,7.0,7.1,7.0,7.0,108000
DSE-2013,1JANATAMF,2013-01-21,7.0,7.0,6.9,6.9,252500
DSE-2013,1JANATAMF,2013-01-22,7.0,7.0,6.9,6.9,556000
DSE-2013,1JANATAMF,2013-01-23,6.9,7.0,6.8,6.9,205000
DSE-2013,1JANATAMF,2013-01-24,6.8,7.0,6.8,6.9,239500
DSE-2013,1JANATAMF,2013-01-27,6.9,7.0,6.8,6.8,418000
DSE-2013,1JANATAMF,2013-01-28,6.8,6.8,6.6,6.6,363500
DSE-2013,1JANATAMF,2013-01-29,6.8,6.9,6.6,6.7,525000
DSE-2013,1JANATAMF,2013-01-30,6.8,6.9,6.7,6.7,82500
DSE-2013,1JANATAMF,2013-01-31,6.7,6.8,6.6,6.6,425500
DSE-2013,1JANATAMF,2013-03-02,6.7,6.8,6.6,6.6,324500
DSE-2013,1JANATAMF,2013-04-02,6.7,6.8,6.6,6.7,110000
DSE-2013,1JANATAMF,2013-05-02,6.6,6.8,6.6,6.6,116500
DSE-2013,1JANATAMF,2013-06-02,6.6,6.8,6.6,6.7,214500
DSE-2013,1JANATAMF,2013-07-02,6.7,6.8,6.6,6.6,181000
DSE-2013,1JANATAMF,2013-10-02,6.7,6.9,6.7,6.8,255000
DSE-2013,1JANATAMF,2013-11-02,6.9,7.0,6.8,6.9,547500
DSE-2013,1JANATAMF,2013-12-02,7.1,7.1,6.9,6.9,276000
DSE-2013,1JANATAMF,2013-02-13,6.9,7.0,6.7,6.8,323000
DSE-2013,1JANATAMF,2013-02-14,6.7,6.9,6.7,6.8,179000
DSE-2013,1JANATAMF,2013-02-17,6.9,6.9,6.6,6.7,297000
DSE-2013,1JANATAMF,2013-02-18,6.7,6.8,6.6,6.6,331000
DSE-2013,1JANATAMF,2013-02-19,6.6,6.7,6.5,6.5,370500
DSE-2013,1JANATAMF,2013-02-20,6.5,6.7,6.5,6.5,136500
DSE-2013,1JANATAMF,2013-02-24,6.5,6.6,6.4,6.4,174500
DSE-2013,1JANATAMF,2013-02-25,6.4,6.6,6.4,6.4,214000
DSE-2013,1JANATAMF,2013-02-26,6.5,6.5,6.3,6.4,238000
DSE-2013,1JANATAMF,2013-02-27,6.4,6.5,6.2,6.2,279000
DSE-2013,1JANATAMF,2013-02-28,6.2,6.2,6.0,6.0,260500
DSE-2013,1JANATAMF,2013-03-03,6.0,6.1,5.7,5.7,131000
DSE-2013,1JANATAMF,2013-04-03,5.9,6.1,5.8,6.0,150000
DSE-2013,1JANATAMF,2013-05-03,6.1,6.2,6.0,6.0,95000
DSE-2013,1JANATAMF,2013-06-03,6.0,6.1,6.0,6.0,84000
DSE-2013,1JANATAMF,2013-07-03,6.0,6.0,5.9,5.9,101500
DSE-2013,1JANATAMF,2013-10-03,5.9,6.0,5.8,5.8,63000
DSE-2013,1JANATAMF,2013-11-03,5.8,5.8,5.6,5.6,320500
DSE-2013,1JANATAMF,2013-12-03,5.6,5.7,5.4,5.4,559500
DSE-2013,1JANATAMF,2013-03-13,5.6,5.7,5.5,5.6,95500
DSE-2013,1JANATAMF,2013-03-14,5.6,5.7,5.3,5.3,676500
DSE-2013,1JANATAMF,2013-03-18,5.5,5.5,5.4,5.4,306000
DSE-2013,1JANATAMF,2013-03-19,5.5,5.7,5.4,5.6,258000
DSE-2013,1JANATAMF,2013-03-20,5.5,5.5,5.4,5.4,113000
DSE-2013,1JANATAMF,2013-03-24,5.4,5.5,5.4,5.4,150500
DSE-2013,1JANATAMF,2013-03-25,5.5,5.6,5.4,5.4,158500
DSE-2013,1JANATAMF,2013-03-27,5.5,5.5,5.3,5.3,203500
DSE-2013,1JANATAMF,2013-03-28,5.4,5.5,5.3,5.3,129500
DSE-2013,1JANATAMF,2013-03-31,5.3,5.4,5.2,5.2,128000
DSE-2013,1JANATAMF,2013-01-04,5.2,5.2,5.0,5.0,137000
DSE-2013,1JANATAMF,2013-02-04,5.2,5.2,4.9,5.0,228000
DSE-2013,1JANATAMF,2013-03-04,5.1,5.2,5.0,5.1,109500
DSE-2013,1JANATAMF,2013-04-04,5.1,5.2,5.1,5.1,72000
DSE-2013,1JANATAMF,2013-07-04,5.1,5.5,5.1,5.4,446000
DSE-2013,1JANATAMF,2013-08-04,5.4,5.9,5.3,5.8,1004000
DSE-2013,1JANATAMF,2013-09-04,6.0,6.2,5.8,5.8,329500
DSE-2013,1JANATAMF,2013-10-04,5.9,6.1,5.6,5.8,566500
DSE-2013,1JANATAMF,2013-11-04,5.8,6.0,5.7,5.8,517500
DSE-2013,1JANATAMF,2013-04-15,5.9,6.0,5.7,5.7,454500
DSE-2013,1JANATAMF,2013-04-16,5.9,5.9,5.5,5.5,262000
DSE-2013,1JANATAMF,2013-04-17,5.6,5.9,5.4,5.8,385500
DSE-2013,1JANATAMF,2013-04-18,6.0,6.2,5.9,5.9,972000
DSE-2013,1JANATAMF,2013-04-21,5.9,5.9,5.7,5.8,162000
DSE-2013,1JANATAMF,2013-04-22,5.8,5.9,5.7,5.7,289500
DSE-2013,1JANATAMF,2013-04-23,5.9,5.9,5.7,5.8,171500
DSE-2013,1JANATAMF,2013-04-24,5.9,5.9,5.6,5.6,268500
DSE-2013,1JANATAMF,2013-04-25,5.7,5.9,5.7,5.7,341000
DSE-2013,1JANATAMF,2013-04-28,5.7,5.7,5.6,5.6,182000
DSE-2013,1JANATAMF,2013-04-29,5.7,5.7,5.5,5.6,248000
DSE-2013,1JANATAMF,2013-04-30,5.8,5.8,5.6,5.6,136000
DSE-2013,1JANATAMF,2013-02-05,5.5,5.7,5.5,5.6,262000
DSE-2013,1JANATAMF,2013-05-05,5.7,5.7,5.6,5.6,106000
DSE-2013,1JANATAMF,2013-06-05,5.5,5.6,5.5,5.5,29000
DSE-2013,1JANATAMF,2013-07-05,5.5,5.7,5.5,5.6,169500
DSE-2013,1JANATAMF,2013-08-05,5.8,6.0,5.7,5.7,638000
DSE-2013,1JANATAMF,2013-09-05,5.8,5.9,5.7,5.8,232500
DSE-2013,1JANATAMF,2013-12-05,5.9,6.0,5.8,5.9,325000
DSE-2013,1JANATAMF,2013-05-13,6.0,6.2,5.9,6.0,756000
DSE-2013,1JANATAMF,2013-05-14,6.1,6.6,6.1,6.5,733500
DSE-2013,1JANATAMF,2013-05-15,6.5,6.6,6.2,6.2,795500
DSE-2013,1JANATAMF,2013-05-16,6.3,6.7,6.3,6.5,607000
DSE-2013,1JANATAMF,2013-05-19,6.6,6.7,6.5,6.6,529000
DSE-2013,1JANATAMF,2013-05-20,6.6,6.7,6.4,6.5,734000
DSE-2013,1JANATAMF,2013-05-21,6.5,6.6,6.3,6.3,378000
DSE-2013,1JANATAMF,2013-05-22,6.2,6.5,6.2,6.2,286000
DSE-2013,1JANATAMF,2013-05-26,6.2,6.3,6.0,6.0,252000
DSE-2013,1JANATAMF,2013-05-27,6.1,6.3,6.0,6.1,223000
DSE-2013,1JANATAMF,2013-05-28,6.3,6.4,6.2,6.3,216000
DSE-2013,1JANATAMF,2013-05-29,6.4,6.5,6.3,6.4,420500
DSE-2013,1JANATAMF,2013-05-30,6.5,6.7,6.5,6.5,739500
DSE-2013,1JANATAMF,2013-02-06,6.7,7.1,6.6,7.0,2212500
DSE-2013,1JANATAMF,2013-03-06,7.3,7.3,6.9,7.0,957000
DSE-2013,1JANATAMF,2013-04-06,7.1,7.2,6.9,6.9,650000
DSE-2013,1JANATAMF,2013-05-06,6.8,7.2,6.7,7.1,950000
DSE-2013,1JANATAMF,2013-06-06,7.0,7.3,7.0,7.1,1089000
DSE-2013,1JANATAMF,2013-09-06,7.4,7.6,6.9,6.9,985000
DSE-2013,1JANATAMF,2013-10-06,7.0,7.4,7.0,7.2,865500
DSE-2013,1JANATAMF,2013-11-06,7.4,7.5,7.2,7.2,710000
DSE-2013,1JANATAMF,2013-12-06,7.4,7.5,7.0,7.0,744000
DSE-2013,1JANATAMF,2013-06-13,7.2,7.2,7.0,7.0,708500
DSE-2013,1JANATAMF,2013-06-16,7.2,7.3,7.1,7.1,415000
DSE-2013,1JANATAMF,2013-06-17,7.2,7.4,7.0,7.1,914500
DSE-2013,1JANATAMF,2013-06-18,7.3,7.6,7.2,7.5,2225500
DSE-2013,1JANATAMF,2013-06-19,7.6,7.8,7.5,7.5,1168500
DSE-2013,1JANATAMF,2013-06-20,7.7,7.7,7.2,7.3,478000
DSE-2013,1JANATAMF,2013-06-23,7.3,7.4,7.0,7.0,589000
DSE-2013,1JANATAMF,2013-06-24,7.1,7.1,6.9,6.9,508500
DSE-2013,1JANATAMF,2013-06-26,7.1,7.3,7.0,7.0,303500
DSE-2013,1JANATAMF,2013-06-27,7.1,7.1,6.9,6.9,225500
DSE-2013,1JANATAMF,2013-06-30,6.8,7.1,6.7,6.8,519000
DSE-2013,1JANATAMF,2013-02-07,7.0,7.2,7.0,7.1,315000
DSE-2013,1JANATAMF,2013-03-07,7.1,7.2,6.8,6.9,525500
DSE-2013,1JANATAMF,2013-04-07,7.0,7.0,6.7,6.8,979500
DSE-2013,1JANATAMF,2013-07-07,7.0,7.2,6.9,7.1,664500
DSE-2013,1JANATAMF,2013-08-07,7.2,7.2,6.9,6.9,893500
DSE-2013,1JANATAMF,2013-09-07,6.9,7.0,6.8,6.8,1125000
DSE-2013,1JANATAMF,2013-10-07,6.9,7.1,6.8,6.9,624000
DSE-2013,1JANATAMF,2013-11-07,7.2,7.2,6.7,6.7,576500
DSE-2013,1JANATAMF,2013-07-14,6.8,6.9,6.7,6.7,244500
DSE-2013,1JANATAMF,2013-07-15,6.8,6.9,6.6,6.7,381500
DSE-2013,1JANATAMF,2013-07-16,6.9,7.0,6.7,6.8,341500
DSE-2013,1JANATAMF,2013-07-17,6.7,6.9,6.7,6.7,478000
DSE-2013,1JANATAMF,2013-07-18,6.8,6.8,6.6,6.7,376000
DSE-2013,1JANATAMF,2013-07-21,6.9,6.9,6.6,6.6,245000
DSE-2013,1JANATAMF,2013-07-22,6.7,6.8,6.5,6.6,318500
DSE-2013,1JANATAMF,2013-07-23,6.6,6.7,6.1,6.3,383500
DSE-2013,1JANATAMF,2013-07-24,6.2,6.9,6.2,6.9,461000
DSE-2013,1JANATAMF,2013-07-25,7.4,7.5,6.8,6.8,896500
DSE-2013,1JANATAMF,2013-07-28,6.8,6.8,6.5,6.6,162500
DSE-2013,1JANATAMF,2013-07-29,6.6,6.9,6.5,6.7,335000
DSE-2013,1JANATAMF,2013-07-30,6.9,6.9,6.4,6.4,213000
DSE-2013,1JANATAMF,2013-07-31,6.6,6.7,6.2,6.2,267500
DSE-2013,1JANATAMF,2013-01-08,6.2,6.3,6.1,6.2,122000
DSE-2013,1JANATAMF,2013-04-08,6.1,6.2,5.8,6.0,200000
DSE-2013,1JANATAMF,2013-05-08,6.0,6.3,6.0,6.2,104000
DSE-2013,1JANATAMF,2013-12-08,6.0,6.1,6.0,6.0,80000
DSE-2013,1JANATAMF,2013-08-13,6.0,6.1,5.9,5.9,240000
DSE-2013,1JANATAMF,2013-08-14,5.5,5.9,5.5,5.7,477500
DSE-2013,1JANATAMF,2013-08-18,5.7,5.9,5.6,5.8,385000
DSE-2013,1JANATAMF,2013-08-19,5.8,5.9,5.7,5.8,268000
DSE-2013,1JANATAMF,2013-08-20,5.8,6.0,5.8,5.8,196500
DSE-2013,1JANATAMF,2013-08-21,5.9,5.9,5.7,5.7,415500
DSE-2013,1JANATAMF,2013-08-22,5.7,6.0,5.7,5.9,282000
DSE-2013,1JANATAMF,2013-08-25,6.1,6.1,5.9,5.9,173000
DSE-2013,1JANATAMF,2013-08-26,5.9,6.0,5.8,5.9,246000
DSE-2013,1JANATAMF,2013-08-27,5.9,5.9,5.8,5.8,242500
DSE-2013,1JANATAMF,2013-08-29,5.9,5.9,5.7,5.7,208000
DSE-2013,1JANATAMF,2013-01-09,5.8,5.9,5.8,5.8,508000
DSE-2013,1JANATAMF,2013-02-09,5.9,5.9,5.8,5.8,175500
DSE-2013,1JANATAMF,2013-03-09,5.8,5.8,5.7,5.7,90500
DSE-2013,1JANATAMF,2013-04-09,5.7,5.8,5.7,5.7,90500
DSE-2013,1JANATAMF,2013-05-09,5.8,5.9,5.7,5.7,122000
DSE-2013,1JANATAMF,2013-08-09,5.8,5.8,5.7,5.7,96000
DSE-2013,1JANATAMF,2013-09-09,5.7,5.9,5.7,5.7,164000
DSE-2013,1JANATAMF,2013-10-09,5.7,5.8,5.6,5.6,142000
DSE-2013,1JANATAMF,2013-11-09,5.6,6.0,5.6,5.7,379500
DSE-2013,1JANATAMF,2013-12-09,5.8,5.8,5.7,5.7,157000
DSE-2013,1JANATAMF,2013-09-15,5.7,5.8,5.6,5.6,315000
DSE-2013,1JANATAMF,2013-09-16,5.6,5.8,5.6,5.6,71000
DSE-2013,1JANATAMF,2013-09-17,5.6,5.8,5.6,5.6,173500
DSE-2013,1JANATAMF,2013-09-18,5.6,5.8,5.6,5.6,165000
DSE-2013,1JANATAMF,2013-09-19,5.6,5.8,5.6,5.7,131500
DSE-2013,1JANATAMF,2013-09-22,5.7,5.8,5.7,5.7,177500
DSE-2013,1JANATAMF,2013-09-23,5.7,5.8,5.6,5.6,194500
DSE-2013,1JANATAMF,2013-09-24,5.6,5.8,5.6,5.6,193000
DSE-2013,1JANATAMF,2013-09-25,5.6,5.7,5.5,5.5,233000
DSE-2013,1JANATAMF,2013-09-26,5.6,5.7,5.6,5.6,64000
DSE-2013,1JANATAMF,2013-09-29,5.7,5.9,5.7,5.8,274500
DSE-2013,1JANATAMF,2013-09-30,5.9,6.0,5.7,5.7,341500
DSE-2013,1JANATAMF,2013-01-10,5.7,5.9,5.7,5.8,148000
DSE-2013,1JANATAMF,2013-02-10,5.9,6.0,5.8,5.8,365000
DSE-2013,1JANATAMF,2013-03-10,5.9,6.0,5.8,5.9,411500
DSE-2013,1JANATAMF,2013-06-10,5.7,5.9,5.7,5.7,197500
DSE-2013,1JANATAMF,2013-07-10,5.9,5.9,5.7,5.7,245000
DSE-2013,1JANATAMF,2013-08-10,5.8,5.8,5.7,5.7,302500
DSE-2013,1JANATAMF,2013-09-10,5.6,5.7,5.5,5.5,381000
DSE-2013,1JANATAMF,2013-10-10,5.6,5.7,5.6,5.6,158500
DSE-2013,1JANATAMF,2013-10-20,5.8,5.8,5.5,5.5,174000
DSE-2013,1JANATAMF,2013-10-21,5.5,5.7,5.5,5.5,272000
DSE-2013,1JANATAMF,2013-10-22,5.6,5.7,5.6,5.6,95000
DSE-2013,1JANATAMF,2013-10-23,5.7,5.7,5.6,5.6,323000
DSE-2013,1JANATAMF,2013-10-24,5.6,5.6,5.5,5.5,334000
DSE-2013,1JANATAMF,2013-10-27,5.6,5.7,5.5,5.6,134000
DSE-2013,1JANATAMF,2013-10-28,5.7,5.8,5.6,5.6,239000
DSE-2013,1JANATAMF,2013-10-29,5.7,5.8,5.6,5.7,227000
DSE-2013,1JANATAMF,2013-10-30,5.8,5.8,5.7,5.7,70500
DSE-2013,1JANATAMF,2013-10-31,5.7,5.8,5.7,5.7,205500
DSE-2013,1JANATAMF,2013-03-11,5.8,5.9,5.7,5.8,611000
DSE-2013,1JANATAMF,2013-04-11,5.8,6.0,5.8,5.9,160500
DSE-2013,1JANATAMF,2013-05-11,5.9,6.1,5.9,5.9,521000
DSE-2013,1JANATAMF,2013-06-11,5.9,6.1,5.9,6.0,412500
DSE-2013,1JANATAMF,2013-07-11,6.1,6.3,6.0,6.2,501500
DSE-2013,1JANATAMF,2013-10-11,6.5,6.5,6.2,6.2,579000
DSE-2013,1JANATAMF,2013-11-11,6.4,6.6,6.4,6.4,1504500
DSE-2013,1JANATAMF,2013-12-11,6.6,6.7,6.1,6.3,689000
DSE-2013,1JANATAMF,2013-11-13,6.3,6.6,6.2,6.4,468500
DSE-2013,1JANATAMF,2013-11-14,6.5,6.6,6.4,6.5,323500
DSE-2013,1JANATAMF,2013-11-17,6.5,6.5,6.2,6.4,299000
DSE-2013,1JANATAMF,2013-11-18,6.3,6.4,6.3,6.3,274500
DSE-2013,1JANATAMF,2013-11-19,6.3,6.4,6.3,6.3,566000
DSE-2013,1JANATAMF,2013-11-20,6.4,6.6,6.4,6.4,796500
DSE-2013,1JANATAMF,2013-11-21,6.4,6.6,6.4,6.5,476000
DSE-2013,1JANATAMF,2013-11-24,6.5,6.5,6.3,6.3,435000
DSE-2013,1JANATAMF,2013-11-25,6.4,6.4,6.2,6.2,604500
DSE-2013,1JANATAMF,2013-11-26,6.2,6.3,6.0,6.1,505000
DSE-2013,1JANATAMF,2013-11-27,6.2,6.2,6.0,6.0,291500
DSE-2013,1JANATAMF,2013-11-28,6.1,6.1,6.0,6.0,137500
DSE-2013,1JANATAMF,2013-01-12,6.0,6.0,5.9,5.9,106500
DSE-2013,1JANATAMF,2013-02-12,6.0,6.1,5.9,5.9,81000
DSE-2013,1JANATAMF,2013-03-12,6.0,6.1,6.0,6.0,163500
DSE-2013,1JANATAMF,2013-04-12,6.1,6.1,6.0,6.0,62500
DSE-2013,1JANATAMF,2013-05-12,6.0,6.1,5.9,6.0,138000
DSE-2013,1JANATAMF,2013-08-12,5.9,6.1,5.9,6.0,113500
DSE-2013,1JANATAMF,2013-09-12,6.1,6.3,6.0,6.2,419000
DSE-2013,1JANATAMF,2013-10-12,6.4,6.4,6.1,6.1,271000
DSE-2013,1JANATAMF,2013-11-12,6.2,6.4,6.1,6.3,245500
DSE-2013,1JANATAMF,2013-12-12,6.4,6.4,6.1,6.1,237000
DSE-2013,1JANATAMF,2013-12-15,6.2,6.3,6.1,6.1,191000
DSE-2013,1JANATAMF,2013-12-17,6.3,6.3,6.1,6.2,236500
DSE-2013,1JANATAMF,2013-12-18,6.2,6.3,6.1,6.2,113500
DSE-2013,1JANATAMF,2013-12-19,6.2,6.2,6.0,6.1,218500
DSE-2013,1JANATAMF,2013-12-22,6.1,6.2,6.0,6.1,209500
DSE-2013,1JANATAMF,2013-12-23,6.2,6.2,6.0,6.0,175500
DSE-2013,1JANATAMF,2013-12-24,6.1,6.1,6.0,6.0,167500
DSE-2013,1JANATAMF,2013-12-26,6.1,6.1,6.0,6.0,119500
DSE-2013,1JANATAMF,2013-12-29,6.0,6.0,5.9,5.9,188500
DSE-2013,1JANATAMF,2013-12-30,5.9,6.1,5.9,6.0,135500
DSE-2013,DBH1STMF,2013-01-01,7.1,7.3,7.0,7.0,170000
DSE-2013,DBH1STMF,2013-02-01,7.0,7.1,6.9,6.9,281000
DSE-2013,DBH1STMF,2013-03-01,7.4,7.5,7.3,7.5,1110000
DSE-2013,DBH1STMF,2013-06-01,7.7,7.8,7.4,7.4,579500
DSE-2013,DBH1STMF,2013-07-01,7.5,7.6,7.3,7.4,560500
DSE-2013,DBH1STMF,2013-08-01,7.5,7.8,7.4,7.5,473500
DSE-2013,DBH1STMF,2013-09-01,8.2,8.2,7.6,7.6,1402000
DSE-2013,DBH1STMF,2013-10-01,7.6,7.7,7.3,7.4,428000
DSE-2013,DBH1STMF,2013-01-13,7.5,7.5,7.1,7.1,314500
DSE-2013,DBH1STMF,2013-01-14,7.1,7.2,7.1,7.1,131500
DSE-2013,DBH1STMF,2013-01-15,7.1,7.2,7.0,7.1,278000
DSE-2013,DBH1STMF,2013-01-16,7.1,7.2,7.1,7.1,126500
DSE-2013,DBH1STMF,2013-01-17,7.2,7.3,7.1,7.1,190500
DSE-2013,DBH1STMF,2013-01-20,7.2,7.3,7.1,7.1,373000
DSE-2013,DBH1STMF,2013-01-21,7.1,7.3,7.1,7.2,143000
DSE-2013,DBH1STMF,2013-01-22,7.1,7.2,6.9,6.9,616500
DSE-2013,DBH1STMF,2013-01-23,6.9,7.0,6.8,6.8,327000
DSE-2013,DBH1STMF,2013-01-24,6.9,7.1,6.8,6.8,430000
DSE-2013,DBH1STMF,2013-01-27,6.9,7.0,6.6,6.7,612500
DSE-2013,DBH1STMF,2013-01-28,6.8,6.8,6.6,6.6,551000
DSE-2013,DBH1STMF,2013-01-29,6.7,6.9,6.7,6.8,268000
DSE-2013,DBH1STMF,2013-01-30,6.9,6.9,6.8,6.8,173000
DSE-2013,DBH1STMF,2013-01-31,6.8,6.9,6.7,6.7,235500
DSE-2013,DBH1STMF,2013-03-02,6.8,6.9,6.7,6.8,270500
DSE-2013,DBH1STMF,2013-04-02,6.8,6.9,6.7,6.7,317500
DSE-2013,DBH1STMF,2013-05-02,6.7,6.9,6.6,6.8,234500
DSE-2013,DBH1STMF,2013-06-02,6.8,7.0,6.8,6.9,401000
DSE-2013,DBH1STMF,2013-07-02,7.0,7.0,6.9,6.9,533000
DSE-2013,DBH1STMF,2013-10-02,6.9,7.1,6.9,6.9,477500
DSE-2013,DBH1STMF,2013-11-02,7.0,7.1,6.9,6.9,485000
DSE-2013,DBH1STMF,2013-12-02,7.0,7.0,6.9,6.9,332500
DSE-2013,DBH1STMF,2013-02-13,6.9,6.9,6.7,6.7,364500
DSE-2013,DBH1STMF,2013-02-14,7.0,7.0,6.7,6.7,469500
DSE-2013,DBH1STMF,2013-02-17,6.8,6.8,6.7,6.7,458000
DSE-2013,DBH1STMF,2013-02-18,6.7,6.7,6.5,6.6,279500
DSE-2013,DBH1STMF,2013-02-19,6.5,6.6,6.5,6.5,366000
DSE-2013,DBH1STMF,2013-02-20,6.5,6.6,6.5,6.5,156000
DSE-2013,DBH1STMF,2013-02-24,6.5,6.5,6.3,6.3,290000
DSE-2013,DBH1STMF,2013-02-25,6.5,6.5,6.2,6.2,210500
DSE-2013,DBH1STMF,2013-02-26,6.4,6.4,6.2,6.2,174000
DSE-2013,DBH1STMF,2013-02-27,6.3,6.3,6.0,6.0,246000
DSE-2013,DBH1STMF,2013-02-28,6.1,6.1,6.0,6.0,171000
DSE-2013,DBH1STMF,2013-03-03,6.0,6.0,5.6,5.7,273500
DSE-2013,DBH1STMF,2013-04-03,5.8,5.9,5.7,5.8,139000
DSE-2013,DBH1STMF,2013-05-03,5.9,5.9,5.7,5.8,281000
DSE-2013,DBH1STMF,2013-06-03,5.9,6.0,5.8,5.8,50000
DSE-2013,DBH1STMF,2013-07-03,5.7,5.9,5.6,5.7,67000
DSE-2013,DBH1STMF,2013-10-03,5.8,5.9,5.7,5.7,103000
DSE-2013,DBH1STMF,2013-11-03,5.6,5.7,5.5,5.5,117000
DSE-2013,DBH1STMF,2013-12-03,5.6,5.7,5.6,5.6,105500
DSE-2013,DBH1STMF,2013-03-13,5.8,5.8,5.6,5.6,87000
DSE-2013,DBH1STMF,2013-03-14,5.6,5.7,5.5,5.5,72500
DSE-2013,DBH1STMF,2013-03-18,5.6,5.6,5.4,5.5,124000
DSE-2013,DBH1STMF,2013-03-19,5.4,5.7,5.4,5.6,37500
DSE-2013,DBH1STMF,2013-03-20,5.6,5.7,5.6,5.6,127000
DSE-2013,DBH1STMF,2013-03-24,5.5,5.6,5.4,5.4,260500
DSE-2013,DBH1STMF,2013-03-25,5.4,5.5,5.3,5.3,107000
DSE-2013,DBH1STMF,2013-03-27,5.3,5.4,5.2,5.2,181500
DSE-2013,DBH1STMF,2013-03-28,5.2,5.4,5.2,5.3,98000
DSE-2013,DBH1STMF,2013-03-31,5.3,5.3,5.2,5.2,76000
DSE-2013,DBH1STMF,2013-01-04,5.2,5.2,4.9,4.9,234500
DSE-2013,DBH1STMF,2013-02-04,5.1,5.1,4.9,5.0,213000
DSE-2013,DBH1STMF,2013-03-04,5.1,5.2,5.0,5.0,81500
DSE-2013,DBH1STMF,2013-04-04,5.1,5.2,5.0,5.0,34000
DSE-2013,DBH1STMF,2013-07-04,5.0,5.5,5.0,5.4,750000
DSE-2013,DBH1STMF,2013-08-04,5.6,5.9,5.5,5.9,549500
DSE-2013,DBH1STMF,2013-09-04,6.1,6.4,5.9,6.1,776500
DSE-2013,DBH1STMF,2013-10-04,6.1,6.5,5.8,6.1,749500
DSE-2013,DBH1STMF,2013-11-04,6.6,6.7,6.1,6.3,398500
DSE-2013,DBH1STMF,2013-04-15,6.0,6.2,6.0,6.0,189000
DSE-2013,DBH1STMF,2013-04-16,6.0,6.0,5.6,5.6,509000
DSE-2013,DBH1STMF,2013-04-17,5.7,6.1,5.5,6.0,480000
DSE-2013,DBH1STMF,2013-04-18,6.2,6.6,6.1,6.2,1290000
DSE-2013,DBH1STMF,2013-04-21,6.3,6.4,6.0,6.0,305000
DSE-2013,DBH1STMF,2013-04-22,6.0,6.3,5.8,5.8,564500
DSE-2013,DBH1STMF,2013-04-23,6.2,6.2,6.0,6.0,239500
DSE-2013,DBH1STMF,2013-04-24,6.1,6.1,5.9,5.9,272000
DSE-2013,DBH1STMF,2013-04-25,5.9,5.9,5.7,5.7,418000
DSE-2013,DBH1STMF,2013-04-28,5.7,5.8,5.5,5.7,382000
DSE-2013,DBH1STMF,2013-04-29,5.7,5.9,5.7,5.7,250000
DSE-2013,DBH1STMF,2013-04-30,5.9,5.9,5.6,5.6,233500
DSE-2013,DBH1STMF,2013-02-05,5.8,5.8,5.6,5.7,332500
DSE-2013,DBH1STMF,2013-05-05,5.7,5.8,5.6,5.6,289500
DSE-2013,DBH1STMF,2013-06-05,5.7,5.7,5.6,5.6,58500
DSE-2013,DBH1STMF,2013-07-05,5.8,5.9,5.7,5.7,368500
DSE-2013,DBH1STMF,2013-08-05,5.7,6.2,5.7,5.8,448500
DSE-2013,DBH1STMF,2013-09-05,5.9,6.1,5.9,5.9,373500
DSE-2013,DBH1STMF,2013-12-05,5.8,6.3,5.8,6.2,485500
DSE-2013,DBH1STMF,2013-05-13,6.4,6.5,6.2,6.3,589500
DSE-2013,DBH1STMF,2013-05-14,6.4,6.9,6.4,6.8,1148000
DSE-2013,DBH1STMF,2013-05-15,6.8,6.8,6.5,6.5,789000
DSE-2013,DBH1STMF,2013-05-16,6.5,6.9,6.4,6.7,934500
DSE-2013,DBH1STMF,2013-05-19,6.9,7.2,6.8,7.1,1212000
DSE-2013,DBH1STMF,2013-05-20,7.1,7.3,6.9,6.9,940500
DSE-2013,DBH1STMF,2013-05-21,7.0,7.0,6.7,6.7,334500
DSE-2013,DBH1STMF,2013-05-22,6.8,6.9,6.5,6.6,715500
DSE-2013,DBH1STMF,2013-05-26,6.6,6.7,6.3,6.3,771500
DSE-2013,DBH1STMF,2013-05-27,6.5,6.6,6.4,6.4,330500
DSE-2013,DBH1STMF,2013-05-28,6.6,6.7,6.5,6.5,287500
DSE-2013,DBH1STMF,2013-05-29,6.7,6.9,6.6,6.7,380000
DSE-2013,DBH1STMF,2013-05-30,6.9,6.9,6.7,6.7,473000
DSE-2013,DBH1STMF,2013-02-06,7.1,7.1,6.9,7.0,886500
DSE-2013,DBH1STMF,2013-03-06,7.1,7.2,6.9,7.1,1237000
DSE-2013,DBH1STMF,2013-04-06,7.1,7.1,6.9,6.9,1174000
DSE-2013,DBH1STMF,2013-05-06,6.9,7.1,6.8,6.9,878000
DSE-2013,DBH1STMF,2013-06-06,7.0,7.2,6.9,7.0,660000
DSE-2013,DBH1STMF,2013-09-06,7.3,7.3,6.8,6.9,898500
DSE-2013,DBH1STMF,2013-10-06,7.0,7.3,6.9,7.2,822500
DSE-2013,DBH1STMF,2013-11-06,7.3,7.4,7.2,7.2,946000
DSE-2013,DBH1STMF,2013-12-06,7.1,7.2,6.9,6.9,737000
DSE-2013,DBH1STMF,2013-06-13,6.9,7.0,6.8,6.8,789500
DSE-2013,DBH1STMF,2013-06-16,7.0,7.2,6.9,6.9,663500
DSE-2013,DBH1STMF,2013-06-17,7.1,7.2,6.9,7.0,1196000
DSE-2013,DBH1STMF,2013-06-18,7.1,7.7,7.0,7.6,3324500
DSE-2013,DBH1STMF,2013-06-19,7.8,8.0,7.7,7.8,1820000
DSE-2013,DBH1STMF,2013-06-20,7.9,7.9,7.5,7.6,1240000
DSE-2013,DBH1STMF,2013-06-23,7.5,7.6,7.0,7.0,961500
DSE-2013,DBH1STMF,2013-06-24,7.1,7.1,6.9,7.0,514500
DSE-2013,DBH1STMF,2013-06-26,7.2,7.4,7.1,7.2,598000
DSE-2013,DBH1STMF,2013-06-27,7.2,7.4,7.0,7.0,1059000
DSE-2013,DBH1STMF,2013-06-30,6.9,7.0,6.7,6.8,478500
DSE-2013,DBH1STMF,2013-02-07,6.9,7.3,6.9,7.2,419500
DSE-2013,DBH1STMF,2013-03-07,7.3,7.4,7.0,7.0,357500
DSE-2013,DBH1STMF,2013-04-07,7.3,7.3,6.9,7.1,481500
DSE-2013,DBH1STMF,2013-07-07,7.3,7.5,7.2,7.4,751000
DSE-2013,DBH1STMF,2013-08-07,7.5,7.6,7.2,7.2,531000
DSE-2013,DBH1STMF,2013-09-07,7.2,7.3,6.9,6.9,1013500
DSE-2013,DBH1STMF,2013-10-07,7.0,7.3,6.9,6.9,886500
DSE-2013,DBH1STMF,2013-11-07,7.0,7.1,6.9,6.9,345500
DSE-2013,DBH1STMF,2013-07-14,6.9,7.1,6.7,6.7,274500
DSE-2013,DBH1STMF,2013-07-15,7.0,7.0,6.6,6.6,580000
DSE-2013,DBH1STMF,2013-07-16,7.0,7.0,6.6,6.7,597000
DSE-2013,DBH1STMF,2013-07-17,6.7,6.8,6.6,6.7,311500
DSE-2013,DBH1STMF,2013-07-18,6.9,6.9,6.6,6.7,346500
DSE-2013,DBH1STMF,2013-07-21,6.9,6.9,6.5,6.5,216000
DSE-2013,DBH1STMF,2013-07-22,6.8,6.8,6.5,6.6,201500
DSE-2013,DBH1STMF,2013-07-23,6.6,6.7,6.4,6.4,370500
DSE-2013,DBH1STMF,2013-07-24,6.4,7.0,6.4,7.0,1195000
DSE-2013,DBH1STMF,2013-07-25,7.6,7.6,6.9,6.9,1058000
DSE-2013,DBH1STMF,2013-07-28,6.8,6.8,6.7,6.7,75500
DSE-2013,DBH1STMF,2013-07-29,6.8,6.8,6.5,6.6,183500
DSE-2013,DBH1STMF,2013-07-30,6.6,6.8,6.4,6.4,223500
DSE-2013,DBH1STMF,2013-07-31,6.2,6.6,6.2,6.3,198500
DSE-2013,DBH1STMF,2013-01-08,6.1,6.3,5.9,6.0,450000
DSE-2013,DBH1STMF,2013-04-08,5.6,5.8,5.5,5.7,784000
DSE-2013,DBH1STMF,2013-05-08,5.5,5.9,5.5,5.8,310500
DSE-2013,DBH1STMF,2013-12-08,5.7,5.8,5.6,5.7,95500
DSE-2013,DBH1STMF,2013-08-13,5.9,5.9,5.7,5.7,170000
DSE-2013,DBH1STMF,2013-08-14,5.7,5.8,5.6,5.6,495000
DSE-2013,DBH1STMF,2013-08-18,5.6,5.8,5.6,5.6,480500
DSE-2013,DBH1STMF,2013-08-19,5.7,5.9,5.6,5.8,317500
DSE-2013,DBH1STMF,2013-08-20,5.9,6.0,5.8,5.8,273000
DSE-2013,DBH1STMF,2013-08-21,5.8,5.9,5.7,5.7,131000
DSE-2013,DBH1STMF,2013-08-22,5.8,5.9,5.7,5.8,219500
DSE-2013,DBH1STMF,2013-08-25,5.9,6.0,5.8,5.8,468500
DSE-2013,DBH1STMF,2013-08-26,5.7,5.9,5.7,5.8,472000
DSE-2013,DBH1STMF,2013-08-27,5.9,5.9,5.6,5.6,682500
DSE-2013,DBH1STMF,2013-08-29,5.6,5.8,5.6,5.6,118000
DSE-2013,DBH1STMF,2013-01-09,5.6,5.8,5.6,5.6,215000
DSE-2013,DBH1STMF,2013-02-09,5.7,5.8,5.6,5.6,194000
DSE-2013,DBH1STMF,2013-03-09,5.7,5.7,5.6,5.6,139000
DSE-2013,DBH1STMF,2013-04-09,5.6,5.7,5.5,5.6,132500
DSE-2013,DBH1STMF,2013-05-09,5.6,5.7,5.6,5.6,141000
DSE-2013,DBH1STMF,2013-08-09,5.6,5.7,5.5,5.5,122500
DSE-2013,DBH1STMF,2013-09-09,5.5,5.5,5.4,5.4,318000
DSE-2013,DBH1STMF,2013-10-09,5.7,5.7,5.4,5.4,107000
DSE-2013,DBH1STMF,2013-11-09,5.6,5.9,5.5,5.6,206000
DSE-2013,DBH1STMF,2013-12-09,5.6,5.7,5.3,5.3,259000
DSE-2013,DBH1STMF,2013-09-15,5.7,5.7,5.3,5.3,357500
DSE-2013,DBH1STMF,2013-09-16,5.5,5.5,5.3,5.4,113500
DSE-2013,DBH1STMF,2013-09-17,5.4,5.4,5.3,5.3,201500
DSE-2013,DBH1STMF,2013-09-18,5.4,5.5,5.3,5.4,174000
DSE-2013,DBH1STMF,2013-09-19,5.3,5.6,5.3,5.5,136500
DSE-2013,DBH1STMF,2013-09-22,5.4,5.5,5.4,5.4,336500
DSE-2013,DBH1STMF,2013-09-23,5.4,5.4,5.3,5.3,93000
DSE-2013,DBH1STMF,2013-09-24,5.5,5.5,5.2,5.2,322500
DSE-2013,DBH1STMF,2013-09-25,5.4,5.4,5.3,5.3,139000
DSE-2013,DBH1STMF,2013-09-26,5.3,5.5,5.3,5.4,156500
DSE-2013,DBH1STMF,2013-09-29,5.4,5.7,5.4,5.6,456000
DSE-2013,DBH1STMF,2013-09-30,5.8,5.8,5.5,5.5,144000
DSE-2013,DBH1STMF,2013-01-10,5.5,5.6,5.5,5.5,32500
DSE-2013,DBH1STMF,2013-02-10,5.6,5.7,5.5,5.5,441500
DSE-2013,DBH1STMF,2013-03-10,5.5,5.6,5.4,5.4,192000
DSE-2013,DBH1STMF,2013-06-10,5.5,5.5,5.4,5.4,107500
DSE-2013,DBH1STMF,2013-07-10,5.5,5.5,5.4,5.4,177500
DSE-2013,DBH1STMF,2013-08-10,5.4,5.5,5.4,5.4,369000
DSE-2013,DBH1STMF,2013-09-10,5.3,5.5,5.2,5.2,163500
DSE-2013,DBH1STMF,2013-10-10,5.2,5.4,5.2,5.3,286000
DSE-2013,DBH1STMF,2013-10-20,5.2,5.3,5.2,5.2,131000
DSE-2013,DBH1STMF,2013-10-21,5.2,5.4,5.1,5.2,318500
DSE-2013,DBH1STMF,2013-10-22,5.3,5.4,5.2,5.3,134500
DSE-2013,DBH1STMF,2013-10-23,5.3,5.4,5.2,5.2,338500
DSE-2013,DBH1STMF,2013-10-24,5.2,5.3,5.2,5.2,86000
DSE-2013,DBH1STMF,2013-10-27,5.2,5.3,5.2,5.2,208500
DSE-2013,DBH1STMF,2013-10-28,5.3,5.5,5.3,5.3,188000
DSE-2013,DBH1STMF,2013-10-29,5.3,5.5,5.3,5.4,265000
DSE-2013,DBH1STMF,2013-10-30,5.4,5.5,5.3,5.4,167000
DSE-2013,DBH1STMF,2013-10-31,5.4,5.6,5.4,5.5,274500
DSE-2013,DBH1STMF,2013-03-11,5.5,5.5,5.3,5.4,81500
DSE-2013,DBH1STMF,2013-04-11,5.4,5.5,5.3,5.4,131500
DSE-2013,DBH1STMF,2013-05-11,5.5,5.7,5.5,5.5,266000
DSE-2013,DBH1STMF,2013-06-11,5.5,5.6,5.5,5.5,219000
DSE-2013,DBH1STMF,2013-07-11,5.5,6.0,5.3,5.9,630500
DSE-2013,DBH1STMF,2013-10-11,6.0,6.2,5.9,6.0,549500
DSE-2013,DBH1STMF,2013-11-11,6.3,6.5,6.1,6.3,855000
DSE-2013,DBH1STMF,2013-12-11,6.5,6.5,6.1,6.1,559500
DSE-2013,DBH1STMF,2013-11-13,6.2,6.2,6.1,6.1,209000
DSE-2013,DBH1STMF,2013-11-14,6.1,6.3,6.1,6.1,251500
DSE-2013,DBH1STMF,2013-11-17,6.1,6.2,5.8,5.8,662500
DSE-2013,DBH1STMF,2013-11-18,5.9,5.9,5.8,5.8,322500
DSE-2013,DBH1STMF,2013-11-19,5.9,6.1,5.9,5.9,360000
DSE-2013,DBH1STMF,2013-11-20,6.0,6.2,6.0,6.1,396000
DSE-2013,DBH1STMF,2013-11-21,6.1,6.3,6.0,6.1,709500
DSE-2013,DBH1STMF,2013-11-24,6.1,6.1,5.9,5.9,292500
DSE-2013,DBH1STMF,2013-11-25,5.9,6.0,5.9,5.9,265500
DSE-2013,DBH1STMF,2013-11-26,5.9,5.9,5.7,5.7,393500
DSE-2013,DBH1STMF,2013-11-27,5.8,5.8,5.6,5.6,292500
DSE-2013,DBH1STMF,2013-11-28,5.6,5.8,5.6,5.6,173500
DSE-2013,DBH1STMF,2013-01-12,5.6,5.7,5.6,5.6,93000
DSE-2013,DBH1STMF,2013-02-12,5.7,5.7,5.6,5.6,307500
DSE-2013,DBH1STMF,2013-03-12,5.7,5.8,5.6,5.7,81000
DSE-2013,DBH1STMF,2013-04-12,5.7,5.8,5.6,5.6,179000
DSE-2013,DBH1STMF,2013-05-12,5.6,5.7,5.6,5.6,83500
DSE-2013,DBH1STMF,2013-08-12,5.7,5.8,5.6,5.6,267000
DSE-2013,DBH1STMF,2013-09-12,5.7,5.7,5.6,5.6,240000
DSE-2013,DBH1STMF,2013-10-12,5.7,6.0,5.6,5.9,775000
DSE-2013,DBH1STMF,2013-11-12,5.9,6.1,5.8,5.9,428000
DSE-2013,DBH1STMF,2013-12-12,5.9,6.0,5.8,5.8,105000
DSE-2013,DBH1STMF,2013-12-15,5.9,5.9,5.7,5.8,118000
DSE-2013,DBH1STMF,2013-12-17,5.9,6.0,5.8,5.8,156000
DSE-2013,DBH1STMF,2013-12-18,5.8,5.9,5.7,5.8,340000
DSE-2013,DBH1STMF,2013-12-19,5.8,5.8,5.6,5.6,468000
DSE-2013,DBH1STMF,2013-12-22,5.8,5.8,5.6,5.6,240000
DSE-2013,DBH1STMF,2013-12-23,5.7,5.7,5.6,5.6,289500
DSE-2013,DBH1STMF,2013-12-24,5.8,5.9,5.6,5.6,113000
DSE-2013,DBH1STMF,2013-12-26,5.6,5.7,5.6,5.6,238000
DSE-2013,DBH1STMF,2013-12-29,5.6,5.7,5.5,5.5,106000
DSE-2013,DBH1STMF,2013-12-30,5.6,5.7,5.5,5.6,44000
DSE-2013,GREENDELMF,2013-01-01,6.9,6.9,6.7,6.7,296500
DSE-2013,GREENDELMF,2013-02-01,6.7,6.9,6.6,6.6,376500
DSE-2013,GREENDELMF,2013-03-01,7.2,7.2,6.9,7.2,1676500
DSE-2013,GREENDELMF,2013-06-01,7.3,7.5,7.1,7.2,810000
DSE-2013,GREENDELMF,2013-07-01,7.1,7.2,7.0,7.0,266500
DSE-2013,GREENDELMF,2013-08-01,7.1,7.3,7.0,7.0,397000
DSE-2013,GREENDELMF,2013-09-01,7.7,7.7,7.2,7.2,1493500
DSE-2013,GREENDELMF,2013-10-01,7.1,7.1,7.0,7.0,317000
DSE-2013,GREENDELMF,2013-01-13,6.9,7.0,6.8,6.8,298500
DSE-2013,GREENDELMF,2013-01-14,6.9,6.9,6.7,6.7,482000
DSE-2013,GREENDELMF,2013-01-15,6.8,6.9,6.7,6.8,103000
DSE-2013,GREENDELMF,2013-01-16,6.8,6.8,6.7,6.7,310500
DSE-2013,GREENDELMF,2013-01-17,6.8,6.8,6.7,6.7,152000
DSE-2013,GREENDELMF,2013-01-20,6.8,6.8,6.6,6.7,373000
DSE-2013,GREENDELMF,2013-01-21,6.7,6.7,6.6,6.7,98000
DSE-2013,GREENDELMF,2013-01-22,6.6,6.7,6.5,6.5,512000
DSE-2013,GREENDELMF,2013-01-23,6.5,6.6,6.4,6.4,511000
DSE-2013,GREENDELMF,2013-01-24,6.5,6.6,6.4,6.5,532500
DSE-2013,GREENDELMF,2013-01-27,6.4,6.5,6.4,6.4,346500
DSE-2013,GREENDELMF,2013-01-28,6.4,6.5,6.4,6.4,104500
DSE-2013,GREENDELMF,2013-01-29,6.4,6.6,6.4,6.4,444000
DSE-2013,GREENDELMF,2013-01-30,6.4,6.6,6.4,6.4,205500
DSE-2013,GREENDELMF,2013-01-31,6.5,6.5,6.4,6.4,158500
DSE-2013,GREENDELMF,2013-03-02,6.4,6.5,6.3,6.3,283000
DSE-2013,GREENDELMF,2013-04-02,6.4,6.4,6.2,6.2,331000
DSE-2013,GREENDELMF,2013-05-02,6.2,6.4,6.2,6.3,240500
DSE-2013,GREENDELMF,2013-06-02,6.3,6.5,6.3,6.4,437500
DSE-2013,GREENDELMF,2013-07-02,6.5,6.5,6.4,6.4,321500
DSE-2013,GREENDELMF,2013-10-02,6.5,6.6,6.4,6.4,663500
DSE-2013,GREENDELMF,2013-11-02,6.5,6.6,6.5,6.5,246500
DSE-2013,GREENDELMF,2013-12-02,6.6,6.6,6.4,6.4,291000
DSE-2013,GREENDELMF,2013-02-13,6.4,6.5,6.3,6.3,535000
DSE-2013,GREENDELMF,2013-02-14,6.4,6.5,6.3,6.3,628000
DSE-2013,GREENDELMF,2013-02-17,6.5,6.5,6.2,6.2,250500
DSE-2013,GREENDELMF,2013-02-18,6.3,6.3,6.1,6.1,370000
DSE-2013,GREENDELMF,2013-02-19,6.2,6.3,6.1,6.1,277000
DSE-2013,GREENDELMF,2013-02-20,6.1,6.2,6.0,6.0,367500
DSE-2013,GREENDELMF,2013-02-24,6.0,6.1,5.8,5.8,249500
DSE-2013,GREENDELMF,2013-02-25,5.8,6.0,5.8,5.8,259500
DSE-2013,GREENDELMF,2013-02-26,5.9,5.9,5.8,5.8,281500
DSE-2013,GREENDELMF,2013-02-27,5.8,5.9,5.7,5.7,195000
DSE-2013,GREENDELMF,2013-02-28,5.7,5.8,5.5,5.6,138000
DSE-2013,GREENDELMF,2013-03-03,5.5,5.5,5.2,5.3,154000
DSE-2013,GREENDELMF,2013-04-03,5.2,5.6,5.2,5.4,136500
DSE-2013,GREENDELMF,2013-05-03,5.4,5.5,5.3,5.4,108000
DSE-2013,GREENDELMF,2013-06-03,5.4,5.4,5.3,5.3,242000
DSE-2013,GREENDELMF,2013-07-03,5.3,5.4,5.2,5.2,233500
DSE-2013,GREENDELMF,2013-10-03,5.3,5.4,5.1,5.1,125500
DSE-2013,GREENDELMF,2013-11-03,5.2,5.2,5.0,5.0,243500
DSE-2013,GREENDELMF,2013-12-03,5.1,5.3,5.1,5.2,514000
DSE-2013,GREENDELMF,2013-03-13,5.3,5.4,5.2,5.3,96500
DSE-2013,GREENDELMF,2013-03-14,5.3,5.3,5.2,5.2,69000
DSE-2013,GREENDELMF,2013-03-18,5.2,5.4,5.2,5.3,87000
DSE-2013,GREENDELMF,2013-03-19,5.3,5.4,5.3,5.3,66500
DSE-2013,GREENDELMF,2013-03-20,5.3,5.4,5.1,5.1,399500
DSE-2013,GREENDELMF,2013-03-24,5.2,5.2,5.0,5.1,169500
DSE-2013,GREENDELMF,2013-03-25,5.1,5.1,5.0,5.0,133000
DSE-2013,GREENDELMF,2013-03-27,5.0,5.1,4.9,4.9,119500
DSE-2013,GREENDELMF,2013-03-28,5.0,5.1,5.0,5.0,126500
DSE-2013,GREENDELMF,2013-03-31,5.0,5.1,4.9,5.0,104500
DSE-2013,GREENDELMF,2013-01-04,4.9,5.0,4.8,4.8,203000
DSE-2013,GREENDELMF,2013-02-04,4.9,4.9,4.7,4.8,47500
DSE-2013,GREENDELMF,2013-03-04,4.9,5.0,4.8,4.8,241000
DSE-2013,GREENDELMF,2013-04-04,4.8,5.0,4.8,4.9,137500
DSE-2013,GREENDELMF,2013-07-04,4.9,5.3,4.9,5.2,664500
DSE-2013,GREENDELMF,2013-08-04,5.2,5.7,5.1,5.7,1118500
DSE-2013,GREENDELMF,2013-09-04,5.8,6.1,5.5,5.6,459500
DSE-2013,GREENDELMF,2013-10-04,5.5,5.9,5.5,5.6,905000
DSE-2013,GREENDELMF,2013-11-04,5.8,5.9,5.7,5.7,498000
DSE-2013,GREENDELMF,2013-04-15,5.7,5.7,5.6,5.6,359500
DSE-2013,GREENDELMF,2013-04-16,5.6,5.6,5.2,5.2,446500
DSE-2013,GREENDELMF,2013-04-17,5.3,5.7,5.2,5.5,246000
DSE-2013,GREENDELMF,2013-04-18,5.7,5.9,5.6,5.6,763500
DSE-2013,GREENDELMF,2013-04-21,5.5,5.9,5.4,5.5,174500
DSE-2013,GREENDELMF,2013-04-22,5.4,5.7,5.4,5.5,376000
DSE-2013,GREENDELMF,2013-04-23,5.6,5.7,5.5,5.5,295500
DSE-2013,GREENDELMF,2013-04-24,5.6,5.6,5.4,5.4,153000
DSE-2013,GREENDELMF,2013-04-25,5.5,5.5,5.4,5.4,101500
DSE-2013,GREENDELMF,2013-04-28,5.4,5.4,5.3,5.3,185000
DSE-2013,GREENDELMF,2013-04-29,5.3,5.4,5.2,5.3,53500
DSE-2013,GREENDELMF,2013-04-30,5.3,5.4,5.2,5.2,150000
DSE-2013,GREENDELMF,2013-02-05,5.3,5.4,5.2,5.2,179500
DSE-2013,GREENDELMF,2013-05-05,5.3,5.3,5.2,5.2,190000
DSE-2013,GREENDELMF,2013-06-05,5.3,5.3,5.1,5.1,149000
DSE-2013,GREENDELMF,2013-07-05,5.2,5.4,5.2,5.3,192000
DSE-2013,GREENDELMF,2013-08-05,5.4,5.6,5.3,5.3,511000
DSE-2013,GREENDELMF,2013-09-05,5.3,5.5,5.2,5.4,158000
DSE-2013,GREENDELMF,2013-12-05,5.4,5.7,5.4,5.6,574000
DSE-2013,GREENDELMF,2013-05-13,5.6,5.7,5.5,5.6,559500
DSE-2013,GREENDELMF,2013-05-14,5.7,6.1,5.7,6.1,835000
DSE-2013,GREENDELMF,2013-05-15,6.5,6.5,5.8,5.8,900000
DSE-2013,GREENDELMF,2013-05-16,5.8,6.3,5.8,6.2,977000
DSE-2013,GREENDELMF,2013-05-19,6.3,6.6,6.2,6.3,892500
DSE-2013,GREENDELMF,2013-05-20,6.2,6.5,6.2,6.2,1005500
DSE-2013,GREENDELMF,2013-05-21,6.2,6.3,6.1,6.1,527000
DSE-2013,GREENDELMF,2013-05-22,6.1,6.2,6.0,6.0,540000
DSE-2013,GREENDELMF,2013-05-26,6.1,6.1,5.7,5.7,635500
DSE-2013,GREENDELMF,2013-05-27,5.8,6.1,5.8,5.9,155500
DSE-2013,GREENDELMF,2013-05-28,6.1,6.3,6.0,6.2,849000
DSE-2013,GREENDELMF,2013-05-29,6.2,6.4,6.2,6.2,575000
DSE-2013,GREENDELMF,2013-05-30,6.4,6.4,6.2,6.3,615500
DSE-2013,GREENDELMF,2013-02-06,6.5,6.7,6.4,6.6,710500
DSE-2013,GREENDELMF,2013-03-06,6.8,6.8,6.5,6.6,561500
DSE-2013,GREENDELMF,2013-04-06,6.7,6.7,6.4,6.4,436500
DSE-2013,GREENDELMF,2013-05-06,6.4,6.6,6.4,6.5,307000
DSE-2013,GREENDELMF,2013-06-06,6.6,6.7,6.4,6.4,598500
DSE-2013,GREENDELMF,2013-09-06,6.6,6.9,6.2,6.2,731000
DSE-2013,GREENDELMF,2013-10-06,6.5,6.8,6.3,6.6,1071000
DSE-2013,GREENDELMF,2013-11-06,6.7,7.0,6.7,6.7,1941500
DSE-2013,GREENDELMF,2013-12-06,6.8,6.8,6.5,6.5,426000
DSE-2013,GREENDELMF,2013-06-13,6.4,6.7,6.4,6.6,571500
DSE-2013,GREENDELMF,2013-06-16,6.7,6.8,6.6,6.7,694000
DSE-2013,GREENDELMF,2013-06-17,6.6,6.8,6.5,6.5,700000
DSE-2013,GREENDELMF,2013-06-18,6.7,7.1,6.6,7.1,2765000
DSE-2013,GREENDELMF,2013-06-19,7.2,7.5,7.0,7.1,1367000
DSE-2013,GREENDELMF,2013-06-20,7.1,7.2,6.8,6.8,527000
DSE-2013,GREENDELMF,2013-06-23,6.9,7.0,6.5,6.5,511500
DSE-2013,GREENDELMF,2013-06-24,6.5,6.6,6.3,6.3,505000
DSE-2013,GREENDELMF,2013-06-26,6.7,6.7,6.4,6.6,535000
DSE-2013,GREENDELMF,2013-06-27,6.5,6.6,6.4,6.4,197500
DSE-2013,GREENDELMF,2013-06-30,6.4,6.5,5.9,6.1,869500
DSE-2013,GREENDELMF,2013-02-07,6.3,6.6,6.2,6.5,387000
DSE-2013,GREENDELMF,2013-03-07,6.7,6.7,6.2,6.3,620500
DSE-2013,GREENDELMF,2013-04-07,6.4,6.5,6.2,6.2,871000
DSE-2013,GREENDELMF,2013-07-07,6.5,6.8,6.4,6.7,1106500
DSE-2013,GREENDELMF,2013-08-07,6.9,7.2,6.5,6.7,736500
DSE-2013,GREENDELMF,2013-09-07,6.7,6.7,6.2,6.4,854000
DSE-2013,GREENDELMF,2013-10-07,6.6,6.7,6.5,6.5,550500
DSE-2013,GREENDELMF,2013-11-07,6.8,6.8,6.4,6.4,411000
DSE-2013,GREENDELMF,2013-07-14,6.4,6.8,6.3,6.3,470000
DSE-2013,GREENDELMF,2013-07-15,6.8,6.8,6.2,6.3,309500
DSE-2013,GREENDELMF,2013-07-16,6.4,6.6,6.4,6.4,685000
DSE-2013,GREENDELMF,2013-07-17,6.3,6.5,6.2,6.2,541500
DSE-2013,GREENDELMF,2013-07-18,6.2,6.4,6.0,6.1,488500
DSE-2013,GREENDELMF,2013-07-21,6.2,6.3,6.0,6.1,439000
DSE-2013,GREENDELMF,2013-07-22,6.3,6.3,6.0,6.0,193000
DSE-2013,GREENDELMF,2013-07-23,5.9,6.2,5.8,5.8,204000
DSE-2013,GREENDELMF,2013-07-24,6.0,6.3,5.9,6.3,243500
DSE-2013,GREENDELMF,2013-07-25,6.5,6.9,6.2,6.2,988500
DSE-2013,GREENDELMF,2013-07-28,6.1,6.2,5.9,5.9,89000
DSE-2013,GREENDELMF,2013-07-29,5.8,6.2,5.8,6.0,54000
DSE-2013,GREENDELMF,2013-07-30,6.0,6.1,5.8,5.8,536500
DSE-2013,GREENDELMF,2013-07-31,5.8,6.0,5.8,5.8,108500
DSE-2013,GREENDELMF,2013-01-08,5.7,5.9,5.6,5.7,334000
DSE-2013,GREENDELMF,2013-04-08,5.0,5.6,5.0,5.4,440500
DSE-2013,GREENDELMF,2013-05-08,5.5,5.7,5.5,5.5,66500
DSE-2013,GREENDELMF,2013-12-08,5.3,5.5,5.3,5.3,113500
DSE-2013,GREENDELMF,2013-08-13,5.4,5.5,5.3,5.3,158000
DSE-2013,GREENDELMF,2013-08-14,5.2,5.5,5.1,5.3,502000
DSE-2013,GREENDELMF,2013-08-18,5.2,5.4,5.1,5.2,477500
DSE-2013,GREENDELMF,2013-08-19,5.2,5.5,5.2,5.2,470000
DSE-2013,GREENDELMF,2013-08-20,5.2,5.4,5.2,5.3,423500
DSE-2013,GREENDELMF,2013-08-21,5.3,5.4,5.3,5.3,122000
DSE-2013,GREENDELMF,2013-08-22,5.3,5.5,5.2,5.4,432500
DSE-2013,GREENDELMF,2013-08-25,5.4,5.6,5.4,5.4,423500
DSE-2013,GREENDELMF,2013-08-26,5.4,5.6,5.4,5.4,479000
DSE-2013,GREENDELMF,2013-08-27,5.5,5.6,5.4,5.4,494000
DSE-2013,GREENDELMF,2013-08-29,5.4,5.5,5.3,5.3,162500
DSE-2013,GREENDELMF,2013-01-09,5.3,5.5,5.3,5.3,111000
DSE-2013,GREENDELMF,2013-02-09,5.3,5.4,5.2,5.3,169000
DSE-2013,GREENDELMF,2013-03-09,5.3,5.4,5.2,5.2,214000
DSE-2013,GREENDELMF,2013-04-09,5.2,5.4,5.2,5.3,618500
DSE-2013,GREENDELMF,2013-05-09,5.2,5.3,5.2,5.2,187000
DSE-2013,GREENDELMF,2013-08-09,5.2,5.3,5.1,5.1,82500
DSE-2013,GREENDELMF,2013-09-09,5.2,5.2,5.1,5.1,54500
DSE-2013,GREENDELMF,2013-10-09,5.1,5.2,5.1,5.1,234500
DSE-2013,GREENDELMF,2013-11-09,5.2,5.5,5.1,5.1,670500
DSE-2013,GREENDELMF,2013-12-09,5.3,5.3,5.1,5.1,99000
DSE-2013,GREENDELMF,2013-09-15,5.1,5.3,5.1,5.1,118500
DSE-2013,GREENDELMF,2013-09-16,5.2,5.2,5.1,5.1,136000
DSE-2013,GREENDELMF,2013-09-17,5.2,5.2,5.0,5.0,331500
DSE-2013,GREENDELMF,2013-09-18,5.0,5.2,5.0,5.1,295000
DSE-2013,GREENDELMF,2013-09-19,5.1,5.3,5.1,5.2,228000
DSE-2013,GREENDELMF,2013-09-22,5.2,5.3,5.1,5.1,112000
DSE-2013,GREENDELMF,2013-09-23,5.2,5.2,5.1,5.1,157500
DSE-2013,GREENDELMF,2013-09-24,5.1,5.1,5.0,5.0,169500
DSE-2013,GREENDELMF,2013-09-25,5.0,5.1,4.9,5.0,218500
DSE-2013,GREENDELMF,2013-09-26,5.0,5.2,5.0,5.1,110500
DSE-2013,GREENDELMF,2013-09-29,5.1,5.5,5.1,5.3,1000500
DSE-2013,GREENDELMF,2013-09-30,5.3,5.3,5.1,5.1,767500
DSE-2013,GREENDELMF,2013-01-10,5.2,5.3,5.1,5.2,142000
DSE-2013,GREENDELMF,2013-02-10,5.3,5.4,5.2,5.2,157500
DSE-2013,GREENDELMF,2013-03-10,5.3,5.3,5.1,5.2,157000
DSE-2013,GREENDELMF,2013-06-10,5.2,5.2,5.1,5.1,231000
DSE-2013,GREENDELMF,2013-07-10,5.2,5.2,4.9,5.0,754500
DSE-2013,GREENDELMF,2013-08-10,5.1,5.1,5.0,5.0,179000
DSE-2013,GREENDELMF,2013-09-10,5.1,5.1,5.0,5.0,148500
DSE-2013,GREENDELMF,2013-10-10,5.0,5.1,5.0,5.0,218500
DSE-2013,GREENDELMF,2013-10-20,5.0,5.0,5.0,5.0,81000
DSE-2013,GREENDELMF,2013-10-21,5.0,5.0,4.9,4.9,433000
DSE-2013,GREENDELMF,2013-10-22,5.0,5.1,5.0,5.0,111500
DSE-2013,GREENDELMF,2013-10-23,5.1,5.1,5.0,5.0,250000
DSE-2013,GREENDELMF,2013-10-24,5.1,5.1,5.0,5.0,258500
DSE-2013,GREENDELMF,2013-10-27,5.0,5.1,4.9,5.0,169000
DSE-2013,GREENDELMF,2013-10-28,5.1,5.2,5.1,5.1,133000
DSE-2013,GREENDELMF,2013-10-29,5.1,5.2,5.0,5.1,260000
DSE-2013,GREENDELMF,2013-10-30,5.1,5.3,5.1,5.1,145000
DSE-2013,GREENDELMF,2013-10-31,5.2,5.3,5.1,5.2,245000
DSE-2013,GREENDELMF,2013-03-11,5.2,5.2,5.1,5.1,359500
DSE-2013,GREENDELMF,2013-04-11,5.1,5.3,5.1,5.1,282500
DSE-2013,GREENDELMF,2013-05-11,5.3,5.4,5.2,5.3,325500
DSE-2013,GREENDELMF,2013-06-11,5.3,5.3,5.2,5.2,212000
DSE-2013,GREENDELMF,2013-07-11,5.3,5.6,5.3,5.5,403500
DSE-2013,GREENDELMF,2013-10-11,5.5,5.6,5.4,5.5,895000
DSE-2013,GREENDELMF,2013-11-11,5.6,5.9,5.6,5.7,676000
DSE-2013,GREENDELMF,2013-12-11,5.9,5.9,5.6,5.6,432500
DSE-2013,GREENDELMF,2013-11-13,5.6,5.7,5.5,5.6,516000
DSE-2013,GREENDELMF,2013-11-14,5.6,5.8,5.5,5.6,514500
DSE-2013,GREENDELMF,2013-11-17,5.5,5.7,5.5,5.6,326000
DSE-2013,GREENDELMF,2013-11-18,5.7,5.7,5.4,5.5,798500
DSE-2013,GREENDELMF,2013-11-19,5.5,5.8,5.5,5.5,1185500
DSE-2013,GREENDELMF,2013-11-20,5.7,5.9,5.7,5.8,1300500
DSE-2013,GREENDELMF,2013-11-21,5.7,5.9,5.7,5.7,811000
DSE-2013,GREENDELMF,2013-11-24,5.7,5.8,5.6,5.6,351000
DSE-2013,GREENDELMF,2013-11-25,5.7,5.7,5.6,5.6,125000
DSE-2013,GREENDELMF,2013-11-26,5.5,5.6,5.4,5.4,491000
DSE-2013,GREENDELMF,2013-11-27,5.5,5.5,5.4,5.4,264000
DSE-2013,GREENDELMF,2013-11-28,5.4,5.5,5.3,5.3,70000
DSE-2013,GREENDELMF,2013-01-12,5.4,5.4,5.3,5.3,20000
DSE-2013,GREENDELMF,2013-02-12,5.3,5.4,5.3,5.3,198000
DSE-2013,GREENDELMF,2013-03-12,5.4,5.5,5.4,5.4,131000
DSE-2013,GREENDELMF,2013-04-12,5.5,5.6,5.4,5.5,214000
DSE-2013,GREENDELMF,2013-05-12,5.5,5.5,5.4,5.4,84500
DSE-2013,GREENDELMF,2013-08-12,5.3,5.5,5.3,5.3,159500
DSE-2013,GREENDELMF,2013-09-12,5.4,5.5,5.4,5.4,136500
DSE-2013,GREENDELMF,2013-10-12,5.4,5.6,5.4,5.5,179000
DSE-2013,GREENDELMF,2013-11-12,5.6,5.6,5.4,5.5,265500
DSE-2013,GREENDELMF,2013-12-12,5.5,5.5,5.3,5.3,181500
DSE-2013,GREENDELMF,2013-12-15,5.4,5.5,5.3,5.3,114000
DSE-2013,GREENDELMF,2013-12-17,5.5,5.6,5.3,5.5,168000
DSE-2013,GREENDELMF,2013-12-18,5.4,5.6,5.4,5.4,129500
DSE-2013,GREENDELMF,2013-12-19,5.4,5.5,5.3,5.4,81500
DSE-2013,GREENDELMF,2013-12-22,5.4,5.6,5.4,5.4,314500
DSE-2013,GREENDELMF,2013-12-23,5.5,5.5,5.4,5.4,273000
DSE-2013,GREENDELMF,2013-12-24,5.3,5.4,5.3,5.3,14500
DSE-2013,GREENDELMF,2013-12-26,5.3,5.5,5.3,5.3,118000
DSE-2013,GREENDELMF,2013-12-29,5.3,5.4,5.3,5.3,79500
DSE-2013,GREENDELMF,2013-12-30,5.3,5.4,5.3,5.3,23500
DSE-2013,IFILISLMF1,2013-01-01,6.2,6.3,6.1,6.1,141000
DSE-2013,IFILISLMF1,2013-02-01,6.2,6.2,6.0,6.1,449000
DSE-2013,IFILISLMF1,2013-03-01,6.3,6.7,6.2,6.6,1563500
DSE-2013,IFILISLMF1,2013-06-01,6.6,6.9,6.6,6.6,774000
DSE-2013,IFILISLMF1,2013-07-01,6.6,6.6,6.4,6.4,252000
DSE-2013,IFILISLMF1,2013-08-01,6.5,6.7,6.4,6.4,321500
DSE-2013,IFILISLMF1,2013-09-01,7.0,7.0,6.6,6.6,1531500
DSE-2013,IFILISLMF1,2013-10-01,6.6,6.6,6.3,6.3,414000
DSE-2013,IFILISLMF1,2013-01-13,6.4,6.4,6.2,6.2,222000
DSE-2013,IFILISLMF1,2013-01-14,6.2,6.3,6.2,6.2,195000
DSE-2013,IFILISLMF1,2013-01-15,6.3,6.4,6.2,6.3,147000
DSE-2013,IFILISLMF1,2013-01-16,6.3,6.4,6.2,6.3,139500
DSE-2013,IFILISLMF1,2013-01-17,6.3,6.4,6.2,6.2,279000
DSE-2013,IFILISLMF1,2013-01-20,6.2,6.3,6.2,6.2,230500
DSE-2013,IFILISLMF1,2013-01-21,6.2,6.3,6.2,6.2,118000
DSE-2013,IFILISLMF1,2013-01-22,6.2,6.2,6.1,6.1,756500
DSE-2013,IFILISLMF1,2013-01-23,6.2,6.2,6.0,6.0,426500
DSE-2013,IFILISLMF1,2013-01-24,6.1,6.1,6.0,6.0,430500
DSE-2013,IFILISLMF1,2013-01-27,6.1,6.2,6.0,6.0,311000
DSE-2013,IFILISLMF1,2013-01-28,6.0,6.1,5.9,5.9,306000
DSE-2013,IFILISLMF1,2013-01-29,6.0,6.1,5.9,6.0,573000
DSE-2013,IFILISLMF1,2013-01-30,6.0,6.1,5.9,6.0,172000
DSE-2013,IFILISLMF1,2013-01-31,6.0,6.0,5.9,5.9,263000
DSE-2013,IFILISLMF1,2013-03-02,6.0,6.1,5.9,5.9,296000
DSE-2013,IFILISLMF1,2013-04-02,5.9,6.0,5.8,5.8,416500
DSE-2013,IFILISLMF1,2013-05-02,5.8,6.0,5.8,5.9,177500
DSE-2013,IFILISLMF1,2013-06-02,6.0,6.0,5.9,5.9,381500
DSE-2013,IFILISLMF1,2013-07-02,6.0,6.1,5.9,5.9,296500
DSE-2013,IFILISLMF1,2013-10-02,5.9,6.1,5.9,5.9,595500
DSE-2013,IFILISLMF1,2013-11-02,6.1,6.1,5.9,5.9,584000
DSE-2013,IFILISLMF1,2013-12-02,6.0,6.1,5.9,5.9,329000
DSE-2013,IFILISLMF1,2013-02-13,5.9,6.0,5.8,5.8,382500
DSE-2013,IFILISLMF1,2013-02-14,5.8,5.9,5.8,5.8,607000
DSE-2013,IFILISLMF1,2013-02-17,5.9,5.9,5.7,5.7,688000
DSE-2013,IFILISLMF1,2013-02-18,5.8,5.9,5.6,5.6,401000
DSE-2013,IFILISLMF1,2013-02-19,5.6,5.7,5.4,5.5,456500
DSE-2013,IFILISLMF1,2013-02-20,5.6,5.6,5.4,5.4,363500
DSE-2013,IFILISLMF1,2013-02-24,5.4,5.4,5.2,5.2,193000
DSE-2013,IFILISLMF1,2013-02-25,5.3,5.3,5.1,5.1,228500
DSE-2013,IFILISLMF1,2013-02-26,5.2,5.3,5.1,5.1,316500
DSE-2013,IFILISLMF1,2013-02-27,5.2,5.2,5.0,5.0,407000
DSE-2013,IFILISLMF1,2013-02-28,5.0,5.1,4.9,5.0,126500
DSE-2013,IFILISLMF1,2013-03-03,4.9,5.0,4.6,4.6,519000
DSE-2013,IFILISLMF1,2013-04-03,4.7,5.0,4.7,4.9,334500
DSE-2013,IFILISLMF1,2013-05-03,4.9,5.0,4.8,4.8,205000
DSE-2013,IFILISLMF1,2013-06-03,4.9,5.0,4.8,4.8,212500
DSE-2013,IFILISLMF1,2013-07-03,4.8,4.9,4.7,4.8,188500
DSE-2013,IFILISLMF1,2013-10-03,4.8,4.9,4.7,4.7,262500
DSE-2013,IFILISLMF1,2013-11-03,4.7,4.8,4.6,4.7,339500
DSE-2013,IFILISLMF1,2013-12-03,4.7,4.9,4.6,4.8,890000
DSE-2013,IFILISLMF1,2013-03-13,4.8,4.9,4.8,4.8,138500
DSE-2013,IFILISLMF1,2013-03-14,4.8,4.8,4.7,4.7,175000
DSE-2013,IFILISLMF1,2013-03-18,4.7,4.9,4.7,4.8,269000
DSE-2013,IFILISLMF1,2013-03-19,4.8,4.8,4.7,4.7,636000
DSE-2013,IFILISLMF1,2013-03-20,4.7,4.8,4.7,4.7,328500
DSE-2013,IFILISLMF1,2013-03-24,4.7,4.7,4.6,4.6,97500
DSE-2013,IFILISLMF1,2013-03-25,4.7,4.7,4.6,4.6,252000
DSE-2013,IFILISLMF1,2013-03-27,4.6,4.6,4.5,4.5,263000
DSE-2013,IFILISLMF1,2013-03-28,4.5,4.6,4.5,4.5,217500
DSE-2013,IFILISLMF1,2013-03-31,4.5,4.5,4.4,4.4,287000
DSE-2013,IFILISLMF1,2013-01-04,4.4,4.4,4.3,4.3,154500
DSE-2013,IFILISLMF1,2013-02-04,4.4,4.5,4.3,4.4,339500
DSE-2013,IFILISLMF1,2013-03-04,4.4,4.5,4.4,4.4,169500
DSE-2013,IFILISLMF1,2013-04-04,4.4,4.5,4.4,4.4,222000
DSE-2013,IFILISLMF1,2013-07-04,4.5,4.8,4.4,4.6,662000
DSE-2013,IFILISLMF1,2013-08-04,4.6,5.0,4.6,5.0,1171000
DSE-2013,IFILISLMF1,2013-09-04,5.0,5.4,4.9,5.1,638500
DSE-2013,IFILISLMF1,2013-10-04,5.2,5.4,5.0,5.2,735500
DSE-2013,IFILISLMF1,2013-11-04,5.2,5.4,5.1,5.3,763500
DSE-2013,IFILISLMF1,2013-04-15,5.3,5.4,5.1,5.1,343500
DSE-2013,IFILISLMF1,2013-04-16,5.2,5.2,4.8,4.8,460000
DSE-2013,IFILISLMF1,2013-04-17,4.9,5.2,4.7,5.1,639000
DSE-2013,IFILISLMF1,2013-04-18,5.3,5.5,5.3,5.3,877000
DSE-2013,IFILISLMF1,2013-04-21,5.3,5.3,5.0,5.0,365000
DSE-2013,IFILISLMF1,2013-04-22,5.0,5.2,5.0,5.1,499500
DSE-2013,IFILISLMF1,2013-04-23,5.1,5.2,5.1,5.1,305500
DSE-2013,IFILISLMF1,2013-04-24,5.2,5.2,5.0,5.0,361000
DSE-2013,IFILISLMF1,2013-04-25,5.1,5.1,4.9,4.9,222000
DSE-2013,IFILISLMF1,2013-04-28,4.9,4.9,4.8,4.8,287500
DSE-2013,IFILISLMF1,2013-04-29,4.9,4.9,4.7,4.8,267500
DSE-2013,IFILISLMF1,2013-04-30,4.9,4.9,4.8,4.8,280500
DSE-2013,IFILISLMF1,2013-02-05,4.8,5.0,4.8,4.8,557500
DSE-2013,IFILISLMF1,2013-05-05,4.9,4.9,4.8,4.8,173500
DSE-2013,IFILISLMF1,2013-06-05,4.8,4.9,4.8,4.8,122500
DSE-2013,IFILISLMF1,2013-07-05,4.9,5.1,4.8,4.9,357000
DSE-2013,IFILISLMF1,2013-08-05,5.0,5.3,5.0,5.1,908500
DSE-2013,IFILISLMF1,2013-09-05,5.0,5.2,5.0,5.1,352500
DSE-2013,IFILISLMF1,2013-12-05,5.2,5.4,5.1,5.2,574000
DSE-2013,IFILISLMF1,2013-05-13,5.3,5.4,5.2,5.3,442500
DSE-2013,IFILISLMF1,2013-05-14,5.4,5.8,5.3,5.8,1643500
DSE-2013,IFILISLMF1,2013-05-15,6.0,6.0,5.5,5.6,770000
DSE-2013,IFILISLMF1,2013-05-16,5.6,5.9,5.5,5.8,2347500
DSE-2013,IFILISLMF1,2013-05-19,5.9,6.1,5.9,5.9,1209000
DSE-2013,IFILISLMF1,2013-05-20,6.0,6.1,5.9,5.9,901500
DSE-2013,IFILISLMF1,2013-05-21,5.9,6.0,5.7,5.7,472500
DSE-2013,IFILISLMF1,2013-05-22,5.8,5.9,5.6,5.6,796500
DSE-2013,IFILISLMF1,2013-05-26,5.7,5.8,5.4,5.4,367500
DSE-2013,IFILISLMF1,2013-05-27,5.5,5.7,5.4,5.6,403500
DSE-2013,IFILISLMF1,2013-05-28,5.7,5.9,5.6,5.8,643500
DSE-2013,IFILISLMF1,2013-05-29,5.9,6.0,5.8,5.9,696000
DSE-2013,IFILISLMF1,2013-05-30,6.0,6.0,5.8,5.9,786500
DSE-2013,IFILISLMF1,2013-02-06,6.0,6.4,6.0,6.3,1956500
DSE-2013,IFILISLMF1,2013-03-06,6.5,6.7,6.2,6.4,1044500
DSE-2013,IFILISLMF1,2013-04-06,6.5,6.5,6.1,6.2,1407000
DSE-2013,IFILISLMF1,2013-05-06,6.2,6.4,6.1,6.2,742000
DSE-2013,IFILISLMF1,2013-06-06,6.3,6.4,6.0,6.1,959500
DSE-2013,IFILISLMF1,2013-09-06,6.3,6.5,5.9,5.9,1070000
DSE-2013,IFILISLMF1,2013-10-06,6.0,6.3,6.0,6.2,970500
DSE-2013,IFILISLMF1,2013-11-06,6.3,6.4,6.2,6.2,731500
DSE-2013,IFILISLMF1,2013-12-06,6.3,6.4,6.0,6.0,771500
DSE-2013,IFILISLMF1,2013-06-13,6.1,6.1,5.9,6.0,815000
DSE-2013,IFILISLMF1,2013-06-16,6.1,6.2,6.0,6.0,749000
DSE-2013,IFILISLMF1,2013-06-17,6.1,6.3,6.0,6.2,1462000
DSE-2013,IFILISLMF1,2013-06-18,6.1,6.7,6.1,6.6,2583000
DSE-2013,IFILISLMF1,2013-06-19,6.7,7.0,6.6,6.7,1732500
DSE-2013,IFILISLMF1,2013-06-20,6.8,6.9,6.4,6.4,964000
DSE-2013,IFILISLMF1,2013-06-23,6.3,6.5,6.0,6.0,633000
DSE-2013,IFILISLMF1,2013-06-24,6.5,6.5,5.9,6.0,559500
DSE-2013,IFILISLMF1,2013-06-26,6.2,6.3,6.1,6.1,654500
DSE-2013,IFILISLMF1,2013-06-27,6.1,6.2,5.9,6.0,654500
DSE-2013,IFILISLMF1,2013-06-30,6.0,6.1,5.8,5.8,691000
DSE-2013,IFILISLMF1,2013-02-07,6.0,6.3,5.9,6.2,461500
DSE-2013,IFILISLMF1,2013-03-07,6.2,6.3,6.0,6.0,703500
DSE-2013,IFILISLMF1,2013-04-07,6.0,6.2,5.9,6.0,857000
DSE-2013,IFILISLMF1,2013-07-07,6.2,6.3,6.1,6.1,653000
DSE-2013,IFILISLMF1,2013-08-07,6.3,6.3,6.0,6.0,565500
DSE-2013,IFILISLMF1,2013-09-07,6.0,6.1,5.9,5.9,1303500
DSE-2013,IFILISLMF1,2013-10-07,6.0,6.3,5.8,6.0,1234500
DSE-2013,IFILISLMF1,2013-11-07,6.1,6.2,5.8,5.8,1076500
DSE-2013,IFILISLMF1,2013-07-14,6.0,6.0,5.7,5.7,510500
DSE-2013,IFILISLMF1,2013-07-15,5.7,5.8,5.3,5.5,630000
DSE-2013,IFILISLMF1,2013-07-16,5.7,5.9,5.7,5.8,350500
DSE-2013,IFILISLMF1,2013-07-17,5.8,5.8,5.4,5.4,567000
DSE-2013,IFILISLMF1,2013-07-18,5.4,5.7,5.4,5.5,395500
DSE-2013,IFILISLMF1,2013-07-21,5.6,5.6,5.4,5.4,315000
DSE-2013,IFILISLMF1,2013-07-22,5.5,5.7,5.5,5.5,192000
DSE-2013,IFILISLMF1,2013-07-23,5.6,5.6,5.4,5.4,262500
DSE-2013,IFILISLMF1,2013-07-24,5.3,5.9,5.3,5.9,1645000
DSE-2013,IFILISLMF1,2013-07-25,6.4,6.4,5.6,5.7,1984500
DSE-2013,IFILISLMF1,2013-07-28,5.8,5.8,5.6,5.6,216500
DSE-2013,IFILISLMF1,2013-07-29,5.7,5.7,5.4,5.4,461000
DSE-2013,IFILISLMF1,2013-07-30,5.5,5.5,5.3,5.3,305000
DSE-2013,IFILISLMF1,2013-07-31,5.3,5.4,5.2,5.3,303500
DSE-2013,IFILISLMF1,2013-01-08,5.3,5.4,5.2,5.3,287000
DSE-2013,IFILISLMF1,2013-04-08,5.2,5.2,5.1,5.1,188500
DSE-2013,IFILISLMF1,2013-05-08,5.2,5.4,5.2,5.2,163000
DSE-2013,IFILISLMF1,2013-12-08,4.9,5.0,4.8,4.9,515500
DSE-2013,IFILISLMF1,2013-08-13,4.9,5.0,4.9,4.9,361000
DSE-2013,IFILISLMF1,2013-08-14,5.0,5.0,4.9,4.9,191000
DSE-2013,IFILISLMF1,2013-08-18,4.9,5.1,4.8,4.9,346000
DSE-2013,IFILISLMF1,2013-08-19,5.0,5.1,4.9,5.0,137000
DSE-2013,IFILISLMF1,2013-08-20,5.0,5.1,4.9,4.9,492500
DSE-2013,IFILISLMF1,2013-08-21,5.0,5.0,4.9,4.9,297000
DSE-2013,IFILISLMF1,2013-08-22,4.9,5.1,4.9,4.9,473500
DSE-2013,IFILISLMF1,2013-08-25,5.0,5.1,4.9,5.0,765500
DSE-2013,IFILISLMF1,2013-08-26,5.0,5.2,5.0,5.1,536000
DSE-2013,IFILISLMF1,2013-08-27,5.1,5.2,5.0,5.1,705000
DSE-2013,IFILISLMF1,2013-08-29,5.1,5.1,5.0,5.0,384500
DSE-2013,IFILISLMF1,2013-01-09,5.1,5.2,5.0,5.1,533500
DSE-2013,IFILISLMF1,2013-02-09,5.1,5.3,5.1,5.2,243500
DSE-2013,IFILISLMF1,2013-03-09,5.2,5.2,5.1,5.1,167500
DSE-2013,IFILISLMF1,2013-04-09,5.2,5.3,5.1,5.1,258000
DSE-2013,IFILISLMF1,2013-05-09,5.2,5.2,5.1,5.1,422500
DSE-2013,IFILISLMF1,2013-08-09,5.2,5.2,5.1,5.1,208000
DSE-2013,IFILISLMF1,2013-09-09,5.2,5.2,5.1,5.1,316000
DSE-2013,IFILISLMF1,2013-10-09,5.1,5.2,5.0,5.1,586000
DSE-2013,IFILISLMF1,2013-11-09,5.2,5.3,5.1,5.1,387000
DSE-2013,IFILISLMF1,2013-12-09,5.1,5.3,5.1,5.2,328000
DSE-2013,IFILISLMF1,2013-09-15,5.2,5.2,5.1,5.1,349000
DSE-2013,IFILISLMF1,2013-09-16,5.2,5.3,5.1,5.1,371000
DSE-2013,IFILISLMF1,2013-09-17,5.1,5.2,5.1,5.1,510500
DSE-2013,IFILISLMF1,2013-09-18,5.1,5.2,5.1,5.1,155500
DSE-2013,IFILISLMF1,2013-09-19,5.1,5.3,5.1,5.1,502500
DSE-2013,IFILISLMF1,2013-09-22,5.2,5.2,5.1,5.1,286000
DSE-2013,IFILISLMF1,2013-09-23,5.2,5.2,5.1,5.1,168500
DSE-2013,IFILISLMF1,2013-09-24,5.2,5.3,5.1,5.1,327000
DSE-2013,IFILISLMF1,2013-09-25,5.2,5.3,5.2,5.2,936000
DSE-2013,IFILISLMF1,2013-09-26,5.3,5.4,5.2,5.3,897500
DSE-2013,IFILISLMF1,2013-09-29,5.4,5.7,5.3,5.4,681500
DSE-2013,IFILISLMF1,2013-09-30,5.4,5.5,5.3,5.4,156000
DSE-2013,IFILISLMF1,2013-01-10,5.4,5.5,5.3,5.4,238000
DSE-2013,IFILISLMF1,2013-02-10,5.5,5.6,5.4,5.4,735500
DSE-2013,IFILISLMF1,2013-03-10,5.4,5.5,5.3,5.3,152000
DSE-2013,IFILISLMF1,2013-06-10,5.5,5.5,5.1,5.1,117000
DSE-2013,IFILISLMF1,2013-07-10,5.1,5.2,5.1,5.1,62000
DSE-2013,IFILISLMF1,2013-08-10,5.1,5.4,5.1,5.2,346500
DSE-2013,IFILISLMF1,2013-09-10,5.1,5.2,5.1,5.1,178500
DSE-2013,IFILISLMF1,2013-10-10,5.2,5.3,5.2,5.2,223500
DSE-2013,IFILISLMF1,2013-10-20,5.2,5.2,5.0,5.0,90000
DSE-2013,IFILISLMF1,2013-10-21,5.0,5.1,4.9,5.0,31500
DSE-2013,IFILISLMF1,2013-10-22,5.0,5.4,5.0,5.2,212000
DSE-2013,IFILISLMF1,2013-10-23,5.2,5.3,5.1,5.2,308000
DSE-2013,IFILISLMF1,2013-10-24,5.2,5.3,5.1,5.1,393000
DSE-2013,IFILISLMF1,2013-10-27,5.1,5.2,5.0,5.0,502500
DSE-2013,IFILISLMF1,2013-10-28,5.2,5.3,5.1,5.1,277500
DSE-2013,IFILISLMF1,2013-10-29,5.1,5.3,5.1,5.2,307000
DSE-2013,IFILISLMF1,2013-10-30,5.3,5.3,5.2,5.2,70500
DSE-2013,IFILISLMF1,2013-10-31,5.3,5.3,5.1,5.2,501000
DSE-2013,IFILISLMF1,2013-03-11,5.3,5.3,5.2,5.2,138000
DSE-2013,IFILISLMF1,2013-04-11,5.3,5.3,5.2,5.2,43500
DSE-2013,IFILISLMF1,2013-05-11,5.3,5.4,5.2,5.3,495500
DSE-2013,IFILISLMF1,2013-06-11,5.4,5.4,5.3,5.3,118000
DSE-2013,IFILISLMF1,2013-07-11,5.4,5.6,5.4,5.5,254000
DSE-2013,IFILISLMF1,2013-10-11,5.6,5.7,5.5,5.6,687000
DSE-2013,IFILISLMF1,2013-11-11,5.6,5.9,5.6,5.7,907500
DSE-2013,IFILISLMF1,2013-12-11,5.9,6.2,5.7,5.8,1050500
DSE-2013,IFILISLMF1,2013-11-13,6.0,6.2,5.9,6.0,834000
DSE-2013,IFILISLMF1,2013-11-14,6.2,6.6,6.2,6.2,1583000
DSE-2013,IFILISLMF1,2013-11-17,6.3,6.4,6.2,6.2,1854000
DSE-2013,IFILISLMF1,2013-11-18,6.3,6.3,6.0,6.0,654000
DSE-2013,IFILISLMF1,2013-11-19,6.0,6.2,6.0,6.1,371000
DSE-2013,IFILISLMF1,2013-11-20,6.1,6.3,6.1,6.1,547500
DSE-2013,IFILISLMF1,2013-11-21,6.2,6.2,6.0,6.1,479500
DSE-2013,IFILISLMF1,2013-11-24,6.2,6.2,5.9,5.9,835500
DSE-2013,IFILISLMF1,2013-11-25,5.9,6.2,5.9,6.0,991500
DSE-2013,IFILISLMF1,2013-11-26,6.0,6.1,5.9,5.9,1075000
DSE-2013,IFILISLMF1,2013-11-27,6.0,6.0,5.8,5.8,955500
DSE-2013,IFILISLMF1,2013-11-28,5.9,5.9,5.8,5.8,306500
DSE-2013,IFILISLMF1,2013-01-12,5.9,5.9,5.8,5.8,285500
DSE-2013,IFILISLMF1,2013-02-12,5.9,6.0,5.7,5.8,358500
DSE-2013,IFILISLMF1,2013-03-12,5.8,6.0,5.8,5.9,223500
DSE-2013,IFILISLMF1,2013-04-12,6.0,6.1,5.8,5.8,765000
DSE-2013,IFILISLMF1,2013-05-12,5.8,6.0,5.6,5.7,532000
DSE-2013,IFILISLMF1,2013-08-12,5.7,5.9,5.7,5.7,120500
DSE-2013,IFILISLMF1,2013-09-12,5.8,5.9,5.7,5.7,215000
DSE-2013,IFILISLMF1,2013-10-12,5.8,5.9,5.8,5.8,275500
DSE-2013,IFILISLMF1,2013-11-12,5.9,6.0,5.8,5.9,393000
DSE-2013,IFILISLMF1,2013-12-12,5.8,5.9,5.8,5.8,149500
DSE-2013,IFILISLMF1,2013-12-15,5.8,5.9,5.7,5.7,168500
DSE-2013,IFILISLMF1,2013-12-17,5.8,6.0,5.8,5.8,240500
DSE-2013,IFILISLMF1,2013-12-18,5.8,5.8,5.7,5.7,223000
DSE-2013,IFILISLMF1,2013-12-19,5.7,5.9,5.7,5.8,166500
DSE-2013,IFILISLMF1,2013-12-22,5.7,5.8,5.7,5.7,155500
DSE-2013,IFILISLMF1,2013-12-23,5.7,5.8,5.7,5.7,98500
DSE-2013,IFILISLMF1,2013-12-24,5.7,5.8,5.6,5.6,82000
DSE-2013,IFILISLMF1,2013-12-26,5.7,5.8,5.6,5.6,127500
DSE-2013,IFILISLMF1,2013-12-29,5.6,5.7,5.6,5.6,34000
DSE-2013,IFILISLMF1,2013-12-30,5.6,5.7,5.6,5.6,72000
DSE-2013,PHPMF1,2013-01-01,6.9,6.9,6.7,6.7,480000
DSE-2013,PHPMF1,2013-02-01,6.7,6.8,6.7,6.7,263500
DSE-2013,PHPMF1,2013-03-01,7.0,7.3,7.0,7.3,3966000
DSE-2013,PHPMF1,2013-06-01,7.3,7.8,7.3,7.4,2556500
DSE-2013,PHPMF1,2013-07-01,7.3,7.4,7.1,7.2,1483500
DSE-2013,PHPMF1,2013-08-01,7.3,7.4,7.1,7.1,1312500
DSE-2013,PHPMF1,2013-09-01,7.8,7.8,7.2,7.2,3825000
DSE-2013,PHPMF1,2013-10-01,7.3,7.3,7.0,7.0,1811000
DSE-2013,PHPMF1,2013-01-13,7.0,7.1,6.9,6.9,1134000
DSE-2013,PHPMF1,2013-01-14,7.0,7.0,6.7,6.8,2062000
DSE-2013,PHPMF1,2013-01-15,6.8,6.9,6.7,6.8,528500
DSE-2013,PHPMF1,2013-01-16,6.8,6.9,6.8,6.8,670000
DSE-2013,PHPMF1,2013-01-17,6.8,7.0,6.8,6.8,901000
DSE-2013,PHPMF1,2013-01-20,6.9,6.9,6.8,6.8,492500
DSE-2013,PHPMF1,2013-01-21,6.9,6.9,6.8,6.8,841000
DSE-2013,PHPMF1,2013-01-22,6.8,6.8,6.6,6.6,2636500
DSE-2013,PHPMF1,2013-01-23,6.6,6.7,6.5,6.5,2049500
DSE-2013,PHPMF1,2013-01-24,6.5,6.7,6.5,6.5,980500
DSE-2013,PHPMF1,2013-01-27,6.6,6.6,6.4,6.4,1345000
DSE-2013,PHPMF1,2013-01-28,6.5,6.5,6.3,6.4,1581500
DSE-2013,PHPMF1,2013-01-29,6.4,6.7,6.4,6.5,929500
DSE-2013,PHPMF1,2013-01-30,6.7,6.7,6.4,6.4,932500
DSE-2013,PHPMF1,2013-01-31,6.5,6.6,6.4,6.4,768000
DSE-2013,PHPMF1,2013-03-02,6.4,6.5,6.4,6.4,664000
DSE-2013,PHPMF1,2013-04-02,6.5,6.5,6.3,6.3,792500
DSE-2013,PHPMF1,2013-05-02,6.4,6.5,6.3,6.4,1049000
DSE-2013,PHPMF1,2013-06-02,6.4,6.6,6.4,6.4,1085500
DSE-2013,PHPMF1,2013-07-02,6.5,6.6,6.5,6.5,1428000
DSE-2013,PHPMF1,2013-10-02,6.6,6.7,6.5,6.5,1336500
DSE-2013,PHPMF1,2013-11-02,6.6,6.7,6.5,6.5,858000
DSE-2013,PHPMF1,2013-12-02,6.7,6.7,6.4,6.4,1156000
DSE-2013,PHPMF1,2013-02-13,6.5,6.6,6.4,6.4,820000
DSE-2013,PHPMF1,2013-02-14,6.4,6.5,6.4,6.4,1610500
DSE-2013,PHPMF1,2013-02-17,6.4,6.5,6.3,6.3,1211000
DSE-2013,PHPMF1,2013-02-18,6.3,6.4,6.2,6.2,1138500
DSE-2013,PHPMF1,2013-02-19,6.2,6.3,6.0,6.1,1249000
DSE-2013,PHPMF1,2013-02-20,6.2,6.2,6.0,6.0,542000
DSE-2013,PHPMF1,2013-02-24,6.0,6.1,5.8,5.8,654000
DSE-2013,PHPMF1,2013-02-25,5.9,6.0,5.7,5.7,455500
DSE-2013,PHPMF1,2013-02-26,5.7,5.9,5.7,5.8,541500
DSE-2013,PHPMF1,2013-02-27,5.8,5.8,5.5,5.6,403000
DSE-2013,PHPMF1,2013-02-28,5.6,5.7,5.5,5.6,365500
DSE-2013,PHPMF1,2013-03-03,5.5,5.5,5.1,5.2,731500
DSE-2013,PHPMF1,2013-04-03,5.2,5.5,5.2,5.4,413000
DSE-2013,PHPMF1,2013-05-03,5.5,5.6,5.2,5.3,390500
DSE-2013,PHPMF1,2013-06-03,5.4,5.4,5.2,5.2,689500
DSE-2013,PHPMF1,2013-07-03,5.2,5.4,5.1,5.2,690000
DSE-2013,PHPMF1,2013-10-03,5.3,5.3,5.1,5.1,630000
DSE-2013,PHPMF1,2013-11-03,5.1,5.3,5.0,5.2,801500
DSE-2013,PHPMF1,2013-12-03,5.1,5.4,5.1,5.3,748000
DSE-2013,PHPMF1,2013-03-13,5.3,5.4,5.3,5.3,284000
DSE-2013,PHPMF1,2013-03-14,5.3,5.4,5.2,5.3,336500
DSE-2013,PHPMF1,2013-03-18,5.3,5.4,5.2,5.2,408500
DSE-2013,PHPMF1,2013-03-19,5.3,5.4,5.2,5.3,276000
DSE-2013,PHPMF1,2013-03-20,5.3,5.4,5.2,5.2,306000
DSE-2013,PHPMF1,2013-03-24,5.2,5.2,5.1,5.1,336000
DSE-2013,PHPMF1,2013-03-25,5.1,5.2,5.0,5.0,517000
DSE-2013,PHPMF1,2013-03-27,5.0,5.0,4.9,4.9,375000
DSE-2013,PHPMF1,2013-03-28,4.9,5.1,4.9,4.9,547500
DSE-2013,PHPMF1,2013-03-31,5.0,5.0,4.9,4.9,432500
DSE-2013,PHPMF1,2013-01-04,4.9,4.9,4.8,4.8,698000
DSE-2013,PHPMF1,2013-02-04,4.8,4.9,4.8,4.8,141500
DSE-2013,PHPMF1,2013-03-04,4.9,5.0,4.9,4.9,141500
DSE-2013,PHPMF1,2013-04-04,4.9,4.9,4.8,4.8,433000
DSE-2013,PHPMF1,2013-07-04,4.9,5.2,4.8,5.1,857000
DSE-2013,PHPMF1,2013-08-04,5.1,5.6,5.1,5.6,2156000
DSE-2013,PHPMF1,2013-09-04,5.7,6.0,5.5,5.6,1335000
DSE-2013,PHPMF1,2013-10-04,5.7,6.0,5.5,5.8,1740500
DSE-2013,PHPMF1,2013-11-04,5.8,6.0,5.7,5.7,963000
DSE-2013,PHPMF1,2013-04-15,5.9,5.9,5.7,5.7,918000
DSE-2013,PHPMF1,2013-04-16,5.7,5.7,5.2,5.2,1242500
DSE-2013,PHPMF1,2013-04-17,5.4,5.7,5.2,5.6,1668000
DSE-2013,PHPMF1,2013-04-18,5.8,6.0,5.8,5.8,2300000
DSE-2013,PHPMF1,2013-04-21,5.8,5.9,5.5,5.6,1205000
DSE-2013,PHPMF1,2013-04-22,5.6,5.8,5.4,5.6,1045500
DSE-2013,PHPMF1,2013-04-23,5.7,5.8,5.6,5.6,637000
DSE-2013,PHPMF1,2013-04-24,5.8,5.8,5.5,5.5,543500
DSE-2013,PHPMF1,2013-04-25,5.7,5.8,5.5,5.5,753500
DSE-2013,PHPMF1,2013-04-28,5.6,5.6,5.4,5.4,513000
DSE-2013,PHPMF1,2013-04-29,5.4,5.5,5.4,5.4,549500
DSE-2013,PHPMF1,2013-04-30,5.5,5.5,5.4,5.4,351500
DSE-2013,PHPMF1,2013-02-05,5.5,5.6,5.4,5.4,810000
DSE-2013,PHPMF1,2013-05-05,5.5,5.6,5.4,5.4,398000
DSE-2013,PHPMF1,2013-06-05,5.4,5.5,5.3,5.3,342500
DSE-2013,PHPMF1,2013-07-05,5.4,5.6,5.4,5.4,750000
DSE-2013,PHPMF1,2013-08-05,5.6,5.8,5.5,5.5,1334000
DSE-2013,PHPMF1,2013-09-05,5.6,5.8,5.5,5.7,976000
DSE-2013,PHPMF1,2013-12-05,5.8,6.0,5.7,5.9,1651000
DSE-2013,PHPMF1,2013-05-13,6.0,6.1,5.8,6.0,2221000
DSE-2013,PHPMF1,2013-05-14,6.1,6.6,6.1,6.5,2557500
DSE-2013,PHPMF1,2013-05-15,6.5,6.5,6.1,6.2,2039000
DSE-2013,PHPMF1,2013-05-16,6.2,6.6,6.2,6.5,2606000
DSE-2013,PHPMF1,2013-05-19,6.6,6.8,6.5,6.6,2702500
DSE-2013,PHPMF1,2013-05-20,6.7,6.7,6.4,6.4,2159000
DSE-2013,PHPMF1,2013-05-21,6.5,6.6,6.3,6.3,1923000
DSE-2013,PHPMF1,2013-05-22,6.3,6.5,6.2,6.2,1946000
DSE-2013,PHPMF1,2013-05-26,6.3,6.4,5.9,5.9,1091500
DSE-2013,PHPMF1,2013-05-27,6.0,6.3,6.0,6.1,941500
DSE-2013,PHPMF1,2013-05-28,6.3,6.5,6.2,6.4,3245000
DSE-2013,PHPMF1,2013-05-29,6.5,6.7,6.4,6.6,2882500
DSE-2013,PHPMF1,2013-05-30,6.7,6.8,6.6,6.7,2288000
DSE-2013,PHPMF1,2013-02-06,6.8,7.2,6.8,7.1,4206000
DSE-2013,PHPMF1,2013-03-06,7.1,7.3,6.9,7.0,3002000
DSE-2013,PHPMF1,2013-04-06,7.1,7.2,6.8,6.8,2261500
DSE-2013,PHPMF1,2013-05-06,6.9,7.1,6.8,6.9,2853000
DSE-2013,PHPMF1,2013-06-06,7.2,7.2,6.9,7.0,2902000
DSE-2013,PHPMF1,2013-09-06,7.3,7.5,6.9,6.9,2991500
DSE-2013,PHPMF1,2013-10-06,7.0,7.5,6.9,7.4,4172500
DSE-2013,PHPMF1,2013-11-06,7.6,7.6,7.2,7.2,2072500
DSE-2013,PHPMF1,2013-12-06,7.2,7.3,7.0,7.0,2113000
DSE-2013,PHPMF1,2013-06-13,7.0,7.2,6.9,7.1,1708500
DSE-2013,PHPMF1,2013-06-16,7.2,7.3,7.0,7.0,2623500
DSE-2013,PHPMF1,2013-06-17,7.1,7.4,7.0,7.2,3728000
DSE-2013,PHPMF1,2013-06-18,7.2,7.9,7.2,7.7,8510000
DSE-2013,PHPMF1,2013-06-19,7.6,8.0,7.5,7.5,4703000
DSE-2013,PHPMF1,2013-06-20,7.5,7.7,7.3,7.4,1926500
DSE-2013,PHPMF1,2013-06-23,7.3,7.5,7.1,7.1,1451500
DSE-2013,PHPMF1,2013-06-24,7.0,7.2,6.9,7.0,1447500
DSE-2013,PHPMF1,2013-06-26,7.1,7.3,7.1,7.1,1537500
DSE-2013,PHPMF1,2013-06-27,7.1,7.2,7.0,7.0,1300500
DSE-2013,PHPMF1,2013-06-30,7.0,7.0,6.7,6.8,809500
DSE-2013,PHPMF1,2013-02-07,7.0,7.4,7.0,7.3,1324500
DSE-2013,PHPMF1,2013-03-07,7.3,7.5,7.0,7.1,1528000
DSE-2013,PHPMF1,2013-04-07,7.2,7.3,7.0,7.1,1199500
DSE-2013,PHPMF1,2013-07-07,7.3,7.4,7.2,7.2,1453000
DSE-2013,PHPMF1,2013-08-07,7.4,7.4,7.0,7.1,1916500
DSE-2013,PHPMF1,2013-09-07,7.2,7.3,6.9,6.9,1634500
DSE-2013,PHPMF1,2013-10-07,6.9,7.2,6.9,7.0,1203000
DSE-2013,PHPMF1,2013-11-07,7.1,7.2,6.8,6.9,858500
DSE-2013,PHPMF1,2013-07-14,7.0,7.0,6.6,6.6,488000
DSE-2013,PHPMF1,2013-07-15,6.7,6.8,6.5,6.6,626000
DSE-2013,PHPMF1,2013-07-16,6.8,6.9,6.5,6.6,879000
DSE-2013,PHPMF1,2013-07-17,6.7,7.2,6.6,7.0,2424500
DSE-2013,PHPMF1,2013-07-18,7.1,7.1,6.5,6.7,2358000
DSE-2013,PHPMF1,2013-07-21,6.7,6.8,6.5,6.5,325000
DSE-2013,PHPMF1,2013-07-22,6.6,6.7,6.5,6.5,621500
DSE-2013,PHPMF1,2013-07-23,6.7,6.7,6.3,6.3,870000
DSE-2013,PHPMF1,2013-07-24,6.5,6.9,6.4,6.9,1144500
DSE-2013,PHPMF1,2013-07-25,7.4,7.5,6.7,6.8,1807500
DSE-2013,PHPMF1,2013-07-28,6.7,6.8,6.4,6.5,485000
DSE-2013,PHPMF1,2013-07-29,6.5,6.7,6.5,6.5,323500
DSE-2013,PHPMF1,2013-07-30,6.5,6.5,6.3,6.3,460500
DSE-2013,PHPMF1,2013-07-31,6.2,6.4,6.1,6.1,440000
DSE-2013,PHPMF1,2013-01-08,6.0,6.1,5.9,5.9,442000
DSE-2013,PHPMF1,2013-04-08,5.9,6.0,5.7,5.9,477500
DSE-2013,PHPMF1,2013-05-08,5.8,6.1,5.8,6.0,237000
DSE-2013,PHPMF1,2013-12-08,5.8,6.0,5.8,5.8,272500
DSE-2013,PHPMF1,2013-08-13,5.9,6.0,5.8,5.8,368500
DSE-2013,PHPMF1,2013-08-14,5.8,5.8,5.5,5.6,1387000
DSE-2013,PHPMF1,2013-08-18,5.5,5.7,5.5,5.6,431500
DSE-2013,PHPMF1,2013-08-19,5.7,5.8,5.6,5.6,472500
DSE-2013,PHPMF1,2013-08-20,5.7,5.8,5.6,5.6,379000
DSE-2013,PHPMF1,2013-08-21,5.6,5.7,5.5,5.5,327500
DSE-2013,PHPMF1,2013-08-22,5.5,5.9,5.5,5.8,1130000
DSE-2013,PHPMF1,2013-08-25,5.8,6.1,5.7,5.7,834500
DSE-2013,PHPMF1,2013-08-26,5.7,5.9,5.7,5.7,603000
DSE-2013,PHPMF1,2013-08-27,5.8,5.9,5.6,5.7,675500
DSE-2013,PHPMF1,2013-08-29,5.7,5.7,5.6,5.6,166500
DSE-2013,PHPMF1,2013-01-09,5.7,5.9,5.6,5.8,617000
DSE-2013,PHPMF1,2013-02-09,5.8,5.8,5.6,5.6,311500
DSE-2013,PHPMF1,2013-03-09,5.5,5.7,5.5,5.6,327000
DSE-2013,PHPMF1,2013-04-09,5.7,5.7,5.6,5.6,286000
DSE-2013,PHPMF1,2013-05-09,5.6,5.6,5.5,5.5,426000
DSE-2013,PHPMF1,2013-08-09,5.5,5.6,5.4,5.4,340500
DSE-2013,PHPMF1,2013-09-09,5.5,5.5,5.4,5.4,180000
DSE-2013,PHPMF1,2013-10-09,5.5,5.6,5.3,5.3,511500
DSE-2013,PHPMF1,2013-11-09,5.5,5.7,5.4,5.5,564000
DSE-2013,PHPMF1,2013-12-09,5.5,5.7,5.4,5.4,332000
DSE-2013,PHPMF1,2013-09-15,5.5,5.5,5.4,5.4,332500
DSE-2013,PHPMF1,2013-09-16,5.5,5.5,5.4,5.4,358500
DSE-2013,PHPMF1,2013-09-17,5.4,5.5,5.3,5.3,478500
DSE-2013,PHPMF1,2013-09-18,5.3,5.5,5.3,5.3,625500
DSE-2013,PHPMF1,2013-09-19,5.3,5.5,5.3,5.4,664000
DSE-2013,PHPMF1,2013-09-22,5.5,5.5,5.4,5.4,444000
DSE-2013,PHPMF1,2013-09-23,5.4,5.5,5.3,5.4,223500
DSE-2013,PHPMF1,2013-09-24,5.4,5.5,5.3,5.3,893000
DSE-2013,PHPMF1,2013-09-25,5.3,5.4,5.2,5.2,257500
DSE-2013,PHPMF1,2013-09-26,5.2,5.5,5.2,5.4,627500
DSE-2013,PHPMF1,2013-09-29,5.5,5.7,5.4,5.6,1799000
DSE-2013,PHPMF1,2013-09-30,5.6,5.6,5.4,5.4,419500
DSE-2013,PHPMF1,2013-01-10,5.5,5.6,5.3,5.4,510000
DSE-2013,PHPMF1,2013-02-10,5.5,5.7,5.5,5.6,896000
DSE-2013,PHPMF1,2013-03-10,5.6,5.7,5.5,5.6,570000
DSE-2013,PHPMF1,2013-06-10,5.6,5.6,5.4,5.4,349500
DSE-2013,PHPMF1,2013-07-10,5.4,5.5,5.2,5.2,677000
DSE-2013,PHPMF1,2013-08-10,5.4,5.4,5.2,5.2,659000
DSE-2013,PHPMF1,2013-09-10,5.2,5.3,5.1,5.2,330000
DSE-2013,PHPMF1,2013-10-10,5.2,5.3,5.2,5.2,342000
DSE-2013,PHPMF1,2013-10-20,5.3,5.3,5.1,5.1,382500
DSE-2013,PHPMF1,2013-10-21,5.1,5.2,5.0,5.1,520500
DSE-2013,PHPMF1,2013-10-22,5.1,5.3,5.1,5.1,151000
DSE-2013,PHPMF1,2013-10-23,5.2,5.2,5.0,5.1,505500
DSE-2013,PHPMF1,2013-10-24,5.1,5.1,5.0,5.0,904500
DSE-2013,PHPMF1,2013-10-27,5.1,5.2,5.1,5.1,226500
DSE-2013,PHPMF1,2013-10-28,5.2,5.3,5.1,5.1,539000
DSE-2013,PHPMF1,2013-10-29,5.2,5.3,5.1,5.2,438500
DSE-2013,PHPMF1,2013-10-30,5.3,5.4,5.2,5.2,735000
DSE-2013,PHPMF1,2013-10-31,5.3,5.4,5.2,5.2,1055500
DSE-2013,PHPMF1,2013-03-11,5.2,5.4,5.2,5.3,663500
DSE-2013,PHPMF1,2013-04-11,5.3,5.4,5.2,5.3,546500
DSE-2013,PHPMF1,2013-05-11,5.3,5.5,5.3,5.4,1013500
DSE-2013,PHPMF1,2013-06-11,5.4,5.5,5.4,5.4,647500
DSE-2013,PHPMF1,2013-07-11,5.5,5.9,5.4,5.8,2871000
DSE-2013,PHPMF1,2013-10-11,5.9,6.1,5.8,5.9,3845500
DSE-2013,PHPMF1,2013-11-11,6.1,6.4,6.1,6.2,3615500
DSE-2013,PHPMF1,2013-12-11,6.4,6.4,6.0,6.0,1735500
DSE-2013,PHPMF1,2013-11-13,6.1,6.2,6.0,6.0,1295000
DSE-2013,PHPMF1,2013-11-14,6.2,6.2,6.0,6.0,1039000
DSE-2013,PHPMF1,2013-11-17,6.1,6.1,5.8,5.9,1030500
DSE-2013,PHPMF1,2013-11-18,5.9,6.0,5.8,5.8,1126000
DSE-2013,PHPMF1,2013-11-19,5.9,6.1,5.8,6.0,1618000
DSE-2013,PHPMF1,2013-11-20,6.0,6.2,6.0,6.0,1859000
DSE-2013,PHPMF1,2013-11-21,6.1,6.1,5.9,6.0,1460500
DSE-2013,PHPMF1,2013-11-24,6.1,6.1,5.8,5.8,1035500
DSE-2013,PHPMF1,2013-11-25,5.9,6.0,5.8,5.8,1260000
DSE-2013,PHPMF1,2013-11-26,5.9,5.9,5.7,5.7,875500
DSE-2013,PHPMF1,2013-11-27,5.7,5.9,5.6,5.6,497500
DSE-2013,PHPMF1,2013-11-28,5.7,5.8,5.6,5.6,533000
DSE-2013,PHPMF1,2013-01-12,5.6,5.7,5.5,5.5,290000
DSE-2013,PHPMF1,2013-02-12,5.6,5.7,5.5,5.5,484500
DSE-2013,PHPMF1,2013-03-12,5.5,5.7,5.5,5.6,422500
DSE-2013,PHPMF1,2013-04-12,5.7,5.8,5.6,5.6,450000
DSE-2013,PHPMF1,2013-05-12,5.6,5.7,5.6,5.6,242500
DSE-2013,PHPMF1,2013-08-12,5.6,5.7,5.5,5.5,779500
DSE-2013,PHPMF1,2013-09-12,5.6,5.7,5.5,5.5,687500
DSE-2013,PHPMF1,2013-10-12,5.7,5.9,5.6,5.8,1233000
DSE-2013,PHPMF1,2013-11-12,5.8,5.9,5.7,5.7,744500
DSE-2013,PHPMF1,2013-12-12,5.8,5.8,5.6,5.7,566000
DSE-2013,PHPMF1,2013-12-15,5.7,5.8,5.6,5.6,329000
DSE-2013,PHPMF1,2013-12-17,5.7,5.9,5.7,5.7,741000
DSE-2013,PHPMF1,2013-12-18,5.8,5.8,5.6,5.6,414500
DSE-2013,PHPMF1,2013-12-19,5.6,5.7,5.5,5.6,502000
DSE-2013,PHPMF1,2013-12-22,5.5,5.8,5.5,5.6,535000
DSE-2013,PHPMF1,2013-12-23,5.6,5.7,5.5,5.5,903000
DSE-2013,PHPMF1,2013-12-24,5.6,5.6,5.5,5.5,370000
DSE-2013,PHPMF1,2013-12-26,5.7,5.7,5.5,5.5,203500
DSE-2013,PHPMF1,2013-12-29,5.7,5.7,5.4,5.4,373500
DSE-2013,PHPMF1,2013-12-30,5.7,5.7,5.5,5.5,293500
DSE-2014,1JANATAMF,2014-01-01,6.0,6.2,6,6.1,96000
DSE-2014,1JANATAMF,2014-02-01,6.0,6.1,6,6.0,126000
DSE-2014,1JANATAMF,2014-06-01,6.0,6.1,6,6.0,121000
DSE-2014,1JANATAMF,2014-07-01,6.0,6.1,5.9,6.0,206500
DSE-2014,1JANATAMF,2014-08-01,6.0,6.1,6,6.0,74000
DSE-2014,1JANATAMF,2014-09-01,6.1,6.1,6,6.0,262500
DSE-2014,1JANATAMF,2014-12-01,6.0,6.2,6,6.0,200000
DSE-2014,1JANATAMF,2014-01-13,6.1,6.1,6,6.0,141000
DSE-2014,1JANATAMF,2014-01-15,6.1,6.1,6,6.0,248000
DSE-2014,1JANATAMF,2014-01-16,6.1,6.2,6.1,6.1,208000
DSE-2014,1JANATAMF,2014-01-19,6.2,6.3,6.1,6.2,498500
DSE-2014,1JANATAMF,2014-01-20,6.2,6.3,6.2,6.2,378500
DSE-2014,1JANATAMF,2014-01-21,6.2,6.4,6.2,6.3,329000
DSE-2014,1JANATAMF,2014-01-22,6.3,6.6,6.3,6.5,1639500
DSE-2014,1JANATAMF,2014-01-23,6.5,7.1,6.5,6.9,1677000
DSE-2014,1JANATAMF,2014-01-26,7.1,7.4,6.9,7.0,1082500
DSE-2014,1JANATAMF,2014-01-27,6.9,7.0,6.7,6.8,819500
DSE-2014,1JANATAMF,2014-01-28,6.8,6.9,6.8,6.8,376500
DSE-2014,1JANATAMF,2014-01-29,6.9,7.0,6.7,6.9,431500
DSE-2014,1JANATAMF,2014-01-30,7.0,7.0,6.8,6.9,598500
DSE-2014,1JANATAMF,2014-02-02,6.9,7.0,6.8,6.8,309500
DSE-2014,1JANATAMF,2014-03-02,6.9,7.0,6.8,6.8,297500
DSE-2014,1JANATAMF,2014-04-02,6.9,7.2,6.9,7.1,1165500
DSE-2014,1JANATAMF,2014-05-02,7.1,7.1,7,7.0,681000
DSE-2014,1JANATAMF,2014-06-02,7.0,7.1,6.8,6.8,366000
DSE-2014,1JANATAMF,2014-09-02,6.9,7.0,6.8,6.8,553500
DSE-2014,1JANATAMF,2014-10-02,6.8,6.9,6.7,6.7,647500
DSE-2014,1JANATAMF,2014-11-02,6.7,6.9,6.7,6.7,162000
DSE-2014,1JANATAMF,2014-12-02,6.9,6.9,6.7,6.8,153000
DSE-2014,1JANATAMF,2014-02-13,6.7,6.9,6.7,6.8,155500
DSE-2014,1JANATAMF,2014-02-16,6.7,6.8,6.7,6.7,360000
DSE-2014,1JANATAMF,2014-02-17,6.7,6.8,6.7,6.7,84500
DSE-2014,1JANATAMF,2014-02-18,6.7,6.8,6.7,6.7,232000
DSE-2014,1JANATAMF,2014-02-19,6.8,7.0,6.8,6.9,470500
DSE-2014,1JANATAMF,2014-02-20,6.8,7.0,6.8,6.8,433000
DSE-2014,1JANATAMF,2014-02-23,6.8,6.9,6.8,6.8,663500
DSE-2014,1JANATAMF,2014-02-24,6.8,6.9,6.8,6.8,245000
DSE-2014,1JANATAMF,2014-02-25,6.8,6.9,6.7,6.8,777000
DSE-2014,1JANATAMF,2014-02-26,6.8,6.9,6.8,6.8,97500
DSE-2014,1JANATAMF,2014-02-27,6.8,6.9,6.8,6.8,363000
DSE-2014,1JANATAMF,2014-02-03,6.8,6.9,6.8,6.8,555000
DSE-2014,1JANATAMF,2014-03-03,6.9,6.9,6.7,6.7,1026500
DSE-2014,1JANATAMF,2014-04-03,6.7,6.9,6.7,6.8,195500
DSE-2014,1JANATAMF,2014-05-03,6.8,6.9,6.8,6.8,529500
DSE-2014,1JANATAMF,2014-06-03,6.8,6.9,6.7,6.8,164000
DSE-2014,1JANATAMF,2014-09-03,6.7,6.8,6.7,6.7,176500
DSE-2014,1JANATAMF,2014-10-03,6.7,6.8,6.6,6.7,154500
DSE-2014,1JANATAMF,2014-11-03,6.6,6.8,6.6,6.7,73000
DSE-2014,1JANATAMF,2014-12-03,6.7,6.8,6.6,6.7,199000
DSE-2014,1JANATAMF,2014-03-13,6.6,6.8,6.6,6.7,309000
DSE-2014,1JANATAMF,2014-03-16,6.6,6.8,6.5,6.5,141500
DSE-2014,1JANATAMF,2014-03-18,6.6,6.6,6.2,6.2,277500
DSE-2014,1JANATAMF,2014-03-19,6.3,6.5,6.3,6.3,166000
DSE-2014,1JANATAMF,2014-03-20,6.7,6.7,6.3,6.3,61500
DSE-2014,1JANATAMF,2014-03-23,6.3,6.5,6.3,6.4,110500
DSE-2014,1JANATAMF,2014-03-24,6.2,6.4,6.2,6.2,94000
DSE-2014,1JANATAMF,2014-03-25,6.2,6.4,6.2,6.2,68000
DSE-2014,1JANATAMF,2014-03-27,6.2,6.3,6.2,6.2,32500
DSE-2014,1JANATAMF,2014-03-30,6.2,6.3,6.1,6.2,76500
DSE-2014,1JANATAMF,2014-03-31,6.1,6.3,6.1,6.2,73000
DSE-2014,1JANATAMF,2014-01-04,6.2,6.3,6.2,6.2,58000
DSE-2014,1JANATAMF,2014-02-04,6.2,6.4,6.2,6.3,67500
DSE-2014,1JANATAMF,2014-03-04,6.3,6.4,6.3,6.3,121000
DSE-2014,1JANATAMF,2014-06-04,6.3,6.4,6.3,6.3,62000
DSE-2014,1JANATAMF,2014-07-04,6.2,6.4,6.2,6.3,68500
DSE-2014,1JANATAMF,2014-08-04,6.3,6.3,6.3,6.3,120500
DSE-2014,1JANATAMF,2014-09-04,6.2,6.4,6.2,6.3,54500
DSE-2014,1JANATAMF,2014-10-04,6.3,6.4,6.3,6.3,203000
DSE-2014,1JANATAMF,2014-04-13,6.4,6.5,6.3,6.3,96000
DSE-2014,1JANATAMF,2014-04-15,6.3,6.5,6.3,6.4,252500
DSE-2014,1JANATAMF,2014-04-16,6.4,6.5,6.3,6.3,199000
DSE-2014,1JANATAMF,2014-04-17,6.3,6.5,6.3,6.3,114500
DSE-2014,1JANATAMF,2014-04-20,6.3,6.5,6.3,6.3,69000
DSE-2014,1JANATAMF,2014-04-21,6.3,6.5,6.3,6.4,183000
DSE-2014,1JANATAMF,2014-04-22,6.4,6.8,6.4,6.7,332500
DSE-2014,1JANATAMF,2014-04-23,6.7,7.1,6.7,6.9,583500
DSE-2014,1JANATAMF,2014-04-24,6.8,7.2,6.8,7.0,950000
DSE-2014,1JANATAMF,2014-04-27,7.0,7.1,6.9,7.0,447000
DSE-2014,1JANATAMF,2014-04-28,6.9,7.0,6.9,6.9,362000
DSE-2014,1JANATAMF,2014-04-29,6.9,7.1,6.9,7.0,526500
DSE-2014,1JANATAMF,2014-04-30,7.0,7.1,6.9,6.9,715500
DSE-2014,1JANATAMF,2014-04-05,6.9,7.1,6.8,6.8,428500
DSE-2014,1JANATAMF,2014-05-05,6.7,6.9,6.7,6.7,188500
DSE-2014,1JANATAMF,2014-06-05,6.7,6.8,6.6,6.6,340000
DSE-2014,1JANATAMF,2014-07-05,6.7,6.8,6.7,6.7,31000
DSE-2014,1JANATAMF,2014-08-05,6.7,6.8,6.7,6.7,55500
DSE-2014,1JANATAMF,2014-11-05,6.7,6.8,6.6,6.7,122000
DSE-2014,1JANATAMF,2014-12-05,6.7,6.8,6.7,6.7,97500
DSE-2014,1JANATAMF,2014-05-14,6.7,6.8,6.6,6.6,155500
DSE-2014,1JANATAMF,2014-05-15,6.6,6.8,6.6,6.7,106000
DSE-2014,1JANATAMF,2014-05-18,6.6,6.7,6.5,6.5,182000
DSE-2014,1JANATAMF,2014-05-19,6.5,6.7,6.5,6.6,80500
DSE-2014,1JANATAMF,2014-05-20,6.5,6.7,6.5,6.6,293000
DSE-2014,1JANATAMF,2014-05-21,6.6,6.7,6.5,6.6,293000
DSE-2014,1JANATAMF,2014-05-22,6.5,6.6,6.5,6.5,312000
DSE-2014,1JANATAMF,2014-05-25,6.5,6.6,6.5,6.5,23000
DSE-2014,1JANATAMF,2014-05-26,6.5,6.5,6.4,6.5,187000
DSE-2014,1JANATAMF,2014-05-27,6.4,6.6,6.4,6.5,23500
DSE-2014,1JANATAMF,2014-05-28,6.5,6.5,6.3,6.4,255000
DSE-2014,1JANATAMF,2014-05-29,6.4,6.4,6.3,6.3,98000
DSE-2014,1JANATAMF,2014-01-06,6.3,6.3,6.2,6.2,92500
DSE-2014,1JANATAMF,2014-02-06,6.2,6.3,6.1,6.1,358500
DSE-2014,1JANATAMF,2014-03-06,6.2,6.2,6.1,6.1,174000
DSE-2014,1JANATAMF,2014-04-06,6.0,6.2,6,6.1,86500
DSE-2014,1JANATAMF,2014-05-06,6.1,6.2,6,6.0,165500
DSE-2014,1JANATAMF,2014-08-06,5.9,6.2,5.9,6.0,411000
DSE-2014,1JANATAMF,2014-09-06,6.1,6.1,6,6.0,76000
DSE-2014,1JANATAMF,2014-10-06,6.1,6.3,6,6.1,527000
DSE-2014,1JANATAMF,2014-11-06,6.1,6.2,6.1,6.1,142500
DSE-2014,1JANATAMF,2014-12-06,6.1,6.5,6.1,6.3,247500
DSE-2014,1JANATAMF,2014-06-15,6.3,6.3,6.2,6.2,34500
DSE-2014,1JANATAMF,2014-06-16,6.2,6.3,6.1,6.1,231000
DSE-2014,1JANATAMF,2014-06-17,6.1,6.1,6,6.0,74500
DSE-2014,1JANATAMF,2014-06-18,6.0,6.1,6,6.0,115000
DSE-2014,1JANATAMF,2014-06-19,6.0,6.1,6,6.0,45500
DSE-2014,1JANATAMF,2014-06-22,6.0,6.2,6,6.0,183500
DSE-2014,1JANATAMF,2014-06-23,6.1,6.2,6,6.0,38000
DSE-2014,1JANATAMF,2014-06-24,6.0,6.2,6,6.1,81500
DSE-2014,1JANATAMF,2014-06-25,6.0,6.3,6,6.2,176500
DSE-2014,1JANATAMF,2014-06-26,6.3,6.3,6.2,6.2,161000
DSE-2014,1JANATAMF,2014-06-29,6.1,6.4,6.1,6.3,97000
DSE-2014,1JANATAMF,2014-06-30,6.2,6.4,6.2,6.3,89000
DSE-2014,1JANATAMF,2014-02-07,6.2,6.3,6.1,6.2,106500
DSE-2014,1JANATAMF,2014-03-07,6.2,6.3,6.1,6.2,97000
DSE-2014,1JANATAMF,2014-06-07,6.2,6.2,6.2,6.2,48000
DSE-2014,1JANATAMF,2014-07-07,6.1,6.3,6.1,6.1,42000
DSE-2014,1JANATAMF,2014-08-07,6.0,6.2,6,6.0,278000
DSE-2014,1JANATAMF,2014-09-07,6.0,6.1,6,6.0,57500
DSE-2014,1JANATAMF,2014-10-07,6.1,6.1,5.9,5.9,103500
DSE-2014,1JANATAMF,2014-07-13,6.0,6.0,5.9,5.9,161500
DSE-2014,1JANATAMF,2014-07-14,5.9,6.0,5.9,5.9,91500
DSE-2014,1JANATAMF,2014-07-15,5.9,6.0,5.9,5.9,112000
DSE-2014,1JANATAMF,2014-07-16,5.9,6.1,5.9,6.0,264000
DSE-2014,1JANATAMF,2014-07-17,5.9,6.1,5.9,6.0,76500
DSE-2014,1JANATAMF,2014-07-20,6.0,6.0,6,6.0,44500
DSE-2014,1JANATAMF,2014-07-21,6.0,6.0,6,6.0,62000
DSE-2014,1JANATAMF,2014-07-22,6.1,6.1,6,6.0,73000
DSE-2014,1JANATAMF,2014-07-23,6.0,6.1,6,6.0,31000
DSE-2014,1JANATAMF,2014-07-24,6.0,6.2,6,6.1,250500
DSE-2014,1JANATAMF,2014-03-08,6.1,6.1,5.9,5.9,337500
DSE-2014,1JANATAMF,2014-04-08,6.0,6.0,5.9,5.9,277500
DSE-2014,1JANATAMF,2014-05-08,6.0,6.1,5.9,6.0,512500
DSE-2014,1JANATAMF,2014-06-08,6.0,6.2,6,6.0,145000
DSE-2014,1JANATAMF,2014-07-08,6.0,6.1,6,6.0,257500
DSE-2014,1JANATAMF,2014-10-08,6.1,6.2,6,6.1,280000
DSE-2014,1JANATAMF,2014-11-08,6.0,6.2,6,6.1,191500
DSE-2014,1JANATAMF,2014-12-08,6.1,6.4,6,6.3,866000
DSE-2014,1JANATAMF,2014-08-13,6.3,6.4,6.1,6.3,398500
DSE-2014,1JANATAMF,2014-08-14,6.6,6.6,6.2,6.5,513500
DSE-2014,1JANATAMF,2014-08-18,7.0,7.2,6.3,6.4,2215500
DSE-2014,1JANATAMF,2014-08-19,6.4,6.5,6.2,6.2,754000
DSE-2014,1JANATAMF,2014-08-20,6.3,6.3,6.1,6.1,758000
DSE-2014,1JANATAMF,2014-08-21,6.1,6.3,6,6.1,553000
DSE-2014,1JANATAMF,2014-08-24,6.1,6.2,6,6.0,432000
DSE-2014,1JANATAMF,2014-08-25,6.1,6.2,6,6.1,672000
DSE-2014,1JANATAMF,2014-08-26,6.1,6.2,6,6.0,255000
DSE-2014,1JANATAMF,2014-08-27,6.1,6.2,6,6.1,621000
DSE-2014,1JANATAMF,2014-08-28,6.1,6.2,6,6.0,357000
DSE-2014,1JANATAMF,2014-08-31,6.0,6.2,6,6.0,300000
DSE-2014,1JANATAMF,2014-02-09,5.4,5.7,5.3,5.5,561000
DSE-2014,1JANATAMF,2014-03-09,5.5,5.6,5.5,5.5,267000
DSE-2014,1JANATAMF,2014-04-09,5.5,5.7,5.5,5.6,261000
DSE-2014,1JANATAMF,2014-07-09,5.6,5.7,5.5,5.5,305000
DSE-2014,1JANATAMF,2014-08-09,5.6,5.6,5.4,5.5,172000
DSE-2014,1JANATAMF,2014-09-09,5.6,5.6,5.4,5.4,142500
DSE-2014,1JANATAMF,2014-10-09,5.4,5.5,5.4,5.4,319500
DSE-2014,1JANATAMF,2014-11-09,5.4,5.4,5.3,5.3,437000
DSE-2014,1JANATAMF,2014-09-14,5.3,5.5,5.2,5.4,444000
DSE-2014,1JANATAMF,2014-09-15,5.3,5.6,5.3,5.4,191500
DSE-2014,1JANATAMF,2014-09-16,5.3,5.4,5.3,5.3,137000
DSE-2014,1JANATAMF,2014-09-17,5.3,5.4,5.3,5.3,445000
DSE-2014,1JANATAMF,2014-09-18,5.4,5.4,5.2,5.3,461000
DSE-2014,1JANATAMF,2014-09-21,5.3,5.4,5.3,5.4,209500
DSE-2014,1JANATAMF,2014-09-22,5.4,5.5,5.3,5.3,261500
DSE-2014,1JANATAMF,2014-09-23,5.4,5.6,5.3,5.4,538000
DSE-2014,1JANATAMF,2014-09-24,5.5,5.6,5.4,5.4,590500
DSE-2014,1JANATAMF,2014-09-25,5.5,5.6,5.4,5.4,374000
DSE-2014,1JANATAMF,2014-09-28,5.4,5.5,5.3,5.3,476000
DSE-2014,1JANATAMF,2014-09-29,5.3,5.5,5.3,5.3,355500
DSE-2014,1JANATAMF,2014-09-30,5.3,5.4,5.3,5.3,151000
DSE-2014,1JANATAMF,2014-01-10,5.3,5.5,5.3,5.4,632500
DSE-2014,1JANATAMF,2014-02-10,5.5,5.6,5.4,5.5,540000
DSE-2014,1JANATAMF,2014-12-10,5.6,6.0,5.5,5.8,1045500
DSE-2014,1JANATAMF,2014-10-13,6.0,6.1,5.7,5.8,546000
DSE-2014,1JANATAMF,2014-10-14,6.0,6.0,5.7,5.7,427000
DSE-2014,1JANATAMF,2014-10-15,5.8,5.9,5.7,5.8,366000
DSE-2014,1JANATAMF,2014-10-16,5.9,5.9,5.7,5.7,556000
DSE-2014,1JANATAMF,2014-10-19,5.6,5.7,5.6,5.6,221500
DSE-2014,1JANATAMF,2014-10-20,5.6,5.7,5.5,5.5,341500
DSE-2014,1JANATAMF,2014-10-21,5.4,5.7,5.4,5.5,109000
DSE-2014,1JANATAMF,2014-10-22,5.5,5.6,5.4,5.4,189000
DSE-2014,1JANATAMF,2014-10-23,5.5,5.5,5.4,5.4,163500
DSE-2014,1JANATAMF,2014-10-26,5.4,5.5,5.4,5.4,104500
DSE-2014,1JANATAMF,2014-10-27,5.3,5.5,5.3,5.4,57500
DSE-2014,1JANATAMF,2014-10-28,5.3,5.5,5.3,5.4,128500
DSE-2014,1JANATAMF,2014-10-29,5.4,5.5,5.4,5.5,181500
DSE-2014,1JANATAMF,2014-10-30,5.6,5.7,5.5,5.5,322500
DSE-2014,1JANATAMF,2014-02-11,5.5,5.6,5.4,5.4,290500
DSE-2014,1JANATAMF,2014-03-11,5.5,5.6,5.5,5.5,166000
DSE-2014,1JANATAMF,2014-05-11,5.5,5.6,5.5,5.5,86000
DSE-2014,1JANATAMF,2014-06-11,5.5,5.6,5.5,5.5,268000
DSE-2014,1JANATAMF,2014-09-11,5.5,5.5,5.4,5.4,193500
DSE-2014,1JANATAMF,2014-10-11,5.4,5.5,5.4,5.4,101500
DSE-2014,1JANATAMF,2014-11-11,5.4,5.5,5.4,5.4,71500
DSE-2014,1JANATAMF,2014-12-11,5.4,5.5,5.4,5.4,217000
DSE-2014,1JANATAMF,2014-11-13,5.4,5.5,5.4,5.4,213000
DSE-2014,1JANATAMF,2014-11-16,5.4,5.4,5.3,5.3,509500
DSE-2014,1JANATAMF,2014-11-17,5.3,5.4,5.3,5.3,78000
DSE-2014,1JANATAMF,2014-11-18,5.2,5.4,5.2,5.3,93000
DSE-2014,1JANATAMF,2014-11-19,5.2,5.5,5.2,5.4,218500
DSE-2014,1JANATAMF,2014-11-20,5.4,5.4,5.3,5.3,108500
DSE-2014,1JANATAMF,2014-11-23,5.3,5.5,5.3,5.3,101500
DSE-2014,1JANATAMF,2014-11-24,5.3,5.3,5.2,5.2,107500
DSE-2014,1JANATAMF,2014-11-25,5.2,5.3,5.2,5.2,25500
DSE-2014,1JANATAMF,2014-11-26,5.2,5.3,5.1,5.1,233000
DSE-2014,1JANATAMF,2014-11-27,5.1,5.2,5.1,5.1,41500
DSE-2014,1JANATAMF,2014-11-30,5.3,5.3,5.1,5.2,62500
DSE-2014,1JANATAMF,2014-01-12,5.1,5.3,5.1,5.2,39500
DSE-2014,1JANATAMF,2014-02-12,5.3,5.3,5.1,5.1,91500
DSE-2014,1JANATAMF,2014-03-12,5.1,5.3,5.1,5.2,69000
DSE-2014,1JANATAMF,2014-04-12,5.2,5.3,5.1,5.2,139500
DSE-2014,1JANATAMF,2014-07-12,5.2,5.3,5.1,5.1,142500
DSE-2014,1JANATAMF,2014-08-12,5.2,5.2,5.1,5.2,31000
DSE-2014,1JANATAMF,2014-09-12,5.2,5.2,5.1,5.1,48500
DSE-2014,1JANATAMF,2014-10-12,5.1,5.2,5.1,5.1,51000
DSE-2014,1JANATAMF,2014-11-12,5.1,5.2,5.1,5.1,70021
DSE-2014,1JANATAMF,2014-12-14,5.0,5.2,5,5.1,32447
DSE-2014,1JANATAMF,2014-12-15,5.1,5.3,5.1,5.1,40686
DSE-2014,1JANATAMF,2014-12-17,5.1,5.2,5,5.1,39171
DSE-2014,1JANATAMF,2014-12-18,5.0,5.2,5,5.2,163762
DSE-2014,1JANATAMF,2014-12-21,5.1,5.3,5.1,5.2,97903
DSE-2014,1JANATAMF,2014-12-22,5.3,5.3,5,5.2,60035
DSE-2014,1JANATAMF,2014-12-23,5.1,5.2,5.1,5.1,55476
DSE-2014,1JANATAMF,2014-12-24,5.0,5.1,5,5.1,68661
DSE-2014,1JANATAMF,2014-12-28,5.0,5.1,5,5.1,149956
DSE-2014,1JANATAMF,2014-12-29,5.1,5.2,5.1,5.1,105156
DSE-2014,1JANATAMF,2014-12-30,5.0,5.2,5,5.1,58281
DSE-2014,DBH1STMF,2014-01-01,5.6,5.7,5.6,5.6,97000
DSE-2014,DBH1STMF,2014-02-01,5.7,5.8,5.6,5.6,47000
DSE-2014,DBH1STMF,2014-06-01,5.6,5.7,5.6,5.6,70000
DSE-2014,DBH1STMF,2014-07-01,5.6,5.7,5.6,5.6,331000
DSE-2014,DBH1STMF,2014-08-01,5.6,5.8,5.6,5.6,260000
DSE-2014,DBH1STMF,2014-09-01,5.7,5.8,5.6,5.6,175000
DSE-2014,DBH1STMF,2014-12-01,5.7,5.8,5.7,5.7,186000
DSE-2014,DBH1STMF,2014-01-13,5.8,5.8,5.7,5.7,257000
DSE-2014,DBH1STMF,2014-01-15,5.8,5.9,5.8,5.8,213500
DSE-2014,DBH1STMF,2014-01-16,5.9,5.9,5.8,5.8,136500
DSE-2014,DBH1STMF,2014-01-19,5.9,6.0,5.8,5.8,768000
DSE-2014,DBH1STMF,2014-01-20,5.8,6.0,5.8,5.8,317500
DSE-2014,DBH1STMF,2014-01-21,5.9,6.0,5.8,5.9,475500
DSE-2014,DBH1STMF,2014-01-22,6.0,6.2,6,6.1,684000
DSE-2014,DBH1STMF,2014-01-23,6.1,6.7,6.1,6.6,2990000
DSE-2014,DBH1STMF,2014-01-26,7.0,7.2,6.9,7.0,3395500
DSE-2014,DBH1STMF,2014-01-27,7.1,7.1,6.8,6.8,884500
DSE-2014,DBH1STMF,2014-01-28,6.8,6.9,6.5,6.5,1414000
DSE-2014,DBH1STMF,2014-01-29,6.6,6.8,6.6,6.7,1341000
DSE-2014,DBH1STMF,2014-01-30,6.8,6.8,6.7,6.7,527000
DSE-2014,DBH1STMF,2014-02-02,6.8,6.8,6.6,6.6,885500
DSE-2014,DBH1STMF,2014-03-02,6.6,6.9,6.6,6.8,721000
DSE-2014,DBH1STMF,2014-04-02,7.0,7.2,6.9,7.0,1847500
DSE-2014,DBH1STMF,2014-05-02,7.0,7.0,6.9,6.9,571500
DSE-2014,DBH1STMF,2014-06-02,7.0,7.0,6.8,6.8,471000
DSE-2014,DBH1STMF,2014-09-02,6.7,6.9,6.7,6.8,812000
DSE-2014,DBH1STMF,2014-10-02,6.8,6.8,6.7,6.7,782000
DSE-2014,DBH1STMF,2014-11-02,6.7,6.8,6.7,6.7,261500
DSE-2014,DBH1STMF,2014-12-02,6.8,6.9,6.7,6.7,775500
DSE-2014,DBH1STMF,2014-02-13,6.8,6.9,6.7,6.7,404000
DSE-2014,DBH1STMF,2014-02-16,6.6,6.9,6.6,6.8,337000
DSE-2014,DBH1STMF,2014-02-17,6.8,6.8,6.7,6.7,233000
DSE-2014,DBH1STMF,2014-02-18,6.7,6.8,6.7,6.7,245000
DSE-2014,DBH1STMF,2014-02-19,6.7,7.0,6.7,6.8,545000
DSE-2014,DBH1STMF,2014-02-20,6.9,6.9,6.7,6.8,293500
DSE-2014,DBH1STMF,2014-02-23,6.8,6.9,6.8,6.8,369000
DSE-2014,DBH1STMF,2014-02-24,6.8,6.9,6.8,6.8,120000
DSE-2014,DBH1STMF,2014-02-25,6.8,6.9,6.7,6.8,1199500
DSE-2014,DBH1STMF,2014-02-26,6.7,6.9,6.7,6.8,401000
DSE-2014,DBH1STMF,2014-02-27,6.7,6.8,6.7,6.7,573500
DSE-2014,DBH1STMF,2014-02-03,6.7,6.8,6.7,6.7,605000
DSE-2014,DBH1STMF,2014-03-03,6.7,6.8,6.7,6.8,570000
DSE-2014,DBH1STMF,2014-04-03,6.7,6.9,6.7,6.7,323000
DSE-2014,DBH1STMF,2014-05-03,6.7,6.8,6.7,6.7,346000
DSE-2014,DBH1STMF,2014-06-03,6.7,6.8,6.7,6.7,217000
DSE-2014,DBH1STMF,2014-09-03,6.7,6.8,6.7,6.7,270000
DSE-2014,DBH1STMF,2014-10-03,6.7,6.8,6.7,6.7,639500
DSE-2014,DBH1STMF,2014-11-03,6.7,6.7,6.6,6.7,361500
DSE-2014,DBH1STMF,2014-12-03,6.7,6.7,6.5,6.5,229000
DSE-2014,DBH1STMF,2014-03-13,6.5,6.6,6.4,6.4,128500
DSE-2014,DBH1STMF,2014-03-16,6.4,6.5,6.4,6.4,145000
DSE-2014,DBH1STMF,2014-03-18,6.4,6.4,6.2,6.2,186000
DSE-2014,DBH1STMF,2014-03-19,6.5,6.5,6.1,6.1,146500
DSE-2014,DBH1STMF,2014-03-20,6.2,6.4,6.2,6.3,63500
DSE-2014,DBH1STMF,2014-03-23,6.2,6.5,6.2,6.4,180500
DSE-2014,DBH1STMF,2014-03-24,6.2,6.4,6.2,6.2,118000
DSE-2014,DBH1STMF,2014-03-25,6.2,6.4,6.2,6.3,69000
DSE-2014,DBH1STMF,2014-03-27,6.2,6.4,6.2,6.2,103000
DSE-2014,DBH1STMF,2014-03-30,6.2,6.4,6.2,6.2,342500
DSE-2014,DBH1STMF,2014-03-31,6.3,6.3,6.1,6.1,393000
DSE-2014,DBH1STMF,2014-01-04,6.1,6.3,6.1,6.2,197500
DSE-2014,DBH1STMF,2014-02-04,6.3,6.4,6.1,6.1,645500
DSE-2014,DBH1STMF,2014-03-04,6.2,6.5,6.1,6.3,318500
DSE-2014,DBH1STMF,2014-06-04,6.3,6.3,6.2,6.2,114000
DSE-2014,DBH1STMF,2014-07-04,6.2,6.3,6.1,6.1,268500
DSE-2014,DBH1STMF,2014-08-04,6.3,6.3,6.1,6.1,119000
DSE-2014,DBH1STMF,2014-09-04,6.1,6.3,6.1,6.1,121000
DSE-2014,DBH1STMF,2014-10-04,6.1,6.2,6.1,6.1,306500
DSE-2014,DBH1STMF,2014-04-13,6.1,6.3,6.1,6.1,48500
DSE-2014,DBH1STMF,2014-04-15,6.3,6.3,6.1,6.1,248500
DSE-2014,DBH1STMF,2014-04-16,6.1,6.2,6.1,6.1,329500
DSE-2014,DBH1STMF,2014-04-17,6.2,6.2,6.1,6.1,309500
DSE-2014,DBH1STMF,2014-04-20,6.1,6.4,6,6.3,336500
DSE-2014,DBH1STMF,2014-04-21,6.3,6.4,6.2,6.3,367000
DSE-2014,DBH1STMF,2014-04-22,6.3,6.5,6.3,6.4,187000
DSE-2014,DBH1STMF,2014-04-23,6.5,6.6,6.4,6.5,578000
DSE-2014,DBH1STMF,2014-04-24,6.6,6.7,6.5,6.5,530000
DSE-2014,DBH1STMF,2014-04-27,6.7,6.7,6.4,6.5,223000
DSE-2014,DBH1STMF,2014-04-28,6.4,6.6,6.4,6.5,277000
DSE-2014,DBH1STMF,2014-04-29,6.5,6.6,6.4,6.5,253000
DSE-2014,DBH1STMF,2014-04-30,6.4,6.6,6.4,6.4,189000
DSE-2014,DBH1STMF,2014-04-05,6.5,6.5,6.3,6.3,190500
DSE-2014,DBH1STMF,2014-05-05,6.3,6.3,6.2,6.2,108500
DSE-2014,DBH1STMF,2014-06-05,6.2,6.4,6.2,6.3,86500
DSE-2014,DBH1STMF,2014-07-05,6.3,6.5,6.3,6.4,256000
DSE-2014,DBH1STMF,2014-08-05,6.5,6.6,6.4,6.4,341500
DSE-2014,DBH1STMF,2014-11-05,6.3,6.5,6.3,6.4,227000
DSE-2014,DBH1STMF,2014-12-05,6.4,6.5,6.4,6.4,212000
DSE-2014,DBH1STMF,2014-05-14,6.4,6.6,6.4,6.4,204500
DSE-2014,DBH1STMF,2014-05-15,6.5,6.5,6.4,6.4,87000
DSE-2014,DBH1STMF,2014-05-18,6.4,6.4,6.3,6.3,319000
DSE-2014,DBH1STMF,2014-05-19,6.3,6.3,6.2,6.2,212000
DSE-2014,DBH1STMF,2014-05-20,6.1,6.2,6.1,6.1,49500
DSE-2014,DBH1STMF,2014-05-21,6.1,6.4,6.1,6.2,147500
DSE-2014,DBH1STMF,2014-05-22,6.2,6.5,6.2,6.4,259000
DSE-2014,DBH1STMF,2014-05-25,6.2,6.4,6.1,6.1,235500
DSE-2014,DBH1STMF,2014-05-26,6.2,6.2,6.1,6.1,214500
DSE-2014,DBH1STMF,2014-05-27,6.1,6.2,6,6.1,377000
DSE-2014,DBH1STMF,2014-05-28,6.1,6.2,6,6.0,74000
DSE-2014,DBH1STMF,2014-05-29,6.0,6.2,5.9,6.0,314500
DSE-2014,DBH1STMF,2014-01-06,6.0,6.1,5.9,6.0,277500
DSE-2014,DBH1STMF,2014-02-06,6.0,6.0,5.8,5.8,123500
DSE-2014,DBH1STMF,2014-03-06,5.9,6.0,5.8,5.8,89500
DSE-2014,DBH1STMF,2014-04-06,5.7,5.8,5.6,5.6,77000
DSE-2014,DBH1STMF,2014-05-06,5.6,5.7,5.5,5.5,43000
DSE-2014,DBH1STMF,2014-08-06,5.7,5.7,5.5,5.5,65500
DSE-2014,DBH1STMF,2014-09-06,5.5,5.7,5.5,5.6,74500
DSE-2014,DBH1STMF,2014-10-06,5.6,5.7,5.6,5.6,60500
DSE-2014,DBH1STMF,2014-11-06,5.6,5.7,5.6,5.6,93000
DSE-2014,DBH1STMF,2014-12-06,5.6,5.9,5.6,5.8,112500
DSE-2014,DBH1STMF,2014-06-15,5.8,5.8,5.6,5.6,69500
DSE-2014,DBH1STMF,2014-06-16,5.6,5.7,5.6,5.6,147500
DSE-2014,DBH1STMF,2014-06-17,5.4,5.6,5.4,5.5,88000
DSE-2014,DBH1STMF,2014-06-18,5.5,5.6,5.4,5.4,132500
DSE-2014,DBH1STMF,2014-06-19,5.4,5.5,5.4,5.4,83000
DSE-2014,DBH1STMF,2014-06-22,5.5,5.6,5.4,5.5,74000
DSE-2014,DBH1STMF,2014-06-23,5.5,5.6,5.4,5.5,67500
DSE-2014,DBH1STMF,2014-06-24,5.6,5.6,5.4,5.5,134500
DSE-2014,DBH1STMF,2014-06-25,5.5,5.8,5.5,5.7,261000
DSE-2014,DBH1STMF,2014-06-26,5.7,5.8,5.6,5.7,325000
DSE-2014,DBH1STMF,2014-06-29,5.8,5.9,5.7,5.8,138000
DSE-2014,DBH1STMF,2014-06-30,5.8,5.8,5.7,5.7,140500
DSE-2014,DBH1STMF,2014-02-07,5.6,5.8,5.6,5.6,112000
DSE-2014,DBH1STMF,2014-03-07,5.6,5.7,5.6,5.6,34500
DSE-2014,DBH1STMF,2014-06-07,5.6,5.7,5.6,5.6,17000
DSE-2014,DBH1STMF,2014-07-07,5.6,5.6,5.5,5.5,31000
DSE-2014,DBH1STMF,2014-08-07,5.5,5.6,5.5,5.5,97500
DSE-2014,DBH1STMF,2014-09-07,5.5,5.6,5.5,5.5,53000
DSE-2014,DBH1STMF,2014-10-07,5.5,5.6,5.5,5.5,43000
DSE-2014,DBH1STMF,2014-07-13,5.5,5.6,5.5,5.5,111500
DSE-2014,DBH1STMF,2014-07-14,5.6,5.6,5.5,5.5,97500
DSE-2014,DBH1STMF,2014-07-15,5.5,5.5,5.4,5.4,36000
DSE-2014,DBH1STMF,2014-07-16,5.4,5.5,5.4,5.4,628000
DSE-2014,DBH1STMF,2014-07-17,5.4,5.5,5.3,5.3,159000
DSE-2014,DBH1STMF,2014-07-20,5.4,5.4,5.3,5.3,364000
DSE-2014,DBH1STMF,2014-07-21,5.3,5.4,5.2,5.3,304500
DSE-2014,DBH1STMF,2014-07-22,5.3,5.4,5.2,5.2,207500
DSE-2014,DBH1STMF,2014-07-23,5.3,5.4,5.2,5.2,49500
DSE-2014,DBH1STMF,2014-07-24,5.2,5.3,5.1,5.2,88500
DSE-2014,DBH1STMF,2014-03-08,5.3,5.3,5.1,5.2,56000
DSE-2014,DBH1STMF,2014-04-08,5.1,5.1,4.9,5.0,509000
DSE-2014,DBH1STMF,2014-05-08,5.2,5.2,5,5.0,94500
DSE-2014,DBH1STMF,2014-06-08,5.0,5.2,5,5.0,253000
DSE-2014,DBH1STMF,2014-07-08,5.1,5.2,5,5.0,94000
DSE-2014,DBH1STMF,2014-10-08,5.1,5.2,5,5.0,440000
DSE-2014,DBH1STMF,2014-11-08,5.1,5.2,5,5.0,347500
DSE-2014,DBH1STMF,2014-12-08,5.0,5.3,5,5.2,668000
DSE-2014,DBH1STMF,2014-08-13,5.2,5.3,5.1,5.1,170000
DSE-2014,DBH1STMF,2014-08-14,5.4,5.4,5.1,5.2,916000
DSE-2014,DBH1STMF,2014-08-18,5.1,5.5,5.1,5.3,1503500
DSE-2014,DBH1STMF,2014-08-19,5.2,5.3,5.2,5.2,590000
DSE-2014,DBH1STMF,2014-08-20,5.3,5.4,5.3,5.3,857000
DSE-2014,DBH1STMF,2014-08-21,5.3,5.4,5.3,5.3,616500
DSE-2014,DBH1STMF,2014-08-24,5.3,5.4,5.3,5.3,593000
DSE-2014,DBH1STMF,2014-08-25,5.3,5.4,5.3,5.3,373000
DSE-2014,DBH1STMF,2014-08-26,5.2,5.4,5.2,5.2,142500
DSE-2014,DBH1STMF,2014-08-27,5.3,5.4,5.2,5.2,191500
DSE-2014,DBH1STMF,2014-08-28,5.2,5.3,5.1,5.1,264000
DSE-2014,DBH1STMF,2014-08-31,5.2,5.3,5.1,5.2,200500
DSE-2014,DBH1STMF,2014-02-09,5.1,5.1,4.8,4.9,610500
DSE-2014,DBH1STMF,2014-03-09,4.9,5.0,4.8,4.9,316000
DSE-2014,DBH1STMF,2014-04-09,4.9,5.0,4.8,4.9,209500
DSE-2014,DBH1STMF,2014-07-09,4.9,5.0,4.8,4.8,216500
DSE-2014,DBH1STMF,2014-08-09,4.8,4.9,4.8,4.8,103000
DSE-2014,DBH1STMF,2014-09-09,4.9,4.9,4.7,4.7,483000
DSE-2014,DBH1STMF,2014-10-09,4.8,4.9,4.7,4.7,182000
DSE-2014,DBH1STMF,2014-11-09,4.7,4.8,4.7,4.7,348500
DSE-2014,DBH1STMF,2014-09-14,4.7,4.7,4.6,4.6,100000
DSE-2014,DBH1STMF,2014-09-15,4.7,4.7,4.5,4.5,115500
DSE-2014,DBH1STMF,2014-09-16,4.6,4.7,4.5,4.5,52500
DSE-2014,DBH1STMF,2014-09-17,4.5,4.7,4.4,4.5,181500
DSE-2014,DBH1STMF,2014-09-18,4.6,4.7,4.5,4.5,781500
DSE-2014,DBH1STMF,2014-09-21,4.6,4.7,4.6,4.6,385500
DSE-2014,DBH1STMF,2014-09-22,4.6,4.8,4.5,4.7,539000
DSE-2014,DBH1STMF,2014-09-23,4.7,4.9,4.7,4.8,175500
DSE-2014,DBH1STMF,2014-09-24,4.8,5.0,4.8,4.9,375000
DSE-2014,DBH1STMF,2014-09-25,5.0,5.0,4.7,4.7,133500
DSE-2014,DBH1STMF,2014-09-28,4.8,4.9,4.7,4.7,168500
DSE-2014,DBH1STMF,2014-09-29,4.7,4.9,4.7,4.7,141000
DSE-2014,DBH1STMF,2014-09-30,4.7,4.8,4.7,4.7,41000
DSE-2014,DBH1STMF,2014-01-10,4.7,4.9,4.7,4.8,114000
DSE-2014,DBH1STMF,2014-02-10,4.8,5.0,4.8,4.9,156000
DSE-2014,DBH1STMF,2014-12-10,5.0,5.3,5,5.2,1818000
DSE-2014,DBH1STMF,2014-10-13,5.4,5.5,5.1,5.2,815500
DSE-2014,DBH1STMF,2014-10-14,5.3,5.3,5.1,5.1,492000
DSE-2014,DBH1STMF,2014-10-15,5.4,5.6,5.2,5.3,1464500
DSE-2014,DBH1STMF,2014-10-16,5.5,5.5,5.1,5.2,598500
DSE-2014,DBH1STMF,2014-10-19,5.1,5.2,5,5.0,557500
DSE-2014,DBH1STMF,2014-10-20,5.0,5.1,5,5.0,373500
DSE-2014,DBH1STMF,2014-10-21,5.0,5.2,5,5.1,227500
DSE-2014,DBH1STMF,2014-10-22,5.0,5.1,4.9,4.9,205000
DSE-2014,DBH1STMF,2014-10-23,4.9,5.0,4.9,4.9,268500
DSE-2014,DBH1STMF,2014-10-26,4.9,5.1,4.8,4.8,236500
DSE-2014,DBH1STMF,2014-10-27,4.9,4.9,4.8,4.8,142500
DSE-2014,DBH1STMF,2014-10-28,5.0,5.0,4.9,4.9,176500
DSE-2014,DBH1STMF,2014-10-29,4.9,5.0,4.9,4.9,167000
DSE-2014,DBH1STMF,2014-10-30,5.0,5.0,4.8,4.8,634500
DSE-2014,DBH1STMF,2014-02-11,4.9,5.0,4.8,4.8,215000
DSE-2014,DBH1STMF,2014-03-11,4.8,5.0,4.8,4.9,567500
DSE-2014,DBH1STMF,2014-05-11,4.9,4.9,4.8,4.8,181000
DSE-2014,DBH1STMF,2014-06-11,4.8,5.0,4.8,4.8,79000
DSE-2014,DBH1STMF,2014-09-11,4.8,4.9,4.7,4.7,133500
DSE-2014,DBH1STMF,2014-10-11,4.7,4.8,4.7,4.7,132000
DSE-2014,DBH1STMF,2014-11-11,4.7,4.8,4.7,4.7,112000
DSE-2014,DBH1STMF,2014-12-11,4.8,4.9,4.7,4.8,116000
DSE-2014,DBH1STMF,2014-11-13,4.8,4.9,4.8,4.8,106500
DSE-2014,DBH1STMF,2014-11-16,4.8,4.9,4.7,4.7,202000
DSE-2014,DBH1STMF,2014-11-17,4.7,4.8,4.7,4.7,51000
DSE-2014,DBH1STMF,2014-11-18,4.7,4.8,4.7,4.7,113000
DSE-2014,DBH1STMF,2014-11-19,4.8,4.9,4.7,4.8,167000
DSE-2014,DBH1STMF,2014-11-20,4.8,4.9,4.7,4.8,84500
DSE-2014,DBH1STMF,2014-11-23,4.8,4.8,4.7,4.7,402500
DSE-2014,DBH1STMF,2014-11-24,4.7,4.8,4.7,4.7,134000
DSE-2014,DBH1STMF,2014-11-25,4.7,4.8,4.7,4.7,125500
DSE-2014,DBH1STMF,2014-11-26,4.7,4.8,4.6,4.7,35000
DSE-2014,DBH1STMF,2014-11-27,4.6,4.8,4.6,4.6,79500
DSE-2014,DBH1STMF,2014-11-30,4.7,4.7,4.6,4.6,48000
DSE-2014,DBH1STMF,2014-01-12,4.6,4.7,4.6,4.6,38000
DSE-2014,DBH1STMF,2014-02-12,4.6,4.7,4.6,4.6,72500
DSE-2014,DBH1STMF,2014-03-12,4.6,4.8,4.6,4.6,51000
DSE-2014,DBH1STMF,2014-04-12,4.7,4.7,4.6,4.6,42000
DSE-2014,DBH1STMF,2014-07-12,4.7,4.7,4.6,4.6,33000
DSE-2014,DBH1STMF,2014-08-12,4.7,4.7,4.6,4.6,22500
DSE-2014,DBH1STMF,2014-09-12,4.6,4.7,4.6,4.6,57500
DSE-2014,DBH1STMF,2014-10-12,4.5,4.6,4.5,4.5,24500
DSE-2014,DBH1STMF,2014-11-12,4.7,4.7,4.5,4.6,3549
DSE-2014,DBH1STMF,2014-12-14,4.5,4.7,4.5,4.6,24580
DSE-2014,DBH1STMF,2014-12-15,4.6,4.6,4.5,4.5,49000
DSE-2014,DBH1STMF,2014-12-17,4.5,4.6,4.4,4.5,42588
DSE-2014,DBH1STMF,2014-12-18,4.5,4.6,4.5,4.5,16462
DSE-2014,DBH1STMF,2014-12-21,4.5,4.7,4.5,4.5,73711
DSE-2014,DBH1STMF,2014-12-22,4.5,4.6,4.5,4.5,173089
DSE-2014,DBH1STMF,2014-12-23,4.6,4.6,4.5,4.6,25942
DSE-2014,DBH1STMF,2014-12-24,4.6,4.6,4.5,4.5,33134
DSE-2014,DBH1STMF,2014-12-28,4.5,4.6,4.5,4.5,73712
DSE-2014,DBH1STMF,2014-12-29,4.5,4.6,4.5,4.6,83396
DSE-2014,DBH1STMF,2014-12-30,4.5,4.7,4.5,4.6,93569
DSE-2014,GREENDELMF,2014-01-01,5.3,5.4,5.3,5.3,78000
DSE-2014,GREENDELMF,2014-02-01,5.3,5.4,5.2,5.2,333500
DSE-2014,GREENDELMF,2014-06-01,5.3,5.3,5.2,5.2,88000
DSE-2014,GREENDELMF,2014-07-01,5.4,5.4,5.2,5.2,84500
DSE-2014,GREENDELMF,2014-08-01,5.4,5.4,5.3,5.3,242000
DSE-2014,GREENDELMF,2014-09-01,5.4,5.5,5.3,5.4,324000
DSE-2014,GREENDELMF,2014-12-01,5.4,5.5,5.3,5.3,925000
DSE-2014,GREENDELMF,2014-01-13,5.3,5.4,5.3,5.3,300000
DSE-2014,GREENDELMF,2014-01-15,5.4,5.5,5.3,5.4,115500
DSE-2014,GREENDELMF,2014-01-16,5.4,5.5,5.3,5.4,457000
DSE-2014,GREENDELMF,2014-01-19,5.5,5.6,5.4,5.5,717500
DSE-2014,GREENDELMF,2014-01-20,5.5,5.6,5.4,5.5,541500
DSE-2014,GREENDELMF,2014-01-21,5.5,5.7,5.5,5.6,1613500
DSE-2014,GREENDELMF,2014-01-22,5.7,5.8,5.7,5.7,1420500
DSE-2014,GREENDELMF,2014-01-23,5.8,6.1,5.8,6.0,2412000
DSE-2014,GREENDELMF,2014-01-26,6.2,6.5,6.1,6.2,2299500
DSE-2014,GREENDELMF,2014-01-27,6.3,6.3,6.1,6.2,743000
DSE-2014,GREENDELMF,2014-01-28,6.2,6.3,6,6.0,1411500
DSE-2014,GREENDELMF,2014-01-29,6.1,6.3,6,6.1,1661500
DSE-2014,GREENDELMF,2014-01-30,6.2,6.3,6.1,6.1,459500
DSE-2014,GREENDELMF,2014-02-02,6.1,6.3,6.1,6.2,1059500
DSE-2014,GREENDELMF,2014-03-02,6.2,6.4,6.2,6.3,906500
DSE-2014,GREENDELMF,2014-04-02,6.5,6.7,6.3,6.5,2245500
DSE-2014,GREENDELMF,2014-05-02,6.5,6.6,6.4,6.4,812500
DSE-2014,GREENDELMF,2014-06-02,6.5,6.6,6.4,6.5,940000
DSE-2014,GREENDELMF,2014-09-02,6.5,6.5,6.3,6.3,567500
DSE-2014,GREENDELMF,2014-10-02,6.3,6.4,6.2,6.2,561500
DSE-2014,GREENDELMF,2014-11-02,6.2,6.3,6.1,6.1,796000
DSE-2014,GREENDELMF,2014-12-02,6.1,6.3,6.1,6.1,734500
DSE-2014,GREENDELMF,2014-02-13,6.2,6.3,6.2,6.2,644500
DSE-2014,GREENDELMF,2014-02-16,6.3,6.3,6.2,6.2,1040000
DSE-2014,GREENDELMF,2014-02-17,6.8,6.8,6.2,6.3,714500
DSE-2014,GREENDELMF,2014-02-18,6.2,6.3,6.2,6.2,274000
DSE-2014,GREENDELMF,2014-02-19,6.3,6.5,6.2,6.3,828000
DSE-2014,GREENDELMF,2014-02-20,6.3,6.3,6.2,6.2,45000
DSE-2014,GREENDELMF,2014-02-23,6.2,6.3,6.2,6.2,876000
DSE-2014,GREENDELMF,2014-02-24,6.3,6.4,6.2,6.3,366500
DSE-2014,GREENDELMF,2014-02-25,6.3,6.4,6.3,6.3,339000
DSE-2014,GREENDELMF,2014-02-26,6.3,6.4,6.2,6.2,324500
DSE-2014,GREENDELMF,2014-02-27,6.2,6.3,6.2,6.2,371000
DSE-2014,GREENDELMF,2014-02-03,6.2,6.2,6.2,6.2,359000
DSE-2014,GREENDELMF,2014-03-03,6.2,6.3,6.2,6.2,551500
DSE-2014,GREENDELMF,2014-04-03,6.2,6.3,6.2,6.2,144000
DSE-2014,GREENDELMF,2014-05-03,6.2,6.2,6.2,6.2,109500
DSE-2014,GREENDELMF,2014-06-03,6.2,6.2,6.2,6.2,564000
DSE-2014,GREENDELMF,2014-09-03,6.2,6.3,6.2,6.2,624000
DSE-2014,GREENDELMF,2014-10-03,6.2,6.3,6.2,6.2,166000
DSE-2014,GREENDELMF,2014-11-03,6.1,6.2,6.1,6.1,212500
DSE-2014,GREENDELMF,2014-12-03,6.1,6.3,6,6.0,300500
DSE-2014,GREENDELMF,2014-03-13,6.1,6.1,6,6.0,347500
DSE-2014,GREENDELMF,2014-03-16,5.9,6.0,5.9,5.9,202000
DSE-2014,GREENDELMF,2014-03-18,5.9,5.9,5.9,5.9,217000
DSE-2014,GREENDELMF,2014-03-19,5.8,5.9,5.8,5.8,80000
DSE-2014,GREENDELMF,2014-03-20,5.7,5.9,5.7,5.8,53000
DSE-2014,GREENDELMF,2014-03-23,5.8,5.9,5.8,5.8,89000
DSE-2014,GREENDELMF,2014-03-24,5.7,5.8,5.7,5.7,57000
DSE-2014,GREENDELMF,2014-03-25,5.6,5.8,5.6,5.7,78000
DSE-2014,GREENDELMF,2014-03-27,5.7,5.7,5.6,5.6,40000
DSE-2014,GREENDELMF,2014-03-30,5.1,5.7,5.1,5.5,74500
DSE-2014,GREENDELMF,2014-03-31,5.5,5.5,5.5,5.5,36500
DSE-2014,GREENDELMF,2014-01-04,5.4,5.6,5.4,5.6,269000
DSE-2014,GREENDELMF,2014-02-04,5.7,6.0,5.7,5.9,497000
DSE-2014,GREENDELMF,2014-03-04,5.9,5.9,5.4,5.5,148500
DSE-2014,GREENDELMF,2014-06-04,5.6,5.8,5.5,5.6,194000
DSE-2014,GREENDELMF,2014-07-04,5.6,5.7,5.6,5.6,171000
DSE-2014,GREENDELMF,2014-08-04,6.0,6.0,5.6,5.6,694000
DSE-2014,GREENDELMF,2014-09-04,5.7,6.0,5.6,5.7,181000
DSE-2014,GREENDELMF,2014-10-04,5.6,5.8,5.6,5.6,447000
DSE-2014,GREENDELMF,2014-04-13,5.6,5.7,5.6,5.6,143500
DSE-2014,GREENDELMF,2014-04-15,5.6,5.7,5.6,5.6,103000
DSE-2014,GREENDELMF,2014-04-16,5.6,5.7,5.6,5.6,361000
DSE-2014,GREENDELMF,2014-04-17,5.6,5.8,5.6,5.7,741000
DSE-2014,GREENDELMF,2014-04-20,5.7,5.9,5.7,5.8,186500
DSE-2014,GREENDELMF,2014-04-21,5.8,6.0,5.7,5.8,277500
DSE-2014,GREENDELMF,2014-04-22,5.9,6.0,5.8,5.9,459500
DSE-2014,GREENDELMF,2014-04-23,5.9,6.2,5.9,6.0,421000
DSE-2014,GREENDELMF,2014-04-24,6.0,6.2,6,6.1,327500
DSE-2014,GREENDELMF,2014-04-27,6.1,6.3,6,6.0,429500
DSE-2014,GREENDELMF,2014-04-28,6.0,6.1,6,6.0,320000
DSE-2014,GREENDELMF,2014-04-29,6.0,6.1,6,6.0,224000
DSE-2014,GREENDELMF,2014-04-30,6.0,6.1,6,6.0,169000
DSE-2014,GREENDELMF,2014-04-05,6.0,6.1,5.9,5.9,143000
DSE-2014,GREENDELMF,2014-05-05,5.9,6.0,5.9,5.9,48000
DSE-2014,GREENDELMF,2014-06-05,5.9,6.0,5.8,5.9,300500
DSE-2014,GREENDELMF,2014-07-05,5.9,6.0,5.9,5.9,219500
DSE-2014,GREENDELMF,2014-08-05,6.0,6.0,5.9,5.9,154000
DSE-2014,GREENDELMF,2014-11-05,5.9,6.0,5.8,5.9,110500
DSE-2014,GREENDELMF,2014-12-05,5.9,6.0,5.8,5.8,201500
DSE-2014,GREENDELMF,2014-05-14,5.8,5.9,5.8,5.8,67500
DSE-2014,GREENDELMF,2014-05-15,5.8,5.8,5.6,5.6,351000
DSE-2014,GREENDELMF,2014-05-18,5.5,5.7,5.5,5.6,84000
DSE-2014,GREENDELMF,2014-05-19,5.5,5.7,5.5,5.6,253000
DSE-2014,GREENDELMF,2014-05-20,5.6,5.7,5.5,5.5,99500
DSE-2014,GREENDELMF,2014-05-21,5.6,5.7,5.5,5.6,377500
DSE-2014,GREENDELMF,2014-05-22,5.6,5.7,5.6,5.6,81500
DSE-2014,GREENDELMF,2014-05-25,5.5,5.6,5.5,5.5,37000
DSE-2014,GREENDELMF,2014-05-26,5.6,5.6,5.5,5.5,78000
DSE-2014,GREENDELMF,2014-05-27,5.5,5.8,5.5,5.6,44500
DSE-2014,GREENDELMF,2014-05-28,5.6,5.6,5.5,5.5,57000
DSE-2014,GREENDELMF,2014-05-29,5.5,5.5,5.5,5.5,67000
DSE-2014,GREENDELMF,2014-01-06,5.6,5.6,5.5,5.5,83000
DSE-2014,GREENDELMF,2014-02-06,5.5,5.5,5.4,5.4,87000
DSE-2014,GREENDELMF,2014-03-06,5.4,5.6,5.3,5.3,183500
DSE-2014,GREENDELMF,2014-04-06,5.3,5.3,5.2,5.2,152000
DSE-2014,GREENDELMF,2014-05-06,5.2,5.7,5.1,5.1,104500
DSE-2014,GREENDELMF,2014-08-06,5.2,5.4,5.1,5.3,141000
DSE-2014,GREENDELMF,2014-09-06,5.2,5.3,5.2,5.2,21500
DSE-2014,GREENDELMF,2014-10-06,5.2,5.4,5.2,5.2,65500
DSE-2014,GREENDELMF,2014-11-06,5.3,5.3,5.2,5.2,111500
DSE-2014,GREENDELMF,2014-12-06,5.2,5.6,5.2,5.4,81500
DSE-2014,GREENDELMF,2014-06-15,5.4,5.5,5.3,5.5,157500
DSE-2014,GREENDELMF,2014-06-16,5.4,5.5,5.4,5.4,76500
DSE-2014,GREENDELMF,2014-06-17,5.3,5.4,5.3,5.3,38000
DSE-2014,GREENDELMF,2014-06-18,5.3,5.4,5.2,5.2,24000
DSE-2014,GREENDELMF,2014-06-19,5.2,5.3,5.1,5.1,30000
DSE-2014,GREENDELMF,2014-06-22,4.6,5.2,4.6,5.1,201000
DSE-2014,GREENDELMF,2014-06-23,5.0,5.3,5,5.1,104500
DSE-2014,GREENDELMF,2014-06-24,5.2,5.2,5.1,5.1,78500
DSE-2014,GREENDELMF,2014-06-25,5.2,5.3,5.2,5.3,250500
DSE-2014,GREENDELMF,2014-06-26,5.2,5.3,5.2,5.3,92500
DSE-2014,GREENDELMF,2014-06-29,5.2,5.4,5.2,5.3,204500
DSE-2014,GREENDELMF,2014-06-30,5.3,5.4,5.3,5.3,59000
DSE-2014,GREENDELMF,2014-02-07,5.3,5.4,5.3,5.3,13500
DSE-2014,GREENDELMF,2014-03-07,5.4,5.4,5.3,5.3,61500
DSE-2014,GREENDELMF,2014-06-07,5.3,5.3,5.2,5.2,89000
DSE-2014,GREENDELMF,2014-07-07,5.2,5.3,5.2,5.2,37500
DSE-2014,GREENDELMF,2014-08-07,5.2,5.3,5.1,5.1,126500
DSE-2014,GREENDELMF,2014-09-07,5.1,5.2,5.1,5.1,35500
DSE-2014,GREENDELMF,2014-10-07,5.1,5.2,5.1,5.1,49000
DSE-2014,GREENDELMF,2014-07-13,5.1,5.2,5.1,5.1,55000
DSE-2014,GREENDELMF,2014-07-14,5.1,5.2,5.1,5.1,21500
DSE-2014,GREENDELMF,2014-07-15,5.1,5.1,5.1,5.1,53000
DSE-2014,GREENDELMF,2014-07-16,5.1,5.2,5.1,5.1,269000
DSE-2014,GREENDELMF,2014-07-17,5.1,5.2,5.1,5.1,155000
DSE-2014,GREENDELMF,2014-07-20,5.1,5.3,5.1,5.1,33000
DSE-2014,GREENDELMF,2014-07-21,5.1,5.2,5.1,5.1,12500
DSE-2014,GREENDELMF,2014-07-22,5.1,5.2,5.1,5.1,84500
DSE-2014,GREENDELMF,2014-07-23,5.1,5.2,5,5.0,51000
DSE-2014,GREENDELMF,2014-07-24,5.0,5.2,4.9,5.0,162500
DSE-2014,GREENDELMF,2014-03-08,4.9,5.1,4.9,5.0,93500
DSE-2014,GREENDELMF,2014-04-08,5.0,5.2,5,5.0,96000
DSE-2014,GREENDELMF,2014-05-08,5.1,5.1,5,5.0,73000
DSE-2014,GREENDELMF,2014-06-08,5.0,5.1,5,5.0,69000
DSE-2014,GREENDELMF,2014-07-08,5.1,5.2,5,5.0,47000
DSE-2014,GREENDELMF,2014-10-08,5.1,5.2,5,5.0,84000
DSE-2014,GREENDELMF,2014-11-08,5.1,5.2,4.8,4.8,225500
DSE-2014,GREENDELMF,2014-12-08,5.0,5.2,4.9,5.1,148000
DSE-2014,GREENDELMF,2014-08-13,5.5,5.5,5.1,5.1,59000
DSE-2014,GREENDELMF,2014-08-14,5.6,5.6,5,5.3,290000
DSE-2014,GREENDELMF,2014-08-18,4.8,5.1,4.7,4.7,1041500
DSE-2014,GREENDELMF,2014-08-19,4.8,4.9,4.7,4.7,123000
DSE-2014,GREENDELMF,2014-08-20,4.7,4.7,4.5,4.5,185500
DSE-2014,GREENDELMF,2014-08-21,4.7,4.7,4.4,4.4,535000
DSE-2014,GREENDELMF,2014-08-24,4.6,4.6,4.5,4.5,137000
DSE-2014,GREENDELMF,2014-08-25,4.5,4.7,4.4,4.5,356500
DSE-2014,GREENDELMF,2014-08-26,4.5,4.7,4.5,4.6,234500
DSE-2014,GREENDELMF,2014-08-27,4.6,4.7,4.6,4.6,119000
DSE-2014,GREENDELMF,2014-08-28,4.5,4.6,4.5,4.5,47500
DSE-2014,GREENDELMF,2014-08-31,4.6,4.7,4.5,4.6,105500
DSE-2014,GREENDELMF,2014-01-09,4.5,4.6,4.5,4.5,224000
DSE-2014,GREENDELMF,2014-02-09,4.5,4.7,4.5,4.5,147500
DSE-2014,GREENDELMF,2014-03-09,4.5,4.8,4.5,4.5,410500
DSE-2014,GREENDELMF,2014-04-09,4.6,4.8,4.4,4.6,1749500
DSE-2014,GREENDELMF,2014-07-09,4.6,4.7,4.5,4.5,130000
DSE-2014,GREENDELMF,2014-08-09,4.5,4.6,4.5,4.5,190000
DSE-2014,GREENDELMF,2014-09-09,4.5,4.5,4.4,4.4,250000
DSE-2014,GREENDELMF,2014-10-09,4.5,4.5,4.4,4.4,103500
DSE-2014,GREENDELMF,2014-11-09,4.5,4.6,4.4,4.5,489000
DSE-2014,GREENDELMF,2014-09-14,4.4,4.5,4.4,4.4,440000
DSE-2014,GREENDELMF,2014-09-15,4.4,4.5,4.4,4.4,96500
DSE-2014,GREENDELMF,2014-09-16,4.4,4.5,4.4,4.4,123500
DSE-2014,GREENDELMF,2014-09-17,4.4,4.5,4.3,4.4,163000
DSE-2014,GREENDELMF,2014-09-18,4.4,4.6,4.3,4.5,924000
DSE-2014,GREENDELMF,2014-09-21,4.4,4.6,4.4,4.5,608500
DSE-2014,GREENDELMF,2014-09-22,4.5,4.6,4.5,4.5,283500
DSE-2014,GREENDELMF,2014-09-23,4.5,4.7,4.5,4.6,396000
DSE-2014,GREENDELMF,2014-09-24,4.6,4.8,4.6,4.6,322000
DSE-2014,GREENDELMF,2014-09-25,4.6,4.7,4.6,4.6,70500
DSE-2014,GREENDELMF,2014-09-28,4.6,4.6,4.5,4.5,277000
DSE-2014,GREENDELMF,2014-09-29,4.5,4.6,4.5,4.5,106500
DSE-2014,GREENDELMF,2014-09-30,4.5,4.6,4.5,4.5,186500
DSE-2014,GREENDELMF,2014-01-10,4.5,4.7,4.5,4.6,356500
DSE-2014,GREENDELMF,2014-02-10,4.6,4.7,4.6,4.7,166000
DSE-2014,GREENDELMF,2014-12-10,4.7,5.1,4.7,5.0,1569000
DSE-2014,GREENDELMF,2014-10-13,5.3,5.3,4.9,5.1,885000
DSE-2014,GREENDELMF,2014-10-14,5.2,5.2,5,5.0,721000
DSE-2014,GREENDELMF,2014-10-15,5.2,5.4,5,5.1,1332000
DSE-2014,GREENDELMF,2014-10-16,5.2,5.3,5,5.0,813000
DSE-2014,GREENDELMF,2014-10-19,5.0,5.1,4.9,4.9,348500
DSE-2014,GREENDELMF,2014-10-20,4.9,5.0,4.9,4.9,64500
DSE-2014,GREENDELMF,2014-10-21,4.9,5.0,4.9,4.9,162000
DSE-2014,GREENDELMF,2014-10-22,4.9,5.0,4.8,4.8,266500
DSE-2014,GREENDELMF,2014-10-23,4.9,5.0,4.8,4.8,150500
DSE-2014,GREENDELMF,2014-10-26,4.9,4.9,4.8,4.8,83500
DSE-2014,GREENDELMF,2014-10-27,4.8,4.9,4.8,4.8,49000
DSE-2014,GREENDELMF,2014-10-28,4.8,4.9,4.8,4.8,432500
DSE-2014,GREENDELMF,2014-10-29,4.8,4.9,4.8,4.8,93500
DSE-2014,GREENDELMF,2014-10-30,4.8,4.9,4.8,4.8,657500
DSE-2014,GREENDELMF,2014-02-11,4.8,4.9,4.8,4.8,208500
DSE-2014,GREENDELMF,2014-03-11,4.8,4.9,4.7,4.7,574000
DSE-2014,GREENDELMF,2014-05-11,4.7,4.8,4.7,4.7,52000
DSE-2014,GREENDELMF,2014-06-11,4.8,4.9,4.7,4.8,373000
DSE-2014,GREENDELMF,2014-09-11,4.8,4.8,4.7,4.7,130500
DSE-2014,GREENDELMF,2014-10-11,4.7,4.7,4.7,4.7,93000
DSE-2014,GREENDELMF,2014-11-11,4.7,4.8,4.6,4.7,126500
DSE-2014,GREENDELMF,2014-12-11,4.7,4.8,4.6,4.6,265000
DSE-2014,GREENDELMF,2014-11-13,4.7,4.7,4.7,4.7,53500
DSE-2014,GREENDELMF,2014-11-16,4.7,4.7,4.6,4.6,97000
DSE-2014,GREENDELMF,2014-11-17,4.6,4.7,4.6,4.6,54500
DSE-2014,GREENDELMF,2014-11-18,4.6,4.6,4.5,4.5,194500
DSE-2014,GREENDELMF,2014-11-19,4.5,4.6,4.5,4.5,93500
DSE-2014,GREENDELMF,2014-11-20,4.5,4.6,4.5,4.5,20000
DSE-2014,GREENDELMF,2014-11-23,4.5,4.6,4.5,4.5,95500
DSE-2014,GREENDELMF,2014-11-24,4.5,4.5,4.4,4.4,222500
DSE-2014,GREENDELMF,2014-11-25,4.4,4.5,4.4,4.4,158500
DSE-2014,GREENDELMF,2014-11-26,4.4,4.6,4.4,4.4,210500
DSE-2014,GREENDELMF,2014-11-27,4.4,4.6,4.4,4.4,161500
DSE-2014,GREENDELMF,2014-11-30,4.5,4.5,4.4,4.4,15000
DSE-2014,GREENDELMF,2014-01-12,4.4,4.5,4.4,4.4,9000
DSE-2014,GREENDELMF,2014-02-12,4.4,4.5,4.4,4.4,78500
DSE-2014,GREENDELMF,2014-03-12,4.4,4.5,4.4,4.5,177000
DSE-2014,GREENDELMF,2014-04-12,4.4,4.5,4.4,4.4,69000
DSE-2014,GREENDELMF,2014-07-12,4.4,4.6,4.4,4.5,164000
DSE-2014,GREENDELMF,2014-08-12,4.5,4.6,4.5,4.5,23500
DSE-2014,GREENDELMF,2014-09-12,4.5,4.6,4.5,4.5,17000
DSE-2014,GREENDELMF,2014-10-12,4.5,4.5,4.5,4.5,64500
DSE-2014,GREENDELMF,2014-11-12,4.5,4.5,4.5,4.5,8055
DSE-2014,GREENDELMF,2014-12-14,4.4,4.5,4.4,4.5,45500
DSE-2014,GREENDELMF,2014-12-15,4.5,4.5,4.3,4.4,78770
DSE-2014,GREENDELMF,2014-12-17,4.3,4.6,4.3,4.4,141830
DSE-2014,GREENDELMF,2014-12-18,4.4,4.5,4.4,4.5,45070
DSE-2014,GREENDELMF,2014-12-21,4.3,4.5,4.3,4.4,26000
DSE-2014,GREENDELMF,2014-12-22,4.3,4.5,4.3,4.4,25950
DSE-2014,GREENDELMF,2014-12-23,4.4,4.4,4.3,4.3,32788
DSE-2014,GREENDELMF,2014-12-24,4.3,4.5,4.3,4.4,60117
DSE-2014,GREENDELMF,2014-12-28,4.4,4.4,4.2,4.3,212353
DSE-2014,GREENDELMF,2014-12-29,4.4,4.5,4.3,4.4,237703
DSE-2014,GREENDELMF,2014-12-30,4.4,4.7,4.3,4.6,194353
DSE-2014,IFILISLMF1,2014-01-01,5.6,5.8,5.6,5.6,147500
DSE-2014,IFILISLMF1,2014-02-01,5.7,5.8,5.6,5.7,375500
DSE-2014,IFILISLMF1,2014-06-01,5.7,5.7,5.6,5.6,92000
DSE-2014,IFILISLMF1,2014-07-01,5.6,5.7,5.6,5.6,248000
DSE-2014,IFILISLMF1,2014-08-01,5.6,5.8,5.6,5.7,129500
DSE-2014,IFILISLMF1,2014-09-01,5.6,5.8,5.6,5.7,120500
DSE-2014,IFILISLMF1,2014-12-01,5.7,5.9,5.7,5.8,226500
DSE-2014,IFILISLMF1,2014-01-13,5.7,5.9,5.7,5.8,90500
DSE-2014,IFILISLMF1,2014-01-15,5.8,6.3,5.8,6.1,666500
DSE-2014,IFILISLMF1,2014-01-16,6.1,6.3,5.9,6.1,335500
DSE-2014,IFILISLMF1,2014-01-19,6.3,6.4,6.2,6.3,954500
DSE-2014,IFILISLMF1,2014-01-20,6.3,6.5,6.3,6.4,1154000
DSE-2014,IFILISLMF1,2014-01-21,6.5,7.0,6.5,6.8,2214500
DSE-2014,IFILISLMF1,2014-01-22,6.9,7.3,6.9,7.1,1116500
DSE-2014,IFILISLMF1,2014-01-23,7.1,7.6,7,7.4,2176500
DSE-2014,IFILISLMF1,2014-01-26,7.7,7.7,7,7.0,1803000
DSE-2014,IFILISLMF1,2014-01-27,7.0,7.2,7,7.1,893000
DSE-2014,IFILISLMF1,2014-01-28,7.0,7.1,6.7,6.8,868500
DSE-2014,IFILISLMF1,2014-01-29,6.8,7.2,6.8,7.1,463000
DSE-2014,IFILISLMF1,2014-01-30,7.2,7.4,7,7.2,1243500
DSE-2014,IFILISLMF1,2014-02-02,7.1,7.2,6.9,7.0,670000
DSE-2014,IFILISLMF1,2014-03-02,6.8,7.1,6.8,7.0,659000
DSE-2014,IFILISLMF1,2014-04-02,7.1,7.2,6.9,6.9,1254000
DSE-2014,IFILISLMF1,2014-05-02,6.9,7.1,6.9,6.9,488500
DSE-2014,IFILISLMF1,2014-06-02,7.0,7.0,6.9,6.9,884000
DSE-2014,IFILISLMF1,2014-09-02,7.0,7.1,6.9,6.9,593500
DSE-2014,IFILISLMF1,2014-10-02,7.0,7.0,6.9,6.9,330500
DSE-2014,IFILISLMF1,2014-11-02,6.8,7.0,6.8,6.9,483500
DSE-2014,IFILISLMF1,2014-12-02,7.0,7.0,6.9,6.9,457000
DSE-2014,IFILISLMF1,2014-02-13,6.8,7.0,6.8,6.9,248000
DSE-2014,IFILISLMF1,2014-02-16,6.9,7.0,6.8,6.8,390500
DSE-2014,IFILISLMF1,2014-02-17,6.9,6.9,6.8,6.8,216000
DSE-2014,IFILISLMF1,2014-02-18,6.8,6.9,6.7,6.7,592000
DSE-2014,IFILISLMF1,2014-02-19,6.8,7.0,6.8,6.9,550000
DSE-2014,IFILISLMF1,2014-02-20,7.0,7.0,6.8,6.8,418000
DSE-2014,IFILISLMF1,2014-02-23,6.9,6.9,6.8,6.8,453500
DSE-2014,IFILISLMF1,2014-02-24,6.9,6.9,6.8,6.8,294000
DSE-2014,IFILISLMF1,2014-02-25,6.8,6.9,6.8,6.8,415500
DSE-2014,IFILISLMF1,2014-02-26,6.8,6.9,6.8,6.8,365500
DSE-2014,IFILISLMF1,2014-02-27,6.8,7.0,6.8,6.9,570500
DSE-2014,IFILISLMF1,2014-02-03,6.9,6.9,6.8,6.9,337500
DSE-2014,IFILISLMF1,2014-03-03,6.8,7.0,6.8,6.9,269500
DSE-2014,IFILISLMF1,2014-04-03,6.8,7.0,6.8,6.9,181500
DSE-2014,IFILISLMF1,2014-05-03,6.9,6.9,6.8,6.8,569000
DSE-2014,IFILISLMF1,2014-06-03,6.9,7.0,6.8,6.8,400000
DSE-2014,IFILISLMF1,2014-09-03,6.9,6.9,6.7,6.7,552000
DSE-2014,IFILISLMF1,2014-10-03,6.8,7.0,6.8,6.9,709000
DSE-2014,IFILISLMF1,2014-11-03,6.9,6.9,6.8,6.8,254000
DSE-2014,IFILISLMF1,2014-12-03,6.8,6.9,6.8,6.8,460500
DSE-2014,IFILISLMF1,2014-03-13,6.8,6.9,6.8,6.8,349500
DSE-2014,IFILISLMF1,2014-03-16,6.8,6.9,6.8,6.8,225500
DSE-2014,IFILISLMF1,2014-03-18,6.8,6.8,6.7,6.7,169000
DSE-2014,IFILISLMF1,2014-03-19,6.7,6.8,6.7,6.7,68500
DSE-2014,IFILISLMF1,2014-03-20,6.6,6.8,6.6,6.7,126000
DSE-2014,IFILISLMF1,2014-03-23,6.7,6.8,6.6,6.7,51500
DSE-2014,IFILISLMF1,2014-03-24,6.6,6.8,6.6,6.6,185500
DSE-2014,IFILISLMF1,2014-03-25,6.6,6.7,6.6,6.6,65500
DSE-2014,IFILISLMF1,2014-03-27,6.6,6.8,6.6,6.7,275500
DSE-2014,IFILISLMF1,2014-03-30,6.8,6.8,6.6,6.6,104000
DSE-2014,IFILISLMF1,2014-03-31,6.6,6.8,6.6,6.7,53000
DSE-2014,IFILISLMF1,2014-01-04,6.7,6.8,6.7,6.7,123000
DSE-2014,IFILISLMF1,2014-02-04,6.8,6.8,6.7,6.7,88000
DSE-2014,IFILISLMF1,2014-03-04,6.7,6.9,6.7,6.8,159500
DSE-2014,IFILISLMF1,2014-06-04,6.8,6.9,6.8,6.8,111000
DSE-2014,IFILISLMF1,2014-07-04,6.7,6.9,6.7,6.7,163000
DSE-2014,IFILISLMF1,2014-08-04,6.8,6.9,6.7,6.8,258500
DSE-2014,IFILISLMF1,2014-09-04,6.8,7.0,6.8,6.9,184000
DSE-2014,IFILISLMF1,2014-10-04,6.9,6.9,6.9,6.9,40000
DSE-2014,IFILISLMF1,2014-04-13,6.9,7.1,6.9,7.0,157000
DSE-2014,IFILISLMF1,2014-04-15,7.1,7.1,7,7.0,243500
DSE-2014,IFILISLMF1,2014-04-16,7.0,7.1,6.9,6.9,277000
DSE-2014,IFILISLMF1,2014-04-17,6.9,7.1,6.9,7.0,248500
DSE-2014,IFILISLMF1,2014-04-20,6.9,7.1,6.9,7.0,150500
DSE-2014,IFILISLMF1,2014-04-21,7.0,7.1,6.9,7.0,346500
DSE-2014,IFILISLMF1,2014-04-22,7.1,7.2,7.1,7.1,294000
DSE-2014,IFILISLMF1,2014-04-23,7.1,7.3,7,7.2,326000
DSE-2014,IFILISLMF1,2014-04-24,7.2,7.3,7.2,7.2,185500
DSE-2014,IFILISLMF1,2014-04-27,7.2,7.3,6.8,6.9,1009000
DSE-2014,IFILISLMF1,2014-04-28,6.9,7.4,6.9,7.2,429000
DSE-2014,IFILISLMF1,2014-04-29,7.1,7.4,7,7.0,499500
DSE-2014,IFILISLMF1,2014-04-30,7.0,7.2,7,7.0,251500
DSE-2014,IFILISLMF1,2014-04-05,6.9,7.1,6.9,6.9,397000
DSE-2014,IFILISLMF1,2014-05-05,7.0,7.0,6.9,6.9,319000
DSE-2014,IFILISLMF1,2014-06-05,6.9,7.1,6.9,7.1,139000
DSE-2014,IFILISLMF1,2014-07-05,7.1,7.3,7,7.1,431500
DSE-2014,IFILISLMF1,2014-08-05,7.2,7.2,7,7.1,284000
DSE-2014,IFILISLMF1,2014-11-05,7.1,7.2,7,7.0,72500
DSE-2014,IFILISLMF1,2014-12-05,7.0,7.2,7,7.1,390500
DSE-2014,IFILISLMF1,2014-05-14,7.0,7.2,7,7.1,109000
DSE-2014,IFILISLMF1,2014-05-15,7.0,7.1,6.9,6.9,259000
DSE-2014,IFILISLMF1,2014-05-18,7.0,7.0,6.9,6.9,177500
DSE-2014,IFILISLMF1,2014-05-19,6.9,6.9,6.8,6.8,77500
DSE-2014,IFILISLMF1,2014-05-20,6.8,6.8,6.7,6.7,417000
DSE-2014,IFILISLMF1,2014-05-21,6.8,6.9,6.8,6.8,78000
DSE-2014,IFILISLMF1,2014-05-22,6.8,6.9,6.8,6.8,396500
DSE-2014,IFILISLMF1,2014-05-25,6.8,6.8,6.8,6.8,60000
DSE-2014,IFILISLMF1,2014-05-26,6.8,6.9,6.7,6.7,1073500
DSE-2014,IFILISLMF1,2014-05-27,6.7,6.8,6.6,6.6,276500
DSE-2014,IFILISLMF1,2014-05-28,6.8,6.8,6.7,6.7,220000
DSE-2014,IFILISLMF1,2014-05-29,6.8,6.9,6.7,6.8,127500
DSE-2014,IFILISLMF1,2014-01-06,6.8,6.9,6.7,6.7,93000
DSE-2014,IFILISLMF1,2014-02-06,6.7,6.8,6.7,6.7,208500
DSE-2014,IFILISLMF1,2014-03-06,6.7,6.8,6.6,6.6,608000
DSE-2014,IFILISLMF1,2014-04-06,6.5,6.6,6.5,6.5,148000
DSE-2014,IFILISLMF1,2014-05-06,6.6,6.7,6.5,6.6,53500
DSE-2014,IFILISLMF1,2014-08-06,6.5,6.5,6.4,6.4,283000
DSE-2014,IFILISLMF1,2014-09-06,6.4,6.5,6.4,6.4,251500
DSE-2014,IFILISLMF1,2014-10-06,6.5,6.6,6.4,6.5,76000
DSE-2014,IFILISLMF1,2014-11-06,6.6,6.7,6.5,6.6,56500
DSE-2014,IFILISLMF1,2014-12-06,6.6,6.9,6.6,6.8,266000
DSE-2014,IFILISLMF1,2014-06-15,6.7,6.7,6.7,6.7,41000
DSE-2014,IFILISLMF1,2014-06-16,6.7,6.7,6.6,6.6,36000
DSE-2014,IFILISLMF1,2014-06-17,6.6,6.7,6.5,6.5,82000
DSE-2014,IFILISLMF1,2014-06-18,6.6,6.6,6.5,6.5,133000
DSE-2014,IFILISLMF1,2014-06-19,6.6,6.7,6.5,6.6,141500
DSE-2014,IFILISLMF1,2014-06-22,6.6,6.7,6.6,6.6,56500
DSE-2014,IFILISLMF1,2014-06-23,6.6,6.7,6.6,6.6,363500
DSE-2014,IFILISLMF1,2014-06-24,6.6,6.7,6.6,6.6,138000
DSE-2014,IFILISLMF1,2014-06-25,6.6,6.7,6.6,6.7,388000
DSE-2014,IFILISLMF1,2014-06-26,6.7,6.8,6.6,6.6,95000
DSE-2014,IFILISLMF1,2014-06-29,6.6,6.9,6.6,6.8,391000
DSE-2014,IFILISLMF1,2014-06-30,6.9,6.9,6.7,6.7,200000
DSE-2014,IFILISLMF1,2014-02-07,6.7,6.8,6.6,6.6,124000
DSE-2014,IFILISLMF1,2014-03-07,6.6,6.8,6.6,6.7,86000
DSE-2014,IFILISLMF1,2014-06-07,6.6,6.8,6.6,6.6,52500
DSE-2014,IFILISLMF1,2014-07-07,6.8,6.9,6.7,6.9,668500
DSE-2014,IFILISLMF1,2014-08-07,6.7,6.9,6.7,6.8,51500
DSE-2014,IFILISLMF1,2014-09-07,6.7,6.9,6.7,6.8,87500
DSE-2014,IFILISLMF1,2014-10-07,6.8,6.9,6.7,6.7,92000
DSE-2014,IFILISLMF1,2014-07-13,6.8,6.8,6.6,6.7,145500
DSE-2014,IFILISLMF1,2014-07-14,6.7,6.8,6.7,6.7,62500
DSE-2014,IFILISLMF1,2014-07-15,6.7,6.8,6.6,6.7,163000
DSE-2014,IFILISLMF1,2014-07-16,6.7,6.9,6.7,6.8,340500
DSE-2014,IFILISLMF1,2014-07-17,6.8,7.1,6.7,6.9,337500
DSE-2014,IFILISLMF1,2014-07-20,6.9,7.0,6.9,6.9,183500
DSE-2014,IFILISLMF1,2014-07-21,6.9,7.1,6.9,6.9,191000
DSE-2014,IFILISLMF1,2014-07-22,6.9,7.0,6.9,6.9,203000
DSE-2014,IFILISLMF1,2014-07-23,7.0,7.1,6.9,7.0,269500
DSE-2014,IFILISLMF1,2014-07-24,7.0,7.0,6.9,6.9,69500
DSE-2014,IFILISLMF1,2014-03-08,6.9,7.1,6.7,6.8,308000
DSE-2014,IFILISLMF1,2014-04-08,6.8,6.9,6.8,6.8,183000
DSE-2014,IFILISLMF1,2014-05-08,6.9,6.9,6.7,6.7,346500
DSE-2014,IFILISLMF1,2014-06-08,6.9,7.3,6.8,7.2,1254500
DSE-2014,IFILISLMF1,2014-07-08,7.3,7.4,6.9,6.9,380500
DSE-2014,IFILISLMF1,2014-10-08,7.9,8.0,7.3,7.3,4025000
DSE-2014,IFILISLMF1,2014-11-08,7.6,7.6,7.3,7.3,1722000
DSE-2014,IFILISLMF1,2014-12-08,7.3,7.7,7.2,7.4,3180000
DSE-2014,IFILISLMF1,2014-08-13,7.7,7.7,7.3,7.3,970500
DSE-2014,IFILISLMF1,2014-08-14,7.4,7.5,7.3,7.3,1001000
DSE-2014,IFILISLMF1,2014-08-18,7.3,7.4,7.1,7.1,1314000
DSE-2014,IFILISLMF1,2014-08-19,7.2,7.3,7,7.0,1709000
DSE-2014,IFILISLMF1,2014-08-21,6.3,6.3,6.3,6.3,295500
DSE-2014,IFILISLMF1,2014-08-24,5.8,5.8,5.7,5.7,1583500
DSE-2014,IFILISLMF1,2014-08-25,5.7,5.8,5.2,5.3,779000
DSE-2014,IFILISLMF1,2014-08-26,5.4,5.5,5.3,5.4,578000
DSE-2014,IFILISLMF1,2014-08-27,5.5,5.5,5.3,5.3,640500
DSE-2014,IFILISLMF1,2014-08-28,5.3,5.3,5.2,5.2,377000
DSE-2014,IFILISLMF1,2014-08-31,5.2,5.3,5.2,5.2,210000
DSE-2014,IFILISLMF1,2014-01-09,5.2,5.3,5.1,5.1,260500
DSE-2014,IFILISLMF1,2014-02-09,5.2,5.2,5.1,5.1,465500
DSE-2014,IFILISLMF1,2014-03-09,5.2,5.3,5.1,5.1,315000
DSE-2014,IFILISLMF1,2014-04-09,5.2,5.4,5.2,5.3,561500
DSE-2014,IFILISLMF1,2014-07-09,5.4,5.4,5.2,5.2,138500
DSE-2014,IFILISLMF1,2014-08-09,5.2,5.4,5.2,5.3,362500
DSE-2014,IFILISLMF1,2014-09-09,5.4,5.4,5.2,5.2,236000
DSE-2014,IFILISLMF1,2014-10-09,5.2,5.3,5.2,5.2,352500
DSE-2014,IFILISLMF1,2014-11-09,5.2,5.3,5.1,5.2,242500
DSE-2014,IFILISLMF1,2014-09-14,5.2,5.3,5.1,5.1,391000
DSE-2014,IFILISLMF1,2014-09-15,5.2,5.3,5.1,5.1,305000
DSE-2014,IFILISLMF1,2014-09-16,5.1,5.2,5,5.0,456500
DSE-2014,IFILISLMF1,2014-09-17,5.2,5.2,5,5.0,395000
DSE-2014,IFILISLMF1,2014-09-18,5.1,5.3,5,5.2,633500
DSE-2014,IFILISLMF1,2014-09-21,5.2,5.3,5.1,5.2,835500
DSE-2014,IFILISLMF1,2014-09-22,5.1,5.3,5.1,5.2,373500
DSE-2014,IFILISLMF1,2014-09-23,5.2,5.4,5.2,5.3,512500
DSE-2014,IFILISLMF1,2014-09-24,5.5,5.5,5.3,5.3,330000
DSE-2014,IFILISLMF1,2014-09-25,5.4,5.4,5.2,5.2,386500
DSE-2014,IFILISLMF1,2014-09-28,5.3,5.4,5.2,5.2,500500
DSE-2014,IFILISLMF1,2014-09-29,5.2,5.4,5.2,5.2,224500
DSE-2014,IFILISLMF1,2014-09-30,5.4,5.4,5.2,5.2,187500
DSE-2014,IFILISLMF1,2014-01-10,5.3,5.5,5.3,5.4,316500
DSE-2014,IFILISLMF1,2014-02-10,5.4,5.5,5.4,5.4,152000
DSE-2014,IFILISLMF1,2014-12-10,5.5,5.9,5.5,5.9,445500
DSE-2014,IFILISLMF1,2014-10-13,6.2,6.2,5.9,6.0,601000
DSE-2014,IFILISLMF1,2014-10-14,6.0,6.1,5.9,6.0,514000
DSE-2014,IFILISLMF1,2014-10-15,6.0,6.5,6,6.4,1340500
DSE-2014,IFILISLMF1,2014-10-16,6.6,6.8,6.2,6.2,642000
DSE-2014,IFILISLMF1,2014-10-19,6.2,6.4,6.2,6.2,1057500
DSE-2014,IFILISLMF1,2014-10-20,6.2,6.2,6.1,6.1,578000
DSE-2014,IFILISLMF1,2014-10-21,6.2,6.2,6,6.0,490500
DSE-2014,IFILISLMF1,2014-10-22,6.1,6.1,5.9,5.9,401000
DSE-2014,IFILISLMF1,2014-10-23,5.9,6.1,5.8,5.9,273000
DSE-2014,IFILISLMF1,2014-10-26,5.9,6.0,5.7,5.7,406000
DSE-2014,IFILISLMF1,2014-10-27,5.8,6.0,5.8,5.9,85500
DSE-2014,IFILISLMF1,2014-10-28,5.8,6.0,5.8,5.9,44500
DSE-2014,IFILISLMF1,2014-10-29,5.8,5.9,5.8,5.8,69500
DSE-2014,IFILISLMF1,2014-10-30,5.9,5.9,5.8,5.8,157000
DSE-2014,IFILISLMF1,2014-02-11,5.8,5.8,5.7,5.7,124000
DSE-2014,IFILISLMF1,2014-03-11,5.7,5.9,5.7,5.7,173500
DSE-2014,IFILISLMF1,2014-05-11,5.7,5.8,5.6,5.6,133000
DSE-2014,IFILISLMF1,2014-06-11,5.7,5.8,5.6,5.6,182000
DSE-2014,IFILISLMF1,2014-09-11,5.6,5.8,5.6,5.6,68500
DSE-2014,IFILISLMF1,2014-10-11,5.6,5.8,5.6,5.6,63000
DSE-2014,IFILISLMF1,2014-11-11,5.7,5.7,5.6,5.6,100500
DSE-2014,IFILISLMF1,2014-12-11,5.6,5.7,5.5,5.6,102000
DSE-2014,IFILISLMF1,2014-11-13,5.6,5.8,5.6,5.6,97500
DSE-2014,IFILISLMF1,2014-11-16,5.6,5.7,5.6,5.6,213500
DSE-2014,IFILISLMF1,2014-11-17,5.6,5.7,5.5,5.5,158000
DSE-2014,IFILISLMF1,2014-11-18,5.6,5.6,5.5,5.5,70000
DSE-2014,IFILISLMF1,2014-11-19,5.5,5.7,5.5,5.5,126500
DSE-2014,IFILISLMF1,2014-11-20,5.6,5.7,5.5,5.5,46500
DSE-2014,IFILISLMF1,2014-11-23,5.5,5.6,5.5,5.5,116000
DSE-2014,IFILISLMF1,2014-11-24,5.5,5.5,5.4,5.4,118000
DSE-2014,IFILISLMF1,2014-11-25,5.5,5.6,5.4,5.5,110500
DSE-2014,IFILISLMF1,2014-11-26,5.4,5.6,5.4,5.4,75000
DSE-2014,IFILISLMF1,2014-11-27,5.5,5.6,5.5,5.5,39500
DSE-2014,IFILISLMF1,2014-11-30,5.5,5.5,5.4,5.4,39500
DSE-2014,IFILISLMF1,2014-01-12,5.4,5.6,5.4,5.5,131500
DSE-2014,IFILISLMF1,2014-02-12,5.4,5.6,5.4,5.5,47500
DSE-2014,IFILISLMF1,2014-03-12,5.5,5.6,5.5,5.5,112500
DSE-2014,IFILISLMF1,2014-04-12,5.6,5.6,5.5,5.5,79500
DSE-2014,IFILISLMF1,2014-07-12,5.4,5.6,5.4,5.4,69500
DSE-2014,IFILISLMF1,2014-08-12,5.4,5.5,5.4,5.4,83000
DSE-2014,IFILISLMF1,2014-09-12,5.5,5.5,5.4,5.4,233000
DSE-2014,IFILISLMF1,2014-10-12,5.4,5.5,5.4,5.4,34000
DSE-2014,IFILISLMF1,2014-11-12,5.4,5.5,5.4,5.5,11746
DSE-2014,IFILISLMF1,2014-12-14,5.4,5.5,5.4,5.5,32000
DSE-2014,IFILISLMF1,2014-12-15,5.5,5.6,5.4,5.4,15546
DSE-2014,IFILISLMF1,2014-12-17,5.4,5.5,5.3,5.4,135000
DSE-2014,IFILISLMF1,2014-12-18,5.4,5.5,5.4,5.4,48770
DSE-2014,IFILISLMF1,2014-12-21,5.4,5.6,5.4,5.5,40500
DSE-2014,IFILISLMF1,2014-12-22,5.6,5.6,5.3,5.4,95711
DSE-2014,IFILISLMF1,2014-12-23,5.4,5.5,5.3,5.3,65803
DSE-2014,IFILISLMF1,2014-12-24,5.3,5.5,5.3,5.5,167060
DSE-2014,IFILISLMF1,2014-12-28,5.3,5.5,5.3,5.5,53295
DSE-2014,IFILISLMF1,2014-12-29,5.4,5.5,5.4,5.4,126831
DSE-2014,IFILISLMF1,2014-12-30,5.4,5.7,5.4,5.7,171084
DSE-2014,PHPMF1,2014-01-01,5.7,5.7,5.5,5.5,221000
DSE-2014,PHPMF1,2014-02-01,5.7,5.7,5.5,5.5,260000
DSE-2014,PHPMF1,2014-06-01,5.7,5.7,5.4,5.4,460500
DSE-2014,PHPMF1,2014-07-01,5.7,5.7,5.4,5.5,473500
DSE-2014,PHPMF1,2014-08-01,5.6,5.7,5.5,5.5,803000
DSE-2014,PHPMF1,2014-09-01,5.5,5.7,5.5,5.5,392500
DSE-2014,PHPMF1,2014-12-01,5.6,5.7,5.6,5.6,606500
DSE-2014,PHPMF1,2014-01-13,5.6,5.7,5.6,5.6,327500
DSE-2014,PHPMF1,2014-01-15,5.7,5.8,5.6,5.7,571000
DSE-2014,PHPMF1,2014-01-16,5.7,5.8,5.7,5.7,202000
DSE-2014,PHPMF1,2014-01-19,5.8,5.9,5.7,5.8,1313500
DSE-2014,PHPMF1,2014-01-20,5.8,6.0,5.8,5.8,1204000
DSE-2014,PHPMF1,2014-01-21,5.9,6.0,5.8,5.9,727500
DSE-2014,PHPMF1,2014-01-22,6.0,6.2,5.9,6.1,2052000
DSE-2014,PHPMF1,2014-01-23,6.2,6.6,6.1,6.5,3196000
DSE-2014,PHPMF1,2014-01-26,6.6,6.8,6.5,6.5,2426500
DSE-2014,PHPMF1,2014-01-27,6.6,6.7,6.4,6.5,2227000
DSE-2014,PHPMF1,2014-01-28,6.5,6.6,6.4,6.4,2669500
DSE-2014,PHPMF1,2014-01-29,6.4,6.6,6.4,6.5,1150000
DSE-2014,PHPMF1,2014-01-30,6.5,6.6,6.4,6.4,1137000
DSE-2014,PHPMF1,2014-02-02,6.4,6.5,6.3,6.3,1058000
DSE-2014,PHPMF1,2014-03-02,6.4,6.5,6.2,6.4,1156000
DSE-2014,PHPMF1,2014-04-02,6.4,6.7,6.4,6.6,1732000
DSE-2014,PHPMF1,2014-05-02,6.6,6.7,6.5,6.5,733000
DSE-2014,PHPMF1,2014-06-02,6.6,6.6,6.5,6.5,606500
DSE-2014,PHPMF1,2014-09-02,6.5,6.6,6.4,6.5,1271500
DSE-2014,PHPMF1,2014-10-02,6.4,6.5,6.3,6.3,1209000
DSE-2014,PHPMF1,2014-11-02,6.3,6.5,6.3,6.3,405000
DSE-2014,PHPMF1,2014-12-02,6.3,6.4,6.3,6.3,409500
DSE-2014,PHPMF1,2014-02-13,6.5,6.5,6.2,6.2,722000
DSE-2014,PHPMF1,2014-02-16,6.3,6.4,6.2,6.3,375000
DSE-2014,PHPMF1,2014-02-17,6.4,6.4,6.3,6.3,597500
DSE-2014,PHPMF1,2014-02-18,6.3,6.4,6.3,6.3,342000
DSE-2014,PHPMF1,2014-02-19,6.3,6.6,6.3,6.5,2004500
DSE-2014,PHPMF1,2014-02-20,6.5,6.7,6.4,6.5,1122000
DSE-2014,PHPMF1,2014-02-23,6.4,6.6,6.4,6.4,731500
DSE-2014,PHPMF1,2014-02-24,6.4,6.5,6.4,6.4,458000
DSE-2014,PHPMF1,2014-02-25,6.4,6.5,6.4,6.4,575500
DSE-2014,PHPMF1,2014-02-26,6.4,6.5,6.4,6.4,273000
DSE-2014,PHPMF1,2014-02-27,6.4,6.5,6.4,6.4,305000
DSE-2014,PHPMF1,2014-02-03,6.5,6.5,6.3,6.3,559500
DSE-2014,PHPMF1,2014-03-03,6.4,6.5,6.3,6.4,384000
DSE-2014,PHPMF1,2014-04-03,6.4,6.5,6.4,6.4,1274000
DSE-2014,PHPMF1,2014-05-03,6.4,6.5,6.3,6.3,1057500
DSE-2014,PHPMF1,2014-06-03,6.3,6.4,6.3,6.3,161000
DSE-2014,PHPMF1,2014-09-03,6.4,6.4,6.3,6.3,106000
DSE-2014,PHPMF1,2014-10-03,6.3,6.4,6.3,6.3,437000
DSE-2014,PHPMF1,2014-11-03,6.3,6.3,6.1,6.2,209000
DSE-2014,PHPMF1,2014-12-03,6.2,6.3,6.2,6.2,303500
DSE-2014,PHPMF1,2014-03-13,6.2,6.3,6.1,6.2,408000
DSE-2014,PHPMF1,2014-03-16,6.1,6.3,6.1,6.1,272000
DSE-2014,PHPMF1,2014-03-18,6.1,6.2,6.1,6.1,144000
DSE-2014,PHPMF1,2014-03-19,6.0,6.1,5.9,6.0,619000
DSE-2014,PHPMF1,2014-03-20,5.8,6.1,5.8,6.0,140500
DSE-2014,PHPMF1,2014-03-23,6.0,6.1,6,6.0,135000
DSE-2014,PHPMF1,2014-03-24,6.0,6.1,5.9,5.9,218000
DSE-2014,PHPMF1,2014-03-25,5.9,6.0,5.9,5.9,111500
DSE-2014,PHPMF1,2014-03-27,5.9,6.0,5.8,5.9,297000
DSE-2014,PHPMF1,2014-03-30,5.8,6.0,5.8,5.8,191000
DSE-2014,PHPMF1,2014-03-31,5.8,5.9,5.8,5.8,133000
DSE-2014,PHPMF1,2014-01-04,5.8,6.0,5.8,5.9,144000
DSE-2014,PHPMF1,2014-02-04,5.8,6.1,5.8,6.0,172500
DSE-2014,PHPMF1,2014-03-04,6.0,6.1,5.9,5.9,189500
DSE-2014,PHPMF1,2014-06-04,5.9,6.0,5.9,5.9,304500
DSE-2014,PHPMF1,2014-07-04,5.9,6.0,5.8,5.8,499000
DSE-2014,PHPMF1,2014-08-04,5.8,6.1,5.8,5.8,408000
DSE-2014,PHPMF1,2014-09-04,5.8,6.0,5.8,5.9,134500
DSE-2014,PHPMF1,2014-10-04,5.9,6.0,5.9,5.9,428500
DSE-2014,PHPMF1,2014-04-13,5.9,6.0,5.9,5.9,246500
DSE-2014,PHPMF1,2014-04-15,5.9,6.0,5.9,5.9,475000
DSE-2014,PHPMF1,2014-04-16,5.9,6.0,5.8,5.8,412500
DSE-2014,PHPMF1,2014-04-17,5.9,5.9,5.8,5.8,226500
DSE-2014,PHPMF1,2014-04-20,5.9,6.0,5.9,5.9,141500
DSE-2014,PHPMF1,2014-04-21,5.9,6.1,5.9,6.0,282500
DSE-2014,PHPMF1,2014-04-22,6.1,6.3,6,6.2,574500
DSE-2014,PHPMF1,2014-04-23,6.4,6.7,6.2,6.3,1154500
DSE-2014,PHPMF1,2014-04-24,6.4,6.5,6.3,6.4,816500
DSE-2014,PHPMF1,2014-04-27,6.4,6.4,6.3,6.3,455000
DSE-2014,PHPMF1,2014-04-28,6.2,6.5,6.2,6.3,486500
DSE-2014,PHPMF1,2014-04-29,6.3,6.4,6.2,6.2,468500
DSE-2014,PHPMF1,2014-04-30,6.3,6.4,6.2,6.2,235000
DSE-2014,PHPMF1,2014-04-05,6.2,6.3,6,6.0,853500
DSE-2014,PHPMF1,2014-05-05,6.0,6.1,6,6.0,135500
DSE-2014,PHPMF1,2014-06-05,6.1,6.1,6,6.0,115000
DSE-2014,PHPMF1,2014-07-05,6.0,6.2,6,6.1,177000
DSE-2014,PHPMF1,2014-08-05,6.1,6.2,6.1,6.1,495000
DSE-2014,PHPMF1,2014-11-05,6.1,6.2,6,6.1,472000
DSE-2014,PHPMF1,2014-12-05,6.1,6.2,6,6.1,179500
DSE-2014,PHPMF1,2014-05-14,6.0,6.1,6,6.0,148500
DSE-2014,PHPMF1,2014-05-15,6.0,6.1,5.9,5.9,388000
DSE-2014,PHPMF1,2014-05-18,5.9,6.0,5.8,5.8,490000
DSE-2014,PHPMF1,2014-05-19,5.9,6.0,5.9,5.9,730000
DSE-2014,PHPMF1,2014-05-20,5.9,6.0,5.8,5.9,245000
DSE-2014,PHPMF1,2014-05-21,6.0,6.0,5.9,5.9,141000
DSE-2014,PHPMF1,2014-05-22,6.0,6.0,5.8,5.8,506000
DSE-2014,PHPMF1,2014-05-25,5.8,5.9,5.8,5.8,100000
DSE-2014,PHPMF1,2014-05-26,5.7,5.9,5.7,5.8,76000
DSE-2014,PHPMF1,2014-05-27,5.8,5.9,5.8,5.9,419000
DSE-2014,PHPMF1,2014-05-28,5.8,5.8,5.8,5.8,166500
DSE-2014,PHPMF1,2014-05-29,5.8,5.9,5.8,5.8,33000
DSE-2014,PHPMF1,2014-01-06,5.7,5.8,5.7,5.7,276000
DSE-2014,PHPMF1,2014-02-06,5.7,5.8,5.6,5.6,365000
DSE-2014,PHPMF1,2014-03-06,5.6,5.7,5.6,5.6,133500
DSE-2014,PHPMF1,2014-04-06,5.6,5.6,5.5,5.5,359000
DSE-2014,PHPMF1,2014-05-06,5.6,5.6,5.4,5.5,336500
DSE-2014,PHPMF1,2014-08-06,5.5,5.6,5.4,5.5,364000
DSE-2014,PHPMF1,2014-09-06,5.5,5.6,5.5,5.6,289000
DSE-2014,PHPMF1,2014-10-06,5.6,5.7,5.6,5.6,210000
DSE-2014,PHPMF1,2014-11-06,5.6,5.7,5.6,5.6,252000
DSE-2014,PHPMF1,2014-12-06,5.6,5.8,5.6,5.7,568000
DSE-2014,PHPMF1,2014-06-15,5.7,5.8,5.7,5.7,90000
DSE-2014,PHPMF1,2014-06-16,5.7,5.7,5.6,5.6,160000
DSE-2014,PHPMF1,2014-06-17,5.5,5.6,5.4,5.5,169500
DSE-2014,PHPMF1,2014-06-18,5.5,5.6,5.5,5.5,66000
DSE-2014,PHPMF1,2014-06-19,5.5,5.6,5.5,5.5,81000
DSE-2014,PHPMF1,2014-06-22,5.5,5.7,5.5,5.6,345500
DSE-2014,PHPMF1,2014-06-23,5.5,5.7,5.5,5.5,170000
DSE-2014,PHPMF1,2014-06-24,5.5,5.6,5.5,5.5,186000
DSE-2014,PHPMF1,2014-06-25,5.5,5.7,5.5,5.6,314000
DSE-2014,PHPMF1,2014-06-26,5.6,5.7,5.6,5.6,112000
DSE-2014,PHPMF1,2014-06-29,5.6,5.8,5.6,5.7,200500
DSE-2014,PHPMF1,2014-06-30,5.7,5.8,5.7,5.7,164500
DSE-2014,PHPMF1,2014-02-07,5.7,5.7,5.6,5.6,176500
DSE-2014,PHPMF1,2014-03-07,5.6,5.7,5.5,5.6,327000
DSE-2014,PHPMF1,2014-06-07,5.7,5.7,5.5,5.5,68500
DSE-2014,PHPMF1,2014-07-07,5.5,5.6,5.5,5.5,183500
DSE-2014,PHPMF1,2014-08-07,5.5,5.6,5.4,5.4,308000
DSE-2014,PHPMF1,2014-09-07,5.5,5.6,5.5,5.5,64000
DSE-2014,PHPMF1,2014-10-07,5.5,5.5,5.5,5.5,55500
DSE-2014,PHPMF1,2014-07-13,5.5,5.6,5.5,5.5,78000
DSE-2014,PHPMF1,2014-07-14,5.5,5.6,5.5,5.5,38000
DSE-2014,PHPMF1,2014-07-15,5.5,5.6,5.4,5.4,117000
DSE-2014,PHPMF1,2014-07-16,5.4,5.5,5.4,5.4,40000
DSE-2014,PHPMF1,2014-07-17,5.4,5.5,5.4,5.4,215000
DSE-2014,PHPMF1,2014-07-20,5.5,5.6,5.5,5.5,27500
DSE-2014,PHPMF1,2014-07-21,5.5,5.6,5.5,5.5,89500
DSE-2014,PHPMF1,2014-07-22,5.5,5.6,5.5,5.5,76000
DSE-2014,PHPMF1,2014-07-23,5.5,5.6,5.3,5.4,254000
DSE-2014,PHPMF1,2014-07-24,5.4,5.5,5.4,5.4,45000
DSE-2014,PHPMF1,2014-03-08,5.4,5.5,5.3,5.4,377000
DSE-2014,PHPMF1,2014-04-08,5.3,5.5,5.3,5.3,230500
DSE-2014,PHPMF1,2014-05-08,5.4,5.5,5.3,5.3,279500
DSE-2014,PHPMF1,2014-06-08,5.3,5.5,5.3,5.3,142000
DSE-2014,PHPMF1,2014-07-08,5.4,5.4,5.3,5.3,93500
DSE-2014,PHPMF1,2014-10-08,5.4,5.5,5.3,5.3,329000
DSE-2014,PHPMF1,2014-11-08,5.4,5.4,5.2,5.3,444500
DSE-2014,PHPMF1,2014-12-08,5.3,5.5,5.3,5.4,339000
DSE-2014,PHPMF1,2014-08-13,5.5,5.5,5.4,5.4,236500
DSE-2014,PHPMF1,2014-08-14,5.4,5.5,5.3,5.3,212000
DSE-2014,PHPMF1,2014-08-18,5.8,5.8,5.4,5.5,1755500
DSE-2014,PHPMF1,2014-08-19,5.5,5.7,5.5,5.5,1059500
DSE-2014,PHPMF1,2014-08-20,5.5,5.6,5.4,5.4,470000
DSE-2014,PHPMF1,2014-08-21,5.5,5.5,5.3,5.3,696500
DSE-2014,PHPMF1,2014-08-24,5.3,5.5,5.3,5.3,448500
DSE-2014,PHPMF1,2014-08-25,5.3,5.4,5.2,5.3,520000
DSE-2014,PHPMF1,2014-08-26,5.3,5.4,5.3,5.3,906000
DSE-2014,PHPMF1,2014-08-27,5.5,5.5,5.3,5.3,285000
DSE-2014,PHPMF1,2014-08-28,5.4,5.4,5.2,5.2,487500
DSE-2014,PHPMF1,2014-08-31,5.4,5.4,5.2,5.2,437000
DSE-2014,PHPMF1,2014-02-09,4.7,4.9,4.6,4.8,814500
DSE-2014,PHPMF1,2014-03-09,4.7,4.9,4.7,4.8,871500
DSE-2014,PHPMF1,2014-04-09,4.9,5.0,4.8,4.8,423500
DSE-2014,PHPMF1,2014-07-09,5.0,5.0,4.8,4.8,365000
DSE-2014,PHPMF1,2014-08-09,4.9,4.9,4.8,4.8,783000
DSE-2014,PHPMF1,2014-09-09,4.8,4.9,4.7,4.7,344500
DSE-2014,PHPMF1,2014-10-09,4.8,4.8,4.7,4.7,62500
DSE-2014,PHPMF1,2014-11-09,4.7,4.8,4.7,4.7,670000
DSE-2014,PHPMF1,2014-09-14,4.7,4.8,4.5,4.6,598500
DSE-2014,PHPMF1,2014-09-15,4.8,4.8,4.5,4.5,594500
DSE-2014,PHPMF1,2014-09-16,4.6,4.7,4.5,4.5,530000
DSE-2014,PHPMF1,2014-09-17,4.6,4.7,4.5,4.5,485000
DSE-2014,PHPMF1,2014-09-18,4.6,4.8,4.6,4.7,430500
DSE-2014,PHPMF1,2014-09-21,4.7,4.8,4.7,4.7,841000
DSE-2014,PHPMF1,2014-09-22,4.8,4.9,4.7,4.8,403500
DSE-2014,PHPMF1,2014-09-23,4.8,5.0,4.8,4.9,783000
DSE-2014,PHPMF1,2014-09-24,5.0,5.1,5,5.0,626000
DSE-2014,PHPMF1,2014-09-25,5.0,5.1,4.8,4.8,496000
DSE-2014,PHPMF1,2014-09-28,4.8,4.9,4.7,4.8,544000
DSE-2014,PHPMF1,2014-09-29,4.8,4.8,4.7,4.7,161500
DSE-2014,PHPMF1,2014-09-30,4.7,4.9,4.7,4.7,289500
DSE-2014,PHPMF1,2014-01-10,4.8,4.9,4.8,4.8,155500
DSE-2014,PHPMF1,2014-02-10,4.8,5.1,4.8,4.9,579500
DSE-2014,PHPMF1,2014-12-10,5.0,5.3,5,5.3,1964000
DSE-2014,PHPMF1,2014-10-13,5.4,5.7,5.2,5.5,1091000
DSE-2014,PHPMF1,2014-10-14,5.7,5.7,5.3,5.3,760500
DSE-2014,PHPMF1,2014-10-15,5.4,5.7,5.4,5.4,1345000
DSE-2014,PHPMF1,2014-10-16,5.4,5.5,5.3,5.3,664000
DSE-2014,PHPMF1,2014-10-19,5.2,5.4,5.1,5.1,214500
DSE-2014,PHPMF1,2014-10-20,5.1,5.3,5,5.1,509500
DSE-2014,PHPMF1,2014-10-21,5.1,5.3,5.1,5.1,322000
DSE-2014,PHPMF1,2014-10-22,5.1,5.2,5,5.0,407500
DSE-2014,PHPMF1,2014-10-23,5.1,5.1,4.9,4.9,984000
DSE-2014,PHPMF1,2014-10-26,4.9,5.0,4.8,4.9,582500
DSE-2014,PHPMF1,2014-10-27,4.9,5.0,4.9,4.9,398500
DSE-2014,PHPMF1,2014-10-28,4.9,5.0,4.9,5.0,499000
DSE-2014,PHPMF1,2014-10-29,4.9,5.1,4.9,5.0,300000
DSE-2014,PHPMF1,2014-10-30,5.0,5.1,4.9,4.9,1094000
DSE-2014,PHPMF1,2014-02-11,4.9,5.1,4.9,4.9,807500
DSE-2014,PHPMF1,2014-03-11,5.0,5.0,4.9,4.9,104000
DSE-2014,PHPMF1,2014-05-11,4.9,5.0,4.9,4.9,266000
DSE-2014,PHPMF1,2014-06-11,5.0,5.0,4.8,4.8,477000
DSE-2014,PHPMF1,2014-09-11,4.8,4.9,4.8,4.8,191500
DSE-2014,PHPMF1,2014-10-11,4.8,4.9,4.8,4.8,98000
DSE-2014,PHPMF1,2014-11-11,4.8,4.9,4.8,4.8,185500
DSE-2014,PHPMF1,2014-12-11,4.8,4.9,4.8,4.8,476000
DSE-2014,PHPMF1,2014-11-13,4.8,4.9,4.8,4.8,61000
DSE-2014,PHPMF1,2014-11-16,4.8,4.9,4.8,4.8,281500
DSE-2014,PHPMF1,2014-11-17,4.8,4.8,4.7,4.7,324500
DSE-2014,PHPMF1,2014-11-18,4.7,4.8,4.7,4.7,230500
DSE-2014,PHPMF1,2014-11-19,4.7,4.9,4.7,4.8,228000
DSE-2014,PHPMF1,2014-11-20,4.8,4.8,4.7,4.7,228500
DSE-2014,PHPMF1,2014-11-23,4.7,4.8,4.6,4.6,130500
DSE-2014,PHPMF1,2014-11-24,4.6,4.7,4.5,4.5,316500
DSE-2014,PHPMF1,2014-11-25,4.6,4.7,4.5,4.5,142000
DSE-2014,PHPMF1,2014-11-26,4.5,4.7,4.5,4.6,30500
DSE-2014,PHPMF1,2014-11-27,4.5,4.7,4.5,4.6,63000
DSE-2014,PHPMF1,2014-11-30,4.6,4.6,4.5,4.5,172500
DSE-2014,PHPMF1,2014-01-12,4.5,4.6,4.5,4.5,94000
DSE-2014,PHPMF1,2014-02-12,4.5,4.6,4.5,4.5,99000
DSE-2014,PHPMF1,2014-03-12,4.6,4.6,4.5,4.5,287500
DSE-2014,PHPMF1,2014-04-12,4.6,4.7,4.5,4.6,260000
DSE-2014,PHPMF1,2014-07-12,4.7,4.8,4.5,4.6,379500
DSE-2014,PHPMF1,2014-08-12,4.6,4.7,4.6,4.6,227000
DSE-2014,PHPMF1,2014-09-12,4.6,4.7,4.6,4.6,169000
DSE-2014,PHPMF1,2014-10-12,4.7,4.8,4.6,4.6,177000
DSE-2014,PHPMF1,2014-11-12,4.6,4.7,4.6,4.6,30466
DSE-2014,PHPMF1,2014-12-14,4.6,4.7,4.6,4.6,84617
DSE-2014,PHPMF1,2014-12-15,4.6,4.7,4.5,4.6,252547
DSE-2014,PHPMF1,2014-12-17,4.6,4.7,4.5,4.7,214892
DSE-2014,PHPMF1,2014-12-18,4.6,4.7,4.6,4.7,42436
DSE-2014,PHPMF1,2014-12-21,4.6,4.7,4.6,4.7,138797
DSE-2014,PHPMF1,2014-12-22,4.6,4.7,4.5,4.6,78497
DSE-2014,PHPMF1,2014-12-23,4.6,4.7,4.5,4.6,170093
DSE-2014,PHPMF1,2014-12-24,4.5,4.7,4.5,4.6,97148
DSE-2014,PHPMF1,2014-12-28,4.5,4.6,4.5,4.5,370283
DSE-2014,PHPMF1,2014-12-29,4.5,4.6,4.5,4.5,55656
DSE-2014,PHPMF1,2014-12-30,4.5,4.8,4.5,4.7,324505
DSE-2015,1JANATAMF,2015-01-01,5.1,5.3,5.1,5.3,91470
DSE-2015,1JANATAMF,2015-05-01,5.1,5.2,5.1,5.1,26123
DSE-2015,1JANATAMF,2015-06-01,5.2,5.3,5.1,5.2,78987
DSE-2015,1JANATAMF,2015-07-01,5.1,5.2,5.1,5.2,98861
DSE-2015,1JANATAMF,2015-08-01,5.1,5.3,5.0,5.2,103256
DSE-2015,1JANATAMF,2015-11-01,5.1,5.2,5.1,5.2,64717
DSE-2015,1JANATAMF,2015-12-01,5.1,5.2,5.1,5.1,34650
DSE-2015,1JANATAMF,2015-01-13,5.1,5.2,5.1,5.1,86072
DSE-2015,1JANATAMF,2015-01-14,5.2,5.3,5.1,5.2,113400
DSE-2015,1JANATAMF,2015-01-15,5.1,5.3,5.1,5.2,284893
DSE-2015,1JANATAMF,2015-01-18,5.2,5.2,5.1,5.1,61432
DSE-2015,1JANATAMF,2015-01-19,5.1,5.3,5.1,5.2,242408
DSE-2015,1JANATAMF,2015-01-20,5.1,5.2,5.1,5.1,20924
DSE-2015,1JANATAMF,2015-01-21,5.1,5.2,5.1,5.1,73675
DSE-2015,1JANATAMF,2015-01-22,5.1,5.2,5.1,5.1,19805
DSE-2015,1JANATAMF,2015-01-25,5.1,5.1,5.0,5.0,22283
DSE-2015,1JANATAMF,2015-01-26,5.0,5.1,4.9,5.0,38128
DSE-2015,1JANATAMF,2015-01-27,5.0,5.1,5.0,5.1,142284
DSE-2015,1JANATAMF,2015-01-28,5.1,5.2,5.1,5.1,63154
DSE-2015,1JANATAMF,2015-01-29,5.1,5.1,5.0,5.1,32330
DSE-2015,1JANATAMF,2015-01-02,5.0,5.0,4.8,5.0,78515
DSE-2015,1JANATAMF,2015-02-02,4.9,5.0,4.9,5.0,112541
DSE-2015,1JANATAMF,2015-03-02,4.9,5.2,4.9,5.1,214820
DSE-2015,1JANATAMF,2015-04-02,5.1,5.2,5.0,5.1,148262
DSE-2015,1JANATAMF,2015-05-02,5.0,5.1,5.0,5.1,80424
DSE-2015,1JANATAMF,2015-08-02,5.0,5.1,5.0,5.0,142314
DSE-2015,1JANATAMF,2015-09-02,5.0,5.1,4.9,5.0,63800
DSE-2015,1JANATAMF,2015-10-02,5.0,5.1,5.0,5.0,69826
DSE-2015,1JANATAMF,2015-11-02,5.0,5.1,4.9,5.0,102914
DSE-2015,1JANATAMF,2015-12-02,5.0,5.1,4.9,5.0,59240
DSE-2015,1JANATAMF,2015-02-15,5.0,5.1,5.0,5.0,81620
DSE-2015,1JANATAMF,2015-02-16,5.0,5.1,5.0,5.0,83642
DSE-2015,1JANATAMF,2015-02-17,5.0,5.1,5.0,5.0,88870
DSE-2015,1JANATAMF,2015-02-18,5.0,5.1,5.0,5.0,132968
DSE-2015,1JANATAMF,2015-02-19,4.9,5.1,4.9,5.1,162044
DSE-2015,1JANATAMF,2015-02-22,5.0,5.0,4.9,5.0,68580
DSE-2015,1JANATAMF,2015-02-23,5.0,5.0,4.9,4.9,94050
DSE-2015,1JANATAMF,2015-02-24,4.9,5.0,4.9,5.0,109090
DSE-2015,1JANATAMF,2015-02-25,5.0,5.0,4.9,5.0,100346
DSE-2015,1JANATAMF,2015-02-26,4.9,5.0,4.9,5.0,38653
DSE-2015,1JANATAMF,2015-01-03,5.0,5.0,4.9,5.0,51957
DSE-2015,1JANATAMF,2015-02-03,4.9,5.0,4.9,5.0,95485
DSE-2015,1JANATAMF,2015-03-03,4.9,5.0,4.9,4.9,26163
DSE-2015,1JANATAMF,2015-04-03,5.0,5.0,4.9,5.0,145248
DSE-2015,1JANATAMF,2015-05-03,4.9,4.9,4.8,4.8,181417
DSE-2015,1JANATAMF,2015-08-03,4.8,4.9,4.8,4.9,7937
DSE-2015,1JANATAMF,2015-09-03,4.8,4.9,4.8,4.8,33055
DSE-2015,1JANATAMF,2015-10-03,4.8,4.9,4.8,4.8,70304
DSE-2015,1JANATAMF,2015-11-03,4.8,4.8,4.8,4.8,62504
DSE-2015,1JANATAMF,2015-12-03,4.6,4.8,4.6,4.7,49733
DSE-2015,1JANATAMF,2015-03-15,4.8,4.8,4.7,4.7,21679
DSE-2015,1JANATAMF,2015-03-16,4.6,4.8,4.6,4.7,6694
DSE-2015,1JANATAMF,2015-03-18,4.7,4.8,4.7,4.7,49955
DSE-2015,1JANATAMF,2015-03-19,4.6,4.9,4.6,4.8,47934
DSE-2015,1JANATAMF,2015-03-22,4.7,4.9,4.7,4.8,29755
DSE-2015,1JANATAMF,2015-03-23,4.8,4.9,4.6,4.6,236203
DSE-2015,1JANATAMF,2015-03-24,4.7,4.8,4.7,4.8,53221
DSE-2015,1JANATAMF,2015-03-25,4.7,4.7,4.6,4.6,34158
DSE-2015,1JANATAMF,2015-03-29,4.6,4.7,4.6,4.6,98489
DSE-2015,1JANATAMF,2015-03-30,4.6,4.7,4.5,4.6,141667
DSE-2015,1JANATAMF,2015-03-31,4.6,4.6,4.5,4.5,25273
DSE-2015,1JANATAMF,2015-01-04,4.5,4.6,4.5,4.6,46311
DSE-2015,1JANATAMF,2015-02-04,4.5,4.6,4.5,4.6,91511
DSE-2015,1JANATAMF,2015-05-04,4.6,4.6,4.3,4.5,37355
DSE-2015,1JANATAMF,2015-06-04,4.5,4.5,4.3,4.5,27386
DSE-2015,1JANATAMF,2015-07-04,4.3,4.4,4.3,4.3,83382
DSE-2015,1JANATAMF,2015-08-04,4.3,4.5,4.3,4.3,77769
DSE-2015,1JANATAMF,2015-09-04,4.3,4.3,4.1,4.1,283615
DSE-2015,1JANATAMF,2015-12-04,4.1,4.3,4.1,4.1,19511
DSE-2015,1JANATAMF,2015-04-13,4.0,4.2,4.0,4.1,32863
DSE-2015,1JANATAMF,2015-04-15,4.1,4.2,4.1,4.2,51600
DSE-2015,1JANATAMF,2015-04-16,4.2,4.3,4.1,4.1,52906
DSE-2015,1JANATAMF,2015-04-19,4.1,4.3,4.1,4.2,55101
DSE-2015,1JANATAMF,2015-04-20,4.1,4.2,4.1,4.1,35879
DSE-2015,1JANATAMF,2015-04-21,4.1,4.2,4.1,4.2,54166
DSE-2015,1JANATAMF,2015-04-22,4.1,4.3,4.1,4.1,58222
DSE-2015,1JANATAMF,2015-04-23,4.1,4.2,4.1,4.1,80119
DSE-2015,1JANATAMF,2015-04-26,4.2,4.2,4.1,4.2,30710
DSE-2015,1JANATAMF,2015-04-27,4.1,4.2,4.1,4.1,593554
DSE-2015,1JANATAMF,2015-04-29,4.2,4.2,4.1,4.1,37007
DSE-2015,1JANATAMF,2015-04-30,4.1,4.2,4.1,4.2,80682
DSE-2015,1JANATAMF,2015-04-05,4.1,4.1,4.0,4.1,38460
DSE-2015,1JANATAMF,2015-05-05,4.2,4.2,4.0,4.1,42812
DSE-2015,1JANATAMF,2015-06-05,4.0,4.1,4.0,4.1,28108
DSE-2015,1JANATAMF,2015-07-05,4.1,4.3,4.1,4.2,93995
DSE-2015,1JANATAMF,2015-10-05,4.3,4.6,4.2,4.6,386695
DSE-2015,1JANATAMF,2015-11-05,4.5,4.8,4.5,4.8,269914
DSE-2015,1JANATAMF,2015-12-05,4.9,5.2,4.9,5.0,584965
DSE-2015,1JANATAMF,2015-05-13,5.0,5.2,4.6,4.9,207865
DSE-2015,1JANATAMF,2015-05-14,4.9,4.9,4.6,4.7,147879
DSE-2015,1JANATAMF,2015-05-17,4.6,4.8,4.5,4.6,131944
DSE-2015,1JANATAMF,2015-05-18,4.5,4.8,4.5,4.8,80314
DSE-2015,1JANATAMF,2015-05-19,4.8,4.9,4.7,4.8,133941
DSE-2015,1JANATAMF,2015-05-20,4.7,4.9,4.7,4.8,121724
DSE-2015,1JANATAMF,2015-05-21,4.7,4.9,4.7,4.8,259899
DSE-2015,1JANATAMF,2015-05-24,4.7,4.9,4.7,4.8,15845
DSE-2015,1JANATAMF,2015-05-25,4.7,4.8,4.7,4.8,211499
DSE-2015,1JANATAMF,2015-05-26,4.8,5.0,4.8,4.9,430948
DSE-2015,1JANATAMF,2015-05-27,4.8,5.0,4.8,4.9,283485
DSE-2015,1JANATAMF,2015-05-28,4.9,4.9,4.7,4.7,402056
DSE-2015,1JANATAMF,2015-05-31,4.7,4.8,4.7,4.7,93270
DSE-2015,1JANATAMF,2015-01-06,4.7,4.8,4.7,4.8,470540
DSE-2015,1JANATAMF,2015-02-06,4.7,4.9,4.7,4.9,408494
DSE-2015,1JANATAMF,2015-04-06,4.9,4.9,4.7,4.7,54952
DSE-2015,1JANATAMF,2015-07-06,4.8,4.8,4.7,4.7,55117
DSE-2015,1JANATAMF,2015-08-06,4.7,4.8,4.7,4.7,137552
DSE-2015,1JANATAMF,2015-09-06,4.8,4.9,4.7,4.7,242076
DSE-2015,1JANATAMF,2015-10-06,4.8,4.9,4.7,4.8,364390
DSE-2015,1JANATAMF,2015-11-06,4.8,5.0,4.8,4.9,333593
DSE-2015,1JANATAMF,2015-06-14,4.9,4.9,4.8,4.8,146116
DSE-2015,1JANATAMF,2015-06-15,4.8,4.9,4.7,4.8,159330
DSE-2015,1JANATAMF,2015-06-16,4.8,4.9,4.7,4.7,35915
DSE-2015,1JANATAMF,2015-06-17,4.7,4.9,4.7,4.8,53105
DSE-2015,1JANATAMF,2015-06-18,4.7,4.9,4.7,4.8,93459
DSE-2015,1JANATAMF,2015-06-21,4.7,4.9,4.7,4.8,28959
DSE-2015,1JANATAMF,2015-06-22,4.7,4.9,4.7,4.7,91091
DSE-2015,1JANATAMF,2015-06-23,4.7,4.8,4.7,4.7,94462
DSE-2015,1JANATAMF,2015-06-24,4.7,4.8,4.7,4.7,62727
DSE-2015,1JANATAMF,2015-06-25,4.7,4.8,4.7,4.7,33744
DSE-2015,1JANATAMF,2015-06-28,4.8,4.8,4.7,4.7,333763
DSE-2015,1JANATAMF,2015-06-29,4.7,4.8,4.7,4.8,282954
DSE-2015,1JANATAMF,2015-06-30,4.7,4.8,4.7,4.8,295061
DSE-2015,1JANATAMF,2015-02-07,4.8,4.8,4.7,4.8,77892
DSE-2015,1JANATAMF,2015-05-07,4.7,4.9,4.7,4.9,189133
DSE-2015,1JANATAMF,2015-06-07,4.8,4.9,4.8,4.8,45529
DSE-2015,1JANATAMF,2015-07-07,4.8,4.9,4.8,4.9,53852
DSE-2015,1JANATAMF,2015-08-07,4.9,4.9,4.8,4.9,122276
DSE-2015,1JANATAMF,2015-09-07,4.8,4.9,4.8,4.9,82785
DSE-2015,1JANATAMF,2015-12-07,4.9,5.1,4.9,5.1,624715
DSE-2015,1JANATAMF,2015-07-13,5.1,5.2,5.0,5.1,693171
DSE-2015,1JANATAMF,2015-07-14,5.0,5.3,5.0,5.2,529626
DSE-2015,1JANATAMF,2015-07-21,5.2,5.3,5.1,5.1,124211
DSE-2015,1JANATAMF,2015-07-22,5.1,5.2,5.0,5.1,156422
DSE-2015,1JANATAMF,2015-07-23,5.0,5.1,5.0,5.1,209254
DSE-2015,1JANATAMF,2015-07-26,5.1,5.2,5.1,5.2,183419
DSE-2015,1JANATAMF,2015-07-27,5.2,5.3,5.1,5.2,216980
DSE-2015,1JANATAMF,2015-07-28,5.2,5.4,5.2,5.3,486410
DSE-2015,1JANATAMF,2015-07-29,5.3,5.5,5.2,5.4,1310802
DSE-2015,1JANATAMF,2015-07-30,5.3,5.5,5.3,5.4,391674
DSE-2015,1JANATAMF,2015-02-08,5.4,5.7,5.3,5.6,623507
DSE-2015,1JANATAMF,2015-03-08,5.6,5.7,5.5,5.6,414591
DSE-2015,1JANATAMF,2015-04-08,5.5,5.7,5.5,5.6,672774
DSE-2015,1JANATAMF,2015-05-08,5.6,5.6,5.4,5.5,311800
DSE-2015,1JANATAMF,2015-06-08,5.4,5.5,5.3,5.4,302051
DSE-2015,1JANATAMF,2015-09-08,5.5,5.5,5.2,5.3,170561
DSE-2015,1JANATAMF,2015-10-08,5.2,5.4,5.2,5.3,382690
DSE-2015,1JANATAMF,2015-11-08,5.2,5.3,5.1,5.2,326060
DSE-2015,1JANATAMF,2015-12-08,5.2,5.4,5.2,5.3,147959
DSE-2015,1JANATAMF,2015-08-13,5.3,5.4,5.3,5.3,154954
DSE-2015,1JANATAMF,2015-08-16,5.5,5.5,5.1,5.1,780893
DSE-2015,1JANATAMF,2015-08-17,5.2,5.2,4.9,5.0,785091
DSE-2015,1JANATAMF,2015-08-18,5.0,5.0,4.9,4.9,557025
DSE-2015,1JANATAMF,2015-08-19,4.9,5.0,4.8,4.9,253721
DSE-2015,1JANATAMF,2015-08-20,4.9,5.0,4.8,4.9,217741
DSE-2015,1JANATAMF,2015-08-23,4.8,5.0,4.8,4.9,134321
DSE-2015,1JANATAMF,2015-08-24,4.9,5.0,4.9,4.9,169710
DSE-2015,1JANATAMF,2015-08-25,5.0,5.0,4.9,4.9,225964
DSE-2015,1JANATAMF,2015-08-26,4.8,5.0,4.8,4.9,72982
DSE-2015,1JANATAMF,2015-08-27,5.0,5.0,4.9,5.0,224723
DSE-2015,1JANATAMF,2015-08-30,5.0,5.1,4.9,5.0,236770
DSE-2015,1JANATAMF,2015-08-31,5.0,5.0,4.9,5.0,157729
DSE-2015,1JANATAMF,2015-01-09,5.0,5.0,4.9,4.9,132161
DSE-2015,1JANATAMF,2015-02-09,4.9,5.0,4.9,4.9,199972
DSE-2015,1JANATAMF,2015-06-09,4.1,4.5,4.1,4.5,400873
DSE-2015,1JANATAMF,2015-07-09,4.4,4.6,4.4,4.5,298410
DSE-2015,1JANATAMF,2015-08-09,4.6,4.7,4.5,4.6,799912
DSE-2015,1JANATAMF,2015-09-09,4.6,4.8,4.6,4.6,140672
DSE-2015,1JANATAMF,2015-10-09,4.6,4.7,4.5,4.5,205425
DSE-2015,1JANATAMF,2015-09-13,4.5,4.6,4.5,4.5,47198
DSE-2015,1JANATAMF,2015-09-14,4.5,4.6,4.5,4.5,197107
DSE-2015,1JANATAMF,2015-09-15,4.6,4.7,4.5,4.6,109573
DSE-2015,1JANATAMF,2015-09-16,4.5,4.6,4.5,4.6,225086
DSE-2015,1JANATAMF,2015-09-17,4.5,4.6,4.5,4.6,72735
DSE-2015,1JANATAMF,2015-09-20,4.5,4.7,4.5,4.6,112561
DSE-2015,1JANATAMF,2015-09-21,4.6,4.6,4.5,4.5,207185
DSE-2015,1JANATAMF,2015-09-22,4.6,4.6,4.5,4.5,453650
DSE-2015,1JANATAMF,2015-09-28,4.5,4.6,4.5,4.5,217128
DSE-2015,1JANATAMF,2015-09-29,4.5,4.6,4.5,4.5,57050
DSE-2015,1JANATAMF,2015-09-30,4.5,4.6,4.5,4.6,72901
DSE-2015,1JANATAMF,2015-01-10,4.6,4.7,4.5,4.7,385643
DSE-2015,1JANATAMF,2015-04-10,4.7,4.8,4.6,4.7,355286
DSE-2015,1JANATAMF,2015-05-10,4.6,4.6,4.5,4.6,315093
DSE-2015,1JANATAMF,2015-06-10,4.5,4.7,4.5,4.6,335512
DSE-2015,1JANATAMF,2015-07-10,4.7,4.9,4.6,4.8,1401503
DSE-2015,1JANATAMF,2015-08-10,4.8,4.9,4.7,4.8,412976
DSE-2015,1JANATAMF,2015-11-10,4.9,4.9,4.7,4.8,925775
DSE-2015,1JANATAMF,2015-12-10,4.8,4.9,4.8,4.9,414197
DSE-2015,1JANATAMF,2015-10-13,4.9,5.0,4.7,4.8,718469
DSE-2015,1JANATAMF,2015-10-14,4.8,4.8,4.7,4.7,133572
DSE-2015,1JANATAMF,2015-10-15,4.7,4.8,4.6,4.7,446809
DSE-2015,1JANATAMF,2015-10-18,4.7,4.7,4.5,4.5,533682
DSE-2015,1JANATAMF,2015-10-19,4.5,4.7,4.5,4.6,264737
DSE-2015,1JANATAMF,2015-10-20,4.5,4.6,4.5,4.6,151516
DSE-2015,1JANATAMF,2015-10-21,4.5,4.7,4.5,4.6,273348
DSE-2015,1JANATAMF,2015-10-25,4.5,4.6,4.5,4.5,212745
DSE-2015,1JANATAMF,2015-10-26,4.5,4.6,4.5,4.5,96873
DSE-2015,1JANATAMF,2015-10-27,4.5,4.6,4.5,4.5,170181
DSE-2015,1JANATAMF,2015-10-28,4.5,4.6,4.4,4.5,167106
DSE-2015,1JANATAMF,2015-10-29,4.5,4.6,4.5,4.5,211150
DSE-2015,1JANATAMF,2015-01-11,4.5,4.6,4.4,4.4,148397
DSE-2015,1JANATAMF,2015-02-11,4.4,4.5,4.4,4.5,423972
DSE-2015,1JANATAMF,2015-03-11,4.5,4.6,4.5,4.5,252430
DSE-2015,1JANATAMF,2015-04-11,4.5,4.6,4.4,4.5,92126
DSE-2015,1JANATAMF,2015-05-11,4.5,4.6,4.4,4.4,184754
DSE-2015,1JANATAMF,2015-08-11,4.4,4.5,4.4,4.4,214183
DSE-2015,1JANATAMF,2015-09-11,4.4,4.5,4.4,4.4,316843
DSE-2015,1JANATAMF,2015-10-11,4.4,4.5,4.3,4.3,189059
DSE-2015,1JANATAMF,2015-11-11,4.4,4.4,4.2,4.3,367861
DSE-2015,1JANATAMF,2015-12-11,4.3,4.3,4.0,4.2,699188
DSE-2015,1JANATAMF,2015-11-15,4.3,4.3,4.1,4.2,135426
DSE-2015,1JANATAMF,2015-11-16,4.1,4.3,4.1,4.3,103370
DSE-2015,1JANATAMF,2015-11-17,4.3,4.3,4.2,4.3,142890
DSE-2015,1JANATAMF,2015-11-18,4.2,4.4,4.2,4.3,35584
DSE-2015,1JANATAMF,2015-11-19,4.3,4.4,4.3,4.4,164159
DSE-2015,1JANATAMF,2015-11-22,4.4,4.4,4.3,4.4,298414
DSE-2015,1JANATAMF,2015-11-23,4.4,4.5,4.3,4.4,138901
DSE-2015,1JANATAMF,2015-11-24,4.4,4.5,4.3,4.4,72368
DSE-2015,1JANATAMF,2015-11-25,4.3,4.4,4.3,4.3,27013
DSE-2015,1JANATAMF,2015-11-26,4.4,4.5,4.3,4.4,65858
DSE-2015,1JANATAMF,2015-11-29,4.3,4.4,4.3,4.4,148256
DSE-2015,1JANATAMF,2015-11-30,4.3,4.4,4.3,4.3,206191
DSE-2015,1JANATAMF,2015-01-12,4.3,4.4,4.3,4.3,52165
DSE-2015,1JANATAMF,2015-02-12,4.4,4.4,4.3,4.3,437832
DSE-2015,1JANATAMF,2015-03-12,4.3,4.4,4.3,4.3,66340
DSE-2015,1JANATAMF,2015-06-12,4.3,4.4,4.3,4.3,158510
DSE-2015,1JANATAMF,2015-07-12,4.3,4.4,4.2,4.3,350751
DSE-2015,1JANATAMF,2015-08-12,4.3,4.4,4.3,4.3,302109
DSE-2015,1JANATAMF,2015-09-12,4.3,4.4,4.3,4.3,110232
DSE-2015,1JANATAMF,2015-10-12,4.3,4.4,4.2,4.3,421361
DSE-2015,1JANATAMF,2015-12-13,4.3,4.3,4.2,4.2,326444
DSE-2015,1JANATAMF,2015-12-14,4.2,4.4,4.2,4.3,252485
DSE-2015,1JANATAMF,2015-12-15,4.3,4.3,4.2,4.3,139886
DSE-2015,1JANATAMF,2015-12-17,4.2,4.3,4.2,4.3,63106
DSE-2015,1JANATAMF,2015-12-20,4.2,4.3,4.2,4.3,333055
DSE-2015,1JANATAMF,2015-12-21,4.2,4.4,4.2,4.4,326512
DSE-2015,1JANATAMF,2015-12-22,4.3,4.3,4.2,4.3,114702
DSE-2015,1JANATAMF,2015-12-23,4.3,4.3,4.2,4.2,292095
DSE-2015,1JANATAMF,2015-12-24,4.2,4.3,4.2,4.3,205031
DSE-2015,1JANATAMF,2015-12-27,4.3,4.3,4.2,4.2,338070
DSE-2015,1JANATAMF,2015-12-28,4.2,4.3,4.2,4.3,131964
DSE-2015,1JANATAMF,2015-12-29,4.2,4.3,4.2,4.2,260942
DSE-2015,1JANATAMF,2015-12-30,4.3,4.3,4.2,4.3,240322
DSE-2015,1JANATAMF,2015-12-31,4.3,4.3,4.2,4.3,87878
DSE-2015,DBH1STMF,2015-01-01,4.6,4.7,4.6,4.7,46749
DSE-2015,DBH1STMF,2015-05-01,4.7,4.7,4.6,4.6,35935
DSE-2015,DBH1STMF,2015-06-01,4.6,4.6,4.3,4.4,520450
DSE-2015,DBH1STMF,2015-07-01,4.6,4.6,4.5,4.6,66402
DSE-2015,DBH1STMF,2015-08-01,4.5,4.6,4.5,4.6,202283
DSE-2015,DBH1STMF,2015-11-01,4.5,4.7,4.5,4.6,68050
DSE-2015,DBH1STMF,2015-12-01,4.6,4.7,4.5,4.6,26025
DSE-2015,DBH1STMF,2015-01-13,4.5,4.6,4.5,4.6,42950
DSE-2015,DBH1STMF,2015-01-14,4.6,4.7,4.5,4.6,57225
DSE-2015,DBH1STMF,2015-01-15,4.5,4.7,4.5,4.6,80255
DSE-2015,DBH1STMF,2015-01-18,4.5,4.6,4.5,4.5,97900
DSE-2015,DBH1STMF,2015-01-19,4.5,4.6,4.4,4.5,103083
DSE-2015,DBH1STMF,2015-01-20,4.5,4.5,4.4,4.5,70670
DSE-2015,DBH1STMF,2015-01-21,4.5,4.5,4.4,4.4,70500
DSE-2015,DBH1STMF,2015-01-22,4.6,4.7,4.5,4.5,179217
DSE-2015,DBH1STMF,2015-01-25,4.4,4.5,4.3,4.4,119400
DSE-2015,DBH1STMF,2015-01-26,4.5,4.7,4.4,4.6,60370
DSE-2015,DBH1STMF,2015-01-27,4.3,4.5,4.3,4.4,161700
DSE-2015,DBH1STMF,2015-01-28,4.3,4.5,4.3,4.4,133900
DSE-2015,DBH1STMF,2015-01-29,4.3,4.4,4.3,4.3,133067
DSE-2015,DBH1STMF,2015-01-02,4.3,4.3,4.2,4.3,89821
DSE-2015,DBH1STMF,2015-02-02,4.3,4.3,4.2,4.3,149624
DSE-2015,DBH1STMF,2015-03-02,4.3,4.5,4.3,4.4,76730
DSE-2015,DBH1STMF,2015-04-02,4.4,4.5,4.4,4.5,138291
DSE-2015,DBH1STMF,2015-05-02,4.4,4.5,4.4,4.5,23373
DSE-2015,DBH1STMF,2015-08-02,4.5,4.5,4.4,4.4,23002
DSE-2015,DBH1STMF,2015-09-02,4.4,4.4,4.4,4.4,65419
DSE-2015,DBH1STMF,2015-10-02,4.4,4.5,4.3,4.5,188229
DSE-2015,DBH1STMF,2015-11-02,4.5,4.6,4.4,4.5,114122
DSE-2015,DBH1STMF,2015-12-02,4.4,4.6,4.4,4.6,153703
DSE-2015,DBH1STMF,2015-02-15,4.5,4.6,4.5,4.6,244369
DSE-2015,DBH1STMF,2015-02-16,4.5,4.6,4.5,4.6,259084
DSE-2015,DBH1STMF,2015-02-17,4.6,4.7,4.6,4.6,61773
DSE-2015,DBH1STMF,2015-02-18,4.6,4.7,4.6,4.7,86000
DSE-2015,DBH1STMF,2015-02-19,4.5,4.7,4.5,4.6,9500
DSE-2015,DBH1STMF,2015-02-22,4.5,4.6,4.5,4.6,85700
DSE-2015,DBH1STMF,2015-02-23,4.6,4.6,4.5,4.6,205500
DSE-2015,DBH1STMF,2015-02-24,4.6,4.6,4.6,4.6,236400
DSE-2015,DBH1STMF,2015-02-25,4.6,4.6,4.5,4.6,212300
DSE-2015,DBH1STMF,2015-02-26,4.5,4.6,4.5,4.5,74500
DSE-2015,DBH1STMF,2015-01-03,4.5,4.5,4.4,4.4,145875
DSE-2015,DBH1STMF,2015-02-03,4.4,4.5,4.4,4.4,24600
DSE-2015,DBH1STMF,2015-03-03,4.4,4.6,4.4,4.5,77500
DSE-2015,DBH1STMF,2015-04-03,4.5,4.6,4.5,4.6,256850
DSE-2015,DBH1STMF,2015-05-03,4.5,4.5,4.5,4.5,31000
DSE-2015,DBH1STMF,2015-08-03,4.4,4.6,4.4,4.5,8600
DSE-2015,DBH1STMF,2015-09-03,4.5,4.5,4.4,4.5,27690
DSE-2015,DBH1STMF,2015-10-03,4.4,4.6,4.4,4.4,45274
DSE-2015,DBH1STMF,2015-11-03,4.4,4.5,4.4,4.5,72756
DSE-2015,DBH1STMF,2015-12-03,4.4,4.5,4.4,4.5,24840
DSE-2015,DBH1STMF,2015-03-15,4.5,4.5,4.3,4.4,47600
DSE-2015,DBH1STMF,2015-03-16,4.4,4.5,4.3,4.4,59000
DSE-2015,DBH1STMF,2015-03-18,4.1,4.5,4.1,4.3,55000
DSE-2015,DBH1STMF,2015-03-19,4.4,4.4,4.3,4.4,19900
DSE-2015,DBH1STMF,2015-03-22,4.3,4.4,4.0,4.1,227250
DSE-2015,DBH1STMF,2015-03-23,4.2,4.2,4.0,4.1,337400
DSE-2015,DBH1STMF,2015-03-24,4.1,4.2,4.1,4.2,75000
DSE-2015,DBH1STMF,2015-03-25,4.1,4.2,4.0,4.1,121800
DSE-2015,DBH1STMF,2015-03-29,4.1,4.2,4.1,4.2,28350
DSE-2015,DBH1STMF,2015-03-30,4.2,4.2,4.0,4.1,247020
DSE-2015,DBH1STMF,2015-03-31,4.1,4.2,4.0,4.1,50780
DSE-2015,DBH1STMF,2015-01-04,4.1,4.2,4.1,4.1,16000
DSE-2015,DBH1STMF,2015-02-04,4.0,4.1,4.0,4.1,186250
DSE-2015,DBH1STMF,2015-05-04,4.0,4.2,4.0,4.1,222000
DSE-2015,DBH1STMF,2015-06-04,4.0,4.0,4.0,4.0,68600
DSE-2015,DBH1STMF,2015-07-04,4.0,4.1,3.8,3.9,305950
DSE-2015,DBH1STMF,2015-08-04,3.8,3.9,3.8,3.9,83800
DSE-2015,DBH1STMF,2015-09-04,3.9,3.9,3.8,3.9,88650
DSE-2015,DBH1STMF,2015-12-04,3.9,3.9,3.8,3.8,21000
DSE-2015,DBH1STMF,2015-04-13,3.9,3.9,3.6,3.7,98678
DSE-2015,DBH1STMF,2015-04-15,3.7,3.9,3.7,3.9,55412
DSE-2015,DBH1STMF,2015-04-16,3.8,3.9,3.8,3.9,151500
DSE-2015,DBH1STMF,2015-04-19,3.9,4.0,3.8,3.9,83700
DSE-2015,DBH1STMF,2015-04-20,3.8,4.0,3.8,3.9,147450
DSE-2015,DBH1STMF,2015-04-21,3.9,3.9,3.9,3.9,119422
DSE-2015,DBH1STMF,2015-04-22,3.8,3.9,3.7,3.8,117852
DSE-2015,DBH1STMF,2015-04-23,3.7,3.8,3.7,3.7,117100
DSE-2015,DBH1STMF,2015-04-26,3.8,3.9,3.7,3.8,41400
DSE-2015,DBH1STMF,2015-04-27,3.9,4.0,3.8,3.9,103200
DSE-2015,DBH1STMF,2015-04-29,3.8,3.9,3.7,3.7,92000
DSE-2015,DBH1STMF,2015-04-30,3.8,3.8,3.7,3.7,45800
DSE-2015,DBH1STMF,2015-04-05,3.7,3.7,3.7,3.7,238520
DSE-2015,DBH1STMF,2015-05-05,3.7,3.8,3.7,3.8,78100
DSE-2015,DBH1STMF,2015-06-05,3.7,3.9,3.7,3.9,215937
DSE-2015,DBH1STMF,2015-07-05,3.9,4.0,3.9,4.0,170600
DSE-2015,DBH1STMF,2015-10-05,4.0,4.3,4.0,4.2,92750
DSE-2015,DBH1STMF,2015-11-05,4.4,4.4,4.0,4.3,110925
DSE-2015,DBH1STMF,2015-12-05,4.4,4.7,4.4,4.5,711760
DSE-2015,DBH1STMF,2015-05-13,4.6,4.6,4.3,4.4,117325
DSE-2015,DBH1STMF,2015-05-14,4.3,4.3,4.1,4.3,119100
DSE-2015,DBH1STMF,2015-05-17,4.1,4.2,4.1,4.1,64800
DSE-2015,DBH1STMF,2015-05-18,4.1,4.4,4.1,4.3,94050
DSE-2015,DBH1STMF,2015-05-19,4.2,4.4,4.1,4.2,175600
DSE-2015,DBH1STMF,2015-05-20,4.1,4.2,4.0,4.1,322310
DSE-2015,DBH1STMF,2015-05-21,4.1,4.2,4.0,4.1,216400
DSE-2015,DBH1STMF,2015-05-24,4.0,4.2,4.0,4.2,8000
DSE-2015,DBH1STMF,2015-05-25,4.0,4.3,4.0,4.2,145149
DSE-2015,DBH1STMF,2015-05-26,4.2,4.3,4.1,4.2,109900
DSE-2015,DBH1STMF,2015-05-27,4.1,4.2,4.0,4.1,82402
DSE-2015,DBH1STMF,2015-05-28,4.1,4.1,4.0,4.1,90750
DSE-2015,DBH1STMF,2015-05-31,4.1,4.1,4.0,4.0,50200
DSE-2015,DBH1STMF,2015-01-06,4.0,4.1,3.9,4.0,72900
DSE-2015,DBH1STMF,2015-02-06,4.0,4.1,3.9,4.0,126970
DSE-2015,DBH1STMF,2015-04-06,4.0,4.1,4.0,4.0,133980
DSE-2015,DBH1STMF,2015-07-06,4.1,4.1,4.0,4.0,52070
DSE-2015,DBH1STMF,2015-08-06,4.0,4.0,3.8,3.8,253615
DSE-2015,DBH1STMF,2015-09-06,4.0,4.0,3.9,3.9,28200
DSE-2015,DBH1STMF,2015-10-06,4.0,4.1,3.9,3.9,191255
DSE-2015,DBH1STMF,2015-11-06,3.9,4.0,3.9,4.0,51500
DSE-2015,DBH1STMF,2015-06-14,4.0,4.0,3.8,3.8,94500
DSE-2015,DBH1STMF,2015-06-15,3.7,3.9,3.7,3.8,20500
DSE-2015,DBH1STMF,2015-06-16,4.0,4.0,3.8,3.9,39658
DSE-2015,DBH1STMF,2015-06-17,3.8,3.9,3.8,3.8,78500
DSE-2015,DBH1STMF,2015-06-18,3.9,4.0,3.8,3.8,56349
DSE-2015,DBH1STMF,2015-06-21,3.9,3.9,3.7,3.8,130470
DSE-2015,DBH1STMF,2015-06-22,3.8,3.8,3.8,3.8,44129
DSE-2015,DBH1STMF,2015-06-23,3.8,3.9,3.8,3.8,66110
DSE-2015,DBH1STMF,2015-06-24,3.8,4.0,3.8,3.9,115881
DSE-2015,DBH1STMF,2015-06-25,3.8,4.0,3.8,3.9,42024
DSE-2015,DBH1STMF,2015-06-28,3.8,3.9,3.8,3.8,13919
DSE-2015,DBH1STMF,2015-06-29,3.8,3.9,3.8,3.8,79305
DSE-2015,DBH1STMF,2015-06-30,3.8,3.9,3.8,3.8,59819
DSE-2015,DBH1STMF,2015-02-07,3.8,3.9,3.8,3.9,49290
DSE-2015,DBH1STMF,2015-05-07,3.8,3.9,3.8,3.9,119100
DSE-2015,DBH1STMF,2015-06-07,3.9,3.9,3.8,3.9,135095
DSE-2015,DBH1STMF,2015-07-07,3.8,4.0,3.8,3.9,31300
DSE-2015,DBH1STMF,2015-08-07,3.9,4.0,3.9,4.0,109066
DSE-2015,DBH1STMF,2015-09-07,3.9,4.1,3.9,4.0,111008
DSE-2015,DBH1STMF,2015-12-07,4.0,4.3,4.0,4.2,597505
DSE-2015,DBH1STMF,2015-07-13,4.3,4.3,4.2,4.3,280445
DSE-2015,DBH1STMF,2015-07-14,4.2,4.3,4.2,4.3,406798
DSE-2015,DBH1STMF,2015-07-21,4.3,4.4,4.2,4.3,82884
DSE-2015,DBH1STMF,2015-07-22,4.3,4.3,4.1,4.2,138166
DSE-2015,DBH1STMF,2015-07-23,4.2,4.3,4.1,4.2,211032
DSE-2015,DBH1STMF,2015-07-26,4.2,4.3,4.1,4.2,299166
DSE-2015,DBH1STMF,2015-07-27,4.2,4.3,4.1,4.2,125808
DSE-2015,DBH1STMF,2015-07-28,4.2,4.4,4.2,4.4,482719
DSE-2015,DBH1STMF,2015-07-29,4.4,4.5,4.3,4.3,468105
DSE-2015,DBH1STMF,2015-07-30,4.4,4.4,4.3,4.3,403300
DSE-2015,DBH1STMF,2015-02-08,4.3,4.5,4.3,4.4,435295
DSE-2015,DBH1STMF,2015-03-08,4.4,4.5,4.4,4.4,365779
DSE-2015,DBH1STMF,2015-04-08,4.4,4.5,4.4,4.4,251300
DSE-2015,DBH1STMF,2015-05-08,4.4,4.5,4.4,4.5,380270
DSE-2015,DBH1STMF,2015-06-08,4.5,4.6,4.4,4.5,360750
DSE-2015,DBH1STMF,2015-09-08,4.5,4.5,4.4,4.5,279640
DSE-2015,DBH1STMF,2015-10-08,4.5,4.5,4.4,4.4,266140
DSE-2015,DBH1STMF,2015-11-08,4.4,4.5,4.3,4.4,322200
DSE-2015,DBH1STMF,2015-12-08,4.3,4.4,4.3,4.4,70740
DSE-2015,DBH1STMF,2015-08-13,4.4,4.4,4.3,4.4,276696
DSE-2015,DBH1STMF,2015-08-16,4.4,4.5,4.3,4.4,264600
DSE-2015,DBH1STMF,2015-08-17,4.3,4.4,4.3,4.3,338000
DSE-2015,DBH1STMF,2015-08-18,4.3,4.4,4.3,4.4,579226
DSE-2015,DBH1STMF,2015-08-19,4.3,4.4,4.3,4.3,124100
DSE-2015,DBH1STMF,2015-08-20,4.3,4.4,4.3,4.3,229254
DSE-2015,DBH1STMF,2015-08-23,4.3,4.4,4.3,4.3,70062
DSE-2015,DBH1STMF,2015-08-24,4.3,4.4,4.3,4.3,61380
DSE-2015,DBH1STMF,2015-08-25,4.3,4.3,4.3,4.3,29480
DSE-2015,DBH1STMF,2015-08-26,4.3,4.4,4.3,4.3,129800
DSE-2015,DBH1STMF,2015-08-27,4.3,4.4,4.2,4.3,127904
DSE-2015,DBH1STMF,2015-08-30,4.2,4.3,4.2,4.3,63335
DSE-2015,DBH1STMF,2015-08-31,4.2,4.4,4.2,4.3,135893
DSE-2015,DBH1STMF,2015-01-09,4.3,4.3,4.2,4.3,74801
DSE-2015,DBH1STMF,2015-02-09,4.3,4.4,4.3,4.4,300200
DSE-2015,DBH1STMF,2015-03-09,4.3,4.5,4.3,4.4,530244
DSE-2015,DBH1STMF,2015-07-09,4.2,4.4,4.1,4.3,475541
DSE-2015,DBH1STMF,2015-08-09,4.3,4.6,4.3,4.5,581702
DSE-2015,DBH1STMF,2015-09-09,4.4,4.7,4.4,4.5,955770
DSE-2015,DBH1STMF,2015-10-09,4.6,4.6,4.4,4.5,746000
DSE-2015,DBH1STMF,2015-09-13,4.5,4.6,4.5,4.6,1132093
DSE-2015,DBH1STMF,2015-09-14,4.6,4.7,4.5,4.6,592717
DSE-2015,DBH1STMF,2015-09-15,4.6,4.8,4.6,4.8,874150
DSE-2015,DBH1STMF,2015-09-16,4.8,5.0,4.7,4.9,1022400
DSE-2015,DBH1STMF,2015-09-17,4.8,4.9,4.7,4.8,591160
DSE-2015,DBH1STMF,2015-09-20,4.9,4.9,4.7,4.7,33089
DSE-2015,DBH1STMF,2015-09-21,4.7,4.7,4.5,4.6,347000
DSE-2015,DBH1STMF,2015-09-22,4.6,4.6,4.4,4.5,118806
DSE-2015,DBH1STMF,2015-09-28,4.5,4.5,4.4,4.4,50527
DSE-2015,DBH1STMF,2015-09-29,4.4,4.5,4.3,4.4,1396820
DSE-2015,DBH1STMF,2015-09-30,4.4,4.7,4.4,4.6,398155
DSE-2015,DBH1STMF,2015-01-10,4.7,4.9,4.7,4.9,1154625
DSE-2015,DBH1STMF,2015-04-10,4.8,5.1,4.8,5.0,854549
DSE-2015,DBH1STMF,2015-05-10,4.9,4.9,4.8,4.9,261300
DSE-2015,DBH1STMF,2015-06-10,4.8,5.0,4.8,4.9,322102
DSE-2015,DBH1STMF,2015-07-10,4.9,5.3,4.9,5.3,1877301
DSE-2015,DBH1STMF,2015-08-10,5.3,5.7,5.3,5.5,1284768
DSE-2015,DBH1STMF,2015-11-10,5.4,5.6,5.2,5.5,1002432
DSE-2015,DBH1STMF,2015-12-10,5.5,5.7,5.5,5.5,1066625
DSE-2015,DBH1STMF,2015-10-13,5.5,5.6,5.4,5.5,1507430
DSE-2015,DBH1STMF,2015-10-14,5.4,5.5,5.4,5.4,915453
DSE-2015,DBH1STMF,2015-10-15,5.4,5.5,5.3,5.3,540435
DSE-2015,DBH1STMF,2015-10-18,5.3,5.4,5.2,5.3,2091753
DSE-2015,DBH1STMF,2015-10-19,5.2,5.2,5.0,5.1,137472
DSE-2015,DBH1STMF,2015-10-20,5.1,5.2,4.9,5.0,224600
DSE-2015,DBH1STMF,2015-10-21,4.9,5.0,4.9,5.0,78600
DSE-2015,DBH1STMF,2015-10-25,4.9,5.0,4.9,4.9,63130
DSE-2015,DBH1STMF,2015-10-26,5.0,5.0,4.8,4.9,16570
DSE-2015,DBH1STMF,2015-10-27,4.9,4.9,4.7,4.9,376600
DSE-2015,DBH1STMF,2015-10-28,5.0,5.0,4.9,4.9,62020
DSE-2015,DBH1STMF,2015-10-29,5.0,5.2,5.0,5.1,193920
DSE-2015,DBH1STMF,2015-01-11,5.0,5.2,5.0,5.1,383953
DSE-2015,DBH1STMF,2015-02-11,5.2,5.3,5.1,5.3,852710
DSE-2015,DBH1STMF,2015-03-11,5.3,5.4,5.2,5.3,867940
DSE-2015,DBH1STMF,2015-04-11,5.3,5.4,5.1,5.2,117803
DSE-2015,DBH1STMF,2015-05-11,5.2,5.3,5.0,5.1,268189
DSE-2015,DBH1STMF,2015-08-11,5.1,5.1,5.0,5.1,129050
DSE-2015,DBH1STMF,2015-09-11,5.1,5.1,4.9,4.9,171420
DSE-2015,DBH1STMF,2015-10-11,4.9,4.9,4.9,4.9,62387
DSE-2015,DBH1STMF,2015-11-11,4.8,5.0,4.8,4.8,207120
DSE-2015,DBH1STMF,2015-12-11,4.8,4.9,4.6,4.7,273390
DSE-2015,DBH1STMF,2015-11-15,4.7,4.7,4.6,4.7,194600
DSE-2015,DBH1STMF,2015-11-16,5.0,5.0,4.7,4.8,94201
DSE-2015,DBH1STMF,2015-11-17,4.8,4.9,4.8,4.8,200600
DSE-2015,DBH1STMF,2015-11-18,4.7,4.9,4.7,4.9,100050
DSE-2015,DBH1STMF,2015-11-19,4.9,4.9,4.8,4.9,95447
DSE-2015,DBH1STMF,2015-11-22,4.9,4.9,4.8,4.9,160500
DSE-2015,DBH1STMF,2015-11-23,5.0,5.0,4.9,5.0,272410
DSE-2015,DBH1STMF,2015-11-24,4.9,5.0,4.9,5.0,90230
DSE-2015,DBH1STMF,2015-11-25,5.0,5.0,4.9,4.9,240344
DSE-2015,DBH1STMF,2015-11-26,5.0,5.1,5.0,5.0,271860
DSE-2015,DBH1STMF,2015-11-29,5.0,5.1,5.0,5.1,150100
DSE-2015,DBH1STMF,2015-11-30,5.0,5.1,4.9,5.0,170255
DSE-2015,DBH1STMF,2015-01-12,4.9,5.1,4.9,5.0,93910
DSE-2015,DBH1STMF,2015-02-12,5.0,5.0,4.8,4.9,514700
DSE-2015,DBH1STMF,2015-03-12,4.9,5.0,4.9,4.9,124239
DSE-2015,DBH1STMF,2015-06-12,4.8,5.0,4.8,4.9,97775
DSE-2015,DBH1STMF,2015-07-12,4.9,5.0,4.9,4.9,78120
DSE-2015,DBH1STMF,2015-08-12,4.9,5.0,4.9,5.0,126731
DSE-2015,DBH1STMF,2015-09-12,4.9,5.0,4.9,5.0,48504
DSE-2015,DBH1STMF,2015-10-12,5.0,5.2,4.9,5.1,189350
DSE-2015,DBH1STMF,2015-12-13,5.1,5.1,4.9,5.0,96900
DSE-2015,DBH1STMF,2015-12-14,4.9,5.0,4.9,5.0,213927
DSE-2015,DBH1STMF,2015-12-15,5.0,5.0,4.9,5.0,43200
DSE-2015,DBH1STMF,2015-12-17,4.9,5.0,4.8,4.9,64550
DSE-2015,DBH1STMF,2015-12-20,4.9,5.0,4.9,4.9,45310
DSE-2015,DBH1STMF,2015-12-21,4.9,5.0,4.9,5.0,40290
DSE-2015,DBH1STMF,2015-12-22,4.9,5.0,4.9,5.0,220096
DSE-2015,DBH1STMF,2015-12-23,4.9,5.0,4.9,5.0,22995
DSE-2015,DBH1STMF,2015-12-24,4.9,5.0,4.9,5.0,71101
DSE-2015,DBH1STMF,2015-12-27,4.9,4.9,4.9,4.9,38950
DSE-2015,DBH1STMF,2015-12-28,4.9,5.0,4.9,5.0,39000
DSE-2015,DBH1STMF,2015-12-29,5.0,5.0,4.9,4.9,106740
DSE-2015,DBH1STMF,2015-12-30,4.9,5.0,4.9,5.0,35850
DSE-2015,DBH1STMF,2015-12-31,4.9,5.0,4.9,4.9,55380
DSE-2015,GREENDELMF,2015-01-01,4.6,4.6,4.5,4.5,4751
DSE-2015,GREENDELMF,2015-05-01,4.5,4.5,4.5,4.5,25780
DSE-2015,GREENDELMF,2015-06-01,4.5,4.5,4.4,4.5,41450
DSE-2015,GREENDELMF,2015-07-01,4.4,4.5,4.4,4.5,52686
DSE-2015,GREENDELMF,2015-08-01,4.4,4.5,4.4,4.5,59968
DSE-2015,GREENDELMF,2015-11-01,4.4,4.5,4.4,4.5,151600
DSE-2015,GREENDELMF,2015-12-01,4.5,4.5,4.4,4.5,58850
DSE-2015,GREENDELMF,2015-01-13,4.4,4.5,4.4,4.4,16450
DSE-2015,GREENDELMF,2015-01-14,4.5,4.5,4.3,4.4,187406
DSE-2015,GREENDELMF,2015-01-15,4.4,4.5,4.4,4.4,91450
DSE-2015,GREENDELMF,2015-01-18,4.5,4.5,4.4,4.5,173212
DSE-2015,GREENDELMF,2015-01-19,4.5,4.5,4.4,4.4,360900
DSE-2015,GREENDELMF,2015-01-20,4.5,4.6,4.4,4.4,87300
DSE-2015,GREENDELMF,2015-01-21,4.4,4.5,4.4,4.4,112800
DSE-2015,GREENDELMF,2015-01-22,4.4,4.4,4.4,4.4,139548
DSE-2015,GREENDELMF,2015-01-25,4.4,4.4,4.3,4.3,226000
DSE-2015,GREENDELMF,2015-01-26,4.3,4.3,4.2,4.3,52100
DSE-2015,GREENDELMF,2015-01-27,4.4,4.4,4.2,4.3,257876
DSE-2015,GREENDELMF,2015-01-28,4.3,4.4,4.3,4.3,52500
DSE-2015,GREENDELMF,2015-01-29,4.4,4.4,4.2,4.3,49200
DSE-2015,GREENDELMF,2015-01-02,4.3,4.4,4.2,4.2,24417
DSE-2015,GREENDELMF,2015-02-02,4.3,4.5,4.2,4.3,158906
DSE-2015,GREENDELMF,2015-03-02,4.3,4.4,4.3,4.4,119928
DSE-2015,GREENDELMF,2015-04-02,4.4,4.5,4.4,4.5,139058
DSE-2015,GREENDELMF,2015-05-02,4.4,4.5,4.4,4.5,198110
DSE-2015,GREENDELMF,2015-08-02,4.4,4.4,4.3,4.4,30348
DSE-2015,GREENDELMF,2015-09-02,4.4,4.4,4.2,4.3,828500
DSE-2015,GREENDELMF,2015-10-02,4.3,4.5,4.3,4.4,175186
DSE-2015,GREENDELMF,2015-11-02,4.5,4.6,4.3,4.4,368867
DSE-2015,GREENDELMF,2015-12-02,4.5,4.6,4.4,4.6,678311
DSE-2015,GREENDELMF,2015-02-15,4.7,4.7,4.4,4.5,133300
DSE-2015,GREENDELMF,2015-02-16,4.4,4.5,4.4,4.5,139185
DSE-2015,GREENDELMF,2015-02-17,4.5,4.6,4.5,4.6,269501
DSE-2015,GREENDELMF,2015-02-18,4.6,4.7,4.5,4.6,276000
DSE-2015,GREENDELMF,2015-02-19,4.6,4.7,4.5,4.6,303500
DSE-2015,GREENDELMF,2015-02-22,4.6,4.6,4.6,4.6,224600
DSE-2015,GREENDELMF,2015-02-23,4.7,4.7,4.6,4.6,293851
DSE-2015,GREENDELMF,2015-02-24,4.5,4.7,4.5,4.6,271528
DSE-2015,GREENDELMF,2015-02-25,4.6,4.6,4.4,4.4,490296
DSE-2015,GREENDELMF,2015-02-26,4.6,4.6,4.4,4.5,215600
DSE-2015,GREENDELMF,2015-01-03,4.6,4.7,4.5,4.7,56100
DSE-2015,GREENDELMF,2015-02-03,4.5,4.5,4.4,4.5,32500
DSE-2015,GREENDELMF,2015-03-03,4.4,4.5,4.4,4.5,202500
DSE-2015,GREENDELMF,2015-04-03,4.4,4.5,4.4,4.5,205931
DSE-2015,GREENDELMF,2015-05-03,4.4,4.5,4.4,4.4,6500
DSE-2015,GREENDELMF,2015-08-03,4.5,4.5,4.4,4.4,36100
DSE-2015,GREENDELMF,2015-09-03,4.4,4.4,4.3,4.4,120000
DSE-2015,GREENDELMF,2015-10-03,4.4,4.4,4.3,4.4,38000
DSE-2015,GREENDELMF,2015-11-03,4.3,4.4,4.3,4.4,204987
DSE-2015,GREENDELMF,2015-12-03,4.3,4.4,4.3,4.3,47100
DSE-2015,GREENDELMF,2015-03-15,4.3,4.4,4.2,4.3,325750
DSE-2015,GREENDELMF,2015-03-16,4.4,4.4,4.2,4.3,104620
DSE-2015,GREENDELMF,2015-03-18,4.2,4.3,4.2,4.3,151850
DSE-2015,GREENDELMF,2015-03-19,4.3,4.3,4.2,4.3,145500
DSE-2015,GREENDELMF,2015-03-22,4.2,4.3,4.2,4.2,39793
DSE-2015,GREENDELMF,2015-03-23,4.3,4.3,4.2,4.3,231500
DSE-2015,GREENDELMF,2015-03-24,4.2,4.2,4.2,4.2,178800
DSE-2015,GREENDELMF,2015-03-25,4.1,4.2,4.1,4.2,38500
DSE-2015,GREENDELMF,2015-03-29,4.2,4.2,4.1,4.2,130500
DSE-2015,GREENDELMF,2015-03-30,4.1,4.2,4.1,4.2,196969
DSE-2015,GREENDELMF,2015-03-31,4.2,4.2,4.1,4.2,93000
DSE-2015,GREENDELMF,2015-01-04,4.1,4.2,4.1,4.2,137000
DSE-2015,GREENDELMF,2015-02-04,4.1,4.2,4.0,4.1,46800
DSE-2015,GREENDELMF,2015-05-04,4.1,4.1,4.1,4.1,28355
DSE-2015,GREENDELMF,2015-06-04,4.1,4.2,4.0,4.0,143282
DSE-2015,GREENDELMF,2015-07-04,4.0,4.0,3.9,4.0,131544
DSE-2015,GREENDELMF,2015-08-04,3.9,3.9,3.8,3.9,139299
DSE-2015,GREENDELMF,2015-09-04,3.9,4.0,3.8,3.9,17000
DSE-2015,GREENDELMF,2015-12-04,3.8,3.9,3.8,3.8,176975
DSE-2015,GREENDELMF,2015-04-13,3.9,3.9,3.9,3.9,14233
DSE-2015,GREENDELMF,2015-04-15,3.7,4.0,3.7,3.9,20265
DSE-2015,GREENDELMF,2015-04-16,3.7,4.1,3.7,4.0,38500
DSE-2015,GREENDELMF,2015-04-19,4.0,4.0,3.9,4.0,17110
DSE-2015,GREENDELMF,2015-04-20,3.9,4.0,3.9,3.9,31990
DSE-2015,GREENDELMF,2015-04-21,3.8,4.0,3.8,3.9,72000
DSE-2015,GREENDELMF,2015-04-22,3.9,3.9,3.9,3.9,11500
DSE-2015,GREENDELMF,2015-04-23,3.8,3.9,3.7,3.8,137300
DSE-2015,GREENDELMF,2015-04-26,3.8,3.9,3.7,3.8,4800
DSE-2015,GREENDELMF,2015-04-27,3.8,4.1,3.8,4.0,197000
DSE-2015,GREENDELMF,2015-04-29,3.8,3.9,3.7,3.8,64700
DSE-2015,GREENDELMF,2015-04-30,3.8,3.8,3.7,3.7,18600
DSE-2015,GREENDELMF,2015-04-05,3.7,3.8,3.7,3.7,147500
DSE-2015,GREENDELMF,2015-05-05,3.7,3.8,3.6,3.8,176594
DSE-2015,GREENDELMF,2015-06-05,3.7,4.1,3.7,3.9,877150
DSE-2015,GREENDELMF,2015-07-05,3.9,4.0,3.8,3.9,228641
DSE-2015,GREENDELMF,2015-10-05,4.0,4.2,3.9,4.1,459659
DSE-2015,GREENDELMF,2015-11-05,4.2,4.3,4.1,4.2,187510
DSE-2015,GREENDELMF,2015-12-05,4.4,4.5,4.3,4.3,1245325
DSE-2015,GREENDELMF,2015-05-13,4.4,4.4,4.2,4.3,286700
DSE-2015,GREENDELMF,2015-05-14,4.1,4.2,4.0,4.2,278520
DSE-2015,GREENDELMF,2015-05-17,4.0,4.0,3.9,4.0,150475
DSE-2015,GREENDELMF,2015-05-18,3.9,4.1,3.9,4.0,106900
DSE-2015,GREENDELMF,2015-05-19,4.0,4.1,4.0,4.1,94800
DSE-2015,GREENDELMF,2015-05-20,3.9,4.1,3.9,4.0,58400
DSE-2015,GREENDELMF,2015-05-21,4.0,4.2,4.0,4.0,424500
DSE-2015,GREENDELMF,2015-05-24,4.0,4.0,4.0,4.0,26500
DSE-2015,GREENDELMF,2015-05-25,4.0,4.1,4.0,4.1,55600
DSE-2015,GREENDELMF,2015-05-26,4.0,4.2,4.0,4.1,402425
DSE-2015,GREENDELMF,2015-05-27,4.0,4.1,3.9,4.0,299030
DSE-2015,GREENDELMF,2015-05-28,3.9,4.0,3.9,3.9,75320
DSE-2015,GREENDELMF,2015-05-31,4.0,4.0,3.9,3.9,101000
DSE-2015,GREENDELMF,2015-01-06,3.9,4.0,3.9,3.9,20000
DSE-2015,GREENDELMF,2015-02-06,3.9,4.0,3.9,3.9,32320
DSE-2015,GREENDELMF,2015-04-06,3.9,3.9,3.8,3.9,82611
DSE-2015,GREENDELMF,2015-07-06,3.9,3.9,3.8,3.9,88895
DSE-2015,GREENDELMF,2015-08-06,3.9,3.9,3.8,3.8,46470
DSE-2015,GREENDELMF,2015-09-06,3.9,3.9,3.8,3.8,76950
DSE-2015,GREENDELMF,2015-10-06,3.7,4.0,3.7,3.9,99300
DSE-2015,GREENDELMF,2015-11-06,3.9,3.9,3.8,3.9,37500
DSE-2015,GREENDELMF,2015-06-14,3.8,3.9,3.7,3.8,40300
DSE-2015,GREENDELMF,2015-06-15,3.7,3.8,3.7,3.8,82000
DSE-2015,GREENDELMF,2015-06-16,3.7,3.8,3.7,3.8,80679
DSE-2015,GREENDELMF,2015-06-17,3.8,4.0,3.7,3.9,111726
DSE-2015,GREENDELMF,2015-06-18,3.8,3.9,3.8,3.9,92300
DSE-2015,GREENDELMF,2015-06-21,3.8,3.9,3.8,3.9,181283
DSE-2015,GREENDELMF,2015-06-22,3.8,4.0,3.8,3.9,116469
DSE-2015,GREENDELMF,2015-06-23,3.8,3.9,3.8,3.9,180660
DSE-2015,GREENDELMF,2015-06-24,3.8,3.9,3.8,3.9,61300
DSE-2015,GREENDELMF,2015-06-25,4.0,4.1,3.9,3.9,200143
DSE-2015,GREENDELMF,2015-06-28,3.9,4.0,3.8,3.8,44600
DSE-2015,GREENDELMF,2015-06-29,3.9,4.0,3.8,3.9,76590
DSE-2015,GREENDELMF,2015-06-30,3.8,4.0,3.8,4.0,60500
DSE-2015,GREENDELMF,2015-02-07,3.9,4.0,3.9,4.0,195460
DSE-2015,GREENDELMF,2015-05-07,3.9,3.9,3.9,3.9,70500
DSE-2015,GREENDELMF,2015-06-07,3.9,4.0,3.8,4.0,312322
DSE-2015,GREENDELMF,2015-07-07,3.9,4.0,3.9,4.0,242065
DSE-2015,GREENDELMF,2015-08-07,4.0,4.3,3.9,4.1,377124
DSE-2015,GREENDELMF,2015-09-07,4.1,4.2,4.0,4.2,672093
DSE-2015,GREENDELMF,2015-12-07,4.2,4.5,4.2,4.3,495680
DSE-2015,GREENDELMF,2015-07-13,4.3,4.4,4.3,4.3,64253
DSE-2015,GREENDELMF,2015-07-14,4.2,4.3,4.2,4.3,142193
DSE-2015,GREENDELMF,2015-07-21,4.3,4.4,4.2,4.4,269500
DSE-2015,GREENDELMF,2015-07-22,4.3,4.4,4.2,4.3,278043
DSE-2015,GREENDELMF,2015-07-23,4.2,4.4,4.2,4.4,309357
DSE-2015,GREENDELMF,2015-07-26,4.3,4.3,4.1,4.2,189500
DSE-2015,GREENDELMF,2015-07-27,4.2,4.4,4.2,4.4,202350
DSE-2015,GREENDELMF,2015-07-28,4.3,4.4,4.2,4.4,325440
DSE-2015,GREENDELMF,2015-07-29,4.3,4.4,4.3,4.3,578595
DSE-2015,GREENDELMF,2015-07-30,4.3,4.4,4.3,4.4,55673
DSE-2015,GREENDELMF,2015-02-08,4.4,4.5,4.3,4.4,213477
DSE-2015,GREENDELMF,2015-03-08,4.3,4.5,4.3,4.4,360925
DSE-2015,GREENDELMF,2015-04-08,4.4,4.6,4.4,4.4,244213
DSE-2015,GREENDELMF,2015-05-08,4.4,4.5,4.4,4.5,285621
DSE-2015,GREENDELMF,2015-06-08,4.5,4.6,4.4,4.5,376555
DSE-2015,GREENDELMF,2015-09-08,4.5,4.5,4.4,4.5,153541
DSE-2015,GREENDELMF,2015-10-08,4.5,4.6,4.4,4.5,161774
DSE-2015,GREENDELMF,2015-11-08,4.4,4.4,4.3,4.4,194352
DSE-2015,GREENDELMF,2015-12-08,4.4,4.4,4.4,4.4,92500
DSE-2015,GREENDELMF,2015-08-13,4.4,4.5,4.3,4.4,175500
DSE-2015,GREENDELMF,2015-08-16,4.5,4.5,4.4,4.4,302191
DSE-2015,GREENDELMF,2015-08-17,4.3,4.5,4.3,4.4,162155
DSE-2015,GREENDELMF,2015-08-18,4.4,4.4,4.4,4.4,51811
DSE-2015,GREENDELMF,2015-08-19,4.3,4.4,4.3,4.3,60766
DSE-2015,GREENDELMF,2015-08-20,4.3,4.4,4.3,4.3,38268
DSE-2015,GREENDELMF,2015-08-23,4.4,4.4,4.3,4.3,137645
DSE-2015,GREENDELMF,2015-08-24,4.2,4.3,4.2,4.3,111254
DSE-2015,GREENDELMF,2015-08-25,4.3,4.4,4.2,4.3,41442
DSE-2015,GREENDELMF,2015-08-26,4.3,4.4,4.3,4.3,60500
DSE-2015,GREENDELMF,2015-08-27,4.3,4.4,4.3,4.3,8312
DSE-2015,GREENDELMF,2015-08-30,4.3,4.4,4.3,4.4,67619
DSE-2015,GREENDELMF,2015-08-31,4.4,4.4,4.3,4.4,101500
DSE-2015,GREENDELMF,2015-01-09,4.4,4.5,4.3,4.4,140171
DSE-2015,GREENDELMF,2015-02-09,4.4,4.5,4.4,4.4,92421
DSE-2015,GREENDELMF,2015-03-09,4.4,4.6,4.4,4.5,309864
DSE-2015,GREENDELMF,2015-07-09,4.4,4.5,4.2,4.4,476619
DSE-2015,GREENDELMF,2015-08-09,4.4,4.5,4.4,4.4,425539
DSE-2015,GREENDELMF,2015-09-09,4.4,4.6,4.4,4.5,947500
DSE-2015,GREENDELMF,2015-10-09,4.5,4.6,4.4,4.5,939975
DSE-2015,GREENDELMF,2015-09-13,4.5,4.6,4.5,4.6,574640
DSE-2015,GREENDELMF,2015-09-14,4.6,4.7,4.5,4.6,636403
DSE-2015,GREENDELMF,2015-09-15,4.6,4.7,4.6,4.7,657200
DSE-2015,GREENDELMF,2015-09-16,4.6,4.7,4.5,4.6,314611
DSE-2015,GREENDELMF,2015-09-17,4.6,4.7,4.6,4.7,657000
DSE-2015,GREENDELMF,2015-09-20,4.6,4.7,4.6,4.6,53321
DSE-2015,GREENDELMF,2015-09-21,4.5,4.6,4.5,4.5,281900
DSE-2015,GREENDELMF,2015-09-22,4.5,4.5,4.4,4.4,57500
DSE-2015,GREENDELMF,2015-09-28,4.4,4.4,4.4,4.4,63250
DSE-2015,GREENDELMF,2015-09-29,4.4,4.5,4.3,4.5,67000
DSE-2015,GREENDELMF,2015-09-30,4.4,4.5,4.4,4.5,70272
DSE-2015,GREENDELMF,2015-01-10,4.5,4.7,4.5,4.7,406400
DSE-2015,GREENDELMF,2015-04-10,4.6,4.7,4.5,4.6,236400
DSE-2015,GREENDELMF,2015-05-10,4.6,5.0,4.5,4.9,1337936
DSE-2015,GREENDELMF,2015-06-10,4.9,5.2,4.9,5.2,1614080
DSE-2015,GREENDELMF,2015-07-10,5.1,5.6,5.0,5.5,3520574
DSE-2015,GREENDELMF,2015-08-10,5.4,5.8,5.4,5.7,2155006
DSE-2015,GREENDELMF,2015-11-10,5.7,5.8,5.3,5.6,1560792
DSE-2015,GREENDELMF,2015-12-10,5.5,5.5,5.2,5.4,1265772
DSE-2015,GREENDELMF,2015-10-13,5.5,5.5,5.2,5.3,1699466
DSE-2015,GREENDELMF,2015-10-14,5.4,5.4,5.0,5.1,1674890
DSE-2015,GREENDELMF,2015-10-15,5.1,5.3,5.0,5.1,872950
DSE-2015,GREENDELMF,2015-10-18,5.3,5.3,4.9,4.9,718925
DSE-2015,GREENDELMF,2015-10-19,4.9,4.9,4.8,4.9,736925
DSE-2015,GREENDELMF,2015-10-20,4.9,5.1,4.9,5.0,1260950
DSE-2015,GREENDELMF,2015-10-21,4.9,5.1,4.9,4.9,669825
DSE-2015,GREENDELMF,2015-10-25,4.9,4.9,4.6,4.6,604174
DSE-2015,GREENDELMF,2015-10-26,4.8,4.9,4.6,4.9,1099832
DSE-2015,GREENDELMF,2015-10-27,4.8,5.1,4.8,5.0,1652002
DSE-2015,GREENDELMF,2015-10-28,5.0,5.2,4.9,5.2,719607
DSE-2015,GREENDELMF,2015-10-29,5.0,5.4,5.0,5.2,2325720
DSE-2015,GREENDELMF,2015-01-11,5.3,5.6,5.1,5.1,1451800
DSE-2015,GREENDELMF,2015-02-11,5.1,5.3,4.9,5.2,1062575
DSE-2015,GREENDELMF,2015-03-11,5.2,5.5,5.1,5.1,735370
DSE-2015,GREENDELMF,2015-04-11,5.1,5.2,5.0,5.1,133307
DSE-2015,GREENDELMF,2015-05-11,5.0,5.1,4.9,5.0,537865
DSE-2015,GREENDELMF,2015-08-11,5.1,5.1,4.8,4.9,207158
DSE-2015,GREENDELMF,2015-09-11,4.9,4.9,4.7,4.8,581903
DSE-2015,GREENDELMF,2015-10-11,4.8,4.8,4.7,4.7,487750
DSE-2015,GREENDELMF,2015-11-11,4.6,5.0,4.6,4.9,1440200
DSE-2015,GREENDELMF,2015-12-11,4.9,5.0,4.8,4.9,833490
DSE-2015,GREENDELMF,2015-11-15,4.9,4.9,4.7,4.7,251311
DSE-2015,GREENDELMF,2015-11-16,4.7,4.8,4.6,4.8,531885
DSE-2015,GREENDELMF,2015-11-17,4.8,4.8,4.5,4.6,1020345
DSE-2015,GREENDELMF,2015-11-18,4.7,4.9,4.5,4.8,423332
DSE-2015,GREENDELMF,2015-11-19,4.8,4.8,4.7,4.7,333635
DSE-2015,GREENDELMF,2015-11-22,4.6,4.9,4.6,4.8,166254
DSE-2015,GREENDELMF,2015-11-23,4.8,5.0,4.8,4.9,673058
DSE-2015,GREENDELMF,2015-11-24,4.9,4.9,4.8,4.8,153203
DSE-2015,GREENDELMF,2015-11-25,4.9,5.0,4.7,4.7,402210
DSE-2015,GREENDELMF,2015-11-26,4.8,4.9,4.8,4.9,304464
DSE-2015,GREENDELMF,2015-11-29,4.8,5.0,4.8,5.0,312460
DSE-2015,GREENDELMF,2015-11-30,4.9,5.0,4.8,4.9,157505
DSE-2015,GREENDELMF,2015-01-12,4.8,4.9,4.8,4.9,48038
DSE-2015,GREENDELMF,2015-02-12,5.0,5.0,4.7,4.8,626477
DSE-2015,GREENDELMF,2015-03-12,4.8,4.8,4.7,4.8,623206
DSE-2015,GREENDELMF,2015-06-12,4.7,4.8,4.7,4.7,65250
DSE-2015,GREENDELMF,2015-07-12,4.8,4.8,4.6,4.7,505250
DSE-2015,GREENDELMF,2015-08-12,4.7,4.8,4.6,4.7,91377
DSE-2015,GREENDELMF,2015-09-12,4.7,4.8,4.7,4.7,185589
DSE-2015,GREENDELMF,2015-10-12,4.7,4.8,4.6,4.8,147910
DSE-2015,GREENDELMF,2015-12-13,4.6,4.7,4.6,4.6,109893
DSE-2015,GREENDELMF,2015-12-14,4.6,4.7,4.5,4.7,342555
DSE-2015,GREENDELMF,2015-12-15,4.7,4.7,4.6,4.7,443310
DSE-2015,GREENDELMF,2015-12-17,4.7,4.8,4.6,4.7,314098
DSE-2015,GREENDELMF,2015-12-20,4.6,4.7,4.6,4.7,24185
DSE-2015,GREENDELMF,2015-12-21,4.6,4.8,4.6,4.7,164770
DSE-2015,GREENDELMF,2015-12-22,4.7,4.9,4.7,4.8,420600
DSE-2015,GREENDELMF,2015-12-23,4.8,4.8,4.7,4.7,469100
DSE-2015,GREENDELMF,2015-12-24,4.7,4.8,4.6,4.7,255876
DSE-2015,GREENDELMF,2015-12-27,4.7,4.7,4.6,4.6,276000
DSE-2015,GREENDELMF,2015-12-28,4.7,4.7,4.6,4.7,129396
DSE-2015,GREENDELMF,2015-12-29,4.7,4.9,4.7,4.8,350766
DSE-2015,GREENDELMF,2015-12-30,4.7,4.9,4.7,4.8,34892
DSE-2015,GREENDELMF,2015-12-31,4.7,4.8,4.7,4.7,17821
DSE-2015,IFILISLMF1,2015-01-01,5.8,5.9,5.6,5.7,67500
DSE-2015,IFILISLMF1,2015-05-01,5.7,5.9,5.5,5.6,68471
DSE-2015,IFILISLMF1,2015-06-01,5.5,5.7,5.5,5.6,47153
DSE-2015,IFILISLMF1,2015-07-01,5.5,5.8,5.5,5.5,76245
DSE-2015,IFILISLMF1,2015-08-01,5.4,5.8,5.4,5.6,179532
DSE-2015,IFILISLMF1,2015-11-01,5.5,5.6,5.5,5.5,46395
DSE-2015,IFILISLMF1,2015-12-01,5.6,5.8,5.5,5.7,76250
DSE-2015,IFILISLMF1,2015-01-13,5.5,5.8,5.5,5.7,350831
DSE-2015,IFILISLMF1,2015-01-14,5.6,6.0,5.6,5.9,286165
DSE-2015,IFILISLMF1,2015-01-15,5.7,5.9,5.7,5.8,183000
DSE-2015,IFILISLMF1,2015-01-18,5.7,5.9,5.7,5.9,115400
DSE-2015,IFILISLMF1,2015-01-19,5.7,6.1,5.7,5.9,212800
DSE-2015,IFILISLMF1,2015-01-20,5.7,6.1,5.7,6.1,435560
DSE-2015,IFILISLMF1,2015-01-21,5.9,6.1,5.8,6.1,255081
DSE-2015,IFILISLMF1,2015-01-22,5.8,6.0,5.8,6.0,65840
DSE-2015,IFILISLMF1,2015-01-25,5.8,6.1,5.7,5.7,114000
DSE-2015,IFILISLMF1,2015-01-26,5.7,5.8,5.7,5.7,83650
DSE-2015,IFILISLMF1,2015-01-27,5.7,5.8,5.7,5.8,31718
DSE-2015,IFILISLMF1,2015-01-28,5.7,5.9,5.7,5.7,30400
DSE-2015,IFILISLMF1,2015-01-29,5.7,5.9,5.7,5.7,50500
DSE-2015,IFILISLMF1,2015-01-02,5.7,5.8,5.6,5.7,66848
DSE-2015,IFILISLMF1,2015-02-02,5.7,5.7,5.6,5.7,125300
DSE-2015,IFILISLMF1,2015-03-02,5.7,6.0,5.7,5.9,208193
DSE-2015,IFILISLMF1,2015-04-02,5.8,5.9,5.8,5.8,42210
DSE-2015,IFILISLMF1,2015-05-02,5.9,6.1,5.8,6.0,420089
DSE-2015,IFILISLMF1,2015-08-02,5.9,6.0,5.9,6.0,225650
DSE-2015,IFILISLMF1,2015-09-02,6.1,6.4,5.8,6.3,1163231
DSE-2015,IFILISLMF1,2015-10-02,6.1,6.2,6.0,6.1,99179
DSE-2015,IFILISLMF1,2015-11-02,6.1,6.4,6.1,6.4,3056184
DSE-2015,IFILISLMF1,2015-12-02,6.4,6.5,6.2,6.4,396668
DSE-2015,IFILISLMF1,2015-02-15,6.5,6.7,6.2,6.3,1099262
DSE-2015,IFILISLMF1,2015-02-16,6.2,6.3,6.0,6.3,1013150
DSE-2015,IFILISLMF1,2015-02-17,6.1,6.3,6.0,6.3,169389
DSE-2015,IFILISLMF1,2015-02-18,6.4,6.4,6.1,6.2,245879
DSE-2015,IFILISLMF1,2015-02-19,6.1,6.3,6.1,6.2,62720
DSE-2015,IFILISLMF1,2015-02-22,6.1,6.4,6.1,6.3,276470
DSE-2015,IFILISLMF1,2015-02-23,6.2,6.2,6.1,6.1,87828
DSE-2015,IFILISLMF1,2015-02-24,6.1,6.2,6.1,6.1,151345
DSE-2015,IFILISLMF1,2015-02-25,6.1,6.2,5.9,6.0,219944
DSE-2015,IFILISLMF1,2015-02-26,6.1,6.1,5.9,6.0,150350
DSE-2015,IFILISLMF1,2015-01-03,6.2,6.3,5.8,6.0,292300
DSE-2015,IFILISLMF1,2015-02-03,5.9,6.0,5.9,5.9,30400
DSE-2015,IFILISLMF1,2015-03-03,5.9,6.0,5.9,5.9,7510
DSE-2015,IFILISLMF1,2015-04-03,5.9,6.0,5.8,5.9,197377
DSE-2015,IFILISLMF1,2015-05-03,5.8,6.0,5.8,5.9,161142
DSE-2015,IFILISLMF1,2015-08-03,5.9,6.1,5.8,5.9,26500
DSE-2015,IFILISLMF1,2015-09-03,5.9,6.0,5.9,5.9,21845
DSE-2015,IFILISLMF1,2015-10-03,5.9,6.0,5.9,5.9,135800
DSE-2015,IFILISLMF1,2015-11-03,6.0,6.0,5.9,5.9,30550
DSE-2015,IFILISLMF1,2015-12-03,5.9,6.0,5.9,5.9,122000
DSE-2015,IFILISLMF1,2015-03-15,6.0,6.0,5.8,5.9,253373
DSE-2015,IFILISLMF1,2015-03-16,5.8,5.9,5.8,5.8,54490
DSE-2015,IFILISLMF1,2015-03-18,5.8,5.8,5.7,5.8,98973
DSE-2015,IFILISLMF1,2015-03-19,5.8,6.0,5.7,5.7,85600
DSE-2015,IFILISLMF1,2015-03-22,5.7,5.9,5.7,5.9,335000
DSE-2015,IFILISLMF1,2015-03-23,5.9,6.0,5.7,6.0,314589
DSE-2015,IFILISLMF1,2015-03-24,5.8,5.9,5.7,5.8,83800
DSE-2015,IFILISLMF1,2015-03-25,5.7,5.9,5.7,5.9,25800
DSE-2015,IFILISLMF1,2015-03-29,5.8,5.9,5.6,5.7,379825
DSE-2015,IFILISLMF1,2015-03-30,5.7,5.8,5.6,5.6,182680
DSE-2015,IFILISLMF1,2015-03-31,5.6,5.6,5.5,5.6,105020
DSE-2015,IFILISLMF1,2015-01-04,5.6,5.7,5.6,5.7,22500
DSE-2015,IFILISLMF1,2015-02-04,5.6,5.8,5.6,5.7,39295
DSE-2015,IFILISLMF1,2015-05-04,5.6,5.7,5.6,5.7,59500
DSE-2015,IFILISLMF1,2015-06-04,5.6,5.6,5.3,5.3,395787
DSE-2015,IFILISLMF1,2015-07-04,5.4,5.6,5.3,5.5,83900
DSE-2015,IFILISLMF1,2015-08-04,5.4,5.5,5.1,5.3,243540
DSE-2015,IFILISLMF1,2015-09-04,5.5,5.6,4.8,5.1,665263
DSE-2015,IFILISLMF1,2015-12-04,5.1,5.2,4.8,4.9,63658
DSE-2015,IFILISLMF1,2015-04-13,4.8,5.1,4.8,5.1,25500
DSE-2015,IFILISLMF1,2015-04-15,5.1,5.2,4.9,5.2,238478
DSE-2015,IFILISLMF1,2015-04-16,5.0,5.3,4.9,5.2,153250
DSE-2015,IFILISLMF1,2015-04-19,5.1,5.5,5.1,5.4,75700
DSE-2015,IFILISLMF1,2015-04-20,5.3,5.3,5.2,5.2,71000
DSE-2015,IFILISLMF1,2015-04-21,5.1,5.2,5.0,5.2,63004
DSE-2015,IFILISLMF1,2015-04-22,5.2,5.5,4.9,5.1,211087
DSE-2015,IFILISLMF1,2015-04-23,5.0,5.1,4.9,4.9,119950
DSE-2015,IFILISLMF1,2015-04-26,5.0,5.2,4.7,4.8,221086
DSE-2015,IFILISLMF1,2015-04-27,5.0,5.2,5.0,5.1,245894
DSE-2015,IFILISLMF1,2015-04-29,5.1,5.3,5.1,5.2,117300
DSE-2015,IFILISLMF1,2015-04-30,5.0,5.1,5.0,5.1,16550
DSE-2015,IFILISLMF1,2015-04-05,4.9,5.1,4.9,5.0,24900
DSE-2015,IFILISLMF1,2015-05-05,5.0,5.2,4.9,5.1,85500
DSE-2015,IFILISLMF1,2015-06-05,4.9,5.3,4.9,5.0,157250
DSE-2015,IFILISLMF1,2015-07-05,5.0,5.1,4.9,5.0,131000
DSE-2015,IFILISLMF1,2015-10-05,5.1,5.5,5.1,5.4,252918
DSE-2015,IFILISLMF1,2015-11-05,5.8,5.8,5.4,5.7,320950
DSE-2015,IFILISLMF1,2015-12-05,5.7,6.2,5.6,6.1,1520058
DSE-2015,IFILISLMF1,2015-05-13,5.9,6.1,5.8,6.0,454995
DSE-2015,IFILISLMF1,2015-05-14,5.9,6.0,5.8,5.9,462714
DSE-2015,IFILISLMF1,2015-05-17,5.7,5.9,5.5,5.8,352749
DSE-2015,IFILISLMF1,2015-05-18,5.8,6.0,5.8,5.9,205411
DSE-2015,IFILISLMF1,2015-05-19,5.7,6.1,5.7,6.0,349595
DSE-2015,IFILISLMF1,2015-05-20,6.0,6.1,5.8,6.0,86866
DSE-2015,IFILISLMF1,2015-05-21,6.0,6.1,6.0,6.0,191100
DSE-2015,IFILISLMF1,2015-05-24,5.9,6.3,5.9,5.9,46525
DSE-2015,IFILISLMF1,2015-05-25,6.3,6.3,5.9,6.2,203026
DSE-2015,IFILISLMF1,2015-05-26,6.1,6.3,6.0,6.1,71322
DSE-2015,IFILISLMF1,2015-05-27,6.0,6.0,5.9,6.0,296310
DSE-2015,IFILISLMF1,2015-05-28,6.3,6.3,5.8,5.9,203000
DSE-2015,IFILISLMF1,2015-05-31,5.8,5.9,5.7,5.8,111650
DSE-2015,IFILISLMF1,2015-01-06,5.7,6.2,5.7,5.8,46100
DSE-2015,IFILISLMF1,2015-02-06,5.8,6.1,5.8,5.8,43834
DSE-2015,IFILISLMF1,2015-04-06,5.7,6.0,5.7,5.9,59160
DSE-2015,IFILISLMF1,2015-07-06,5.8,6.0,5.8,6.0,476197
DSE-2015,IFILISLMF1,2015-08-06,5.8,6.0,5.8,5.9,365782
DSE-2015,IFILISLMF1,2015-09-06,5.8,6.0,5.8,5.9,60047
DSE-2015,IFILISLMF1,2015-10-06,5.9,6.2,5.9,6.1,255549
DSE-2015,IFILISLMF1,2015-11-06,6.0,6.2,6.0,6.1,148610
DSE-2015,IFILISLMF1,2015-06-14,6.1,6.2,6.0,6.1,97391
DSE-2015,IFILISLMF1,2015-06-15,6.1,6.2,6.0,6.0,71001
DSE-2015,IFILISLMF1,2015-06-16,6.0,6.4,6.0,6.3,816670
DSE-2015,IFILISLMF1,2015-06-17,6.3,6.6,6.2,6.4,249000
DSE-2015,IFILISLMF1,2015-06-18,6.2,6.4,6.1,6.2,568820
DSE-2015,IFILISLMF1,2015-06-21,6.1,6.4,6.1,6.4,123724
DSE-2015,IFILISLMF1,2015-06-22,6.3,6.4,6.2,6.3,175681
DSE-2015,IFILISLMF1,2015-06-23,6.2,6.4,6.1,6.4,187650
DSE-2015,IFILISLMF1,2015-06-24,6.3,6.5,6.3,6.4,297889
DSE-2015,IFILISLMF1,2015-06-25,6.3,6.4,6.3,6.3,93355
DSE-2015,IFILISLMF1,2015-06-28,6.2,6.4,6.2,6.3,172703
DSE-2015,IFILISLMF1,2015-06-29,6.3,6.4,6.2,6.3,115483
DSE-2015,IFILISLMF1,2015-06-30,6.2,6.6,6.2,6.5,427307
DSE-2015,IFILISLMF1,2015-02-07,6.5,6.5,6.4,6.5,272469
DSE-2015,IFILISLMF1,2015-05-07,6.3,6.5,6.3,6.4,168697
DSE-2015,IFILISLMF1,2015-06-07,6.4,6.5,6.3,6.4,146168
DSE-2015,IFILISLMF1,2015-07-07,6.4,6.4,6.3,6.4,157120
DSE-2015,IFILISLMF1,2015-08-07,6.3,6.5,6.3,6.4,107450
DSE-2015,IFILISLMF1,2015-09-07,6.3,6.4,6.2,6.3,164487
DSE-2015,IFILISLMF1,2015-12-07,6.5,6.5,6.4,6.5,262220
DSE-2015,IFILISLMF1,2015-07-13,6.5,6.5,6.4,6.5,407848
DSE-2015,IFILISLMF1,2015-07-14,6.5,6.6,6.4,6.5,763165
DSE-2015,IFILISLMF1,2015-07-21,6.5,6.6,6.4,6.5,660147
DSE-2015,IFILISLMF1,2015-07-22,6.6,6.8,6.4,6.7,1380818
DSE-2015,IFILISLMF1,2015-07-23,6.6,7.0,6.6,7.0,634735
DSE-2015,IFILISLMF1,2015-07-26,7.0,7.3,6.9,7.2,1489162
DSE-2015,IFILISLMF1,2015-07-27,7.1,7.3,6.8,6.9,1033164
DSE-2015,IFILISLMF1,2015-07-28,6.9,7.3,6.9,6.9,1184025
DSE-2015,IFILISLMF1,2015-07-29,7.0,7.1,6.8,7.0,759176
DSE-2015,IFILISLMF1,2015-07-30,6.9,7.0,6.8,6.9,237306
DSE-2015,IFILISLMF1,2015-02-08,6.9,7.1,6.9,7.0,442700
DSE-2015,IFILISLMF1,2015-03-08,7.0,7.0,6.9,7.0,470738
DSE-2015,IFILISLMF1,2015-04-08,6.9,7.0,6.8,6.9,907784
DSE-2015,IFILISLMF1,2015-05-08,6.9,7.0,6.8,6.8,1024900
DSE-2015,IFILISLMF1,2015-06-08,6.9,7.0,6.8,6.8,568400
DSE-2015,IFILISLMF1,2015-09-08,6.8,6.9,6.3,6.5,764010
DSE-2015,IFILISLMF1,2015-10-08,6.4,6.7,6.4,6.6,192419
DSE-2015,IFILISLMF1,2015-11-08,6.6,6.7,6.5,6.7,402874
DSE-2015,IFILISLMF1,2015-12-08,6.6,6.8,6.4,6.6,869878
DSE-2015,IFILISLMF1,2015-08-13,6.9,7.0,6.6,6.8,1513204
DSE-2015,IFILISLMF1,2015-08-16,6.9,7.0,6.8,6.8,1735919
DSE-2015,IFILISLMF1,2015-08-17,6.8,6.8,6.7,6.7,789080
DSE-2015,IFILISLMF1,2015-08-18,6.7,7.0,6.7,7.0,2463745
DSE-2015,IFILISLMF1,2015-08-19,7.0,7.1,6.9,7.0,849432
DSE-2015,IFILISLMF1,2015-08-20,7.1,7.2,7.0,7.2,883370
DSE-2015,IFILISLMF1,2015-08-23,7.2,7.3,7.1,7.2,913570
DSE-2015,IFILISLMF1,2015-08-24,7.2,7.4,7.1,7.2,1355965
DSE-2015,IFILISLMF1,2015-08-25,7.0,7.4,7.0,7.3,1899738
DSE-2015,IFILISLMF1,2015-08-26,7.3,7.4,7.1,7.3,1379849
DSE-2015,IFILISLMF1,2015-08-27,7.2,7.4,7.1,7.2,320575
DSE-2015,IFILISLMF1,2015-08-30,7.1,7.2,7.0,7.1,381012
DSE-2015,IFILISLMF1,2015-08-31,7.1,7.2,7.0,7.0,418373
DSE-2015,IFILISLMF1,2015-01-09,7.0,7.1,6.9,7.0,814141
DSE-2015,IFILISLMF1,2015-03-09,6.3,6.7,6.3,6.4,3942991
DSE-2015,IFILISLMF1,2015-06-09,6.3,6.6,6.3,6.5,807209
DSE-2015,IFILISLMF1,2015-07-09,6.4,6.7,6.4,6.5,1022201
DSE-2015,IFILISLMF1,2015-08-09,6.5,6.8,6.4,6.7,1776826
DSE-2015,IFILISLMF1,2015-09-09,6.8,7.0,6.6,6.9,7479000
DSE-2015,IFILISLMF1,2015-10-09,6.8,7.2,6.7,7.0,3088071
DSE-2015,IFILISLMF1,2015-09-13,6.9,6.9,6.6,6.7,167000
DSE-2015,IFILISLMF1,2015-09-14,6.7,7.0,6.7,7.0,1062485
DSE-2015,IFILISLMF1,2015-09-15,6.7,6.9,6.7,6.9,216000
DSE-2015,IFILISLMF1,2015-09-16,6.7,6.9,6.7,6.9,40211
DSE-2015,IFILISLMF1,2015-09-17,7.0,7.0,6.8,6.9,76680
DSE-2015,IFILISLMF1,2015-09-20,6.8,6.9,6.7,6.9,117506
DSE-2015,IFILISLMF1,2015-09-21,6.8,6.8,6.8,6.8,52252
DSE-2015,IFILISLMF1,2015-09-22,6.8,6.8,6.7,6.7,42238
DSE-2015,IFILISLMF1,2015-09-28,6.7,6.8,6.7,6.8,63000
DSE-2015,IFILISLMF1,2015-09-29,6.7,6.8,6.6,6.7,157600
DSE-2015,IFILISLMF1,2015-09-30,6.6,6.7,6.4,6.5,228527
DSE-2015,IFILISLMF1,2015-01-10,6.4,6.6,6.4,6.5,94209
DSE-2015,IFILISLMF1,2015-04-10,6.5,6.6,6.5,6.5,12389
DSE-2015,IFILISLMF1,2015-05-10,6.5,6.6,6.4,6.5,219367
DSE-2015,IFILISLMF1,2015-06-10,6.5,6.5,6.4,6.5,405000
DSE-2015,IFILISLMF1,2015-07-10,6.4,6.6,6.4,6.5,628935
DSE-2015,IFILISLMF1,2015-08-10,6.6,6.7,6.4,6.5,630180
DSE-2015,IFILISLMF1,2015-11-10,6.6,6.9,6.4,6.7,511562
DSE-2015,IFILISLMF1,2015-12-10,6.7,6.9,6.5,6.8,300860
DSE-2015,IFILISLMF1,2015-10-13,6.7,6.7,6.6,6.6,49990
DSE-2015,IFILISLMF1,2015-10-14,6.7,6.7,6.5,6.5,195430
DSE-2015,IFILISLMF1,2015-10-15,6.4,6.5,6.4,6.4,86269
DSE-2015,IFILISLMF1,2015-10-18,6.3,6.5,6.2,6.3,137890
DSE-2015,IFILISLMF1,2015-10-19,6.3,6.4,6.2,6.3,117636
DSE-2015,IFILISLMF1,2015-10-20,6.2,6.4,6.2,6.3,55014
DSE-2015,IFILISLMF1,2015-10-21,6.2,6.3,6.1,6.2,133156
DSE-2015,IFILISLMF1,2015-10-25,6.1,6.1,6.0,6.1,50408
DSE-2015,IFILISLMF1,2015-10-26,6.1,6.3,6.0,6.1,188100
DSE-2015,IFILISLMF1,2015-10-27,6.2,6.2,6.0,6.1,47500
DSE-2015,IFILISLMF1,2015-10-28,6.0,6.1,6.0,6.0,13949
DSE-2015,IFILISLMF1,2015-10-29,6.1,6.1,6.0,6.1,62372
DSE-2015,IFILISLMF1,2015-01-11,6.1,6.2,6.0,6.0,86085
DSE-2015,IFILISLMF1,2015-02-11,6.0,6.1,6.0,6.0,76623
DSE-2015,IFILISLMF1,2015-03-11,6.1,6.2,6.0,6.2,206480
DSE-2015,IFILISLMF1,2015-04-11,6.1,6.2,6.0,6.2,98680
DSE-2015,IFILISLMF1,2015-05-11,6.1,6.2,6.0,6.1,13957
DSE-2015,IFILISLMF1,2015-08-11,6.1,6.1,5.9,6.0,361103
DSE-2015,IFILISLMF1,2015-09-11,5.9,6.0,5.8,5.9,283920
DSE-2015,IFILISLMF1,2015-10-11,5.9,5.9,5.7,5.7,466306
DSE-2015,IFILISLMF1,2015-11-11,5.8,5.9,5.5,5.7,215125
DSE-2015,IFILISLMF1,2015-12-11,5.7,5.9,5.7,5.8,13693
DSE-2015,IFILISLMF1,2015-11-15,5.7,5.9,5.7,5.8,42840
DSE-2015,IFILISLMF1,2015-11-16,5.8,5.9,5.8,5.8,15147
DSE-2015,IFILISLMF1,2015-11-17,5.8,5.8,5.7,5.8,108399
DSE-2015,IFILISLMF1,2015-11-18,5.8,5.8,5.7,5.8,26120
DSE-2015,IFILISLMF1,2015-11-19,5.8,5.9,5.8,5.8,81575
DSE-2015,IFILISLMF1,2015-11-22,5.8,6.0,5.8,6.0,36980
DSE-2015,IFILISLMF1,2015-11-23,5.9,6.0,5.9,6.0,50500
DSE-2015,IFILISLMF1,2015-11-24,5.9,6.0,5.9,6.0,39790
DSE-2015,IFILISLMF1,2015-11-25,5.9,6.0,5.9,5.9,7700
DSE-2015,IFILISLMF1,2015-11-26,5.9,6.0,5.9,6.0,18356
DSE-2015,IFILISLMF1,2015-11-29,5.9,6.1,5.9,6.0,130450
DSE-2015,IFILISLMF1,2015-11-30,6.0,6.1,6.0,6.1,54900
DSE-2015,IFILISLMF1,2015-01-12,6.1,6.3,6.1,6.2,305743
DSE-2015,IFILISLMF1,2015-02-12,6.2,6.3,6.1,6.3,139600
DSE-2015,IFILISLMF1,2015-03-12,6.2,6.3,6.2,6.3,42460
DSE-2015,IFILISLMF1,2015-06-12,6.2,6.4,6.2,6.3,46915
DSE-2015,IFILISLMF1,2015-07-12,6.3,6.4,6.1,6.2,29446
DSE-2015,IFILISLMF1,2015-08-12,6.3,6.3,6.2,6.2,15565
DSE-2015,IFILISLMF1,2015-09-12,6.2,6.3,6.2,6.2,28388
DSE-2015,IFILISLMF1,2015-10-12,6.2,6.3,6.2,6.3,33886
DSE-2015,IFILISLMF1,2015-12-13,6.3,6.3,6.2,6.3,6004
DSE-2015,IFILISLMF1,2015-12-14,6.2,6.3,6.1,6.2,34593
DSE-2015,IFILISLMF1,2015-12-15,6.2,6.3,6.0,6.1,73014
DSE-2015,IFILISLMF1,2015-12-17,6.1,6.2,6.1,6.2,56263
DSE-2015,IFILISLMF1,2015-12-20,6.1,6.2,6.1,6.2,72410
DSE-2015,IFILISLMF1,2015-12-21,6.1,6.2,6.1,6.2,31570
DSE-2015,IFILISLMF1,2015-12-22,6.2,6.3,6.2,6.2,48453
DSE-2015,IFILISLMF1,2015-12-23,6.2,6.2,6.1,6.2,422370
DSE-2015,IFILISLMF1,2015-12-24,5.9,6.3,5.9,6.2,35640
DSE-2015,IFILISLMF1,2015-12-27,6.2,6.3,6.2,6.3,67288
DSE-2015,IFILISLMF1,2015-12-28,6.3,6.3,6.2,6.3,83578
DSE-2015,IFILISLMF1,2015-12-29,6.2,6.3,6.2,6.2,115182
DSE-2015,IFILISLMF1,2015-12-30,6.2,6.3,6.2,6.3,65969
DSE-2015,IFILISLMF1,2015-12-31,6.3,6.3,6.2,6.3,144901
DSE-2015,PHPMF1,2015-01-01,4.8,4.8,4.6,4.7,37497
DSE-2015,PHPMF1,2015-05-01,4.6,4.7,4.5,4.6,175978
DSE-2015,PHPMF1,2015-06-01,4.6,4.7,4.5,4.6,60397
DSE-2015,PHPMF1,2015-07-01,4.6,4.6,4.5,4.6,113517
DSE-2015,PHPMF1,2015-08-01,4.6,4.7,4.5,4.6,151773
DSE-2015,PHPMF1,2015-11-01,4.6,4.7,4.5,4.6,108387
DSE-2015,PHPMF1,2015-12-01,4.6,4.7,4.5,4.6,147620
DSE-2015,PHPMF1,2015-01-13,4.6,4.6,4.5,4.6,126359
DSE-2015,PHPMF1,2015-01-14,4.6,4.6,4.5,4.6,437806
DSE-2015,PHPMF1,2015-01-15,4.5,4.6,4.5,4.5,188664
DSE-2015,PHPMF1,2015-01-18,4.5,4.6,4.4,4.5,193439
DSE-2015,PHPMF1,2015-01-19,4.5,4.6,4.4,4.4,274720
DSE-2015,PHPMF1,2015-01-20,4.5,4.6,4.4,4.5,204714
DSE-2015,PHPMF1,2015-01-21,4.4,4.5,4.4,4.5,131292
DSE-2015,PHPMF1,2015-01-22,4.5,4.5,4.4,4.4,196503
DSE-2015,PHPMF1,2015-01-25,4.4,4.5,4.3,4.4,242237
DSE-2015,PHPMF1,2015-01-26,4.4,4.5,4.3,4.4,102661
DSE-2015,PHPMF1,2015-01-27,4.4,4.5,4.3,4.4,117862
DSE-2015,PHPMF1,2015-01-28,4.5,4.6,4.4,4.6,497938
DSE-2015,PHPMF1,2015-01-29,4.6,4.6,4.5,4.5,333831
DSE-2015,PHPMF1,2015-01-02,4.6,4.6,4.4,4.5,127390
DSE-2015,PHPMF1,2015-02-02,4.5,4.5,4.4,4.5,314134
DSE-2015,PHPMF1,2015-03-02,4.5,4.6,4.4,4.6,335478
DSE-2015,PHPMF1,2015-04-02,4.5,4.7,4.5,4.6,381793
DSE-2015,PHPMF1,2015-05-02,4.6,4.6,4.4,4.5,481321
DSE-2015,PHPMF1,2015-08-02,4.5,4.6,4.5,4.5,319567
DSE-2015,PHPMF1,2015-09-02,4.5,4.5,4.5,4.5,163798
DSE-2015,PHPMF1,2015-10-02,4.5,4.6,4.5,4.5,72498
DSE-2015,PHPMF1,2015-11-02,4.5,4.5,4.4,4.5,115043
DSE-2015,PHPMF1,2015-12-02,4.5,4.6,4.5,4.5,89755
DSE-2015,PHPMF1,2015-02-15,4.6,4.6,4.5,4.5,314666
DSE-2015,PHPMF1,2015-02-16,4.5,4.6,4.5,4.5,132441
DSE-2015,PHPMF1,2015-02-17,4.6,4.6,4.5,4.6,716256
DSE-2015,PHPMF1,2015-02-18,4.5,4.7,4.5,4.6,322720
DSE-2015,PHPMF1,2015-02-19,4.6,4.6,4.5,4.5,381236
DSE-2015,PHPMF1,2015-02-22,4.5,4.6,4.5,4.5,35503
DSE-2015,PHPMF1,2015-02-23,4.6,4.6,4.5,4.5,121316
DSE-2015,PHPMF1,2015-02-24,4.6,4.6,4.5,4.5,64589
DSE-2015,PHPMF1,2015-02-25,4.6,4.6,4.3,4.4,460844
DSE-2015,PHPMF1,2015-02-26,4.4,4.5,4.4,4.4,129881
DSE-2015,PHPMF1,2015-01-03,4.5,4.5,4.4,4.4,101189
DSE-2015,PHPMF1,2015-02-03,4.5,4.5,4.4,4.4,158560
DSE-2015,PHPMF1,2015-03-03,4.4,4.5,4.4,4.4,50624
DSE-2015,PHPMF1,2015-04-03,4.4,4.5,4.4,4.5,72055
DSE-2015,PHPMF1,2015-05-03,4.4,4.5,4.4,4.5,88324
DSE-2015,PHPMF1,2015-08-03,4.4,4.6,4.4,4.5,271382
DSE-2015,PHPMF1,2015-09-03,4.4,4.5,4.4,4.4,23736
DSE-2015,PHPMF1,2015-10-03,4.4,4.5,4.4,4.4,35410
DSE-2015,PHPMF1,2015-11-03,4.4,4.5,4.4,4.4,184230
DSE-2015,PHPMF1,2015-12-03,4.4,4.4,4.3,4.4,107431
DSE-2015,PHPMF1,2015-03-15,4.5,4.5,4.4,4.4,147789
DSE-2015,PHPMF1,2015-03-16,4.4,4.4,4.3,4.4,223545
DSE-2015,PHPMF1,2015-03-18,4.3,4.4,4.1,4.3,462136
DSE-2015,PHPMF1,2015-03-19,4.3,4.3,4.2,4.3,25356
DSE-2015,PHPMF1,2015-03-22,4.3,4.4,4.2,4.4,184615
DSE-2015,PHPMF1,2015-03-23,4.3,4.4,4.3,4.3,113747
DSE-2015,PHPMF1,2015-03-24,4.3,4.3,4.2,4.3,369654
DSE-2015,PHPMF1,2015-03-25,4.3,4.4,4.2,4.3,103139
DSE-2015,PHPMF1,2015-03-29,4.3,4.3,4.2,4.2,322873
DSE-2015,PHPMF1,2015-03-30,4.2,4.3,4.2,4.2,191239
DSE-2015,PHPMF1,2015-03-31,4.3,4.3,4.2,4.2,39299
DSE-2015,PHPMF1,2015-01-04,4.2,4.3,4.2,4.2,56897
DSE-2015,PHPMF1,2015-02-04,4.2,4.3,4.2,4.3,70721
DSE-2015,PHPMF1,2015-05-04,4.2,4.3,4.2,4.2,153729
DSE-2015,PHPMF1,2015-06-04,4.2,4.2,4.1,4.2,235725
DSE-2015,PHPMF1,2015-07-04,4.0,4.1,4.0,4.1,311705
DSE-2015,PHPMF1,2015-08-04,4.0,4.1,4.0,4.0,197257
DSE-2015,PHPMF1,2015-09-04,4.0,4.1,4.0,4.0,197735
DSE-2015,PHPMF1,2015-12-04,4.0,4.1,4.0,4.0,108659
DSE-2015,PHPMF1,2015-04-13,4.0,4.0,3.9,3.9,45117
DSE-2015,PHPMF1,2015-04-15,3.9,4.0,3.9,4.0,72764
DSE-2015,PHPMF1,2015-04-16,4.0,4.2,4.0,4.0,86798
DSE-2015,PHPMF1,2015-04-19,4.0,4.1,4.0,4.0,61004
DSE-2015,PHPMF1,2015-04-20,4.0,4.1,3.9,4.0,218243
DSE-2015,PHPMF1,2015-04-21,4.0,4.1,4.0,4.0,279733
DSE-2015,PHPMF1,2015-04-22,4.0,4.1,4.0,4.0,232947
DSE-2015,PHPMF1,2015-04-23,4.0,4.1,4.0,4.0,362165
DSE-2015,PHPMF1,2015-04-26,4.0,4.0,4.0,4.0,280595
DSE-2015,PHPMF1,2015-04-27,4.0,4.0,3.9,4.0,23407
DSE-2015,PHPMF1,2015-04-29,3.9,4.0,3.9,3.9,55825
DSE-2015,PHPMF1,2015-04-30,4.0,4.0,3.9,4.0,234440
DSE-2015,PHPMF1,2015-04-05,4.0,4.0,3.9,3.9,131336
DSE-2015,PHPMF1,2015-05-05,4.0,4.0,3.9,3.9,110262
DSE-2015,PHPMF1,2015-06-05,3.9,4.0,3.9,4.0,56639
DSE-2015,PHPMF1,2015-07-05,3.9,4.0,3.9,3.9,117233
DSE-2015,PHPMF1,2015-10-05,4.0,4.2,3.9,4.2,280988
DSE-2015,PHPMF1,2015-11-05,4.3,4.5,4.1,4.5,429278
DSE-2015,PHPMF1,2015-12-05,4.5,4.9,4.5,4.8,1010011
DSE-2015,PHPMF1,2015-05-13,4.7,4.7,4.5,4.5,228322
DSE-2015,PHPMF1,2015-05-14,4.5,4.5,4.3,4.4,324239
DSE-2015,PHPMF1,2015-05-17,4.4,4.4,4.1,4.1,262786
DSE-2015,PHPMF1,2015-05-18,4.2,4.4,4.1,4.3,334983
DSE-2015,PHPMF1,2015-05-19,4.2,4.4,4.2,4.3,150738
DSE-2015,PHPMF1,2015-05-20,4.3,4.4,4.2,4.3,334329
DSE-2015,PHPMF1,2015-05-21,4.2,4.5,4.2,4.3,207764
DSE-2015,PHPMF1,2015-05-24,4.3,4.4,4.2,4.3,223996
DSE-2015,PHPMF1,2015-05-25,4.3,4.5,4.3,4.4,205845
DSE-2015,PHPMF1,2015-05-26,4.5,4.6,4.4,4.5,312115
DSE-2015,PHPMF1,2015-05-27,4.5,4.5,4.4,4.4,331263
DSE-2015,PHPMF1,2015-05-28,4.4,4.5,4.3,4.4,144293
DSE-2015,PHPMF1,2015-05-31,4.3,4.5,4.3,4.3,169662
DSE-2015,PHPMF1,2015-01-06,4.3,4.5,4.3,4.4,415437
DSE-2015,PHPMF1,2015-02-06,4.3,4.5,4.3,4.3,236282
DSE-2015,PHPMF1,2015-04-06,4.3,4.4,4.3,4.3,175907
DSE-2015,PHPMF1,2015-07-06,4.3,4.6,4.3,4.4,401648
DSE-2015,PHPMF1,2015-08-06,4.3,4.4,4.3,4.3,115843
DSE-2015,PHPMF1,2015-09-06,4.3,4.4,4.3,4.3,137340
DSE-2015,PHPMF1,2015-10-06,4.3,4.5,4.3,4.5,390984
DSE-2015,PHPMF1,2015-11-06,4.5,4.5,4.3,4.4,113619
DSE-2015,PHPMF1,2015-06-14,4.4,4.4,4.3,4.4,49774
DSE-2015,PHPMF1,2015-06-15,4.4,4.4,4.3,4.3,64838
DSE-2015,PHPMF1,2015-06-16,4.3,4.4,4.3,4.4,199250
DSE-2015,PHPMF1,2015-06-17,4.3,4.5,4.3,4.5,785511
DSE-2015,PHPMF1,2015-06-18,4.4,4.5,4.3,4.4,461288
DSE-2015,PHPMF1,2015-06-21,4.3,4.4,4.3,4.4,67066
DSE-2015,PHPMF1,2015-06-22,4.3,4.4,4.3,4.4,36054
DSE-2015,PHPMF1,2015-06-23,4.3,4.4,4.3,4.3,176554
DSE-2015,PHPMF1,2015-06-24,4.3,4.5,4.3,4.4,2872933
DSE-2015,PHPMF1,2015-06-25,4.4,4.5,4.3,4.4,245951
DSE-2015,PHPMF1,2015-06-28,4.4,4.4,4.3,4.3,78487
DSE-2015,PHPMF1,2015-06-29,4.4,4.5,4.3,4.4,328459
DSE-2015,PHPMF1,2015-06-30,4.3,4.5,4.3,4.5,468374
DSE-2015,PHPMF1,2015-02-07,4.5,4.5,4.4,4.5,439469
DSE-2015,PHPMF1,2015-05-07,4.4,4.5,4.4,4.5,224037
DSE-2015,PHPMF1,2015-06-07,4.4,4.5,4.4,4.5,110604
DSE-2015,PHPMF1,2015-07-07,4.4,4.5,4.4,4.5,129034
DSE-2015,PHPMF1,2015-08-07,4.4,4.5,4.4,4.4,127364
DSE-2015,PHPMF1,2015-09-07,4.4,4.6,4.4,4.5,234762
DSE-2015,PHPMF1,2015-12-07,4.5,4.7,4.5,4.6,432514
DSE-2015,PHPMF1,2015-07-13,4.7,4.8,4.6,4.7,148893
DSE-2015,PHPMF1,2015-07-14,4.7,4.8,4.6,4.8,288491
DSE-2015,PHPMF1,2015-07-21,4.7,4.8,4.6,4.7,260125
DSE-2015,PHPMF1,2015-07-22,4.7,4.7,4.6,4.6,348878
DSE-2015,PHPMF1,2015-07-23,4.6,4.7,4.6,4.7,338075
DSE-2015,PHPMF1,2015-07-26,4.7,4.8,4.6,4.7,638779
DSE-2015,PHPMF1,2015-07-27,4.7,4.8,4.6,4.7,408504
DSE-2015,PHPMF1,2015-07-28,4.7,5.1,4.7,5.1,1650068
DSE-2015,PHPMF1,2015-07-29,5.2,5.4,5.0,5.1,1472480
DSE-2015,PHPMF1,2015-07-30,5.0,5.2,5.0,5.0,843487
DSE-2015,PHPMF1,2015-02-08,5.0,5.1,5.0,5.0,323302
DSE-2015,PHPMF1,2015-03-08,5.1,5.1,4.9,4.9,584379
DSE-2015,PHPMF1,2015-04-08,5.0,5.0,4.9,5.0,1178663
DSE-2015,PHPMF1,2015-05-08,4.9,5.1,4.9,4.9,598178
DSE-2015,PHPMF1,2015-06-08,5.0,5.1,4.8,4.9,535724
DSE-2015,PHPMF1,2015-09-08,5.0,5.0,4.9,5.0,390694
DSE-2015,PHPMF1,2015-10-08,4.9,5.0,4.8,4.8,177306
DSE-2015,PHPMF1,2015-11-08,4.9,4.9,4.6,4.7,515462
DSE-2015,PHPMF1,2015-12-08,4.7,4.9,4.7,4.8,160338
DSE-2015,PHPMF1,2015-08-13,4.8,4.9,4.7,4.9,113850
DSE-2015,PHPMF1,2015-08-16,4.9,4.9,4.6,4.7,600682
DSE-2015,PHPMF1,2015-08-17,4.6,4.7,4.4,4.5,617308
DSE-2015,PHPMF1,2015-08-18,4.5,4.5,4.4,4.4,258393
DSE-2015,PHPMF1,2015-08-19,4.4,4.6,4.4,4.5,507627
DSE-2015,PHPMF1,2015-08-20,4.5,4.6,4.4,4.5,319708
DSE-2015,PHPMF1,2015-08-23,4.5,4.6,4.4,4.4,136821
DSE-2015,PHPMF1,2015-08-24,4.3,4.5,4.3,4.5,80260
DSE-2015,PHPMF1,2015-08-25,4.4,4.5,4.4,4.4,90864
DSE-2015,PHPMF1,2015-08-26,4.5,4.5,4.4,4.4,91576
DSE-2015,PHPMF1,2015-08-27,4.4,4.5,4.3,4.4,202547
DSE-2015,PHPMF1,2015-08-30,4.4,4.5,4.4,4.4,43965
DSE-2015,PHPMF1,2015-08-31,4.4,4.5,4.3,4.3,645543
DSE-2015,PHPMF1,2015-01-09,4.4,4.4,4.3,4.3,546431
DSE-2015,PHPMF1,2015-02-09,4.3,4.4,4.3,4.3,191883
DSE-2015,PHPMF1,2015-03-09,4.3,4.5,4.3,4.4,176766
DSE-2015,PHPMF1,2015-06-09,4.4,4.5,4.4,4.4,403471
DSE-2015,PHPMF1,2015-08-09,4.4,4.4,4.2,4.3,798716
DSE-2015,PHPMF1,2015-09-09,4.3,4.4,4.3,4.3,451968
DSE-2015,PHPMF1,2015-10-09,4.4,4.5,4.3,4.4,314231
DSE-2015,PHPMF1,2015-09-13,4.4,4.4,4.3,4.3,236555
DSE-2015,PHPMF1,2015-09-14,4.3,4.4,4.3,4.3,102168
DSE-2015,PHPMF1,2015-09-15,4.4,4.4,4.3,4.3,118613
DSE-2015,PHPMF1,2015-09-16,4.3,4.4,4.3,4.3,205047
DSE-2015,PHPMF1,2015-09-17,4.3,4.4,4.3,4.4,467837
DSE-2015,PHPMF1,2015-09-20,4.3,4.4,4.3,4.4,126236
DSE-2015,PHPMF1,2015-09-21,4.3,4.4,4.3,4.3,162598
DSE-2015,PHPMF1,2015-09-22,4.3,4.4,4.3,4.3,170026
DSE-2015,PHPMF1,2015-09-28,4.3,4.4,4.3,4.3,59127
DSE-2015,PHPMF1,2015-09-29,4.3,4.4,4.3,4.3,493202
DSE-2015,PHPMF1,2015-09-30,4.3,4.4,4.2,4.3,698497
DSE-2015,PHPMF1,2015-01-10,4.4,4.6,4.3,4.5,1478006
DSE-2015,PHPMF1,2015-04-10,4.5,4.6,4.4,4.4,563422
DSE-2015,PHPMF1,2015-05-10,4.4,4.4,4.3,4.4,208668
DSE-2015,PHPMF1,2015-06-10,4.4,4.5,4.3,4.4,199648
DSE-2015,PHPMF1,2015-07-10,4.4,4.7,4.3,4.6,1315376
DSE-2015,PHPMF1,2015-08-10,4.5,4.7,4.5,4.7,1139013
DSE-2015,PHPMF1,2015-11-10,4.7,4.8,4.6,4.7,1261857
DSE-2015,PHPMF1,2015-12-10,4.7,4.8,4.6,4.7,550155
DSE-2015,PHPMF1,2015-10-13,4.7,4.8,4.6,4.6,670586
DSE-2015,PHPMF1,2015-10-14,4.6,4.7,4.5,4.5,471821
DSE-2015,PHPMF1,2015-10-15,4.5,4.6,4.5,4.5,201100
DSE-2015,PHPMF1,2015-10-18,4.6,4.6,4.4,4.5,437019
DSE-2015,PHPMF1,2015-10-19,4.5,4.6,4.4,4.5,348122
DSE-2015,PHPMF1,2015-10-20,4.5,4.5,4.4,4.4,317705
DSE-2015,PHPMF1,2015-10-21,4.4,4.5,4.4,4.4,216023
DSE-2015,PHPMF1,2015-10-25,4.4,4.4,4.4,4.4,183735
DSE-2015,PHPMF1,2015-10-26,4.4,4.4,4.3,4.4,132904
DSE-2015,PHPMF1,2015-10-27,4.4,4.5,4.3,4.4,86534
DSE-2015,PHPMF1,2015-10-28,4.4,4.4,4.3,4.3,79476
DSE-2015,PHPMF1,2015-10-29,4.3,4.5,4.3,4.5,120029
DSE-2015,PHPMF1,2015-01-11,4.4,4.4,4.3,4.3,147922
DSE-2015,PHPMF1,2015-02-11,4.3,4.3,4.1,4.2,203094
DSE-2015,PHPMF1,2015-03-11,4.3,4.4,4.2,4.2,257226
DSE-2015,PHPMF1,2015-04-11,4.2,4.3,4.2,4.3,274876
DSE-2015,PHPMF1,2015-05-11,4.2,4.3,4.2,4.3,34147
DSE-2015,PHPMF1,2015-08-11,4.3,4.3,4.2,4.2,43335
DSE-2015,PHPMF1,2015-09-11,4.2,4.2,4.2,4.2,200196
DSE-2015,PHPMF1,2015-10-11,4.3,4.3,4.2,4.2,64816
DSE-2015,PHPMF1,2015-11-11,4.2,4.3,4.1,4.1,467907
DSE-2015,PHPMF1,2015-12-11,4.1,4.2,4.1,4.1,1433160
DSE-2015,PHPMF1,2015-11-15,4.0,4.2,4.0,4.1,172089
DSE-2015,PHPMF1,2015-11-16,4.1,4.2,4.1,4.2,122268
DSE-2015,PHPMF1,2015-11-17,4.1,4.2,4.1,4.2,338645
DSE-2015,PHPMF1,2015-11-18,4.2,4.2,4.1,4.2,44164
DSE-2015,PHPMF1,2015-11-19,4.1,4.2,4.1,4.1,149197
DSE-2015,PHPMF1,2015-11-22,4.1,4.2,4.1,4.2,173452
DSE-2015,PHPMF1,2015-11-23,4.2,4.3,4.2,4.2,78045
DSE-2015,PHPMF1,2015-11-24,4.2,4.2,4.1,4.1,139475
DSE-2015,PHPMF1,2015-11-25,4.1,4.2,4.1,4.2,26096
DSE-2015,PHPMF1,2015-11-26,4.2,4.2,4.1,4.2,201364
DSE-2015,PHPMF1,2015-11-29,4.2,4.2,4.1,4.1,135295
DSE-2015,PHPMF1,2015-11-30,4.1,4.2,4.1,4.1,135493
DSE-2015,PHPMF1,2015-01-12,4.1,4.2,4.1,4.1,220117
DSE-2015,PHPMF1,2015-02-12,4.2,4.2,4.1,4.2,692119
DSE-2015,PHPMF1,2015-03-12,4.1,4.2,4.1,4.1,124768
DSE-2015,PHPMF1,2015-06-12,4.1,4.2,4.1,4.1,304550
DSE-2015,PHPMF1,2015-07-12,4.1,4.2,4.1,4.1,260994
DSE-2015,PHPMF1,2015-08-12,4.2,4.3,4.1,4.2,881263
DSE-2015,PHPMF1,2015-09-12,4.2,4.2,4.1,4.2,261318
DSE-2015,PHPMF1,2015-10-12,4.2,4.2,4.1,4.1,123979
DSE-2015,PHPMF1,2015-12-13,4.1,4.2,4.1,4.2,111048
DSE-2015,PHPMF1,2015-12-14,4.2,4.2,4.1,4.1,224212
DSE-2015,PHPMF1,2015-12-15,4.1,4.2,4.1,4.1,130032
DSE-2015,PHPMF1,2015-12-17,4.1,4.2,4.1,4.1,113177
DSE-2015,PHPMF1,2015-12-20,4.1,4.1,4.0,4.1,84050
DSE-2015,PHPMF1,2015-12-21,4.1,4.2,4.0,4.2,230694
DSE-2015,PHPMF1,2015-12-22,4.1,4.2,4.1,4.1,59036
DSE-2015,PHPMF1,2015-12-23,4.1,4.2,4.1,4.1,78043
DSE-2015,PHPMF1,2015-12-24,4.1,4.1,4.0,4.1,38540
DSE-2015,PHPMF1,2015-12-27,4.1,4.1,4.0,4.1,35037
DSE-2015,PHPMF1,2015-12-28,4.1,4.1,4.0,4.1,77922
DSE-2015,PHPMF1,2015-12-29,4.1,4.1,4.0,4.0,163640
DSE-2015,PHPMF1,2015-12-30,4.0,4.1,4.0,4.1,239077
DSE-2015,PHPMF1,2015-12-31,4.0,4.1,4.0,4.1,74858
