sector,trading_date,open,high,low,close,volume,year,month,date
Engineering,2017-05-02,101.57,102.57,99.9,101.13,399156.61,2017,05,02
Engineering,2017-05-03,101.41,103.05,100.22,101.16,328356.39,2017,05,03
Engineering,2017-05-04,101.42,102.16,100.41,100.98,383385.97,2017,05,04
Engineering,2017-05-07,101.19,102.26,100.33,101.24,346277.3,2017,05,07
Engineering,2017-05-08,101.46,102.4,100.49,101.36,426731.03,2017,05,08
Engineering,2017-05-09,89.37,90.18,88.35,88.99,356724.13,2017,05,09
Engineering,2017-05-11,102.52,104.1,101.49,102.83,331135.56,2017,05,11
Engineering,2017-05-14,101.85,103.67,101.04,102.43,298328.64,2017,05,14
Engineering,2017-05-15,102.51,105.42,101.8,104.22,232029.42,2017,05,15
Engineering,2017-05-16,104.35,105.21,102.45,103.47,235890.36,2017,05,16
Engineering,2017-05-17,103.47,107.39,102.98,106.4,421182.61,2017,05,17
Engineering,2017-05-18,106.95,108.85,105.1,106.43,407354.45,2017,05,18
Engineering,2017-05-21,105.96,107.47,104.04,105.13,251399.06,2017,05,21
Engineering,2017-05-22,105.36,106.42,102.96,103.9,279349.42,2017,05,22
Engineering,2017-05-23,104.05,105.38,102.85,103.97,357814.91,2017,05,23
Engineering,2017-05-24,104.58,105.7,102.62,103.28,252633.73,2017,05,24
Engineering,2017-05-25,104.05,105.12,102.82,103.49,306011.21,2017,05,25
Engineering,2017-05-28,104.12,104.65,102.35,103.2,178734.48,2017,05,28
Engineering,2017-05-29,103.54,104.24,102.0,102.78,199902.67,2017,05,29
Engineering,2017-05-30,102.93,103.88,102.0,102.66,171963.36,2017,05,30
Engineering,2017-05-31,103.29,104.0,102.12,102.8,211990.15,2017,05,31
Engineering,2017-06-01,104.47,105.03,102.51,103.23,202248.28,2017,06,01
Engineering,2017-06-04,104.2,104.85,102.93,103.7,215179.84,2017,06,04
Engineering,2017-06-05,101.96,103.32,101.01,102.24,417712.39,2017,06,05
Engineering,2017-06-06,103.02,103.76,101.85,102.65,372267.21,2017,06,06
Engineering,2017-06-07,102.89,103.52,102.08,102.52,305158.06,2017,06,07
Engineering,2017-06-08,102.7,103.41,101.93,102.49,255381.0,2017,06,08
Engineering,2017-06-11,102.49,103.24,101.49,102.13,185194.45,2017,06,11
Engineering,2017-06-12,102.28,103.42,101.34,102.32,191400.06,2017,06,12
Engineering,2017-06-13,102.55,103.12,101.56,102.33,169904.88,2017,06,13
Engineering,2017-06-14,102.48,102.93,101.09,101.85,285955.33,2017,06,14
Engineering,2017-06-15,102.06,103.05,101.2,102.22,354790.76,2017,06,15
Engineering,2017-06-18,102.61,103.57,101.94,102.72,193372.79,2017,06,18
Engineering,2017-06-19,102.96,104.13,102.19,103.2,258957.12,2017,06,19
Engineering,2017-06-20,103.91,104.58,102.37,103.6,327452.21,2017,06,20
Engineering,2017-06-21,104.0,104.88,102.79,103.65,358591.55,2017,06,21
Engineering,2017-06-22,105.2,106.42,103.65,104.81,359398.82,2017,06,22
Engineering,2017-06-28,105.37,107.01,104.32,105.87,324173.36,2017,06,28
Engineering,2017-06-29,106.62,107.44,105.1,106.3,408896.42,2017,06,29
Engineering,2017-07-02,106.66,108.92,105.58,107.86,611817.06,2017,07,02
Engineering,2017-07-03,107.64,108.73,105.73,106.89,661959.38,2017,07,03
Engineering,2017-07-04,108.05,109.72,107.15,108.3,619163.42,2017,07,04
Engineering,2017-07-05,109.03,109.9,107.46,108.26,527033.58,2017,07,05
Engineering,2017-07-06,108.32,109.39,106.99,107.9,434300.45,2017,07,06
Engineering,2017-07-09,109.75,111.33,108.24,109.7,747167.16,2017,07,09
Engineering,2017-07-10,109.13,110.67,107.68,109.0,997366.88,2017,07,10
Engineering,2017-07-11,108.93,110.32,107.57,108.65,741533.12,2017,07,11
Engineering,2017-07-12,108.54,110.09,107.33,108.45,527335.97,2017,07,12
Engineering,2017-07-13,108.93,110.35,107.68,109.17,519633.18,2017,07,13
Engineering,2017-07-16,109.64,111.41,108.75,110.18,787211.24,2017,07,16
Engineering,2017-07-17,110.4,111.95,109.31,110.51,868800.85,2017,07,17
Engineering,2017-07-18,110.96,112.6,109.73,110.96,559454.7,2017,07,18
Engineering,2017-07-19,111.34,113.42,110.26,111.38,617338.0,2017,07,19
Engineering,2017-07-20,111.62,112.78,110.19,111.36,344235.39,2017,07,20
Engineering,2017-07-23,111.97,113.75,110.71,111.87,373183.0,2017,07,23
Engineering,2017-07-24,112.51,113.88,111.21,112.13,289173.12,2017,07,24
Engineering,2017-07-25,113.33,114.09,111.75,112.53,259937.88,2017,07,25
Engineering,2017-07-26,112.98,113.77,111.47,112.52,271896.18,2017,07,26
Engineering,2017-07-27,112.59,113.38,111.37,112.27,272289.55,2017,07,27
Engineering,2017-07-30,112.44,113.54,111.03,111.72,235323.52,2017,07,30
Engineering,2017-07-31,111.03,113.17,109.23,111.58,654274.65,2017,07,31
Engineering,2017-08-01,112.0,113.25,110.21,111.4,550274.09,2017,08,01
Engineering,2017-08-02,111.77,112.93,110.04,110.81,595710.76,2017,08,02
Engineering,2017-08-03,110.98,112.62,109.65,111.0,555377.94,2017,08,03
Engineering,2017-08-06,111.69,113.92,110.94,112.61,754711.35,2017,08,06
Engineering,2017-08-07,112.91,115.29,111.6,113.46,519236.15,2017,08,07
Engineering,2017-08-08,113.96,118.26,113.11,116.79,468008.71,2017,08,08
Engineering,2017-08-09,117.66,119.94,116.21,118.21,454951.47,2017,08,09
Engineering,2017-08-10,118.53,120.13,115.92,117.4,468659.5,2017,08,10
Engineering,2017-08-13,117.89,120.14,115.48,117.7,381675.88,2017,08,13
Engineering,2017-08-16,118.49,121.48,116.92,119.51,407492.06,2017,08,16
Engineering,2017-08-17,120.4,123.21,119.21,121.26,413298.0,2017,08,17
Engineering,2017-08-20,121.99,125.19,119.92,123.14,494125.65,2017,08,20
Engineering,2017-08-21,124.76,127.03,123.36,125.76,521675.56,2017,08,21
Engineering,2017-08-22,124.29,129.7,122.69,126.84,1042005.68,2017,08,22
Engineering,2017-08-23,127.0,128.24,123.17,124.44,930807.68,2017,08,23
Engineering,2017-08-24,124.29,127.39,122.36,125.24,728797.53,2017,08,24
Engineering,2017-08-27,124.96,128.73,123.67,125.81,803104.26,2017,08,27
Engineering,2017-08-28,126.12,128.06,123.93,124.99,804692.91,2017,08,28
Engineering,2017-08-29,124.09,125.57,119.92,121.45,595584.73,2017,08,29
Engineering,2017-08-30,123.89,125.52,121.57,123.18,409778.97,2017,08,30
Engineering,2017-08-31,123.16,126.69,121.75,123.89,341223.03,2017,08,31
Engineering,2017-09-04,125.01,126.5,122.26,123.81,362820.76,2017,09,04
Engineering,2017-09-05,124.82,126.49,122.2,123.66,416277.0,2017,09,05
Engineering,2017-09-06,124.56,128.5,122.83,125.55,589367.24,2017,09,06
Engineering,2017-09-07,127.08,130.17,125.1,127.95,429547.88,2017,09,07
Engineering,2017-09-10,128.52,130.01,123.91,125.2,444372.03,2017,09,10
Engineering,2017-09-11,128.5,130.6,126.02,127.95,437466.45,2017,09,11
Engineering,2017-09-12,125.76,127.86,124.03,125.41,436804.82,2017,09,12
Engineering,2017-09-13,125.51,127.0,121.91,123.41,523858.24,2017,09,13
Engineering,2017-09-14,125.29,126.32,122.19,123.55,434123.44,2017,09,14
Engineering,2017-09-17,124.35,125.37,122.21,123.19,386030.91,2017,09,17
Engineering,2017-09-18,123.26,124.16,120.57,121.54,484324.59,2017,09,18
Engineering,2017-09-19,122.76,123.83,120.46,121.35,550001.7,2017,09,19
Engineering,2017-09-20,119.8,121.46,118.6,119.33,353381.15,2017,09,20
Engineering,2017-09-21,119.68,121.02,117.83,118.72,291436.18,2017,09,21
Engineering,2017-09-24,119.0,120.14,117.36,118.02,232318.03,2017,09,24
Engineering,2017-09-25,118.81,120.74,117.1,118.55,360582.88,2017,09,25
Engineering,2017-09-26,120.66,123.04,119.07,120.62,294654.67,2017,09,26
Engineering,2017-09-27,117.95,119.42,115.04,116.69,302893.53,2017,09,27
Engineering,2017-09-28,117.83,118.82,114.26,116.18,209215.12,2017,09,28
Engineering,2017-10-02,115.66,118.21,113.02,114.3,223946.03,2017,10,02
Engineering,2017-10-03,115.04,117.31,113.24,114.92,205341.15,2017,10,03
Engineering,2017-10-04,115.62,118.11,114.39,116.24,223712.94,2017,10,04
Engineering,2017-10-05,117.12,118.61,114.61,115.59,284394.85,2017,10,05
Engineering,2017-10-08,115.86,116.64,113.45,114.41,227274.91,2017,10,08
Engineering,2017-10-09,114.51,115.84,112.1,113.17,184807.21,2017,10,09
Engineering,2017-10-10,114.55,115.77,112.21,113.16,168852.76,2017,10,10
Engineering,2017-10-11,115.08,117.81,113.52,115.94,268720.64,2017,10,11
Engineering,2017-10-12,115.88,118.96,114.76,117.07,265048.26,2017,10,12
Engineering,2017-10-15,117.96,119.45,113.74,115.02,262522.38,2017,10,15
Engineering,2017-10-16,114.53,117.17,113.33,114.74,155639.59,2017,10,16
Engineering,2017-10-17,115.64,119.07,114.39,117.47,281010.5,2017,10,17
Engineering,2017-10-18,116.83,119.38,114.5,116.72,248420.3,2017,10,18
Engineering,2017-10-19,117.13,119.09,113.99,114.82,296142.15,2017,10,19
Engineering,2017-10-22,114.85,118.17,113.08,115.57,272505.47,2017,10,22
Engineering,2017-10-23,115.97,117.14,112.54,113.58,252976.5,2017,10,23
Engineering,2017-10-24,114.36,116.89,112.29,114.41,198498.09,2017,10,24
Engineering,2017-10-25,115.2,118.4,114.01,116.08,292464.15,2017,10,25
Engineering,2017-10-26,116.79,121.11,114.49,119.09,270677.53,2017,10,26
Engineering,2017-10-29,118.71,121.23,111.06,111.98,315045.38,2017,10,29
Engineering,2017-10-30,112.0,114.04,110.19,111.74,223390.26,2017,10,30
Engineering,2017-10-31,112.99,115.68,110.58,112.72,312505.53,2017,10,31
Engineering,2017-11-01,113.33,115.04,111.74,113.44,490702.15,2017,11,01
Engineering,2017-11-02,114.16,115.56,112.59,114.21,394719.59,2017,11,02
Engineering,2017-11-05,114.67,116.97,113.41,114.87,405528.26,2017,11,05
Engineering,2017-11-06,112.35,116.47,111.19,113.68,620312.0,2017,11,06
Engineering,2017-11-07,114.62,115.79,112.29,113.7,527335.0,2017,11,07
Engineering,2017-11-08,115.19,117.07,113.16,114.39,480991.26,2017,11,08
Engineering,2017-11-09,115.94,117.4,113.71,114.96,551441.59,2017,11,09
Engineering,2017-11-12,113.47,114.72,110.59,111.54,682803.85,2017,11,12
Engineering,2017-11-13,113.49,115.08,111.53,112.98,596853.38,2017,11,13
Engineering,2017-11-14,116.96,118.52,115.17,116.15,463566.0,2017,11,14
Engineering,2017-11-15,112.33,114.56,110.62,112.7,532248.06,2017,11,15
Engineering,2017-11-16,82.68,83.7,81.22,82.42,357826.8,2017,11,16
Engineering,2017-11-19,114.43,116.37,112.22,114.29,609284.94,2017,11,19
Engineering,2017-11-20,110.96,114.46,109.35,110.86,564263.43,2017,11,20
Engineering,2017-11-21,114.28,116.37,111.86,113.64,749739.45,2017,11,21
Engineering,2017-11-22,112.27,114.11,110.8,112.54,564553.11,2017,11,22
Engineering,2017-11-23,116.11,118.4,113.47,115.69,600292.91,2017,11,23
Engineering,2017-11-26,116.21,117.97,113.8,116.56,655596.76,2017,11,26
Engineering,2017-11-27,116.56,117.97,112.85,114.57,611333.91,2017,11,27
Engineering,2017-11-28,115.84,117.23,113.64,114.86,469857.26,2017,11,28
Engineering,2017-11-29,115.52,117.0,112.63,113.67,505211.2,2017,11,29
Engineering,2017-11-30,115.36,116.89,113.47,114.98,487338.5,2017,11,30
Engineering,2017-12-03,117.44,120.77,115.78,118.41,523488.41,2017,12,03
Engineering,2017-12-04,116.31,117.4,113.41,114.48,551042.31,2017,12,04
Engineering,2017-12-05,116.99,119.13,115.16,117.05,406458.0,2017,12,05
Engineering,2017-12-06,114.7,117.64,113.39,115.02,413171.69,2017,12,06
Engineering,2017-12-07,115.41,116.95,113.69,115.18,399149.97,2017,12,07
Engineering,2017-12-10,115.78,117.4,113.79,115.03,347292.17,2017,12,10
Engineering,2017-12-11,115.14,115.95,112.63,113.41,323040.2,2017,12,11
Engineering,2017-12-12,113.91,115.68,112.51,113.49,311501.49,2017,12,12
Engineering,2017-12-13,113.61,115.47,112.54,113.54,282938.17,2017,12,13
Engineering,2017-12-14,113.37,114.96,112.02,112.73,312240.31,2017,12,14
Engineering,2017-12-17,113.33,114.39,111.31,112.49,207581.51,2017,12,17
Engineering,2017-12-18,112.93,114.59,111.68,112.98,245521.26,2017,12,18
Engineering,2017-12-19,113.62,114.65,111.71,112.67,249293.57,2017,12,19
Engineering,2017-12-20,113.97,115.24,111.4,112.6,285696.6,2017,12,20
Engineering,2017-12-21,113.33,114.5,111.11,111.94,213894.86,2017,12,21
Engineering,2017-12-24,111.78,112.95,108.23,109.31,377037.08,2017,12,24
Engineering,2017-12-26,109.62,111.39,107.73,109.14,221675.83,2017,12,26
Engineering,2017-12-27,109.39,110.25,106.98,108.08,260349.64,2017,12,27
Engineering,2017-12-28,108.63,111.05,107.74,109.42,249900.81,2017,12,28
Fuel & Power,2017-05-02,216.38,222.98,214.86,218.32,635059.28,2017,05,02
Fuel & Power,2017-05-03,218.78,221.06,217.16,219.32,443321.44,2017,05,03
Fuel & Power,2017-05-04,219.27,222.53,217.81,220.16,725469.61,2017,05,04
Fuel & Power,2017-05-07,219.97,222.34,218.91,220.01,803062.89,2017,05,07
Fuel & Power,2017-05-08,220.77,221.53,219.02,219.97,483741.17,2017,05,08
Fuel & Power,2017-05-09,219.08,221.54,218.07,219.23,719180.11,2017,05,09
Fuel & Power,2017-05-11,219.11,222.65,217.94,220.85,536314.44,2017,05,11
Fuel & Power,2017-05-14,221.12,225.06,219.73,223.31,432120.44,2017,05,14
Fuel & Power,2017-05-15,221.94,224.17,219.69,221.65,350126.44,2017,05,15
Fuel & Power,2017-05-16,222.1,224.45,220.47,222.73,394542.89,2017,05,16
Fuel & Power,2017-05-17,223.37,225.41,220.42,222.17,465810.17,2017,05,17
Fuel & Power,2017-05-18,223.93,224.69,221.14,222.43,370960.89,2017,05,18
Fuel & Power,2017-05-21,221.66,223.31,219.88,221.43,243541.89,2017,05,21
Fuel & Power,2017-05-22,222.63,226.78,220.98,225.06,476103.0,2017,05,22
Fuel & Power,2017-05-23,226.27,227.53,223.68,225.17,634725.5,2017,05,23
Fuel & Power,2017-05-24,225.84,227.03,223.4,224.46,576911.61,2017,05,24
Fuel & Power,2017-05-25,224.66,225.94,222.43,224.17,402003.56,2017,05,25
Fuel & Power,2017-05-28,224.16,225.83,221.9,223.92,248216.17,2017,05,28
Fuel & Power,2017-05-29,222.08,222.81,220.55,221.4,196860.78,2017,05,29
Fuel & Power,2017-05-30,222.53,225.42,221.14,223.51,241729.5,2017,05,30
Fuel & Power,2017-05-31,224.08,225.9,222.97,224.02,392716.94,2017,05,31
Fuel & Power,2017-06-01,223.39,225.86,222.3,224.0,468374.72,2017,06,01
Fuel & Power,2017-06-04,223.72,226.1,222.95,224.96,599657.83,2017,06,04
Fuel & Power,2017-06-05,223.89,226.77,222.03,224.37,869068.33,2017,06,05
Fuel & Power,2017-06-06,224.22,226.59,222.81,224.03,720139.5,2017,06,06
Fuel & Power,2017-06-07,224.8,225.45,222.98,223.8,505425.28,2017,06,07
Fuel & Power,2017-06-08,224.07,224.78,221.71,222.52,440866.67,2017,06,08
Fuel & Power,2017-06-11,222.37,223.94,221.03,221.63,306989.33,2017,06,11
Fuel & Power,2017-06-12,222.39,223.35,221.36,222.22,278198.17,2017,06,12
Fuel & Power,2017-06-13,222.39,224.17,221.39,222.18,303843.61,2017,06,13
Fuel & Power,2017-06-14,222.79,224.56,221.23,222.42,295451.11,2017,06,14
Fuel & Power,2017-06-15,223.11,223.83,221.45,222.47,282339.83,2017,06,15
Fuel & Power,2017-06-18,221.84,223.17,220.61,221.06,239819.83,2017,06,18
Fuel & Power,2017-06-19,220.82,223.21,220.25,222.12,258119.22,2017,06,19
Fuel & Power,2017-06-20,222.31,225.29,221.74,224.14,376788.89,2017,06,20
Fuel & Power,2017-06-21,224.93,227.27,223.85,225.84,467076.89,2017,06,21
Fuel & Power,2017-06-22,226.74,228.02,225.77,227.19,451879.11,2017,06,22
Fuel & Power,2017-06-28,227.44,230.07,226.64,228.1,356629.11,2017,06,28
Fuel & Power,2017-06-29,228.43,230.66,227.28,229.54,579576.11,2017,06,29
Fuel & Power,2017-07-02,229.27,233.55,227.97,231.77,840044.61,2017,07,02
Fuel & Power,2017-07-03,232.41,235.11,230.6,232.67,649270.61,2017,07,03
Fuel & Power,2017-07-04,233.29,236.51,230.74,233.38,657681.5,2017,07,04
Fuel & Power,2017-07-05,232.87,237.32,229.87,235.59,1104583.11,2017,07,05
Fuel & Power,2017-07-06,234.67,236.86,232.34,234.33,830542.94,2017,07,06
Fuel & Power,2017-07-09,234.84,236.22,232.88,233.94,805220.11,2017,07,09
Fuel & Power,2017-07-10,233.69,235.12,232.27,232.81,711615.94,2017,07,10
Fuel & Power,2017-07-11,233.02,234.92,231.71,232.59,733937.78,2017,07,11
Fuel & Power,2017-07-12,232.79,233.72,230.79,231.82,481882.67,2017,07,12
Fuel & Power,2017-07-13,232.21,235.1,230.91,233.04,559467.0,2017,07,13
Fuel & Power,2017-07-16,233.81,237.16,232.33,233.93,746040.33,2017,07,16
Fuel & Power,2017-07-17,234.42,236.16,232.84,234.21,731602.17,2017,07,17
Fuel & Power,2017-07-18,233.55,237.04,232.46,235.45,771896.11,2017,07,18
Fuel & Power,2017-07-19,231.86,236.82,230.53,233.16,883526.22,2017,07,19
Fuel & Power,2017-07-20,232.57,235.42,231.31,232.75,422241.39,2017,07,20
Fuel & Power,2017-07-23,233.43,235.16,230.97,232.44,265656.06,2017,07,23
Fuel & Power,2017-07-24,233.07,235.58,231.75,233.73,339480.44,2017,07,24
Fuel & Power,2017-07-25,234.77,235.53,231.06,232.61,332749.72,2017,07,25
Fuel & Power,2017-07-26,233.88,234.96,232.64,233.63,283535.89,2017,07,26
Fuel & Power,2017-07-27,234.22,235.04,231.71,232.89,289198.28,2017,07,27
Fuel & Power,2017-07-30,233.03,235.52,229.88,231.33,228432.0,2017,07,30
Fuel & Power,2017-07-31,231.94,233.87,229.36,231.0,361997.5,2017,07,31
Fuel & Power,2017-08-01,232.7,233.41,230.0,230.74,332345.94,2017,08,01
Fuel & Power,2017-08-02,232.67,233.98,229.68,230.22,376115.33,2017,08,02
Fuel & Power,2017-08-03,230.79,231.81,228.19,229.16,399792.33,2017,08,03
Fuel & Power,2017-08-06,230.07,231.34,228.41,229.31,358822.33,2017,08,06
Fuel & Power,2017-08-07,230.48,230.98,227.58,229.34,420580.22,2017,08,07
Fuel & Power,2017-08-08,229.62,232.52,228.52,230.91,304630.89,2017,08,08
Fuel & Power,2017-08-09,227.08,233.53,226.28,230.93,482604.11,2017,08,09
Fuel & Power,2017-08-10,231.78,232.32,229.11,229.87,333792.0,2017,08,10
Fuel & Power,2017-08-13,167.31,169.14,166.09,166.83,242837.76,2017,08,13
Fuel & Power,2017-08-16,227.13,229.49,225.39,226.06,304412.61,2017,08,16
Fuel & Power,2017-08-17,227.32,229.8,225.45,227.74,384816.33,2017,08,17
Fuel & Power,2017-08-20,228.45,230.56,226.02,227.06,248262.0,2017,08,20
Fuel & Power,2017-08-21,224.68,228.48,222.82,225.68,240270.89,2017,08,21
Fuel & Power,2017-08-22,225.47,229.12,224.54,227.31,280796.39,2017,08,22
Fuel & Power,2017-08-23,227.34,228.17,225.38,226.18,252728.33,2017,08,23
Fuel & Power,2017-08-24,225.23,227.29,224.08,225.04,220479.17,2017,08,24
Fuel & Power,2017-08-27,225.59,226.47,223.47,224.14,303987.0,2017,08,27
Fuel & Power,2017-08-28,224.23,226.32,223.47,224.16,406035.83,2017,08,28
Fuel & Power,2017-08-29,224.4,226.1,223.16,223.97,263593.22,2017,08,29
Fuel & Power,2017-08-30,224.86,225.84,223.36,224.18,236109.67,2017,08,30
Fuel & Power,2017-08-31,224.82,226.21,222.56,223.94,455870.28,2017,08,31
Fuel & Power,2017-09-04,224.28,224.92,222.11,223.06,216306.61,2017,09,04
Fuel & Power,2017-09-05,224.03,225.77,223.01,223.94,376967.28,2017,09,05
Fuel & Power,2017-09-06,224.88,226.29,221.54,223.57,459610.56,2017,09,06
Fuel & Power,2017-09-07,223.61,225.16,222.06,223.43,413830.94,2017,09,07
Fuel & Power,2017-09-10,224.73,225.3,221.91,223.34,756916.78,2017,09,10
Fuel & Power,2017-09-11,223.38,225.62,222.63,224.07,542878.11,2017,09,11
Fuel & Power,2017-09-12,225.43,226.18,222.4,223.38,589357.83,2017,09,12
Fuel & Power,2017-09-13,224.28,224.83,221.54,222.08,584670.11,2017,09,13
Fuel & Power,2017-09-14,222.36,223.83,220.78,221.77,559588.61,2017,09,14
Fuel & Power,2017-09-17,222.77,223.45,220.3,221.08,515600.78,2017,09,17
Fuel & Power,2017-09-18,221.39,222.05,219.31,219.94,492288.11,2017,09,18
Fuel & Power,2017-09-19,221.37,221.91,215.47,217.01,601660.5,2017,09,19
Fuel & Power,2017-09-20,217.77,219.76,216.47,218.13,1232628.0,2017,09,20
Fuel & Power,2017-09-21,219.16,220.11,216.12,217.17,523153.83,2017,09,21
Fuel & Power,2017-09-24,218.38,219.22,215.54,216.67,382444.0,2017,09,24
Fuel & Power,2017-09-25,217.0,218.5,215.01,216.56,342709.61,2017,09,25
Fuel & Power,2017-09-26,216.81,217.67,214.77,215.47,481146.0,2017,09,26
Fuel & Power,2017-09-27,225.54,226.45,222.58,223.22,311007.88,2017,09,27
Fuel & Power,2017-09-28,213.84,217.07,211.71,212.63,337287.61,2017,09,28
Fuel & Power,2017-10-02,212.67,213.67,208.38,209.18,287967.61,2017,10,02
Fuel & Power,2017-10-03,209.31,212.21,208.13,209.96,206542.39,2017,10,03
Fuel & Power,2017-10-04,211.6,213.56,210.22,212.46,177215.78,2017,10,04
Fuel & Power,2017-10-05,213.22,216.55,212.37,214.32,263259.94,2017,10,05
Fuel & Power,2017-10-08,214.73,215.76,212.25,213.42,231920.89,2017,10,08
Fuel & Power,2017-10-09,213.43,215.13,211.93,213.7,253772.22,2017,10,09
Fuel & Power,2017-10-10,213.12,213.83,211.02,211.58,198747.83,2017,10,10
Fuel & Power,2017-10-11,213.01,214.87,210.09,211.09,314964.39,2017,10,11
Fuel & Power,2017-10-12,211.61,216.65,210.25,214.44,240587.44,2017,10,12
Fuel & Power,2017-10-15,217.84,218.97,215.96,217.26,187928.22,2017,10,15
Fuel & Power,2017-10-16,221.65,223.28,217.18,221.14,199486.67,2017,10,16
Fuel & Power,2017-10-17,223.34,226.17,220.06,223.01,205714.06,2017,10,17
Fuel & Power,2017-10-18,221.26,225.41,220.72,223.67,280647.0,2017,10,18
Fuel & Power,2017-10-19,225.08,226.6,219.46,221.65,162536.67,2017,10,19
Fuel & Power,2017-10-22,222.87,225.39,218.88,220.72,270347.89,2017,10,22
Fuel & Power,2017-10-23,220.87,224.44,219.49,222.13,209942.72,2017,10,23
Fuel & Power,2017-10-24,222.7,223.54,218.89,220.38,188875.56,2017,10,24
Fuel & Power,2017-10-25,219.98,222.63,217.92,219.81,155964.61,2017,10,25
Fuel & Power,2017-10-26,221.29,225.9,219.99,224.32,284667.5,2017,10,26
Fuel & Power,2017-10-29,225.54,229.59,223.81,227.2,209198.94,2017,10,29
Fuel & Power,2017-10-30,226.98,227.89,221.23,223.25,272206.78,2017,10,30
Fuel & Power,2017-10-31,223.45,225.99,220.24,223.54,305475.44,2017,10,31
Fuel & Power,2017-11-01,224.49,226.87,222.47,224.56,521619.11,2017,11,01
Fuel & Power,2017-11-02,224.19,226.77,222.34,223.8,414538.39,2017,11,02
Fuel & Power,2017-11-05,224.32,225.59,221.23,221.74,284816.28,2017,11,05
Fuel & Power,2017-11-06,222.64,224.53,220.06,221.94,257060.5,2017,11,06
Fuel & Power,2017-11-07,222.29,226.53,220.68,224.99,249556.17,2017,11,07
Fuel & Power,2017-11-08,229.61,230.88,225.07,228.55,286650.61,2017,11,08
Fuel & Power,2017-11-09,243.94,247.27,237.43,240.59,265467.06,2017,11,09
Fuel & Power,2017-11-12,230.33,234.71,217.29,221.37,368514.39,2017,11,12
Fuel & Power,2017-11-13,220.6,228.58,217.76,225.29,311109.89,2017,11,13
Fuel & Power,2017-11-14,224.74,227.78,220.07,221.9,357212.06,2017,11,14
Fuel & Power,2017-11-15,227.5,229.81,224.76,225.81,269563.18,2017,11,15
Fuel & Power,2017-11-16,240.33,245.63,239.07,241.49,357489.25,2017,11,16
Fuel & Power,2017-11-19,220.88,223.64,217.58,219.1,330404.39,2017,11,19
Fuel & Power,2017-11-20,220.96,223.19,218.52,219.89,432770.5,2017,11,20
Fuel & Power,2017-11-21,231.33,233.29,228.69,230.55,314989.76,2017,11,21
Fuel & Power,2017-11-22,220.78,224.94,219.87,221.92,564431.61,2017,11,22
Fuel & Power,2017-11-23,238.76,241.43,236.89,238.11,367835.5,2017,11,23
Fuel & Power,2017-11-26,223.22,224.32,218.98,220.8,671721.0,2017,11,26
Fuel & Power,2017-11-27,220.62,223.13,218.66,219.79,488642.06,2017,11,27
Fuel & Power,2017-11-28,221.33,222.88,218.87,219.54,451503.33,2017,11,28
Fuel & Power,2017-11-29,221.4,224.12,219.39,221.79,371709.39,2017,11,29
Fuel & Power,2017-11-30,236.99,238.45,234.88,236.05,454534.73,2017,11,30
Fuel & Power,2017-12-03,239.09,240.57,237.15,238.56,268554.69,2017,12,03
Fuel & Power,2017-12-04,175.29,176.95,173.82,175.02,361489.18,2017,12,04
Fuel & Power,2017-12-05,219.83,223.78,218.83,220.93,261839.28,2017,12,05
Fuel & Power,2017-12-06,221.73,223.28,220.39,221.8,323649.83,2017,12,06
Fuel & Power,2017-12-07,233.99,238.44,232.97,235.19,390586.59,2017,12,07
Fuel & Power,2017-12-10,223.59,226.4,221.51,223.34,260834.94,2017,12,10
Fuel & Power,2017-12-11,223.96,225.98,221.83,223.38,569392.33,2017,12,11
Fuel & Power,2017-12-12,223.93,225.04,221.62,222.46,233715.28,2017,12,12
Fuel & Power,2017-12-13,222.32,223.82,220.25,221.1,250052.28,2017,12,13
Fuel & Power,2017-12-14,221.22,222.78,219.97,221.4,178643.28,2017,12,14
Fuel & Power,2017-12-17,221.94,223.34,220.12,222.02,160091.22,2017,12,17
Fuel & Power,2017-12-18,220.39,221.86,218.86,220.51,170484.65,2017,12,18
Fuel & Power,2017-12-19,222.81,223.42,220.35,220.85,157824.29,2017,12,19
Fuel & Power,2017-12-20,218.78,219.87,217.03,217.72,153992.5,2017,12,20
Fuel & Power,2017-12-21,218.06,219.8,215.98,217.31,123063.5,2017,12,21
Fuel & Power,2017-12-24,216.81,218.11,214.76,215.24,123490.5,2017,12,24
Fuel & Power,2017-12-26,215.3,217.28,214.1,215.0,170857.06,2017,12,26
Fuel & Power,2017-12-27,214.75,217.9,212.83,214.24,168873.39,2017,12,27
Fuel & Power,2017-12-28,214.43,220.39,213.86,217.64,167205.28,2017,12,28
IT Sector,2017-05-02,31.19,31.66,30.5,30.73,1465116.0,2017,05,02
IT Sector,2017-05-03,30.73,32.44,30.51,32.0,2227872.71,2017,05,03
IT Sector,2017-05-04,32.19,32.7,31.29,31.66,1566412.71,2017,05,04
IT Sector,2017-05-07,31.73,32.47,31.19,31.79,1874725.86,2017,05,07
IT Sector,2017-05-08,31.9,32.07,31.06,31.34,1057177.14,2017,05,08
IT Sector,2017-05-09,31.41,32.11,30.96,31.61,1626233.86,2017,05,09
IT Sector,2017-05-11,31.67,32.41,31.43,32.0,1060339.86,2017,05,11
IT Sector,2017-05-14,32.11,32.36,31.4,31.61,855499.57,2017,05,14
IT Sector,2017-05-15,31.79,31.91,31.06,31.33,767996.71,2017,05,15
IT Sector,2017-05-16,31.63,31.87,30.9,31.21,835721.0,2017,05,16
IT Sector,2017-05-17,31.54,32.24,31.19,31.91,1361426.86,2017,05,17
IT Sector,2017-05-18,32.16,32.6,31.77,32.0,1377344.14,2017,05,18
IT Sector,2017-05-21,32.09,32.53,31.6,32.06,768548.29,2017,05,21
IT Sector,2017-05-22,32.4,33.57,31.89,32.99,2766879.14,2017,05,22
IT Sector,2017-05-23,33.17,33.53,32.34,32.9,1579542.57,2017,05,23
IT Sector,2017-05-24,32.91,33.83,32.71,33.24,2177240.71,2017,05,24
IT Sector,2017-05-25,33.36,33.6,32.37,32.67,1280963.0,2017,05,25
IT Sector,2017-05-28,32.71,33.3,32.24,32.43,1206973.14,2017,05,28
IT Sector,2017-05-29,32.53,32.66,31.83,32.04,789157.86,2017,05,29
IT Sector,2017-05-30,32.13,32.36,31.44,31.89,661243.29,2017,05,30
IT Sector,2017-05-31,32.14,32.77,31.61,32.2,1113134.29,2017,05,31
IT Sector,2017-06-01,32.41,33.26,32.3,32.74,1266350.86,2017,06,01
IT Sector,2017-06-04,32.66,32.96,32.03,32.23,1192941.43,2017,06,04
IT Sector,2017-06-05,32.39,32.87,32.0,32.56,1042216.86,2017,06,05
IT Sector,2017-06-06,32.51,33.07,32.26,32.39,921459.0,2017,06,06
IT Sector,2017-06-07,32.57,32.96,32.17,32.37,796431.57,2017,06,07
IT Sector,2017-06-08,32.46,32.93,32.23,32.6,778256.0,2017,06,08
IT Sector,2017-06-11,32.71,33.09,32.23,32.36,739940.71,2017,06,11
IT Sector,2017-06-12,32.33,32.7,32.09,32.3,426944.0,2017,06,12
IT Sector,2017-06-13,32.33,32.57,31.91,32.11,440824.29,2017,06,13
IT Sector,2017-06-14,32.31,32.73,32.06,32.47,1096507.57,2017,06,14
IT Sector,2017-06-15,32.66,33.16,32.4,32.83,912978.71,2017,06,15
IT Sector,2017-06-18,32.9,33.11,32.29,32.46,782427.29,2017,06,18
IT Sector,2017-06-19,32.67,33.33,32.17,32.83,932444.57,2017,06,19
IT Sector,2017-06-20,33.06,33.96,32.96,33.61,1510948.71,2017,06,20
IT Sector,2017-06-21,33.67,34.3,33.39,34.1,1611083.86,2017,06,21
IT Sector,2017-06-22,34.03,34.89,33.63,34.29,1572575.86,2017,06,22
IT Sector,2017-06-28,34.23,34.46,33.53,33.77,851137.86,2017,06,28
IT Sector,2017-06-29,33.91,34.39,33.46,33.81,793743.86,2017,06,29
IT Sector,2017-07-02,34.01,34.4,33.4,33.9,1112228.14,2017,07,02
IT Sector,2017-07-03,34.16,35.43,34.06,35.0,2314979.14,2017,07,03
IT Sector,2017-07-04,35.21,35.49,34.39,34.86,1484104.57,2017,07,04
IT Sector,2017-07-05,34.89,35.41,34.37,34.69,1439509.29,2017,07,05
IT Sector,2017-07-06,34.67,35.2,34.1,34.46,1504872.86,2017,07,06
IT Sector,2017-07-09,34.71,34.93,33.66,34.03,1658688.0,2017,07,09
IT Sector,2017-07-10,34.36,34.71,33.46,33.77,1435567.57,2017,07,10
IT Sector,2017-07-11,34.0,35.09,33.63,34.3,2806609.86,2017,07,11
IT Sector,2017-07-12,34.49,35.06,33.69,33.99,1577680.86,2017,07,12
IT Sector,2017-07-13,34.16,35.59,33.77,35.26,2683336.0,2017,07,13
IT Sector,2017-07-16,35.46,36.09,34.76,35.34,1869318.71,2017,07,16
IT Sector,2017-07-17,35.34,35.43,34.34,34.74,1366381.86,2017,07,17
IT Sector,2017-07-18,34.96,35.74,34.6,34.99,1164602.57,2017,07,18
IT Sector,2017-07-19,35.2,35.67,33.99,34.2,1010094.86,2017,07,19
IT Sector,2017-07-20,34.36,34.67,33.74,34.0,496390.86,2017,07,20
IT Sector,2017-07-23,34.4,34.5,33.46,33.84,577665.71,2017,07,23
IT Sector,2017-07-24,34.09,34.6,33.7,34.11,537543.86,2017,07,24
IT Sector,2017-07-25,34.31,34.86,33.94,34.23,630463.14,2017,07,25
IT Sector,2017-07-26,34.49,34.71,33.96,34.34,340651.0,2017,07,26
IT Sector,2017-07-27,34.6,35.37,34.31,35.11,915694.86,2017,07,27
IT Sector,2017-07-30,35.21,36.1,35.04,35.56,929449.57,2017,07,30
IT Sector,2017-07-31,35.77,36.19,35.14,35.5,1126715.29,2017,07,31
IT Sector,2017-08-01,35.86,36.54,35.43,35.89,1268117.57,2017,08,01
IT Sector,2017-08-02,35.93,36.44,35.34,35.6,1187541.0,2017,08,02
IT Sector,2017-08-03,35.66,36.07,35.13,35.4,704429.29,2017,08,03
IT Sector,2017-08-06,35.44,35.89,34.87,35.17,724316.29,2017,08,06
IT Sector,2017-08-07,35.3,35.93,34.77,35.23,948230.71,2017,08,07
IT Sector,2017-08-08,35.41,35.74,34.91,35.3,660837.0,2017,08,08
IT Sector,2017-08-09,35.41,35.7,34.97,35.21,685407.14,2017,08,09
IT Sector,2017-08-10,35.33,35.73,34.96,35.14,852497.14,2017,08,10
IT Sector,2017-08-13,35.39,35.67,34.34,34.69,503518.0,2017,08,13
IT Sector,2017-08-16,34.76,34.96,33.99,34.33,415864.43,2017,08,16
IT Sector,2017-08-17,34.39,34.84,33.9,34.39,459317.57,2017,08,17
IT Sector,2017-08-20,34.44,34.97,33.87,34.26,763267.71,2017,08,20
IT Sector,2017-08-21,34.47,34.87,34.03,34.39,770816.86,2017,08,21
IT Sector,2017-08-22,34.77,36.04,34.56,35.59,1703990.86,2017,08,22
IT Sector,2017-08-23,36.0,36.6,35.34,35.76,1631971.0,2017,08,23
IT Sector,2017-08-24,35.79,36.94,35.61,36.53,1897403.14,2017,08,24
IT Sector,2017-08-27,36.79,37.17,35.74,36.23,1025002.43,2017,08,27
IT Sector,2017-08-28,36.34,36.89,35.91,36.23,1334417.14,2017,08,28
IT Sector,2017-08-29,36.41,37.2,36.09,36.56,922177.86,2017,08,29
IT Sector,2017-08-30,36.93,37.56,36.17,36.44,1248405.14,2017,08,30
IT Sector,2017-08-31,36.66,36.96,35.77,36.09,607602.0,2017,08,31
IT Sector,2017-09-04,36.41,36.87,35.94,36.44,484117.43,2017,09,04
IT Sector,2017-09-05,36.64,37.21,36.33,36.8,828904.29,2017,09,05
IT Sector,2017-09-06,37.0,37.44,36.41,36.59,618130.86,2017,09,06
IT Sector,2017-09-07,36.47,37.0,35.86,36.13,603030.14,2017,09,07
IT Sector,2017-09-10,36.03,36.5,35.41,35.89,626873.14,2017,09,10
IT Sector,2017-09-11,36.0,36.59,35.46,35.84,503109.29,2017,09,11
IT Sector,2017-09-12,35.93,36.31,35.43,35.63,449162.71,2017,09,12
IT Sector,2017-09-13,35.71,36.1,35.09,35.39,591906.43,2017,09,13
IT Sector,2017-09-14,37.32,37.7,36.7,37.23,284698.17,2017,09,14
IT Sector,2017-09-17,35.99,36.51,35.4,35.74,535339.71,2017,09,17
IT Sector,2017-09-18,35.93,36.21,35.19,35.44,469010.71,2017,09,18
IT Sector,2017-09-19,35.59,35.74,34.83,34.99,415040.43,2017,09,19
IT Sector,2017-09-20,34.9,35.6,34.53,35.01,275441.86,2017,09,20
IT Sector,2017-09-21,35.07,35.31,34.39,34.59,230346.43,2017,09,21
IT Sector,2017-09-24,34.71,35.61,34.34,35.26,316107.86,2017,09,24
IT Sector,2017-09-25,35.33,35.67,34.66,34.9,282881.71,2017,09,25
IT Sector,2017-09-26,35.01,36.14,34.87,35.61,658478.14,2017,09,26
IT Sector,2017-09-27,35.69,36.03,34.86,35.16,411466.86,2017,09,27
IT Sector,2017-09-28,35.4,35.8,34.34,34.8,291104.43,2017,09,28
IT Sector,2017-10-02,45.14,50.13,39.74,47.3,1460890.88,2017,10,02
IT Sector,2017-10-03,47.75,49.09,45.68,46.16,486516.75,2017,10,03
IT Sector,2017-10-04,46.0,48.61,45.35,48.0,732459.63,2017,10,04
IT Sector,2017-10-05,48.56,51.01,47.91,48.74,921068.0,2017,10,05
IT Sector,2017-10-08,48.93,50.15,46.98,47.64,897086.25,2017,10,08
IT Sector,2017-10-09,48.1,48.99,46.36,47.88,538441.5,2017,10,09
IT Sector,2017-10-10,48.04,49.68,46.3,47.38,745251.13,2017,10,10
IT Sector,2017-10-11,47.28,48.15,45.3,45.8,829558.63,2017,10,11
IT Sector,2017-10-12,45.61,46.56,43.49,44.3,743656.38,2017,10,12
IT Sector,2017-10-15,44.83,45.4,41.74,42.33,491994.88,2017,10,15
IT Sector,2017-10-16,42.39,43.5,40.65,41.25,425432.25,2017,10,16
IT Sector,2017-10-17,40.61,44.44,40.18,43.66,704762.13,2017,10,17
IT Sector,2017-10-18,44.19,45.48,43.01,43.46,524573.25,2017,10,18
IT Sector,2017-10-19,43.39,44.56,42.66,43.63,445146.25,2017,10,19
IT Sector,2017-10-22,43.74,44.3,42.81,43.25,360955.38,2017,10,22
IT Sector,2017-10-23,43.51,44.99,43.06,43.85,475720.13,2017,10,23
IT Sector,2017-10-24,44.26,44.54,42.3,42.59,307433.38,2017,10,24
IT Sector,2017-10-25,42.85,43.7,42.4,42.86,291671.0,2017,10,25
IT Sector,2017-10-26,42.93,43.36,41.39,41.94,396558.13,2017,10,26
IT Sector,2017-10-29,41.79,42.01,39.59,40.05,870172.75,2017,10,29
IT Sector,2017-10-30,40.54,42.46,39.99,41.78,506552.75,2017,10,30
IT Sector,2017-10-31,41.98,43.18,41.8,42.79,730128.13,2017,10,31
IT Sector,2017-11-01,42.94,43.56,41.85,42.36,566495.75,2017,11,01
IT Sector,2017-11-02,42.65,43.4,42.14,42.58,599946.5,2017,11,02
IT Sector,2017-11-05,42.99,43.64,42.43,42.97,529627.29,2017,11,05
IT Sector,2017-11-06,42.6,43.36,41.84,42.13,396445.63,2017,11,06
IT Sector,2017-11-07,42.36,42.55,41.53,41.73,585076.38,2017,11,07
IT Sector,2017-11-08,41.98,42.38,41.13,41.43,378546.88,2017,11,08
IT Sector,2017-11-09,31.0,31.23,30.37,30.53,310736.83,2017,11,09
IT Sector,2017-11-12,41.55,42.04,39.71,40.13,469292.13,2017,11,12
IT Sector,2017-11-13,40.48,41.34,39.43,40.03,529624.0,2017,11,13
IT Sector,2017-11-14,40.31,40.64,38.86,39.36,489034.88,2017,11,14
IT Sector,2017-11-15,39.68,40.54,38.4,39.09,484980.25,2017,11,15
IT Sector,2017-11-16,44.18,45.08,43.48,44.02,187709.4,2017,11,16
IT Sector,2017-11-19,38.55,40.16,38.29,39.06,390428.5,2017,11,19
IT Sector,2017-11-20,39.08,39.83,37.81,38.34,343032.75,2017,11,20
IT Sector,2017-11-21,38.4,39.88,37.08,38.3,840915.5,2017,11,21
IT Sector,2017-11-22,38.65,39.44,37.95,38.69,497375.38,2017,11,22
IT Sector,2017-11-23,40.91,41.49,40.23,40.51,442696.86,2017,11,23
IT Sector,2017-11-26,38.8,39.2,37.78,38.06,403181.88,2017,11,26
IT Sector,2017-11-27,38.4,38.73,37.65,37.89,329209.0,2017,11,27
IT Sector,2017-11-28,37.96,38.34,37.2,37.41,252333.75,2017,11,28
IT Sector,2017-11-29,37.55,37.91,36.86,37.1,251681.88,2017,11,29
IT Sector,2017-11-30,37.18,37.76,36.81,37.43,261470.0,2017,11,30
IT Sector,2017-12-03,37.6,37.95,37.21,37.41,204098.75,2017,12,03
IT Sector,2017-12-04,37.53,38.66,37.34,38.16,751299.13,2017,12,04
IT Sector,2017-12-05,38.31,38.51,37.61,37.84,283345.63,2017,12,05
IT Sector,2017-12-06,37.83,38.23,37.16,37.35,318151.38,2017,12,06
IT Sector,2017-12-07,39.26,39.87,38.89,39.16,323895.14,2017,12,07
IT Sector,2017-12-10,37.33,37.94,36.85,37.28,402446.88,2017,12,10
IT Sector,2017-12-11,37.53,37.99,37.05,37.38,266307.13,2017,12,11
IT Sector,2017-12-12,37.68,38.6,37.18,37.88,266468.5,2017,12,12
IT Sector,2017-12-13,38.09,38.19,37.23,37.43,248715.0,2017,12,13
IT Sector,2017-12-14,37.55,37.94,37.1,37.38,128504.25,2017,12,14
IT Sector,2017-12-17,37.64,38.41,36.96,37.88,231735.38,2017,12,17
IT Sector,2017-12-18,38.2,38.66,37.66,37.95,206880.5,2017,12,18
IT Sector,2017-12-19,38.15,39.1,37.41,38.38,329873.0,2017,12,19
IT Sector,2017-12-20,38.36,39.06,37.84,38.4,216216.75,2017,12,20
IT Sector,2017-12-21,38.51,38.81,37.55,37.78,243567.25,2017,12,21
IT Sector,2017-12-24,37.86,38.28,36.66,36.95,168399.0,2017,12,24
IT Sector,2017-12-26,36.95,37.64,36.71,37.15,161800.63,2017,12,26
IT Sector,2017-12-27,37.06,37.9,36.5,36.89,205473.38,2017,12,27
IT Sector,2017-12-28,37.2,38.04,36.84,37.46,263291.13,2017,12,28
Services & Real Estate,2017-05-02,53.88,54.38,52.05,52.78,1536320.0,2017,05,02
Services & Real Estate,2017-05-03,52.88,53.7,52.35,52.95,1068625.75,2017,05,03
Services & Real Estate,2017-05-04,53.45,53.95,52.63,53.25,774496.5,2017,05,04
Services & Real Estate,2017-05-07,53.48,54.2,52.6,53.03,591301.5,2017,05,07
Services & Real Estate,2017-05-08,53.9,54.63,52.98,53.53,1008063.5,2017,05,08
Services & Real Estate,2017-05-09,53.45,54.3,52.93,53.65,584790.0,2017,05,09
Services & Real Estate,2017-05-11,53.43,54.08,52.95,53.63,699026.75,2017,05,11
Services & Real Estate,2017-05-14,54.18,54.73,52.95,53.13,436366.25,2017,05,14
Services & Real Estate,2017-05-15,53.0,54.23,52.88,53.53,408119.25,2017,05,15
Services & Real Estate,2017-05-16,53.7,54.5,53.28,53.85,517256.25,2017,05,16
Services & Real Estate,2017-05-17,53.75,54.15,53.18,53.55,358899.0,2017,05,17
Services & Real Estate,2017-05-18,53.48,54.05,52.88,53.3,333540.75,2017,05,18
Services & Real Estate,2017-05-21,53.25,53.7,52.4,52.83,296580.75,2017,05,21
Services & Real Estate,2017-05-22,53.25,53.5,52.35,52.78,305232.0,2017,05,22
Services & Real Estate,2017-05-23,52.88,53.18,52.3,52.6,382850.25,2017,05,23
Services & Real Estate,2017-05-24,52.78,52.95,52.43,52.55,314562.5,2017,05,24
Services & Real Estate,2017-05-25,52.53,53.03,51.93,52.25,246755.5,2017,05,25
Services & Real Estate,2017-05-28,52.43,52.53,51.6,51.75,226998.0,2017,05,28
Services & Real Estate,2017-05-29,51.63,52.03,51.33,51.65,177098.5,2017,05,29
Services & Real Estate,2017-05-30,51.8,52.28,51.4,51.75,193051.0,2017,05,30
Services & Real Estate,2017-05-31,52.0,52.23,51.53,51.85,205394.25,2017,05,31
Services & Real Estate,2017-06-01,51.93,52.33,51.58,51.93,251430.25,2017,06,01
Services & Real Estate,2017-06-04,51.85,52.15,51.45,51.7,203046.75,2017,06,04
Services & Real Estate,2017-06-05,51.78,52.6,51.65,52.1,331933.0,2017,06,05
Services & Real Estate,2017-06-06,52.3,52.75,51.95,52.35,312895.75,2017,06,06
Services & Real Estate,2017-06-07,52.33,52.4,51.75,51.93,275323.0,2017,06,07
Services & Real Estate,2017-06-08,51.78,52.05,51.58,51.78,202937.5,2017,06,08
Services & Real Estate,2017-06-11,52.18,52.48,51.55,51.68,157715.5,2017,06,11
Services & Real Estate,2017-06-12,51.7,52.13,51.6,51.78,311943.0,2017,06,12
Services & Real Estate,2017-06-13,51.9,52.18,51.65,52.03,182802.5,2017,06,13
Services & Real Estate,2017-06-14,51.8,52.1,51.45,51.73,343349.5,2017,06,14
Services & Real Estate,2017-06-15,51.7,52.3,51.53,51.78,700897.25,2017,06,15
Services & Real Estate,2017-06-18,51.95,52.68,51.7,52.38,753668.25,2017,06,18
Services & Real Estate,2017-06-19,52.1,52.43,51.93,52.15,333626.25,2017,06,19
Services & Real Estate,2017-06-20,52.28,52.83,52.13,52.58,586496.25,2017,06,20
Services & Real Estate,2017-06-21,52.78,53.05,52.33,52.55,452227.0,2017,06,21
Services & Real Estate,2017-06-22,52.75,53.03,52.45,52.68,412176.0,2017,06,22
Services & Real Estate,2017-06-28,52.73,53.23,52.5,53.05,265720.5,2017,06,28
Services & Real Estate,2017-06-29,53.15,53.83,52.53,53.38,606087.25,2017,06,29
Services & Real Estate,2017-07-02,53.28,54.5,53.1,54.13,809607.25,2017,07,02
Services & Real Estate,2017-07-03,54.63,55.08,53.95,54.73,1462445.5,2017,07,03
Services & Real Estate,2017-07-04,55.08,55.65,54.5,55.13,1052973.25,2017,07,04
Services & Real Estate,2017-07-05,54.88,56.0,54.6,55.45,1415244.25,2017,07,05
Services & Real Estate,2017-07-06,55.48,56.13,54.9,55.23,1473990.75,2017,07,06
Services & Real Estate,2017-07-09,55.5,55.93,54.98,55.25,1434499.5,2017,07,09
Services & Real Estate,2017-07-10,55.45,56.0,55.05,55.45,1922044.75,2017,07,10
Services & Real Estate,2017-07-11,55.5,55.93,54.78,55.08,1368324.75,2017,07,11
Services & Real Estate,2017-07-12,55.18,55.53,54.23,54.55,993826.0,2017,07,12
Services & Real Estate,2017-07-13,54.73,55.33,54.23,54.88,847895.0,2017,07,13
Services & Real Estate,2017-07-16,55.25,56.23,54.65,55.65,936484.75,2017,07,16
Services & Real Estate,2017-07-17,55.75,56.2,55.23,55.55,721942.75,2017,07,17
Services & Real Estate,2017-07-18,55.63,57.28,55.3,56.2,581760.25,2017,07,18
Services & Real Estate,2017-07-19,56.33,56.7,54.98,55.63,601746.75,2017,07,19
Services & Real Estate,2017-07-20,55.73,56.05,55.08,55.4,288904.0,2017,07,20
Services & Real Estate,2017-07-23,55.55,56.05,55.25,55.38,231376.75,2017,07,23
Services & Real Estate,2017-07-24,55.08,55.55,54.73,55.15,745489.25,2017,07,24
Services & Real Estate,2017-07-25,55.08,56.0,54.8,55.43,764014.0,2017,07,25
Services & Real Estate,2017-07-26,55.4,56.03,55.03,55.63,736505.25,2017,07,26
Services & Real Estate,2017-07-27,55.83,56.03,55.18,55.5,422638.0,2017,07,27
Services & Real Estate,2017-07-30,55.6,55.85,54.85,55.23,401540.25,2017,07,30
Services & Real Estate,2017-07-31,55.08,55.63,54.5,55.05,938471.25,2017,07,31
Services & Real Estate,2017-08-01,54.98,55.98,54.8,55.35,916403.75,2017,08,01
Services & Real Estate,2017-08-02,55.78,56.4,55.25,55.8,2078817.5,2017,08,02
Services & Real Estate,2017-08-03,56.3,56.73,55.45,55.88,2176955.0,2017,08,03
Services & Real Estate,2017-08-06,56.03,56.13,54.88,55.15,965746.25,2017,08,06
Services & Real Estate,2017-08-07,55.28,56.28,54.85,55.65,1477975.0,2017,08,07
Services & Real Estate,2017-08-08,55.6,56.7,55.4,55.93,1034651.75,2017,08,08
Services & Real Estate,2017-08-09,56.15,56.8,55.73,56.23,1017255.5,2017,08,09
Services & Real Estate,2017-08-10,56.03,56.45,55.28,55.53,878556.75,2017,08,10
Services & Real Estate,2017-08-13,55.68,55.93,54.63,54.93,429539.0,2017,08,13
Services & Real Estate,2017-08-16,54.8,55.18,54.13,54.38,546647.5,2017,08,16
Services & Real Estate,2017-08-17,54.53,55.45,54.05,54.63,426492.25,2017,08,17
Services & Real Estate,2017-08-20,54.85,55.75,54.58,54.98,411538.75,2017,08,20
Services & Real Estate,2017-08-21,55.0,55.4,54.4,54.83,458900.25,2017,08,21
Services & Real Estate,2017-08-22,54.88,57.83,54.8,57.48,801511.5,2017,08,22
Services & Real Estate,2017-08-23,57.75,58.65,55.9,56.38,612377.75,2017,08,23
Services & Real Estate,2017-08-24,56.23,58.48,56.05,57.48,754061.5,2017,08,24
Services & Real Estate,2017-08-27,57.6,58.68,56.9,58.13,661132.0,2017,08,27
Services & Real Estate,2017-08-28,58.23,59.58,57.9,58.23,765553.0,2017,08,28
Services & Real Estate,2017-08-29,58.23,58.73,56.9,57.28,541124.0,2017,08,29
Services & Real Estate,2017-08-30,57.68,59.03,57.43,58.03,521317.0,2017,08,30
Services & Real Estate,2017-08-31,58.05,58.78,57.2,57.55,479461.25,2017,08,31
Services & Real Estate,2017-09-04,57.75,58.43,57.18,57.48,416342.0,2017,09,04
Services & Real Estate,2017-09-05,57.9,58.58,57.2,57.55,533778.75,2017,09,05
Services & Real Estate,2017-09-06,58.28,59.68,57.43,58.83,610995.25,2017,09,06
Services & Real Estate,2017-09-07,59.2,61.63,58.85,60.18,948982.25,2017,09,07
Services & Real Estate,2017-09-10,60.38,61.05,58.33,58.9,743434.75,2017,09,10
Services & Real Estate,2017-09-11,58.95,60.18,57.63,58.05,563904.5,2017,09,11
Services & Real Estate,2017-09-12,58.18,58.95,57.65,57.98,477329.5,2017,09,12
Services & Real Estate,2017-09-13,58.33,59.08,57.33,57.65,566804.75,2017,09,13
Services & Real Estate,2017-09-14,58.0,58.75,57.5,57.85,425396.0,2017,09,14
Services & Real Estate,2017-09-17,57.85,58.48,57.35,57.8,447732.0,2017,09,17
Services & Real Estate,2017-09-18,57.85,58.15,56.55,56.85,579425.5,2017,09,18
Services & Real Estate,2017-09-19,57.48,57.7,55.68,56.0,721781.0,2017,09,19
Services & Real Estate,2017-09-20,56.53,57.08,55.55,56.0,733875.25,2017,09,20
Services & Real Estate,2017-09-21,55.95,56.83,55.23,55.58,302452.0,2017,09,21
Services & Real Estate,2017-09-24,55.8,56.45,55.2,55.43,234391.0,2017,09,24
Services & Real Estate,2017-09-25,55.53,56.48,55.25,55.6,178630.5,2017,09,25
Services & Real Estate,2017-09-26,55.83,56.03,55.1,55.4,260336.75,2017,09,26
Services & Real Estate,2017-09-27,60.77,61.6,59.1,60.1,235237.33,2017,09,27
Services & Real Estate,2017-09-28,54.48,54.63,53.4,53.65,228382.75,2017,09,28
Services & Real Estate,2017-10-02,53.5,54.03,52.45,52.85,270542.0,2017,10,02
Services & Real Estate,2017-10-03,53.38,55.63,52.93,54.58,302735.75,2017,10,03
Services & Real Estate,2017-10-04,55.0,55.9,53.93,54.3,312774.25,2017,10,04
Services & Real Estate,2017-10-05,54.53,54.68,53.68,54.05,277299.5,2017,10,05
Services & Real Estate,2017-10-08,54.0,55.3,53.6,54.25,325826.75,2017,10,08
Services & Real Estate,2017-10-09,54.08,54.95,53.6,54.15,308371.75,2017,10,09
Services & Real Estate,2017-10-10,54.3,55.2,53.68,54.38,304099.75,2017,10,10
Services & Real Estate,2017-10-11,56.9,56.9,55.37,55.63,444260.33,2017,10,11
Services & Real Estate,2017-10-12,53.18,54.75,52.68,53.55,325308.5,2017,10,12
Services & Real Estate,2017-10-15,216.73,217.8,213.87,214.78,329955.33,2017,10,15
Services & Real Estate,2017-10-16,200.21,202.54,199.4,200.88,303639.5,2017,10,16
Services & Real Estate,2017-10-17,53.78,55.13,52.9,53.9,540499.0,2017,10,17
Services & Real Estate,2017-10-18,53.95,55.73,53.63,54.95,581931.0,2017,10,18
Services & Real Estate,2017-10-19,55.35,56.73,54.35,55.2,345434.5,2017,10,19
Services & Real Estate,2017-10-22,55.58,56.03,54.38,54.83,203042.25,2017,10,22
Services & Real Estate,2017-10-23,54.88,55.08,54.0,54.28,401814.0,2017,10,23
Services & Real Estate,2017-10-24,55.08,55.33,53.75,54.08,391911.5,2017,10,24
Services & Real Estate,2017-10-25,54.5,55.5,53.75,54.08,569871.0,2017,10,25
Services & Real Estate,2017-10-26,54.43,54.83,52.7,53.15,323456.0,2017,10,26
Services & Real Estate,2017-10-29,53.25,54.65,51.88,52.88,1631947.75,2017,10,29
Services & Real Estate,2017-10-30,52.73,53.53,52.43,52.9,414984.5,2017,10,30
Services & Real Estate,2017-10-31,52.95,54.4,52.88,54.1,654771.0,2017,10,31
Services & Real Estate,2017-11-01,54.23,54.95,53.85,54.3,558965.0,2017,11,01
Services & Real Estate,2017-11-02,55.5,57.23,54.95,56.93,1113032.25,2017,11,02
Services & Real Estate,2017-11-05,57.03,58.13,56.3,56.95,1043972.5,2017,11,05
Services & Real Estate,2017-11-06,57.2,57.43,55.98,56.4,709677.5,2017,11,06
Services & Real Estate,2017-11-07,56.35,57.45,55.8,56.03,558359.25,2017,11,07
Services & Real Estate,2017-11-08,56.38,56.83,54.9,55.48,554255.0,2017,11,08
Services & Real Estate,2017-11-09,55.85,56.45,55.5,55.83,525014.25,2017,11,09
Services & Real Estate,2017-11-12,55.73,56.25,54.7,55.03,609292.75,2017,11,12
Services & Real Estate,2017-11-13,54.95,55.55,54.53,54.98,608638.5,2017,11,13
Services & Real Estate,2017-11-14,54.9,55.65,54.15,54.7,733535.0,2017,11,14
Services & Real Estate,2017-11-15,55.2,55.83,54.5,54.93,645935.25,2017,11,15
Services & Real Estate,2017-11-16,42.55,42.6,41.6,41.75,273161.5,2017,11,16
Services & Real Estate,2017-11-19,51.18,51.5,49.93,50.38,853000.0,2017,11,19
Services & Real Estate,2017-11-20,50.85,51.08,48.28,49.3,741080.25,2017,11,20
Services & Real Estate,2017-11-21,49.33,50.35,48.48,49.25,545973.5,2017,11,21
Services & Real Estate,2017-11-22,49.95,51.03,49.63,50.23,731453.25,2017,11,22
Services & Real Estate,2017-11-23,50.58,51.6,49.93,51.05,636234.5,2017,11,23
Services & Real Estate,2017-11-26,50.93,51.88,50.55,51.25,998137.25,2017,11,26
Services & Real Estate,2017-11-27,51.8,52.3,50.83,51.35,703945.75,2017,11,27
Services & Real Estate,2017-11-28,51.7,52.1,50.5,50.8,511064.0,2017,11,28
Services & Real Estate,2017-11-29,51.08,52.33,50.48,51.75,609524.0,2017,11,29
Services & Real Estate,2017-11-30,52.0,52.15,50.73,51.3,297921.25,2017,11,30
Services & Real Estate,2017-12-03,51.6,52.03,50.85,51.38,444193.5,2017,12,03
Services & Real Estate,2017-12-04,51.88,52.7,51.25,51.95,296740.0,2017,12,04
Services & Real Estate,2017-12-05,52.15,52.83,51.48,52.0,460945.25,2017,12,05
Services & Real Estate,2017-12-06,52.48,52.9,51.7,51.98,420690.0,2017,12,06
Services & Real Estate,2017-12-07,52.1,53.23,51.75,52.83,559471.5,2017,12,07
Services & Real Estate,2017-12-10,53.05,53.23,51.65,51.93,266813.75,2017,12,10
Services & Real Estate,2017-12-11,52.3,52.45,50.9,51.13,290177.75,2017,12,11
Services & Real Estate,2017-12-12,51.4,52.08,50.95,51.45,343692.75,2017,12,12
Services & Real Estate,2017-12-13,51.83,52.15,50.7,50.98,234641.0,2017,12,13
Services & Real Estate,2017-12-14,51.0,51.83,50.65,50.95,431241.25,2017,12,14
Services & Real Estate,2017-12-17,51.05,51.73,50.6,51.2,151039.5,2017,12,17
Services & Real Estate,2017-12-18,51.13,51.4,50.25,50.45,272321.0,2017,12,18
Services & Real Estate,2017-12-19,50.48,50.9,50.03,50.38,232482.0,2017,12,19
Services & Real Estate,2017-12-20,50.38,50.83,49.85,49.98,213408.0,2017,12,20
Services & Real Estate,2017-12-21,50.3,50.53,49.88,50.15,136315.0,2017,12,21
Services & Real Estate,2017-12-24,50.08,50.33,49.18,49.43,225052.25,2017,12,24
Services & Real Estate,2017-12-26,49.8,50.15,49.03,49.25,194608.0,2017,12,26
Services & Real Estate,2017-12-27,49.5,49.73,48.68,48.9,304959.5,2017,12,27
Services & Real Estate,2017-12-28,49.28,49.85,48.83,49.35,265660.5,2017,12,28
Telecommunication,2017-05-02,229.25,230.55,228.0,228.8,114542.0,2017,05,02
Telecommunication,2017-05-03,228.6,229.75,227.7,228.3,121098.0,2017,05,03
Telecommunication,2017-05-04,228.0,230.15,227.7,229.1,138192.0,2017,05,04
Telecommunication,2017-05-07,229.75,231.55,229.6,230.1,156119.0,2017,05,07
Telecommunication,2017-05-08,230.4,230.65,229.05,229.45,81143.5,2017,05,08
Telecommunication,2017-05-09,229.3,230.2,228.0,229.15,72194.5,2017,05,09
Telecommunication,2017-05-11,228.85,229.7,227.45,227.95,104898.5,2017,05,11
Telecommunication,2017-05-14,229.1,229.35,226.45,227.25,95210.0,2017,05,14
Telecommunication,2017-05-15,227.5,227.75,224.9,225.1,74367.0,2017,05,15
Telecommunication,2017-05-16,225.75,226.7,223.65,224.0,97520.0,2017,05,16
Telecommunication,2017-05-17,222.9,227.3,222.65,224.8,112395.5,2017,05,17
Telecommunication,2017-05-18,224.1,226.75,223.2,224.6,80652.5,2017,05,18
Telecommunication,2017-05-21,226.4,226.65,223.65,224.15,65371.5,2017,05,21
Telecommunication,2017-05-22,224.2,225.8,223.45,224.5,78188.0,2017,05,22
Telecommunication,2017-05-23,224.55,225.0,223.7,224.4,112602.5,2017,05,23
Telecommunication,2017-05-24,224.1,225.45,223.9,224.35,112209.0,2017,05,24
Telecommunication,2017-05-25,224.05,226.3,223.8,225.3,49849.0,2017,05,25
Telecommunication,2017-05-28,225.5,225.5,223.9,224.15,32064.5,2017,05,28
Telecommunication,2017-05-29,224.0,224.5,223.65,224.0,85961.0,2017,05,29
Telecommunication,2017-05-30,223.8,224.0,222.05,222.7,61658.5,2017,05,30
Telecommunication,2017-05-31,222.7,224.0,220.7,222.6,210345.0,2017,05,31
Telecommunication,2017-06-01,222.85,225.7,222.65,225.25,53309.0,2017,06,01
Telecommunication,2017-06-04,224.8,226.7,224.45,226.3,119442.0,2017,06,04
Telecommunication,2017-06-05,226.1,228.15,225.6,226.65,112568.0,2017,06,05
Telecommunication,2017-06-06,228.0,228.6,226.0,227.55,55326.0,2017,06,06
Telecommunication,2017-06-07,228.3,228.45,226.5,227.35,52771.5,2017,06,07
Telecommunication,2017-06-08,226.55,227.15,224.5,225.15,170163.0,2017,06,08
Telecommunication,2017-06-11,224.9,225.3,223.1,223.65,105434.5,2017,06,11
Telecommunication,2017-06-12,223.55,224.45,223.4,223.8,109989.0,2017,06,12
Telecommunication,2017-06-13,223.6,226.3,223.3,223.85,45447.0,2017,06,13
Telecommunication,2017-06-14,223.85,224.95,223.7,224.15,62022.5,2017,06,14
Telecommunication,2017-06-15,224.75,225.95,223.7,224.25,141814.0,2017,06,15
Telecommunication,2017-06-18,223.8,224.7,223.6,224.15,71685.5,2017,06,18
Telecommunication,2017-06-19,228.75,228.75,223.65,224.5,61638.0,2017,06,19
Telecommunication,2017-06-20,224.3,226.95,224.3,226.6,181591.0,2017,06,20
Telecommunication,2017-06-21,227.15,228.75,225.8,227.6,205468.5,2017,06,21
Telecommunication,2017-06-22,228.15,230.5,227.95,229.25,292092.5,2017,06,22
Telecommunication,2017-06-28,229.3,230.95,225.5,230.15,133077.5,2017,06,28
Telecommunication,2017-06-29,230.0,232.7,229.85,232.25,342298.0,2017,06,29
Telecommunication,2017-07-02,232.2,234.25,232.0,232.95,122184.5,2017,07,02
Telecommunication,2017-07-03,233.25,237.65,232.7,236.65,350393.5,2017,07,03
Telecommunication,2017-07-04,236.2,239.05,235.7,238.1,325127.5,2017,07,04
Telecommunication,2017-07-05,238.0,238.7,236.7,237.55,163352.5,2017,07,05
Telecommunication,2017-07-06,237.5,237.5,228.75,229.05,620427.5,2017,07,06
Telecommunication,2017-07-09,229.5,232.15,226.5,228.05,299659.0,2017,07,09
Telecommunication,2017-07-10,229.55,234.75,229.45,233.8,230776.0,2017,07,10
Telecommunication,2017-07-11,234.25,235.35,232.95,233.9,221145.0,2017,07,11
Telecommunication,2017-07-12,234.0,235.35,232.25,233.25,262489.0,2017,07,12
Telecommunication,2017-07-13,236.6,243.35,233.85,242.15,973520.0,2017,07,13
Telecommunication,2017-07-16,242.55,249.0,242.15,246.4,584154.5,2017,07,16
Telecommunication,2017-07-17,246.65,249.25,245.25,246.0,607206.0,2017,07,17
Telecommunication,2017-07-18,246.9,247.35,243.55,244.1,349062.5,2017,07,18
Telecommunication,2017-07-19,244.2,249.1,243.6,247.2,945571.0,2017,07,19
Telecommunication,2017-07-20,247.45,248.6,243.55,244.85,523498.5,2017,07,20
Telecommunication,2017-07-23,245.9,246.3,243.95,244.3,166942.5,2017,07,23
Telecommunication,2017-07-24,244.15,245.7,244.0,245.1,202919.0,2017,07,24
Telecommunication,2017-07-25,245.85,247.55,245.55,246.45,188518.5,2017,07,25
Telecommunication,2017-07-26,246.75,250.15,245.05,248.1,438265.0,2017,07,26
Telecommunication,2017-07-27,248.4,252.1,247.75,249.85,421682.0,2017,07,27
Telecommunication,2017-07-30,249.35,252.05,248.95,250.0,247165.5,2017,07,30
Telecommunication,2017-07-31,249.6,252.2,248.95,251.1,265399.5,2017,07,31
Telecommunication,2017-08-01,251.2,252.5,249.95,250.4,359023.0,2017,08,01
Telecommunication,2017-08-02,122.8,122.8,120.5,120.8,125003.0,2017,08,02
Telecommunication,2017-08-03,245.1,249.0,244.75,247.3,349934.0,2017,08,03
Telecommunication,2017-08-06,246.65,249.5,246.25,248.55,166395.5,2017,08,06
Telecommunication,2017-08-07,249.4,249.75,246.2,247.25,264545.0,2017,08,07
Telecommunication,2017-08-08,247.7,249.6,246.4,247.05,220564.5,2017,08,08
Telecommunication,2017-08-09,247.3,248.65,247.05,247.7,166538.5,2017,08,09
Telecommunication,2017-08-10,247.95,252.4,247.95,251.25,507691.0,2017,08,10
Telecommunication,2017-08-13,252.3,252.6,250.0,250.45,183574.0,2017,08,13
Telecommunication,2017-08-16,250.75,255.05,250.0,252.95,383550.0,2017,08,16
Telecommunication,2017-08-17,253.95,257.35,252.6,254.85,279187.5,2017,08,17
Telecommunication,2017-08-20,255.3,257.7,251.75,254.6,349365.0,2017,08,20
Telecommunication,2017-08-21,254.75,255.5,252.75,254.5,146692.5,2017,08,21
Telecommunication,2017-08-22,254.1,255.6,253.2,253.75,261901.5,2017,08,22
Telecommunication,2017-08-23,253.5,254.8,251.3,252.05,187248.5,2017,08,23
Telecommunication,2017-08-24,252.9,253.55,251.55,252.25,205358.5,2017,08,24
Telecommunication,2017-08-27,253.25,254.25,251.35,252.25,149256.0,2017,08,27
Telecommunication,2017-08-28,251.95,254.0,251.45,252.9,178332.0,2017,08,28
Telecommunication,2017-08-29,252.95,255.9,252.2,253.55,195851.0,2017,08,29
Telecommunication,2017-08-30,253.25,254.3,252.9,253.55,152995.0,2017,08,30
Telecommunication,2017-08-31,253.7,255.1,252.05,253.65,160179.0,2017,08,31
Telecommunication,2017-09-04,254.7,256.0,253.55,254.45,77608.0,2017,09,04
Telecommunication,2017-09-05,255.75,260.7,255.5,257.1,193269.5,2017,09,05
Telecommunication,2017-09-06,259.45,260.5,256.0,257.75,210766.5,2017,09,06
Telecommunication,2017-09-07,257.95,263.95,257.95,263.4,411576.5,2017,09,07
Telecommunication,2017-09-10,264.5,279.95,262.3,274.0,517418.5,2017,09,10
Telecommunication,2017-09-11,275.1,276.5,268.0,269.45,291706.0,2017,09,11
Telecommunication,2017-09-12,269.0,270.9,264.35,265.55,314342.0,2017,09,12
Telecommunication,2017-09-13,266.8,273.6,265.85,270.45,353342.5,2017,09,13
Telecommunication,2017-09-14,271.0,274.8,268.15,269.65,253482.5,2017,09,14
Telecommunication,2017-09-17,268.75,269.4,265.9,266.5,214125.0,2017,09,17
Telecommunication,2017-09-18,266.75,268.0,262.0,262.95,216311.5,2017,09,18
Telecommunication,2017-09-19,264.05,267.8,261.8,265.0,190051.0,2017,09,19
Telecommunication,2017-09-20,412.0,418.6,412.0,413.7,124246.0,2017,09,20
Telecommunication,2017-09-21,264.85,267.35,263.0,264.55,195822.5,2017,09,21
Telecommunication,2017-09-24,264.3,265.25,262.65,263.95,127257.0,2017,09,24
Telecommunication,2017-09-25,263.7,265.75,263.0,264.7,101422.5,2017,09,25
Telecommunication,2017-09-26,263.55,265.9,263.55,264.25,101356.0,2017,09,26
Telecommunication,2017-09-27,264.25,267.25,263.2,265.95,337805.0,2017,09,27
Telecommunication,2017-09-28,265.2,266.75,264.45,264.95,193632.5,2017,09,28
Telecommunication,2017-10-02,263.45,264.8,259.0,261.6,170826.0,2017,10,02
Telecommunication,2017-10-03,261.3,266.25,260.25,264.0,228152.5,2017,10,03
Telecommunication,2017-10-04,264.15,266.15,263.2,264.65,114970.5,2017,10,04
Telecommunication,2017-10-05,264.9,268.6,263.35,265.55,160273.5,2017,10,05
Telecommunication,2017-10-08,266.25,266.6,263.9,264.35,109222.5,2017,10,08
Telecommunication,2017-10-09,263.4,267.5,263.3,266.65,156500.0,2017,10,09
Telecommunication,2017-10-10,266.15,269.75,266.15,269.15,207559.5,2017,10,10
Telecommunication,2017-10-11,270.05,274.4,266.55,271.05,256352.5,2017,10,11
Telecommunication,2017-10-12,269.75,271.4,266.35,268.35,179200.5,2017,10,12
Telecommunication,2017-10-15,268.8,270.2,265.15,268.0,97992.5,2017,10,15
Telecommunication,2017-10-16,267.75,270.25,265.85,267.2,104216.5,2017,10,16
Telecommunication,2017-10-17,266.7,269.45,264.45,267.3,142587.5,2017,10,17
Telecommunication,2017-10-18,267.55,268.25,264.7,265.7,123841.5,2017,10,18
Telecommunication,2017-10-19,266.75,270.65,264.9,267.75,67636.0,2017,10,19
Telecommunication,2017-10-22,270.25,272.95,267.5,270.05,218122.5,2017,10,22
Telecommunication,2017-10-23,270.95,272.4,268.6,270.05,264221.5,2017,10,23
Telecommunication,2017-10-24,269.95,276.15,269.95,274.35,305842.0,2017,10,24
Telecommunication,2017-10-25,275.15,280.35,273.3,277.85,153445.0,2017,10,25
Telecommunication,2017-10-26,279.0,282.15,276.15,277.35,199696.0,2017,10,26
Telecommunication,2017-10-29,278.3,279.5,272.75,274.55,141642.0,2017,10,29
Telecommunication,2017-10-30,274.55,276.45,272.5,273.95,88480.0,2017,10,30
Telecommunication,2017-10-31,275.75,275.8,272.8,273.65,82164.5,2017,10,31
Telecommunication,2017-11-01,274.9,277.0,273.15,274.35,75191.0,2017,11,01
Telecommunication,2017-11-02,274.1,278.9,273.3,276.75,207757.5,2017,11,02
Telecommunication,2017-11-05,276.7,276.8,274.7,275.4,110005.5,2017,11,05
Telecommunication,2017-11-06,275.45,279.7,274.3,276.95,214724.5,2017,11,06
Telecommunication,2017-11-07,276.9,279.7,275.0,277.0,167047.5,2017,11,07
Telecommunication,2017-11-08,276.95,286.05,276.1,284.85,382438.5,2017,11,08
Telecommunication,2017-11-09,283.75,288.15,283.05,283.65,227546.5,2017,11,09
Telecommunication,2017-11-12,283.35,291.35,279.0,287.8,288794.0,2017,11,12
Telecommunication,2017-11-13,288.55,299.65,287.15,296.75,397076.5,2017,11,13
Telecommunication,2017-11-14,298.4,305.85,294.5,301.5,544579.5,2017,11,14
Telecommunication,2017-11-15,301.3,302.65,293.35,295.0,284111.5,2017,11,15
Telecommunication,2017-11-16,294.0,297.15,286.35,294.0,400041.5,2017,11,16
Telecommunication,2017-11-19,295.35,299.15,293.85,294.85,182651.0,2017,11,19
Telecommunication,2017-11-20,296.2,297.25,291.15,292.15,218736.0,2017,11,20
Telecommunication,2017-11-21,292.35,294.8,288.0,288.7,328297.5,2017,11,21
Telecommunication,2017-11-22,288.9,295.3,288.45,293.85,214896.0,2017,11,22
Telecommunication,2017-11-23,293.75,294.75,290.55,291.0,138613.0,2017,11,23
Telecommunication,2017-11-26,290.45,293.35,288.85,289.35,96752.5,2017,11,26
Telecommunication,2017-11-27,290.65,291.25,286.0,286.7,156279.5,2017,11,27
Telecommunication,2017-11-28,286.95,289.2,281.7,283.15,156085.5,2017,11,28
Telecommunication,2017-11-29,284.2,290.65,281.55,287.95,236563.5,2017,11,29
Telecommunication,2017-11-30,290.9,292.7,285.9,287.9,230769.5,2017,11,30
Telecommunication,2017-12-03,288.25,291.45,287.65,289.85,189005.5,2017,12,03
Telecommunication,2017-12-04,290.4,294.1,290.0,292.9,378525.0,2017,12,04
Telecommunication,2017-12-05,294.0,298.45,293.05,294.15,168751.0,2017,12,05
Telecommunication,2017-12-06,295.35,296.05,290.4,291.35,153202.0,2017,12,06
Telecommunication,2017-12-07,292.45,293.2,289.7,291.45,114886.5,2017,12,07
Telecommunication,2017-12-10,292.15,292.5,289.15,290.25,69130.0,2017,12,10
Telecommunication,2017-12-11,290.05,290.75,288.1,288.65,230409.5,2017,12,11
Telecommunication,2017-12-12,289.05,289.3,285.85,286.95,170084.5,2017,12,12
Telecommunication,2017-12-13,286.9,290.35,285.55,286.35,82380.5,2017,12,13
Telecommunication,2017-12-14,288.15,288.3,284.15,284.85,119981.0,2017,12,14
Telecommunication,2017-12-17,286.15,287.35,284.4,285.2,51271.0,2017,12,17
Telecommunication,2017-12-18,286.25,287.0,285.0,286.05,340875.0,2017,12,18
Telecommunication,2017-12-19,286.1,288.2,284.4,285.15,121968.0,2017,12,19
Telecommunication,2017-12-20,286.5,287.0,282.45,283.3,161705.5,2017,12,20
Telecommunication,2017-12-21,283.2,284.45,281.85,283.0,193288.5,2017,12,21
Telecommunication,2017-12-24,281.95,286.1,281.75,285.35,55148.5,2017,12,24
Telecommunication,2017-12-26,287.3,288.2,284.0,285.35,97911.5,2017,12,26
Telecommunication,2017-12-27,284.85,286.75,284.1,285.7,122691.0,2017,12,27
Telecommunication,2017-12-28,286.45,288.25,284.8,286.95,116336.5,2017,12,28
Engineering,2018-01-01,109.89,111.59,108.29,109.96,206315.75,2018,01,01
Engineering,2018-01-02,110.49,112.31,109.12,110.48,336068.28,2018,01,02
Engineering,2018-01-03,110.48,112.26,109.11,110.9,353185.14,2018,01,03
Engineering,2018-01-04,110.65,112.58,109.73,111.42,357178.33,2018,01,04
Engineering,2018-01-07,112.17,113.6,110.34,111.25,386961.89,2018,01,07
Engineering,2018-01-08,111.75,112.7,110.18,110.91,306840.19,2018,01,08
Engineering,2018-01-09,110.97,112.43,109.97,111.03,248148.47,2018,01,09
Engineering,2018-01-10,111.51,112.71,110.09,110.97,344680.72,2018,01,10
Engineering,2018-01-11,111.23,112.15,109.97,110.86,303601.19,2018,01,11
Engineering,2018-01-14,111.18,112.72,109.84,110.73,348997.81,2018,01,14
Engineering,2018-01-15,111.19,111.79,108.94,109.49,268339.39,2018,01,15
Engineering,2018-01-16,109.71,111.23,108.53,109.71,322535.78,2018,01,16
Engineering,2018-01-17,110.18,111.06,108.43,109.09,292252.11,2018,01,17
Engineering,2018-01-18,109.23,111.8,108.18,110.49,281356.92,2018,01,18
Engineering,2018-01-21,112.33,114.64,110.1,112.44,428469.0,2018,01,21
Engineering,2018-01-22,112.5,114.61,110.81,112.12,382545.97,2018,01,22
Engineering,2018-01-23,112.42,114.08,110.9,112.47,384961.72,2018,01,23
Engineering,2018-01-24,114.42,115.5,112.63,113.55,306341.86,2018,01,24
Engineering,2018-01-25,112.63,114.04,110.87,112.35,382216.67,2018,01,25
Engineering,2018-01-28,112.24,112.78,109.53,110.18,257565.17,2018,01,28
Engineering,2018-01-29,110.79,112.37,109.68,111.02,387950.67,2018,01,29
Engineering,2018-01-30,111.76,114.29,109.93,111.84,282564.64,2018,01,30
Engineering,2018-01-31,112.56,113.84,108.61,110.24,384004.17,2018,01,31
Engineering,2018-02-01,111.74,113.74,109.06,111.06,231941.08,2018,02,01
Engineering,2018-02-04,111.02,112.71,108.13,109.66,277913.94,2018,02,04
Engineering,2018-02-05,109.78,111.39,106.83,108.8,287378.69,2018,02,05
Engineering,2018-02-06,109.67,111.31,108.18,109.5,166504.47,2018,02,06
Engineering,2018-02-07,109.39,113.06,108.45,111.01,203265.61,2018,02,07
Engineering,2018-02-08,111.74,113.84,110.47,112.12,150673.14,2018,02,08
Engineering,2018-02-11,112.56,116.65,112.22,114.98,361071.14,2018,02,11
Engineering,2018-02-12,115.57,117.52,113.55,115.42,359315.83,2018,02,12
Engineering,2018-02-13,115.81,117.84,114.38,116.13,334139.92,2018,02,13
Engineering,2018-02-14,116.79,118.26,114.72,116.14,414860.14,2018,02,14
Engineering,2018-02-15,116.7,119.33,114.99,116.85,309865.56,2018,02,15
Engineering,2018-02-18,117.77,119.15,114.32,115.34,285265.36,2018,02,18
Engineering,2018-02-19,116.78,118.74,114.23,115.6,239480.31,2018,02,19
Engineering,2018-02-20,116.55,118.66,112.71,115.39,200497.03,2018,02,20
Engineering,2018-02-22,117.11,118.29,114.39,115.66,164123.86,2018,02,22
Engineering,2018-02-25,116.3,118.6,114.17,115.81,240768.25,2018,02,25
Engineering,2018-02-26,116.96,117.92,112.65,113.69,267281.0,2018,02,26
Engineering,2018-02-27,115.19,115.79,112.39,113.14,168393.42,2018,02,27
Engineering,2018-02-28,113.9,116.29,111.98,113.63,275573.11,2018,02,28
Engineering,2018-03-01,115.16,117.34,113.93,116.23,250088.36,2018,03,01
Engineering,2018-03-04,117.05,118.98,115.34,116.62,296497.31,2018,03,04
Engineering,2018-03-05,117.38,119.87,115.98,118.35,329627.31,2018,03,05
Engineering,2018-03-06,118.83,120.94,117.01,118.4,353858.17,2018,03,06
Engineering,2018-03-07,118.79,119.56,115.88,116.6,416416.28,2018,03,07
Engineering,2018-03-08,116.77,117.73,115.2,116.5,216309.56,2018,03,08
Engineering,2018-03-11,116.87,117.77,114.15,114.79,209176.81,2018,03,11
Engineering,2018-03-12,114.54,115.04,110.82,111.54,189552.64,2018,03,12
Engineering,2018-03-13,111.39,112.05,107.14,108.02,189912.39,2018,03,13
Engineering,2018-03-14,109.1,111.43,107.48,109.19,173515.03,2018,03,14
Engineering,2018-03-15,109.5,111.58,108.45,110.69,202855.33,2018,03,15
Engineering,2018-03-18,110.96,111.81,108.59,109.32,219528.72,2018,03,18
Engineering,2018-03-19,109.96,110.78,106.83,107.67,171320.11,2018,03,19
Engineering,2018-03-20,107.55,108.8,105.98,106.66,170499.22,2018,03,20
Engineering,2018-03-21,107.26,108.19,105.03,105.54,195811.86,2018,03,21
Engineering,2018-03-22,107.08,108.06,104.06,105.96,264728.92,2018,03,22
Engineering,2018-03-25,107.04,108.44,105.13,106.04,184441.47,2018,03,25
Engineering,2018-03-27,105.53,108.57,103.55,106.31,259558.25,2018,03,27
Engineering,2018-03-28,106.44,108.02,104.47,105.26,196176.19,2018,03,28
Engineering,2018-03-29,105.58,107.34,104.23,105.45,259884.61,2018,03,29
Engineering,2018-04-01,107.36,110.1,106.81,109.22,348459.28,2018,04,01
Engineering,2018-04-02,110.29,113.95,109.4,112.61,456189.56,2018,04,02
Engineering,2018-04-03,113.96,116.63,112.7,114.44,462220.75,2018,04,03
Engineering,2018-04-04,116.27,119.43,115.41,118.02,381661.89,2018,04,04
Engineering,2018-04-05,122.72,125.55,122.12,124.64,433275.49,2018,04,05
Engineering,2018-04-08,126.29,127.35,123.34,124.4,508690.75,2018,04,08
Engineering,2018-04-09,123.81,125.82,120.65,122.53,660205.09,2018,04,09
Engineering,2018-04-10,126.02,128.59,123.88,126.93,504306.97,2018,04,10
Engineering,2018-04-11,130.75,132.03,128.94,130.26,294039.47,2018,04,11
Engineering,2018-04-12,132.88,135.44,130.2,133.68,289074.03,2018,04,12
Engineering,2018-04-15,136.28,137.71,131.01,135.05,217655.92,2018,04,15
Engineering,2018-04-16,135.85,138.46,132.45,135.51,278461.47,2018,04,16
Engineering,2018-04-17,134.93,138.19,132.25,134.66,239593.78,2018,04,17
Engineering,2018-04-18,134.18,137.36,132.13,134.44,200975.17,2018,04,18
Engineering,2018-04-19,133.98,135.77,130.56,132.25,209573.97,2018,04,19
Engineering,2018-04-22,132.99,137.63,130.96,136.11,165435.28,2018,04,22
Engineering,2018-04-23,138.13,141.36,135.99,139.23,182517.31,2018,04,23
Engineering,2018-04-24,139.01,139.82,133.68,134.45,173342.22,2018,04,24
Engineering,2018-04-25,133.31,137.8,130.12,134.23,213236.44,2018,04,25
Engineering,2018-04-26,134.98,137.04,132.44,134.21,412571.28,2018,04,26
Engineering,2018-04-30,133.31,137.51,129.79,133.49,443292.86,2018,04,30
Engineering,2018-05-03,135.11,138.49,133.2,134.75,470616.83,2018,05,03
Engineering,2018-05-06,136.23,139.44,132.51,134.31,546031.78,2018,05,06
Engineering,2018-05-07,134.35,136.58,131.72,132.6,531848.69,2018,05,07
Engineering,2018-05-08,133.37,135.3,131.28,133.15,568108.14,2018,05,08
Engineering,2018-05-09,133.61,135.99,131.98,133.26,590882.33,2018,05,09
Engineering,2018-05-10,133.93,135.2,131.37,132.66,688832.08,2018,05,10
Engineering,2018-05-13,133.57,135.95,131.64,133.34,458574.06,2018,05,13
Engineering,2018-05-14,134.71,136.42,132.41,134.43,386776.31,2018,05,14
Engineering,2018-05-15,135.37,138.99,133.72,137.46,458897.92,2018,05,15
Engineering,2018-05-16,139.86,142.16,138.16,140.37,418144.78,2018,05,16
Engineering,2018-05-17,143.92,145.03,139.24,140.99,475646.97,2018,05,17
Engineering,2018-05-20,140.11,142.68,137.04,139.42,282024.39,2018,05,20
Engineering,2018-05-21,138.44,143.21,137.68,139.73,256409.11,2018,05,21
Engineering,2018-05-22,140.64,142.34,136.39,137.47,296561.75,2018,05,22
Engineering,2018-05-23,138.1,140.82,135.94,138.44,324682.86,2018,05,23
Engineering,2018-05-24,138.57,141.42,136.28,138.74,401784.97,2018,05,24
Engineering,2018-05-27,141.33,144.59,139.5,142.47,419781.11,2018,05,27
Engineering,2018-05-28,145.41,146.08,142.47,143.57,356783.42,2018,05,28
Engineering,2018-05-29,146.38,148.75,142.74,146.7,505326.67,2018,05,29
Engineering,2018-05-30,147.73,151.58,144.95,146.21,345928.97,2018,05,30
Engineering,2018-05-31,146.63,148.44,144.21,145.92,260980.75,2018,05,31
Engineering,2018-06-03,147.69,151.61,146.39,150.08,277180.28,2018,06,03
Engineering,2018-06-04,151.75,157.13,150.7,155.23,348454.86,2018,06,04
Engineering,2018-06-05,159.24,160.91,155.9,159.24,269734.67,2018,06,05
Engineering,2018-06-06,161.49,166.69,160.28,165.19,280532.92,2018,06,06
Engineering,2018-06-07,169.64,171.58,163.89,168.47,268850.92,2018,06,07
Engineering,2018-06-10,173.23,176.76,167.24,170.91,254196.39,2018,06,10
Engineering,2018-06-11,171.25,172.88,164.73,167.84,278720.83,2018,06,11
Engineering,2018-06-12,168.02,174.25,166.63,172.76,213098.17,2018,06,12
Engineering,2018-06-18,176.46,181.51,175.55,180.32,238632.81,2018,06,18
Engineering,2018-06-19,185.59,188.72,179.42,185.04,539565.17,2018,06,19
Engineering,2018-06-20,186.65,193.21,184.76,191.74,682906.56,2018,06,20
Engineering,2018-06-21,197.87,201.24,195.72,198.04,696406.78,2018,06,21
Engineering,2018-06-24,202.71,205.79,192.43,200.95,640645.92,2018,06,24
Engineering,2018-06-25,202.54,209.67,193.5,195.1,493670.17,2018,06,25
Engineering,2018-06-26,198.14,202.37,190.1,193.85,517623.5,2018,06,26
Engineering,2018-06-27,195.25,202.65,194.21,198.98,488817.33,2018,06,27
Engineering,2018-06-28,201.38,206.5,196.91,199.89,545740.47,2018,06,28
Engineering,2018-07-02,202.72,207.82,193.48,197.68,544936.58,2018,07,02
Engineering,2018-07-03,200.56,203.91,188.18,190.66,423050.58,2018,07,03
Engineering,2018-07-04,195.94,200.83,192.61,198.88,559386.75,2018,07,04
Engineering,2018-07-05,206.8,208.77,197.65,204.03,905009.36,2018,07,05
Engineering,2018-07-08,208.34,212.48,199.52,202.01,997208.75,2018,07,08
Engineering,2018-07-09,206.84,211.5,197.01,203.24,1001239.28,2018,07,09
Engineering,2018-07-10,204.71,211.08,199.56,205.11,1278163.19,2018,07,10
Engineering,2018-07-11,210.25,213.86,203.08,206.89,974531.06,2018,07,11
Engineering,2018-07-12,108.99,111.56,105.36,107.97,885326.11,2018,07,12
Engineering,2018-07-15,213.28,216.88,210.79,214.44,812434.17,2018,07,15
Engineering,2018-07-16,222.09,224.3,217.1,219.28,786593.25,2018,07,16
Engineering,2018-07-17,223.55,229.38,218.69,226.43,655119.03,2018,07,17
Engineering,2018-07-18,234.81,237.73,226.2,235.32,646402.75,2018,07,18
Engineering,2018-07-19,228.17,238.08,225.43,230.3,855311.72,2018,07,19
Engineering,2018-07-22,232.91,241.27,226.64,231.67,1149064.36,2018,07,22
Engineering,2018-07-23,237.88,241.78,229.12,235.68,902189.69,2018,07,23
Engineering,2018-07-24,238.18,243.37,228.62,233.03,648873.22,2018,07,24
Engineering,2018-07-25,236.66,239.43,224.07,228.01,965795.31,2018,07,25
Engineering,2018-07-26,229.32,233.98,216.98,218.03,952241.22,2018,07,26
Engineering,2018-07-29,218.73,226.38,211.03,219.75,583982.31,2018,07,29
Engineering,2018-07-30,224.77,229.78,221.96,227.29,471121.61,2018,07,30
Engineering,2018-07-31,234.03,236.11,222.04,225.23,629942.94,2018,07,31
Engineering,2018-08-01,225.46,230.4,220.56,225.0,765979.58,2018,08,01
Engineering,2018-08-02,228.52,232.63,222.33,226.97,555275.08,2018,08,02
Engineering,2018-08-05,224.9,231.67,218.38,219.78,443554.14,2018,08,05
Engineering,2018-08-06,218.98,227.01,216.98,224.17,386688.56,2018,08,06
Engineering,2018-08-07,228.22,233.81,224.5,229.8,636871.86,2018,08,07
Engineering,2018-08-08,235.09,239.56,233.33,235.86,627292.86,2018,08,08
Engineering,2018-08-09,242.34,244.42,234.79,240.09,615566.56,2018,08,09
Engineering,2018-08-12,243.43,245.79,230.1,233.94,617624.42,2018,08,12
Engineering,2018-08-13,231.82,239.79,225.0,236.05,463229.06,2018,08,13
Engineering,2018-08-14,243.55,247.8,234.88,241.16,393989.03,2018,08,14
Engineering,2018-08-16,237.68,244.79,234.64,241.54,374810.03,2018,08,16
Engineering,2018-08-19,105.88,106.44,101.09,101.64,361432.12,2018,08,19
Engineering,2018-08-20,101.06,103.52,99.61,101.62,222670.62,2018,08,20
Engineering,2018-08-26,102.81,106.33,101.47,105.35,246459.38,2018,08,26
Engineering,2018-08-27,107.22,108.62,104.81,106.82,371816.21,2018,08,27
Engineering,2018-08-28,107.48,108.43,104.37,105.83,401215.82,2018,08,28
Engineering,2018-08-29,106.0,107.01,103.82,104.77,461455.15,2018,08,29
Engineering,2018-08-30,105.43,106.66,102.55,103.83,591944.71,2018,08,30
Engineering,2018-09-03,104.86,106.95,102.97,104.28,469028.74,2018,09,03
Engineering,2018-09-04,104.91,106.04,102.27,103.1,458948.0,2018,09,04
Engineering,2018-09-05,104.56,107.36,102.85,105.49,638654.68,2018,09,05
Engineering,2018-09-06,106.06,108.17,103.3,104.61,690718.29,2018,09,06
Engineering,2018-09-09,105.32,107.51,102.97,104.93,705321.18,2018,09,09
Engineering,2018-09-10,105.98,108.23,102.77,104.46,1022994.79,2018,09,10
Engineering,2018-09-11,105.11,106.56,102.83,103.98,731837.18,2018,09,11
Engineering,2018-09-12,104.31,109.08,102.88,107.44,764992.53,2018,09,12
Engineering,2018-09-13,108.59,110.72,105.26,107.07,976853.85,2018,09,13
Engineering,2018-09-16,107.23,109.71,104.54,105.91,674789.91,2018,09,16
Engineering,2018-09-17,106.28,108.51,104.28,105.81,517252.29,2018,09,17
Engineering,2018-09-18,107.41,109.47,104.51,105.4,480423.73,2018,09,18
Engineering,2018-09-19,102.39,104.67,100.43,101.59,435414.55,2018,09,19
Engineering,2018-09-20,103.22,105.04,100.48,102.79,609295.85,2018,09,20
Engineering,2018-09-23,105.71,107.27,102.02,103.37,546056.44,2018,09,23
Engineering,2018-09-24,103.44,104.7,99.56,100.6,438125.29,2018,09,24
Engineering,2018-09-25,99.45,100.96,96.32,97.94,312204.7,2018,09,25
Engineering,2018-09-26,102.0,103.8,99.1,101.1,391440.71,2018,09,26
Engineering,2018-09-27,101.65,102.67,98.72,100.06,414358.38,2018,09,27
Engineering,2018-09-30,100.06,103.49,98.68,101.68,346082.32,2018,09,30
Engineering,2018-10-01,102.97,105.19,101.59,103.12,433635.26,2018,10,01
Engineering,2018-10-02,105.98,107.36,104.1,104.81,276350.94,2018,10,02
Engineering,2018-10-03,112.33,112.96,108.73,110.14,338594.66,2018,10,03
Engineering,2018-10-04,111.28,113.45,109.23,111.33,404744.6,2018,10,04
Engineering,2018-10-07,113.01,115.39,110.27,111.51,482699.94,2018,10,07
Engineering,2018-10-08,112.08,113.59,109.5,110.58,552381.57,2018,10,08
Engineering,2018-10-09,110.52,112.76,108.45,109.61,428025.49,2018,10,09
Engineering,2018-10-10,110.11,111.43,106.48,108.28,347026.89,2018,10,10
Engineering,2018-10-11,109.21,110.97,105.51,106.63,274410.8,2018,10,11
Engineering,2018-10-14,106.65,108.26,104.2,105.3,233630.8,2018,10,14
Engineering,2018-10-15,105.58,107.71,103.89,105.74,226676.09,2018,10,15
Engineering,2018-10-16,106.0,107.97,104.48,106.26,218439.54,2018,10,16
Engineering,2018-10-17,107.52,109.1,104.14,106.31,211518.34,2018,10,17
Engineering,2018-10-18,225.79,226.85,223.61,224.36,183651.41,2018,10,18
Engineering,2018-10-21,226.14,227.51,221.7,223.2,194783.12,2018,10,21
Engineering,2018-10-22,209.75,222.44,206.75,210.95,202541.19,2018,10,22
Engineering,2018-10-23,212.14,219.91,207.22,216.23,180124.97,2018,10,23
Engineering,2018-10-24,221.03,224.53,218.87,222.42,180834.69,2018,10,24
Engineering,2018-10-25,227.62,230.7,220.22,226.98,160836.11,2018,10,25
Engineering,2018-10-28,223.74,233.74,199.9,227.81,207021.11,2018,10,28
Engineering,2018-10-29,229.48,234.24,219.66,223.14,233354.33,2018,10,29
Engineering,2018-10-30,222.49,227.94,216.58,218.76,298310.5,2018,10,30
Engineering,2018-10-31,217.85,222.6,213.08,216.06,242533.33,2018,10,31
Engineering,2018-11-01,223.53,224.68,212.83,215.6,253964.5,2018,11,01
Engineering,2018-11-04,217.03,219.46,212.72,214.72,403607.92,2018,11,04
Engineering,2018-11-05,215.29,217.67,211.79,213.66,298276.42,2018,11,05
Engineering,2018-11-06,215.3,222.14,212.58,219.66,208663.47,2018,11,06
Engineering,2018-11-07,226.2,228.64,223.03,227.16,248638.0,2018,11,07
Engineering,2018-11-08,233.88,237.09,226.03,229.22,335993.92,2018,11,08
Engineering,2018-11-11,237.07,244.82,231.75,241.08,347008.91,2018,11,11
Engineering,2018-11-12,240.92,244.17,236.2,241.17,273667.89,2018,11,12
Engineering,2018-11-13,253.06,256.02,251.81,254.78,239033.57,2018,11,13
Engineering,2018-11-14,255.5,258.39,252.67,254.09,382275.64,2018,11,14
Engineering,2018-11-15,101.37,103.22,99.02,100.45,459615.97,2018,11,15
Engineering,2018-11-18,118.81,120.31,117.36,118.7,386776.16,2018,11,18
Engineering,2018-11-19,137.32,139.17,134.31,136.72,406009.28,2018,11,19
Engineering,2018-11-20,157.75,160.32,154.35,156.45,288285.81,2018,11,20
Engineering,2018-11-22,149.41,150.37,145.75,147.17,280145.85,2018,11,22
Engineering,2018-11-25,151.4,154.45,150.22,152.36,272825.35,2018,11,25
Engineering,2018-11-26,153.0,154.28,144.09,151.93,425683.44,2018,11,26
Engineering,2018-11-27,151.51,153.15,147.31,149.97,452833.33,2018,11,27
Engineering,2018-11-28,153.53,154.74,150.82,151.62,389942.81,2018,11,28
Engineering,2018-11-29,163.12,164.13,153.5,156.76,382991.0,2018,11,29
Engineering,2018-12-02,152.7,154.6,145.93,148.92,401686.14,2018,12,02
Engineering,2018-12-03,150.26,153.29,146.64,148.41,380461.36,2018,12,03
Engineering,2018-12-04,148.66,151.67,144.28,146.12,523913.47,2018,12,04
Engineering,2018-12-05,146.28,147.86,142.16,143.48,731536.42,2018,12,05
Engineering,2018-12-06,145.01,148.74,142.21,144.8,352189.58,2018,12,06
Engineering,2018-12-09,145.59,149.55,143.56,147.01,323840.47,2018,12,09
Engineering,2018-12-10,148.29,150.71,142.9,146.98,286752.61,2018,12,10
Engineering,2018-12-11,147.93,149.89,140.86,142.79,237701.14,2018,12,11
Engineering,2018-12-12,143.37,145.79,138.39,140.93,214500.06,2018,12,12
Engineering,2018-12-13,142.32,143.61,137.63,138.42,214921.67,2018,12,13
Engineering,2018-12-17,138.28,138.98,132.76,133.33,138412.67,2018,12,17
Engineering,2018-12-18,132.79,137.91,131.28,136.46,199789.08,2018,12,18
Engineering,2018-12-19,139.35,141.68,138.32,140.01,172741.36,2018,12,19
Engineering,2018-12-20,143.03,144.19,141.16,141.96,199242.81,2018,12,20
Engineering,2018-12-23,145.06,146.73,139.43,141.63,187732.11,2018,12,23
Engineering,2018-12-24,139.69,141.58,136.27,140.05,175780.57,2018,12,24
Engineering,2018-12-26,143.43,145.99,141.84,144.08,186920.39,2018,12,26
Engineering,2018-12-27,145.26,146.95,140.81,142.88,256851.19,2018,12,27
Fuel & Power,2018-01-01,217.83,220.38,215.44,217.32,113363.72,2018,01,01
Fuel & Power,2018-01-02,217.2,219.36,215.86,217.34,304441.56,2018,01,02
Fuel & Power,2018-01-03,218.92,221.41,217.37,219.46,435543.83,2018,01,03
Fuel & Power,2018-01-04,221.33,223.52,219.28,220.91,517049.78,2018,01,04
Fuel & Power,2018-01-07,221.47,223.24,219.8,221.17,311291.67,2018,01,07
Fuel & Power,2018-01-08,222.58,224.79,219.72,221.99,201291.59,2018,01,08
Fuel & Power,2018-01-09,218.35,220.55,217.49,218.46,205849.78,2018,01,09
Fuel & Power,2018-01-10,218.72,219.87,216.24,217.05,192199.89,2018,01,10
Fuel & Power,2018-01-11,217.43,218.71,215.89,217.34,163596.17,2018,01,11
Fuel & Power,2018-01-14,217.07,220.96,216.01,217.28,111568.22,2018,01,14
Fuel & Power,2018-01-15,217.32,218.19,214.39,215.42,153500.5,2018,01,15
Fuel & Power,2018-01-16,216.41,219.4,215.33,218.35,176956.89,2018,01,16
Fuel & Power,2018-01-17,219.38,220.72,216.94,218.73,133026.39,2018,01,17
Fuel & Power,2018-01-18,219.43,225.02,218.69,223.89,145585.28,2018,01,18
Fuel & Power,2018-01-21,225.06,227.36,222.6,224.03,121671.5,2018,01,21
Fuel & Power,2018-01-22,222.79,225.7,220.78,222.07,151709.0,2018,01,22
Fuel & Power,2018-01-23,222.41,225.99,220.24,223.77,194090.83,2018,01,23
Fuel & Power,2018-01-24,223.87,226.49,221.13,222.66,141134.17,2018,01,24
Fuel & Power,2018-01-25,222.17,224.39,220.73,221.61,133333.61,2018,01,25
Fuel & Power,2018-01-28,223.27,224.75,219.72,220.89,232637.83,2018,01,28
Fuel & Power,2018-01-29,220.38,222.6,218.59,220.37,142200.22,2018,01,29
Fuel & Power,2018-01-30,221.37,222.06,216.72,217.59,173961.5,2018,01,30
Fuel & Power,2018-01-31,217.77,220.32,213.48,217.71,160337.56,2018,01,31
Fuel & Power,2018-02-01,217.8,222.48,216.23,220.02,121427.72,2018,02,01
Fuel & Power,2018-02-04,220.33,222.47,213.32,216.31,158331.78,2018,02,04
Fuel & Power,2018-02-05,216.18,218.53,211.73,215.9,168749.11,2018,02,05
Fuel & Power,2018-02-06,217.29,221.9,215.87,220.72,201190.17,2018,02,06
Fuel & Power,2018-02-07,220.66,222.74,217.84,220.66,127390.39,2018,02,07
Fuel & Power,2018-02-08,220.92,223.21,219.55,220.93,72799.89,2018,02,08
Fuel & Power,2018-02-11,221.89,223.44,219.31,220.63,124975.17,2018,02,11
Fuel & Power,2018-02-12,221.54,222.13,217.43,218.62,209756.28,2018,02,12
Fuel & Power,2018-02-13,219.92,221.15,217.47,218.88,157979.39,2018,02,13
Fuel & Power,2018-02-14,220.85,221.79,217.14,217.76,191105.11,2018,02,14
Fuel & Power,2018-02-15,218.98,220.81,216.87,217.54,157828.89,2018,02,15
Fuel & Power,2018-02-18,217.71,220.54,215.78,216.83,163102.33,2018,02,18
Fuel & Power,2018-02-19,218.06,220.18,215.71,217.23,142882.56,2018,02,19
Fuel & Power,2018-02-20,218.01,219.59,214.79,215.64,117739.5,2018,02,20
Fuel & Power,2018-02-22,217.57,219.07,214.03,215.69,103966.72,2018,02,22
Fuel & Power,2018-02-25,216.84,218.62,214.52,215.39,182096.5,2018,02,25
Fuel & Power,2018-02-26,215.8,217.38,212.08,213.01,115080.83,2018,02,26
Fuel & Power,2018-02-27,214.11,215.69,211.77,212.78,101851.78,2018,02,27
Fuel & Power,2018-02-28,213.83,215.37,211.1,212.36,144704.44,2018,02,28
Fuel & Power,2018-03-01,213.42,216.35,212.13,214.74,104863.06,2018,03,01
Fuel & Power,2018-03-04,215.91,217.23,214.2,214.86,116856.83,2018,03,04
Fuel & Power,2018-03-05,215.11,216.12,212.91,213.96,127079.28,2018,03,05
Fuel & Power,2018-03-06,215.32,217.83,213.54,215.22,126396.0,2018,03,06
Fuel & Power,2018-03-07,215.47,217.1,213.39,214.11,98073.0,2018,03,07
Fuel & Power,2018-03-08,215.56,216.69,213.47,214.47,85755.5,2018,03,08
Fuel & Power,2018-03-11,213.82,215.3,212.75,213.34,91871.5,2018,03,11
Fuel & Power,2018-03-12,215.13,215.79,210.72,211.64,85181.44,2018,03,12
Fuel & Power,2018-03-13,212.83,213.87,206.9,208.2,120588.56,2018,03,13
Fuel & Power,2018-03-14,211.02,212.5,208.93,209.77,93893.39,2018,03,14
Fuel & Power,2018-03-15,209.57,211.98,208.17,210.23,92326.0,2018,03,15
Fuel & Power,2018-03-18,209.97,212.03,208.23,209.28,80145.11,2018,03,18
Fuel & Power,2018-03-19,210.81,211.92,208.42,208.93,72411.44,2018,03,19
Fuel & Power,2018-03-20,149.12,150.54,146.88,148.17,135515.35,2018,03,20
Fuel & Power,2018-03-21,207.17,210.5,205.12,206.22,158067.78,2018,03,21
Fuel & Power,2018-03-22,208.16,208.99,204.15,206.03,170948.94,2018,03,22
Fuel & Power,2018-03-25,208.14,209.33,204.59,206.41,130921.89,2018,03,25
Fuel & Power,2018-03-27,207.13,212.31,205.38,207.97,151845.67,2018,03,27
Fuel & Power,2018-03-28,208.53,209.49,205.41,206.21,88860.0,2018,03,28
Fuel & Power,2018-03-29,205.92,208.23,204.29,206.37,103899.67,2018,03,29
Fuel & Power,2018-04-01,207.89,210.24,206.33,207.83,123775.17,2018,04,01
Fuel & Power,2018-04-02,209.73,212.68,207.86,210.5,203199.06,2018,04,02
Fuel & Power,2018-04-03,211.66,213.99,209.41,210.52,214471.78,2018,04,03
Fuel & Power,2018-04-04,211.53,214.16,210.26,212.15,148197.56,2018,04,04
Fuel & Power,2018-04-05,213.47,217.22,212.39,214.89,138384.94,2018,04,05
Fuel & Power,2018-04-08,216.41,218.89,213.64,215.34,432027.33,2018,04,08
Fuel & Power,2018-04-09,216.53,217.81,212.45,213.65,364285.17,2018,04,09
Fuel & Power,2018-04-10,214.32,218.42,212.67,216.65,252900.94,2018,04,10
Fuel & Power,2018-04-11,217.08,221.21,215.95,219.57,185375.44,2018,04,11
Fuel & Power,2018-04-12,221.54,224.88,218.13,220.14,149861.06,2018,04,12
Fuel & Power,2018-04-15,219.73,225.43,217.49,223.13,105892.67,2018,04,15
Fuel & Power,2018-04-16,224.53,229.42,223.18,228.39,137651.67,2018,04,16
Fuel & Power,2018-04-17,230.34,234.73,226.99,228.92,146633.17,2018,04,17
Fuel & Power,2018-04-18,229.93,236.13,228.02,233.52,194746.39,2018,04,18
Fuel & Power,2018-04-19,235.23,241.13,229.19,232.6,316783.39,2018,04,19
Fuel & Power,2018-04-22,234.19,239.07,231.84,233.65,228473.17,2018,04,22
Fuel & Power,2018-04-23,238.94,242.57,236.44,241.29,186304.17,2018,04,23
Fuel & Power,2018-04-24,245.95,249.97,237.1,240.11,308424.72,2018,04,24
Fuel & Power,2018-04-25,240.12,242.5,234.65,236.34,301262.06,2018,04,25
Fuel & Power,2018-04-26,236.44,240.91,233.95,236.18,264731.0,2018,04,26
Fuel & Power,2018-04-30,236.31,238.3,228.27,230.75,308528.89,2018,04,30
Fuel & Power,2018-05-03,230.12,236.11,228.7,231.21,177946.33,2018,05,03
Fuel & Power,2018-05-06,232.09,235.07,227.48,228.92,215377.11,2018,05,06
Fuel & Power,2018-05-07,229.25,232.2,227.69,228.66,174212.89,2018,05,07
Fuel & Power,2018-05-08,229.63,232.34,227.47,229.86,248501.11,2018,05,08
Fuel & Power,2018-05-09,229.4,232.19,227.3,228.97,218574.56,2018,05,09
Fuel & Power,2018-05-10,229.15,231.11,225.88,226.82,296142.22,2018,05,10
Fuel & Power,2018-05-13,227.15,228.3,223.7,225.18,178634.17,2018,05,13
Fuel & Power,2018-05-14,226.92,230.76,225.27,229.2,138917.5,2018,05,14
Fuel & Power,2018-05-15,231.42,235.19,229.18,231.16,156379.06,2018,05,15
Fuel & Power,2018-05-16,231.51,236.0,229.8,233.62,139096.0,2018,05,16
Fuel & Power,2018-05-17,224.75,226.39,219.14,220.28,673495.68,2018,05,17
Fuel & Power,2018-05-20,220.18,222.11,214.19,215.65,301786.68,2018,05,20
Fuel & Power,2018-05-21,218.76,220.65,214.74,215.98,465012.05,2018,05,21
Fuel & Power,2018-05-22,216.42,219.18,213.18,214.51,353258.58,2018,05,22
Fuel & Power,2018-05-23,215.66,217.56,212.64,213.98,432226.68,2018,05,23
Fuel & Power,2018-05-24,215.19,218.15,212.39,215.03,393414.0,2018,05,24
Fuel & Power,2018-05-27,216.63,219.11,213.68,214.77,384761.89,2018,05,27
Fuel & Power,2018-05-28,215.7,220.37,212.5,216.79,373797.68,2018,05,28
Fuel & Power,2018-05-29,219.21,222.96,217.48,221.43,381906.68,2018,05,29
Fuel & Power,2018-05-30,224.82,229.62,219.67,221.77,382642.05,2018,05,30
Fuel & Power,2018-05-31,222.72,223.7,217.78,219.95,293810.84,2018,05,31
Fuel & Power,2018-06-03,221.47,226.46,217.22,223.15,419972.0,2018,06,03
Fuel & Power,2018-06-04,225.72,229.98,223.33,227.11,342828.95,2018,06,04
Fuel & Power,2018-06-05,227.29,232.5,225.27,229.21,309070.53,2018,06,05
Fuel & Power,2018-06-06,230.52,236.61,227.99,231.3,413912.68,2018,06,06
Fuel & Power,2018-06-07,233.04,238.31,229.82,235.98,306500.53,2018,06,07
Fuel & Power,2018-06-10,238.04,242.57,236.48,238.01,269958.89,2018,06,10
Fuel & Power,2018-06-11,238.01,240.67,231.83,233.65,284862.42,2018,06,11
Fuel & Power,2018-06-12,233.84,240.12,230.21,236.54,374085.32,2018,06,12
Fuel & Power,2018-06-18,239.28,242.81,232.34,235.66,432961.95,2018,06,18
Fuel & Power,2018-06-19,236.09,240.22,232.05,233.61,495289.32,2018,06,19
Fuel & Power,2018-06-20,233.33,237.03,230.51,234.93,441178.95,2018,06,20
Fuel & Power,2018-06-21,235.4,241.18,233.07,237.22,634404.53,2018,06,21
Fuel & Power,2018-06-24,237.22,239.76,231.38,233.62,446414.42,2018,06,24
Fuel & Power,2018-06-25,234.21,237.56,229.94,231.43,460724.16,2018,06,25
Fuel & Power,2018-06-26,231.52,235.95,229.92,232.13,349100.42,2018,06,26
Fuel & Power,2018-06-27,232.41,240.05,231.23,237.57,410123.53,2018,06,27
Fuel & Power,2018-06-28,238.54,243.65,235.13,237.21,400062.32,2018,06,28
Fuel & Power,2018-07-02,238.24,240.68,231.74,234.75,382966.32,2018,07,02
Fuel & Power,2018-07-03,236.03,238.61,229.09,230.77,295424.05,2018,07,03
Fuel & Power,2018-07-04,232.83,236.03,230.3,232.98,265552.32,2018,07,04
Fuel & Power,2018-07-05,235.54,238.75,230.13,232.77,541322.58,2018,07,05
Fuel & Power,2018-07-08,233.15,237.23,227.47,228.82,452592.53,2018,07,08
Fuel & Power,2018-07-09,229.35,233.3,226.97,228.91,401236.37,2018,07,09
Fuel & Power,2018-07-10,230.79,233.94,228.15,230.17,512928.79,2018,07,10
Fuel & Power,2018-07-11,231.7,232.79,226.01,227.11,580601.68,2018,07,11
Fuel & Power,2018-07-12,228.88,232.44,225.91,229.06,499216.32,2018,07,12
Fuel & Power,2018-07-15,230.54,236.58,228.51,234.68,901788.21,2018,07,15
Fuel & Power,2018-07-16,239.47,241.48,233.58,234.98,725299.84,2018,07,16
Fuel & Power,2018-07-17,234.76,241.03,232.8,238.21,497378.11,2018,07,17
Fuel & Power,2018-07-18,243.57,245.54,241.88,243.32,430509.16,2018,07,18
Fuel & Power,2018-07-19,237.85,251.61,237.25,243.07,503028.21,2018,07,19
Fuel & Power,2018-07-22,244.51,247.99,237.17,239.25,553671.0,2018,07,22
Fuel & Power,2018-07-23,239.64,246.38,236.23,241.62,365110.89,2018,07,23
Fuel & Power,2018-07-24,242.19,246.81,238.73,239.52,240214.47,2018,07,24
Fuel & Power,2018-07-25,243.55,247.55,237.73,239.78,320575.47,2018,07,25
Fuel & Power,2018-07-26,237.07,239.79,231.87,233.54,253598.16,2018,07,26
Fuel & Power,2018-07-29,233.61,240.97,229.86,237.04,204805.37,2018,07,29
Fuel & Power,2018-07-30,238.34,241.96,235.82,237.82,209175.53,2018,07,30
Fuel & Power,2018-07-31,238.99,246.16,238.33,243.83,260696.95,2018,07,31
Fuel & Power,2018-08-01,245.63,249.86,242.09,244.0,238393.68,2018,08,01
Fuel & Power,2018-08-02,245.62,248.44,239.96,241.71,271617.68,2018,08,02
Fuel & Power,2018-08-05,240.2,243.92,235.29,236.96,204237.53,2018,08,05
Fuel & Power,2018-08-06,239.32,240.56,234.99,236.75,196121.89,2018,08,06
Fuel & Power,2018-08-07,237.62,239.36,235.97,237.03,225788.95,2018,08,07
Fuel & Power,2018-08-08,238.03,239.61,234.51,235.95,182108.37,2018,08,08
Fuel & Power,2018-08-09,236.27,238.82,232.84,234.78,193628.68,2018,08,09
Fuel & Power,2018-08-12,234.97,236.24,228.92,230.06,169365.84,2018,08,12
Fuel & Power,2018-08-13,230.64,234.39,227.56,231.17,182308.53,2018,08,13
Fuel & Power,2018-08-14,233.18,236.94,229.92,232.03,193920.05,2018,08,14
Fuel & Power,2018-08-16,234.13,236.22,230.13,231.79,182097.16,2018,08,16
Fuel & Power,2018-08-19,233.38,233.94,226.2,227.18,185439.21,2018,08,19
Fuel & Power,2018-08-20,228.4,231.69,225.87,229.09,161436.0,2018,08,20
Fuel & Power,2018-08-26,229.69,232.01,226.69,229.81,153770.42,2018,08,26
Fuel & Power,2018-08-27,232.45,234.95,229.73,232.77,415571.26,2018,08,27
Fuel & Power,2018-08-28,233.24,234.92,231.47,233.0,494415.32,2018,08,28
Fuel & Power,2018-08-29,233.14,236.03,230.16,232.26,797744.89,2018,08,29
Fuel & Power,2018-08-30,233.29,235.99,229.76,233.08,692271.42,2018,08,30
Fuel & Power,2018-09-03,233.7,241.91,231.57,238.8,1003061.11,2018,09,03
Fuel & Power,2018-09-04,240.43,241.52,234.21,235.74,769550.63,2018,09,04
Fuel & Power,2018-09-05,235.85,239.06,232.76,235.34,783864.16,2018,09,05
Fuel & Power,2018-09-06,228.12,231.66,227.0,229.2,1285390.89,2018,09,06
Fuel & Power,2018-09-09,232.53,235.9,230.69,233.53,1183606.84,2018,09,09
Fuel & Power,2018-09-10,233.37,236.53,231.52,232.92,1165670.16,2018,09,10
Fuel & Power,2018-09-11,233.4,235.91,230.53,233.29,711115.26,2018,09,11
Fuel & Power,2018-09-12,234.34,239.1,231.74,235.2,766239.58,2018,09,12
Fuel & Power,2018-09-13,235.37,238.64,231.49,233.55,788679.74,2018,09,13
Fuel & Power,2018-09-16,233.98,235.41,230.05,231.37,584897.37,2018,09,16
Fuel & Power,2018-09-17,232.45,235.85,229.29,232.15,662433.74,2018,09,17
Fuel & Power,2018-09-18,233.95,235.64,229.91,230.96,536944.79,2018,09,18
Fuel & Power,2018-09-19,233.47,235.19,228.21,229.92,560532.0,2018,09,19
Fuel & Power,2018-09-20,227.9,229.96,225.37,226.77,597190.05,2018,09,20
Fuel & Power,2018-09-23,229.81,233.18,225.36,227.99,582790.63,2018,09,23
Fuel & Power,2018-09-24,228.41,230.17,221.08,223.93,588987.95,2018,09,24
Fuel & Power,2018-09-25,225.12,227.17,221.49,223.07,452200.47,2018,09,25
Fuel & Power,2018-09-26,222.58,227.49,220.95,223.28,372672.26,2018,09,26
Fuel & Power,2018-09-27,224.79,226.83,221.3,223.0,464392.74,2018,09,27
Fuel & Power,2018-09-30,223.43,230.34,221.27,228.47,453474.37,2018,09,30
Fuel & Power,2018-10-01,229.88,232.58,226.51,228.55,377539.16,2018,10,01
Fuel & Power,2018-10-02,230.55,232.64,226.26,228.63,311696.42,2018,10,02
Fuel & Power,2018-10-03,229.26,232.76,226.85,228.79,467315.47,2018,10,03
Fuel & Power,2018-10-04,229.87,234.56,228.11,232.26,681597.0,2018,10,04
Fuel & Power,2018-10-07,234.21,239.71,231.93,237.13,665907.63,2018,10,07
Fuel & Power,2018-10-08,238.24,240.55,234.01,236.55,602428.89,2018,10,08
Fuel & Power,2018-10-09,237.21,242.02,235.37,238.69,845916.0,2018,10,09
Fuel & Power,2018-10-10,242.28,244.56,235.23,236.62,1892339.95,2018,10,10
Fuel & Power,2018-10-11,236.29,237.7,229.9,230.78,1092424.53,2018,10,11
Fuel & Power,2018-10-14,231.31,232.24,224.67,226.73,1146674.16,2018,10,14
Fuel & Power,2018-10-15,226.28,232.18,223.99,229.54,761631.32,2018,10,15
Fuel & Power,2018-10-16,230.07,231.92,227.06,229.24,636899.26,2018,10,16
Fuel & Power,2018-10-17,229.27,232.37,225.15,227.04,571335.42,2018,10,17
Fuel & Power,2018-10-18,234.43,236.55,232.21,234.27,513217.72,2018,10,18
Fuel & Power,2018-10-21,227.52,227.99,221.19,222.4,367166.68,2018,10,21
Fuel & Power,2018-10-22,223.42,225.24,217.41,220.33,465598.26,2018,10,22
Fuel & Power,2018-10-23,221.22,224.9,218.03,221.42,312860.32,2018,10,23
Fuel & Power,2018-10-24,222.3,225.08,219.83,221.21,304919.32,2018,10,24
Fuel & Power,2018-10-25,221.57,225.49,220.49,223.08,352618.32,2018,10,25
Fuel & Power,2018-10-28,222.2,226.01,219.26,221.19,304103.47,2018,10,28
Fuel & Power,2018-10-29,222.23,228.78,220.57,224.71,430780.74,2018,10,29
Fuel & Power,2018-10-30,226.23,228.88,222.94,225.18,561648.79,2018,10,30
Fuel & Power,2018-10-31,225.23,226.62,220.2,221.69,600664.74,2018,10,31
Fuel & Power,2018-11-01,222.33,223.91,219.18,220.59,434115.21,2018,11,01
Fuel & Power,2018-11-04,228.87,233.48,225.81,227.99,640601.89,2018,11,04
Fuel & Power,2018-11-05,222.32,223.41,218.27,219.14,572936.26,2018,11,05
Fuel & Power,2018-11-06,218.48,220.65,216.46,218.41,559748.21,2018,11,06
Fuel & Power,2018-11-07,228.84,231.03,224.96,226.73,471449.56,2018,11,07
Fuel & Power,2018-11-08,229.62,233.29,226.73,229.87,494442.72,2018,11,08
Fuel & Power,2018-11-11,234.69,237.81,224.62,227.26,481999.17,2018,11,11
Fuel & Power,2018-11-12,217.56,219.09,212.59,213.85,527291.58,2018,11,12
Fuel & Power,2018-11-13,216.43,221.96,213.44,219.14,493656.32,2018,11,13
Fuel & Power,2018-11-14,221.28,223.45,216.92,218.77,508220.05,2018,11,14
Fuel & Power,2018-11-15,219.29,221.19,215.59,217.45,664290.47,2018,11,15
Fuel & Power,2018-11-18,241.3,244.09,237.35,239.09,523625.94,2018,11,18
Fuel & Power,2018-11-19,230.37,233.84,227.37,231.31,521225.72,2018,11,19
Fuel & Power,2018-11-20,233.1,239.77,231.04,236.24,774286.89,2018,11,20
Fuel & Power,2018-11-22,247.01,257.27,241.7,251.01,451759.69,2018,11,22
Fuel & Power,2018-11-25,226.84,232.62,223.51,227.36,503473.74,2018,11,25
Fuel & Power,2018-11-26,238.93,245.72,237.06,243.42,420287.83,2018,11,26
Fuel & Power,2018-11-27,234.38,240.06,229.94,233.01,539746.68,2018,11,27
Fuel & Power,2018-11-28,233.03,234.69,222.99,225.18,435092.58,2018,11,28
Fuel & Power,2018-11-29,225.28,227.38,219.13,221.35,558511.63,2018,11,29
Fuel & Power,2018-12-02,222.47,227.02,219.61,222.04,388499.83,2018,12,02
Fuel & Power,2018-12-03,163.89,164.79,160.44,161.31,320710.94,2018,12,03
Fuel & Power,2018-12-04,220.15,224.07,218.03,219.49,398691.16,2018,12,04
Fuel & Power,2018-12-05,220.49,222.44,217.56,218.87,316411.58,2018,12,05
Fuel & Power,2018-12-06,220.92,224.91,219.28,222.02,291612.26,2018,12,06
Fuel & Power,2018-12-09,223.19,228.1,221.72,225.89,290916.42,2018,12,09
Fuel & Power,2018-12-10,227.36,231.11,220.85,223.68,374821.42,2018,12,10
Fuel & Power,2018-12-11,225.25,226.13,218.03,219.34,273673.79,2018,12,11
Fuel & Power,2018-12-12,220.74,224.85,218.44,221.52,204873.21,2018,12,12
Fuel & Power,2018-12-13,222.37,224.63,219.42,220.44,189304.32,2018,12,13
Fuel & Power,2018-12-17,220.52,221.84,216.15,218.28,226821.21,2018,12,17
Fuel & Power,2018-12-18,218.51,221.07,216.37,218.07,179821.42,2018,12,18
Fuel & Power,2018-12-19,218.52,221.07,216.75,218.46,232477.39,2018,12,19
Fuel & Power,2018-12-20,219.05,221.75,217.28,219.01,311107.63,2018,12,20
Fuel & Power,2018-12-23,219.57,220.86,217.58,218.62,299348.47,2018,12,23
Fuel & Power,2018-12-24,219.56,222.2,217.66,219.11,246221.63,2018,12,24
Fuel & Power,2018-12-26,222.29,223.15,218.03,219.13,284838.79,2018,12,26
Fuel & Power,2018-12-27,220.89,223.47,219.29,221.18,369405.94,2018,12,27
IT Sector,2018-01-01,37.6,38.16,37.14,37.44,262989.88,2018,01,01
IT Sector,2018-01-02,37.59,38.13,37.1,37.66,403908.0,2018,01,02
IT Sector,2018-01-03,40.07,40.84,39.77,40.37,676565.71,2018,01,03
IT Sector,2018-01-04,38.24,38.61,37.56,37.91,331382.63,2018,01,04
IT Sector,2018-01-07,38.03,38.91,37.81,38.13,535260.88,2018,01,07
IT Sector,2018-01-08,38.71,39.19,38.19,38.4,281046.71,2018,01,08
IT Sector,2018-01-09,37.88,38.24,37.18,37.38,288303.0,2018,01,09
IT Sector,2018-01-10,37.54,37.91,36.89,37.14,240365.5,2018,01,10
IT Sector,2018-01-11,37.33,37.68,36.11,36.79,319016.38,2018,01,11
IT Sector,2018-01-14,36.88,37.16,35.94,36.46,189163.13,2018,01,14
IT Sector,2018-01-15,36.61,36.94,35.93,36.14,158631.63,2018,01,15
IT Sector,2018-01-16,36.35,37.01,36.1,36.78,209726.25,2018,01,16
IT Sector,2018-01-17,37.03,37.25,36.28,36.51,176620.25,2018,01,17
IT Sector,2018-01-18,36.51,36.79,36.24,36.44,102337.13,2018,01,18
IT Sector,2018-01-21,36.73,36.95,36.09,36.28,144987.13,2018,01,21
IT Sector,2018-01-22,36.43,36.89,36.08,36.48,152172.0,2018,01,22
IT Sector,2018-01-23,36.69,36.95,35.95,36.26,147222.25,2018,01,23
IT Sector,2018-01-24,36.53,36.76,35.91,36.35,148351.0,2018,01,24
IT Sector,2018-01-25,36.45,36.71,35.99,36.09,177738.0,2018,01,25
IT Sector,2018-01-28,36.16,36.35,35.31,35.6,153327.75,2018,01,28
IT Sector,2018-01-29,35.75,36.2,35.33,35.75,111259.13,2018,01,29
IT Sector,2018-01-30,36.19,37.0,35.6,36.11,286690.0,2018,01,30
IT Sector,2018-01-31,36.28,36.6,35.4,35.85,292879.63,2018,01,31
IT Sector,2018-02-01,36.18,36.46,35.38,35.69,165543.13,2018,02,01
IT Sector,2018-02-04,35.68,35.85,34.21,34.43,158312.13,2018,02,04
IT Sector,2018-02-05,34.95,35.48,33.48,34.44,171079.13,2018,02,05
IT Sector,2018-02-06,34.94,35.31,34.44,34.85,176405.0,2018,02,06
IT Sector,2018-02-07,34.74,35.18,34.14,34.59,190061.63,2018,02,07
IT Sector,2018-02-08,34.74,35.29,34.15,34.74,154734.5,2018,02,08
IT Sector,2018-02-11,35.15,36.39,35.04,35.89,398614.63,2018,02,11
IT Sector,2018-02-12,36.31,37.06,35.48,36.39,363140.25,2018,02,12
IT Sector,2018-02-13,36.5,37.33,35.86,36.58,366490.75,2018,02,13
IT Sector,2018-02-14,37.05,38.33,36.7,37.64,1347869.25,2018,02,14
IT Sector,2018-02-15,37.93,38.13,36.8,37.0,634007.88,2018,02,15
IT Sector,2018-02-18,36.91,37.58,36.23,36.65,748748.75,2018,02,18
IT Sector,2018-02-19,37.08,37.4,36.16,36.36,353367.63,2018,02,19
IT Sector,2018-02-20,37.16,37.28,35.71,35.91,401235.75,2018,02,20
IT Sector,2018-02-22,38.59,38.94,37.77,38.0,181478.86,2018,02,22
IT Sector,2018-02-25,35.74,36.3,34.9,35.13,321124.25,2018,02,25
IT Sector,2018-02-26,35.34,35.99,34.65,35.28,284366.63,2018,02,26
IT Sector,2018-02-27,35.64,36.46,35.11,35.51,375258.0,2018,02,27
IT Sector,2018-02-28,35.63,36.16,35.15,35.54,302835.13,2018,02,28
IT Sector,2018-03-01,35.89,36.6,35.48,36.3,431854.88,2018,03,01
IT Sector,2018-03-04,36.73,37.41,36.21,36.58,481118.38,2018,03,04
IT Sector,2018-03-05,36.55,36.73,35.79,36.11,314619.0,2018,03,05
IT Sector,2018-03-06,36.19,37.15,35.89,36.76,310665.5,2018,03,06
IT Sector,2018-03-07,37.01,37.56,36.56,36.84,285786.88,2018,03,07
IT Sector,2018-03-08,36.83,37.06,36.18,36.5,191756.0,2018,03,08
IT Sector,2018-03-11,36.65,36.76,35.94,36.09,117700.25,2018,03,11
IT Sector,2018-03-12,36.29,36.45,34.91,35.38,198448.25,2018,03,12
IT Sector,2018-03-13,35.49,35.84,34.13,34.56,153873.63,2018,03,13
IT Sector,2018-03-14,35.04,35.71,34.51,35.2,158901.5,2018,03,14
IT Sector,2018-03-15,35.36,36.11,34.99,35.81,325191.5,2018,03,15
IT Sector,2018-03-18,36.06,36.79,35.56,36.11,566883.5,2018,03,18
IT Sector,2018-03-19,36.11,36.35,35.0,35.19,328838.75,2018,03,19
IT Sector,2018-03-20,34.91,35.66,34.61,35.04,302233.0,2018,03,20
IT Sector,2018-03-21,35.1,35.31,34.38,34.7,211097.13,2018,03,21
IT Sector,2018-03-22,35.03,35.35,34.15,34.85,348469.0,2018,03,22
IT Sector,2018-03-25,35.44,35.9,34.79,35.13,230833.63,2018,03,25
IT Sector,2018-03-27,35.1,35.54,34.3,34.51,253355.5,2018,03,27
IT Sector,2018-03-28,34.79,35.0,33.98,34.36,205903.38,2018,03,28
IT Sector,2018-03-29,34.54,35.18,34.2,34.64,289908.63,2018,03,29
IT Sector,2018-04-01,35.24,35.93,34.88,35.49,412044.0,2018,04,01
IT Sector,2018-04-02,35.78,37.6,35.36,37.09,1252791.25,2018,04,02
IT Sector,2018-04-03,37.16,37.93,36.54,36.96,702768.38,2018,04,03
IT Sector,2018-04-04,37.16,37.99,36.58,37.1,886549.0,2018,04,04
IT Sector,2018-04-05,37.33,37.9,36.61,37.48,724005.5,2018,04,05
IT Sector,2018-04-08,37.76,38.58,37.41,38.08,881646.0,2018,04,08
IT Sector,2018-04-09,38.03,38.51,37.29,37.74,631503.13,2018,04,09
IT Sector,2018-04-10,37.94,38.38,37.04,37.28,680108.38,2018,04,10
IT Sector,2018-04-11,37.56,38.11,36.76,36.89,452808.13,2018,04,11
IT Sector,2018-04-12,37.04,37.43,36.29,36.73,306051.88,2018,04,12
IT Sector,2018-04-15,37.19,37.3,36.24,36.41,218068.75,2018,04,15
IT Sector,2018-04-16,36.39,37.1,35.85,36.75,325097.0,2018,04,16
IT Sector,2018-04-17,39.09,39.54,38.27,38.5,283836.43,2018,04,17
IT Sector,2018-04-18,36.76,36.85,35.85,36.24,241112.63,2018,04,18
IT Sector,2018-04-19,36.43,36.73,35.78,36.15,196128.0,2018,04,19
IT Sector,2018-04-22,36.36,37.41,36.05,36.88,361268.25,2018,04,22
IT Sector,2018-04-23,37.06,37.25,36.06,36.3,259387.25,2018,04,23
IT Sector,2018-04-24,36.28,36.7,35.76,36.15,172067.5,2018,04,24
IT Sector,2018-04-25,36.35,36.6,35.76,35.96,177079.13,2018,04,25
IT Sector,2018-04-26,36.21,36.45,35.58,36.0,219730.25,2018,04,26
IT Sector,2018-04-30,36.25,36.59,35.28,35.46,251909.25,2018,04,30
IT Sector,2018-05-03,36.09,36.8,35.38,35.79,223383.0,2018,05,03
IT Sector,2018-05-06,36.23,36.86,35.59,36.25,453307.25,2018,05,06
IT Sector,2018-05-07,36.45,37.8,36.06,37.16,901077.88,2018,05,07
IT Sector,2018-05-08,37.33,37.83,36.28,36.5,436542.13,2018,05,08
IT Sector,2018-05-09,36.56,36.84,35.78,36.24,338922.63,2018,05,09
IT Sector,2018-05-10,36.73,37.3,36.08,36.48,319798.5,2018,05,10
IT Sector,2018-05-13,36.73,37.23,35.7,36.08,327049.5,2018,05,13
IT Sector,2018-05-14,36.43,36.78,35.74,36.11,264747.88,2018,05,14
IT Sector,2018-05-15,36.33,36.59,35.55,35.83,269812.13,2018,05,15
IT Sector,2018-05-16,35.93,36.36,35.36,35.55,222844.75,2018,05,16
IT Sector,2018-05-17,35.84,36.21,34.95,35.21,255455.38,2018,05,17
IT Sector,2018-05-20,35.43,35.7,33.98,34.43,205658.25,2018,05,20
IT Sector,2018-05-21,34.6,35.39,33.56,34.4,239493.75,2018,05,21
IT Sector,2018-05-22,34.58,35.14,33.68,33.98,,2018,05,22
IT Sector,2018-05-23,34.05,34.31,33.31,33.45,172893.88,2018,05,23
IT Sector,2018-05-24,33.64,34.54,33.13,34.16,208043.75,2018,05,24
IT Sector,2018-05-27,34.34,35.23,33.8,34.19,241784.88,2018,05,27
IT Sector,2018-05-28,34.25,34.63,33.26,33.5,169193.13,2018,05,28
IT Sector,2018-05-29,33.6,34.09,33.06,33.53,211579.63,2018,05,29
IT Sector,2018-05-30,34.03,34.91,33.5,34.23,298146.75,2018,05,30
IT Sector,2018-05-31,34.61,34.79,33.59,33.81,165268.88,2018,05,31
IT Sector,2018-06-03,33.91,34.3,33.25,33.5,128698.75,2018,06,03
IT Sector,2018-06-04,33.63,34.11,33.09,33.39,244705.5,2018,06,04
IT Sector,2018-06-05,33.49,33.91,32.88,33.04,230569.75,2018,06,05
IT Sector,2018-06-06,33.38,33.63,32.69,33.03,267535.63,2018,06,06
IT Sector,2018-06-07,33.23,33.76,32.71,33.08,293308.13,2018,06,07
IT Sector,2018-06-10,33.1,33.33,32.31,32.58,188162.88,2018,06,10
IT Sector,2018-06-11,32.78,33.1,32.11,32.36,192075.38,2018,06,11
IT Sector,2018-06-12,32.61,32.85,32.03,32.43,155982.75,2018,06,12
IT Sector,2018-06-18,32.71,33.29,32.0,32.44,238784.75,2018,06,18
IT Sector,2018-06-19,32.65,33.35,32.18,32.94,369866.5,2018,06,19
IT Sector,2018-06-20,33.09,33.99,32.6,33.21,406694.25,2018,06,20
IT Sector,2018-06-21,33.24,34.18,32.94,33.45,430863.25,2018,06,21
IT Sector,2018-06-24,33.76,34.28,33.33,33.66,396206.13,2018,06,24
IT Sector,2018-06-25,33.81,34.09,32.85,33.14,292679.5,2018,06,25
IT Sector,2018-06-26,33.3,33.99,32.8,33.49,429046.88,2018,06,26
IT Sector,2018-06-27,33.63,35.08,33.6,34.35,738645.13,2018,06,27
IT Sector,2018-06-28,34.55,35.08,33.15,33.85,533513.13,2018,06,28
IT Sector,2018-07-02,34.08,34.48,32.8,33.34,472698.75,2018,07,02
IT Sector,2018-07-03,33.4,34.38,32.76,33.08,319932.0,2018,07,03
IT Sector,2018-07-04,33.18,34.08,32.6,33.44,545913.25,2018,07,04
IT Sector,2018-07-05,33.9,35.55,33.63,34.61,824800.75,2018,07,05
IT Sector,2018-07-08,35.0,35.41,33.65,34.0,599334.38,2018,07,08
IT Sector,2018-07-09,34.18,35.48,33.49,34.89,747363.38,2018,07,09
IT Sector,2018-07-10,35.11,37.05,35.0,36.1,1206874.88,2018,07,10
IT Sector,2018-07-11,36.46,37.25,34.8,35.14,777219.63,2018,07,11
IT Sector,2018-07-12,35.46,35.74,34.18,34.45,500412.5,2018,07,12
IT Sector,2018-07-15,34.89,35.61,34.08,34.49,452033.13,2018,07,15
IT Sector,2018-07-16,34.71,36.23,34.31,35.25,724707.5,2018,07,16
IT Sector,2018-07-17,36.23,37.4,35.4,36.73,1054040.88,2018,07,17
IT Sector,2018-07-18,37.13,37.98,35.89,36.91,789667.13,2018,07,18
IT Sector,2018-07-19,36.95,38.79,36.11,37.79,1121061.25,2018,07,19
IT Sector,2018-07-22,38.96,40.78,37.6,39.89,2180735.63,2018,07,22
IT Sector,2018-07-23,40.1,41.0,37.94,38.38,1003519.0,2018,07,23
IT Sector,2018-07-24,38.5,39.45,37.69,38.73,1018433.0,2018,07,24
IT Sector,2018-07-25,39.28,40.9,39.0,40.01,1236988.0,2018,07,25
IT Sector,2018-07-26,40.29,41.16,38.76,39.98,862347.75,2018,07,26
IT Sector,2018-07-29,40.11,40.53,38.18,38.56,760487.0,2018,07,29
IT Sector,2018-07-30,38.65,39.33,37.66,38.13,731994.0,2018,07,30
IT Sector,2018-07-31,38.63,40.35,38.03,39.33,1181648.13,2018,07,31
IT Sector,2018-08-01,39.59,40.24,38.36,39.01,1074338.0,2018,08,01
IT Sector,2018-08-02,39.15,40.36,38.29,39.55,1203443.63,2018,08,02
IT Sector,2018-08-05,39.43,40.81,38.84,39.55,1046757.38,2018,08,05
IT Sector,2018-08-06,39.76,40.3,38.28,38.55,801607.63,2018,08,06
IT Sector,2018-08-07,38.83,39.9,37.79,38.63,718690.25,2018,08,07
IT Sector,2018-08-08,38.86,39.38,37.71,38.1,659939.5,2018,08,08
IT Sector,2018-08-09,38.14,39.31,37.45,38.78,604197.13,2018,08,09
IT Sector,2018-08-12,39.13,39.99,38.14,38.6,697697.88,2018,08,12
IT Sector,2018-08-13,38.75,39.0,37.25,37.88,551173.25,2018,08,13
IT Sector,2018-08-14,38.19,39.05,37.55,38.0,538926.88,2018,08,14
IT Sector,2018-08-16,38.18,38.9,37.6,38.14,437911.0,2018,08,16
IT Sector,2018-08-19,38.34,38.59,36.65,37.23,482716.88,2018,08,19
IT Sector,2018-08-20,37.1,38.63,37.03,38.2,356800.38,2018,08,20
IT Sector,2018-08-26,38.53,39.09,37.86,38.2,182941.88,2018,08,26
IT Sector,2018-08-27,38.59,39.15,38.04,38.48,361971.63,2018,08,27
IT Sector,2018-08-28,38.66,39.79,38.31,39.08,493565.38,2018,08,28
IT Sector,2018-08-29,39.24,40.06,38.45,39.09,732868.38,2018,08,29
IT Sector,2018-08-30,39.69,40.48,38.93,39.53,827040.13,2018,08,30
IT Sector,2018-09-03,39.94,40.3,38.76,38.98,518201.13,2018,09,03
IT Sector,2018-09-04,39.28,39.79,38.1,38.76,605031.38,2018,09,04
IT Sector,2018-09-05,39.4,40.33,38.88,39.53,538122.75,2018,09,05
IT Sector,2018-09-06,40.31,41.39,39.5,40.13,1043757.13,2018,09,06
IT Sector,2018-09-09,40.55,41.13,39.41,39.9,639360.38,2018,09,09
IT Sector,2018-09-10,40.26,40.89,39.35,40.13,690888.25,2018,09,10
IT Sector,2018-09-11,40.35,40.9,39.23,39.84,475836.0,2018,09,11
IT Sector,2018-09-12,40.26,41.01,39.3,40.05,684134.63,2018,09,12
IT Sector,2018-09-13,40.26,41.61,39.56,40.53,933126.25,2018,09,13
IT Sector,2018-09-16,41.03,41.9,40.26,40.98,514874.25,2018,09,16
IT Sector,2018-09-17,41.46,42.21,40.54,41.2,547131.38,2018,09,17
IT Sector,2018-09-18,42.24,42.43,41.24,41.68,473382.5,2018,09,18
IT Sector,2018-09-19,42.61,43.25,40.75,41.78,967590.75,2018,09,19
IT Sector,2018-09-20,42.3,43.01,40.54,41.28,478184.75,2018,09,20
IT Sector,2018-09-23,41.55,41.84,39.46,39.94,661981.5,2018,09,23
IT Sector,2018-09-24,40.21,40.99,38.63,39.01,396917.75,2018,09,24
IT Sector,2018-09-25,39.46,40.65,37.94,39.45,438355.5,2018,09,25
IT Sector,2018-09-26,37.09,37.51,36.47,36.7,133632.71,2018,09,26
IT Sector,2018-09-27,39.9,40.63,38.54,39.29,654432.38,2018,09,27
IT Sector,2018-09-30,39.34,39.95,38.13,38.71,381698.38,2018,09,30
IT Sector,2018-10-01,39.76,40.75,38.46,39.79,518686.25,2018,10,01
IT Sector,2018-10-02,40.69,41.15,39.33,39.8,399727.0,2018,10,02
IT Sector,2018-10-03,39.88,40.93,39.26,39.99,382908.75,2018,10,03
IT Sector,2018-10-04,40.4,40.99,39.54,40.04,363687.0,2018,10,04
IT Sector,2018-10-07,40.35,40.98,39.03,39.51,450678.0,2018,10,07
IT Sector,2018-10-08,39.76,40.99,38.98,39.64,523302.38,2018,10,08
IT Sector,2018-10-09,39.75,40.48,38.63,39.04,492549.75,2018,10,09
IT Sector,2018-10-10,39.23,39.55,37.94,38.34,316945.5,2018,10,10
IT Sector,2018-10-11,38.7,38.96,37.15,37.4,360744.38,2018,10,11
IT Sector,2018-10-14,37.74,38.56,37.26,37.94,318939.5,2018,10,14
IT Sector,2018-10-15,38.18,38.69,37.18,37.53,383639.0,2018,10,15
IT Sector,2018-10-16,37.64,38.51,37.09,38.2,400712.63,2018,10,16
IT Sector,2018-10-17,38.66,38.89,37.31,37.69,269907.75,2018,10,17
IT Sector,2018-10-18,37.8,38.26,36.73,37.24,312086.63,2018,10,18
IT Sector,2018-10-21,37.69,37.76,35.35,35.69,253080.5,2018,10,21
IT Sector,2018-10-22,36.25,36.64,34.74,35.38,240552.38,2018,10,22
IT Sector,2018-10-23,36.04,36.65,34.51,35.15,266097.13,2018,10,23
IT Sector,2018-10-24,35.55,36.06,33.89,34.46,301583.63,2018,10,24
IT Sector,2018-10-25,34.74,35.21,33.45,33.88,401484.38,2018,10,25
IT Sector,2018-10-28,34.03,34.1,32.11,32.65,235181.75,2018,10,28
IT Sector,2018-10-29,33.03,35.33,32.68,34.88,585034.13,2018,10,29
IT Sector,2018-10-30,35.6,37.11,35.38,36.48,570051.0,2018,10,30
IT Sector,2018-10-31,36.73,37.44,36.14,36.84,445681.0,2018,10,31
IT Sector,2018-11-01,37.44,38.74,36.75,38.08,759433.75,2018,11,01
IT Sector,2018-11-04,38.61,40.58,38.19,39.43,657676.13,2018,11,04
IT Sector,2018-11-05,40.1,41.35,38.81,40.14,824274.25,2018,11,05
IT Sector,2018-11-06,40.63,41.03,38.59,39.44,527301.75,2018,11,06
IT Sector,2018-11-07,39.8,40.14,38.66,39.06,469433.5,2018,11,07
IT Sector,2018-11-08,39.23,40.03,38.26,39.0,592455.63,2018,11,08
IT Sector,2018-11-11,39.26,40.24,38.51,39.4,481259.0,2018,11,11
IT Sector,2018-11-12,36.8,37.2,35.46,35.84,659699.0,2018,11,12
IT Sector,2018-11-13,40.59,41.49,40.1,40.7,676420.43,2018,11,13
IT Sector,2018-11-14,39.06,39.98,38.44,39.0,455074.25,2018,11,14
IT Sector,2018-11-15,38.53,39.57,37.66,38.26,880795.86,2018,11,15
IT Sector,2018-11-18,36.7,37.56,36.44,37.12,502147.0,2018,11,18
IT Sector,2018-11-19,40.87,42.13,38.93,40.81,1584464.14,2018,11,19
IT Sector,2018-11-20,39.09,39.74,37.75,38.2,667169.5,2018,11,20
IT Sector,2018-11-22,39.03,40.13,37.96,39.0,738770.86,2018,11,22
IT Sector,2018-11-25,38.24,39.84,37.78,39.13,955732.63,2018,11,25
IT Sector,2018-11-26,39.59,40.19,38.58,39.15,691825.25,2018,11,26
IT Sector,2018-11-27,39.41,40.81,38.69,39.96,1072408.0,2018,11,27
IT Sector,2018-11-28,40.03,41.96,39.75,41.24,1081681.13,2018,11,28
IT Sector,2018-11-29,41.44,42.55,40.49,41.23,1378316.5,2018,11,29
IT Sector,2018-12-02,41.3,42.18,40.18,41.03,1122294.63,2018,12,02
IT Sector,2018-12-03,41.2,41.88,40.05,40.39,649487.63,2018,12,03
IT Sector,2018-12-04,40.53,41.75,39.84,40.65,799534.5,2018,12,04
IT Sector,2018-12-05,40.79,41.23,39.29,39.76,756791.75,2018,12,05
IT Sector,2018-12-06,39.91,40.93,39.14,40.0,650524.0,2018,12,06
IT Sector,2018-12-09,40.28,40.86,38.83,39.24,479777.25,2018,12,09
IT Sector,2018-12-10,38.89,39.48,37.48,37.88,475914.5,2018,12,10
IT Sector,2018-12-11,37.61,37.89,36.54,36.9,337784.63,2018,12,11
IT Sector,2018-12-12,36.69,37.98,36.53,37.4,371263.0,2018,12,12
IT Sector,2018-12-13,37.25,37.89,36.63,37.13,368726.25,2018,12,13
IT Sector,2018-12-17,36.81,37.51,36.01,36.38,340524.13,2018,12,17
IT Sector,2018-12-18,36.65,37.76,36.25,37.24,401583.0,2018,12,18
IT Sector,2018-12-19,37.9,39.23,37.34,38.5,671232.13,2018,12,19
IT Sector,2018-12-20,38.63,40.15,38.25,39.15,1500899.88,2018,12,20
IT Sector,2018-12-23,39.31,39.81,38.0,38.34,664746.13,2018,12,23
IT Sector,2018-12-24,38.54,39.31,37.93,38.51,922113.88,2018,12,24
IT Sector,2018-12-26,38.96,39.35,38.14,38.59,708717.75,2018,12,26
IT Sector,2018-12-27,38.78,39.35,37.9,38.65,774128.75,2018,12,27
Services & Real Estate,2018-01-01,49.35,49.95,48.83,49.3,190271.5,2018,01,01
Services & Real Estate,2018-01-02,49.45,51.0,49.18,50.6,421591.5,2018,01,02
Services & Real Estate,2018-01-03,50.9,51.88,50.15,51.23,821218.5,2018,01,03
Services & Real Estate,2018-01-04,51.28,51.7,50.8,51.15,595214.25,2018,01,04
Services & Real Estate,2018-01-07,51.25,51.48,50.3,50.58,476702.75,2018,01,07
Services & Real Estate,2018-01-08,50.8,51.35,50.25,50.85,502026.75,2018,01,08
Services & Real Estate,2018-01-09,51.08,51.33,50.25,50.63,400323.5,2018,01,09
Services & Real Estate,2018-01-10,50.55,51.5,50.0,50.53,555620.25,2018,01,10
Services & Real Estate,2018-01-11,50.58,50.98,50.1,50.45,301287.75,2018,01,11
Services & Real Estate,2018-01-14,50.33,50.88,50.05,50.25,246224.25,2018,01,14
Services & Real Estate,2018-01-15,50.38,50.75,49.38,49.73,326670.0,2018,01,15
Services & Real Estate,2018-01-16,49.68,50.4,49.53,50.15,190058.75,2018,01,16
Services & Real Estate,2018-01-17,50.3,50.45,49.35,49.85,232073.0,2018,01,17
Services & Real Estate,2018-01-18,49.63,50.4,49.13,49.73,272218.75,2018,01,18
Services & Real Estate,2018-01-21,49.93,50.13,49.08,49.25,313902.75,2018,01,21
Services & Real Estate,2018-01-22,49.4,49.95,49.05,49.4,237201.25,2018,01,22
Services & Real Estate,2018-01-23,49.4,49.85,49.13,49.48,169701.75,2018,01,23
Services & Real Estate,2018-01-24,49.53,49.98,49.18,49.45,225517.25,2018,01,24
Services & Real Estate,2018-01-25,49.48,49.6,48.98,49.08,228901.25,2018,01,25
Services & Real Estate,2018-01-28,48.88,49.15,48.1,48.45,256243.25,2018,01,28
Services & Real Estate,2018-01-29,48.43,48.93,48.15,48.48,147656.25,2018,01,29
Services & Real Estate,2018-01-30,48.68,48.95,48.23,48.3,192894.75,2018,01,30
Services & Real Estate,2018-01-31,48.15,48.2,46.53,46.85,284050.0,2018,01,31
Services & Real Estate,2018-02-01,47.0,47.43,46.43,46.68,233876.75,2018,02,01
Services & Real Estate,2018-02-04,46.85,46.88,44.53,44.9,335910.5,2018,02,04
Services & Real Estate,2018-02-05,45.08,45.73,44.03,45.1,392490.75,2018,02,05
Services & Real Estate,2018-02-06,45.38,47.18,45.05,46.03,150428.25,2018,02,06
Services & Real Estate,2018-02-07,45.85,47.2,45.4,45.9,254527.75,2018,02,07
Services & Real Estate,2018-02-08,46.45,46.95,45.85,46.18,86119.5,2018,02,08
Services & Real Estate,2018-02-11,47.1,48.15,46.78,47.68,196659.75,2018,02,11
Services & Real Estate,2018-02-12,48.33,48.5,47.25,47.68,276378.0,2018,02,12
Services & Real Estate,2018-02-13,47.85,48.65,47.65,48.33,321289.75,2018,02,13
Services & Real Estate,2018-02-14,48.7,49.13,47.95,48.35,228196.25,2018,02,14
Services & Real Estate,2018-02-15,48.33,49.0,47.53,47.78,301277.5,2018,02,15
Services & Real Estate,2018-02-18,48.05,48.1,46.25,46.35,329316.25,2018,02,18
Services & Real Estate,2018-02-19,46.75,47.45,46.1,46.4,347257.75,2018,02,19
Services & Real Estate,2018-02-20,47.13,47.23,45.6,45.78,233212.5,2018,02,20
Services & Real Estate,2018-02-22,46.53,46.8,45.65,46.05,137490.0,2018,02,22
Services & Real Estate,2018-02-25,46.18,46.68,45.6,45.8,174093.25,2018,02,25
Services & Real Estate,2018-02-26,46.08,46.68,45.05,45.6,213155.75,2018,02,26
Services & Real Estate,2018-02-27,46.25,46.75,45.4,45.68,155129.0,2018,02,27
Services & Real Estate,2018-02-28,45.75,46.38,45.18,45.43,252787.75,2018,02,28
Services & Real Estate,2018-03-01,45.9,46.13,45.4,45.78,117145.75,2018,03,01
Services & Real Estate,2018-03-04,45.98,46.85,45.75,46.03,279297.0,2018,03,04
Services & Real Estate,2018-03-05,46.28,47.15,45.85,46.8,263600.5,2018,03,05
Services & Real Estate,2018-03-06,47.03,48.1,46.78,47.68,384724.5,2018,03,06
Services & Real Estate,2018-03-07,47.78,47.98,46.65,46.9,310432.75,2018,03,07
Services & Real Estate,2018-03-08,47.1,47.83,46.48,47.35,289091.75,2018,03,08
Services & Real Estate,2018-03-11,47.28,47.65,46.58,46.8,169977.25,2018,03,11
Services & Real Estate,2018-03-12,46.35,46.55,45.6,45.95,283692.0,2018,03,12
Services & Real Estate,2018-03-13,46.03,46.38,45.1,45.28,176839.75,2018,03,13
Services & Real Estate,2018-03-14,45.68,46.38,45.05,45.4,176810.0,2018,03,14
Services & Real Estate,2018-03-15,45.43,46.08,45.25,45.9,134391.5,2018,03,15
Services & Real Estate,2018-03-18,46.08,46.25,45.55,45.75,164942.5,2018,03,18
Services & Real Estate,2018-03-19,45.8,46.05,45.05,45.2,123437.25,2018,03,19
Services & Real Estate,2018-03-20,44.95,45.58,44.28,44.63,118282.5,2018,03,20
Services & Real Estate,2018-03-21,44.83,44.93,43.8,44.05,181304.5,2018,03,21
Services & Real Estate,2018-03-22,44.53,45.73,43.18,44.58,283249.25,2018,03,22
Services & Real Estate,2018-03-25,44.93,45.38,44.13,44.2,100444.75,2018,03,25
Services & Real Estate,2018-03-27,44.28,44.38,43.13,43.28,161975.0,2018,03,27
Services & Real Estate,2018-03-28,43.48,43.63,42.38,42.58,152304.0,2018,03,28
Services & Real Estate,2018-03-29,42.98,43.65,42.65,43.28,190514.5,2018,03,29
Services & Real Estate,2018-04-01,43.93,45.25,43.78,44.85,254044.75,2018,04,01
Services & Real Estate,2018-04-02,44.88,45.58,44.25,45.28,266176.0,2018,04,02
Services & Real Estate,2018-04-03,45.25,45.98,44.83,45.23,226316.0,2018,04,03
Services & Real Estate,2018-04-04,45.4,45.93,45.0,45.2,146581.0,2018,04,04
Services & Real Estate,2018-04-05,44.98,45.93,44.83,45.33,241262.25,2018,04,05
Services & Real Estate,2018-04-08,45.95,46.4,45.33,45.88,344143.25,2018,04,08
Services & Real Estate,2018-04-09,45.9,46.58,45.25,46.2,394700.5,2018,04,09
Services & Real Estate,2018-04-10,46.55,47.0,45.9,46.1,356785.25,2018,04,10
Services & Real Estate,2018-04-11,46.35,46.73,45.78,46.08,267455.25,2018,04,11
Services & Real Estate,2018-04-12,46.08,46.45,45.13,45.33,151363.5,2018,04,12
Services & Real Estate,2018-04-15,45.2,45.6,44.45,44.63,166292.0,2018,04,15
Services & Real Estate,2018-04-16,44.85,45.03,44.3,44.75,172475.75,2018,04,16
Services & Real Estate,2018-04-17,45.38,45.55,44.5,45.0,313001.25,2018,04,17
Services & Real Estate,2018-04-18,45.33,45.35,44.4,44.63,157099.25,2018,04,18
Services & Real Estate,2018-04-19,44.73,45.28,43.98,44.38,218530.5,2018,04,19
Services & Real Estate,2018-04-22,45.03,45.08,44.25,44.38,169201.25,2018,04,22
Services & Real Estate,2018-04-23,44.53,44.88,43.88,44.2,193792.5,2018,04,23
Services & Real Estate,2018-04-24,44.2,44.53,43.73,43.88,168800.0,2018,04,24
Services & Real Estate,2018-04-25,44.13,44.78,43.75,44.2,190890.25,2018,04,25
Services & Real Estate,2018-04-26,44.2,44.85,43.5,44.1,256469.5,2018,04,26
Services & Real Estate,2018-04-30,44.53,44.75,43.53,43.78,225328.0,2018,04,30
Services & Real Estate,2018-05-03,44.0,44.45,43.53,43.7,209008.75,2018,05,03
Services & Real Estate,2018-05-06,44.53,45.03,43.55,44.05,351732.0,2018,05,06
Services & Real Estate,2018-05-07,44.33,45.75,44.1,45.08,571134.75,2018,05,07
Services & Real Estate,2018-05-08,45.23,45.7,44.4,44.63,276710.25,2018,05,08
Services & Real Estate,2018-05-09,44.53,45.23,44.2,44.68,259380.25,2018,05,09
Services & Real Estate,2018-05-10,44.85,45.58,44.55,44.95,377778.0,2018,05,10
Services & Real Estate,2018-05-13,45.45,45.6,44.4,44.58,200594.75,2018,05,13
Services & Real Estate,2018-05-14,44.78,44.98,44.1,44.38,139313.0,2018,05,14
Services & Real Estate,2018-05-15,44.7,44.73,43.75,43.88,194381.75,2018,05,15
Services & Real Estate,2018-05-16,43.8,44.25,43.13,43.35,206057.25,2018,05,16
Services & Real Estate,2018-05-17,43.03,43.48,42.38,42.68,259776.75,2018,05,17
Services & Real Estate,2018-05-20,42.6,42.78,41.78,41.95,136859.5,2018,05,20
Services & Real Estate,2018-05-21,42.33,43.35,41.68,42.25,132349.0,2018,05,21
Services & Real Estate,2018-05-22,42.28,42.95,42.08,42.35,153083.0,2018,05,22
Services & Real Estate,2018-05-23,42.63,42.8,41.45,41.98,206062.5,2018,05,23
Services & Real Estate,2018-05-24,41.65,42.7,41.65,42.3,182153.25,2018,05,24
Services & Real Estate,2018-05-27,42.53,43.45,42.35,42.58,238899.75,2018,05,27
Services & Real Estate,2018-05-28,42.95,43.33,42.25,42.5,157354.5,2018,05,28
Services & Real Estate,2018-05-29,43.03,43.35,42.2,42.58,175289.25,2018,05,29
Services & Real Estate,2018-05-30,42.68,43.35,41.9,42.18,167249.5,2018,05,30
Services & Real Estate,2018-05-31,41.95,42.38,41.73,42.0,165562.75,2018,05,31
Services & Real Estate,2018-06-03,42.2,42.55,41.83,41.95,130502.5,2018,06,03
Services & Real Estate,2018-06-04,42.1,43.08,41.63,42.35,100811.25,2018,06,04
Services & Real Estate,2018-06-05,42.65,43.23,42.05,42.48,136161.0,2018,06,05
Services & Real Estate,2018-06-06,42.95,43.4,42.43,42.85,149139.5,2018,06,06
Services & Real Estate,2018-06-07,43.3,43.58,42.25,42.7,140496.0,2018,06,07
Services & Real Estate,2018-06-10,42.6,42.93,41.93,42.25,112070.25,2018,06,10
Services & Real Estate,2018-06-11,42.45,43.53,42.23,42.73,107106.75,2018,06,11
Services & Real Estate,2018-06-12,42.95,43.25,42.45,42.85,100305.25,2018,06,12
Services & Real Estate,2018-06-18,42.85,43.73,42.33,43.28,112372.0,2018,06,18
Services & Real Estate,2018-06-19,43.4,44.83,43.13,44.08,212724.75,2018,06,19
Services & Real Estate,2018-06-20,44.5,44.9,43.3,43.98,329119.75,2018,06,20
Services & Real Estate,2018-06-21,44.38,45.53,43.95,44.55,280245.5,2018,06,21
Services & Real Estate,2018-06-24,44.75,45.78,44.33,44.9,268636.25,2018,06,24
Services & Real Estate,2018-06-25,45.45,45.45,43.55,43.78,220298.0,2018,06,25
Services & Real Estate,2018-06-26,43.95,44.15,42.73,42.9,227017.5,2018,06,26
Services & Real Estate,2018-06-27,43.23,44.7,43.03,43.85,247674.5,2018,06,27
Services & Real Estate,2018-06-28,43.98,44.8,43.48,43.93,265491.5,2018,06,28
Services & Real Estate,2018-07-02,43.88,44.48,43.13,43.38,304820.5,2018,07,02
Services & Real Estate,2018-07-03,43.75,44.15,42.95,43.18,285330.75,2018,07,03
Services & Real Estate,2018-07-04,43.4,43.9,42.93,43.4,174327.0,2018,07,04
Services & Real Estate,2018-07-05,44.05,45.63,43.7,45.2,433862.25,2018,07,05
Services & Real Estate,2018-07-08,45.55,47.15,45.4,46.15,601436.75,2018,07,08
Services & Real Estate,2018-07-09,46.4,46.53,44.75,45.18,346693.0,2018,07,09
Services & Real Estate,2018-07-10,45.8,47.65,45.48,47.28,880263.25,2018,07,10
Services & Real Estate,2018-07-11,47.65,48.53,45.5,46.08,720801.25,2018,07,11
Services & Real Estate,2018-07-12,46.65,47.23,45.35,45.8,380267.75,2018,07,12
Services & Real Estate,2018-07-15,45.88,46.35,44.68,44.88,450454.0,2018,07,15
Services & Real Estate,2018-07-16,45.45,45.7,44.28,44.53,340427.25,2018,07,16
Services & Real Estate,2018-07-17,44.65,45.05,44.03,44.33,309246.5,2018,07,17
Services & Real Estate,2018-07-18,44.73,45.25,44.08,44.65,363797.75,2018,07,18
Services & Real Estate,2018-07-19,45.13,46.58,44.28,45.78,394332.5,2018,07,19
Services & Real Estate,2018-07-22,47.63,48.68,46.18,48.28,1178247.25,2018,07,22
Services & Real Estate,2018-07-23,48.88,49.45,46.13,46.45,690791.0,2018,07,23
Services & Real Estate,2018-07-24,46.75,46.95,45.4,46.05,359250.0,2018,07,24
Services & Real Estate,2018-07-25,46.45,48.18,45.6,46.93,621967.25,2018,07,25
Services & Real Estate,2018-07-26,47.0,47.43,46.1,46.68,597267.5,2018,07,26
Services & Real Estate,2018-07-29,46.8,47.38,45.13,45.48,347094.25,2018,07,29
Services & Real Estate,2018-07-30,45.58,45.7,44.28,44.55,362581.5,2018,07,30
Services & Real Estate,2018-07-31,44.88,45.95,44.88,45.13,258794.75,2018,07,31
Services & Real Estate,2018-08-01,45.83,46.08,44.88,45.0,204826.75,2018,08,01
Services & Real Estate,2018-08-02,45.15,45.5,44.63,44.88,303020.75,2018,08,02
Services & Real Estate,2018-08-05,44.95,45.3,44.3,44.48,194761.75,2018,08,05
Services & Real Estate,2018-08-06,44.95,45.13,44.0,44.38,264123.25,2018,08,06
Services & Real Estate,2018-08-07,44.6,44.9,44.05,44.2,319589.5,2018,08,07
Services & Real Estate,2018-08-08,44.83,44.93,44.0,44.18,230333.25,2018,08,08
Services & Real Estate,2018-08-09,44.15,44.85,43.8,44.05,269213.75,2018,08,09
Services & Real Estate,2018-08-12,44.38,44.53,43.58,43.7,323993.75,2018,08,12
Services & Real Estate,2018-08-13,43.85,44.03,43.18,43.35,243127.25,2018,08,13
Services & Real Estate,2018-08-14,43.4,44.55,43.25,43.73,147296.25,2018,08,14
Services & Real Estate,2018-08-16,44.0,44.95,43.78,44.2,382461.75,2018,08,16
Services & Real Estate,2018-08-19,44.78,44.95,43.73,43.98,206552.5,2018,08,19
Services & Real Estate,2018-08-20,44.38,44.73,43.8,44.13,153335.5,2018,08,20
Services & Real Estate,2018-08-26,44.3,44.73,43.98,44.63,157791.5,2018,08,26
Services & Real Estate,2018-08-27,44.83,45.2,44.45,44.85,280251.75,2018,08,27
Services & Real Estate,2018-08-28,44.9,45.28,44.6,45.0,446255.75,2018,08,28
Services & Real Estate,2018-08-29,45.93,46.58,44.98,45.8,1186550.5,2018,08,29
Services & Real Estate,2018-08-30,45.73,46.1,45.05,45.23,503454.0,2018,08,30
Services & Real Estate,2018-09-03,45.25,45.55,44.38,44.58,457055.0,2018,09,03
Services & Real Estate,2018-09-04,44.75,45.15,44.3,44.48,308858.5,2018,09,04
Services & Real Estate,2018-09-05,44.88,46.78,44.5,46.35,1106948.0,2018,09,05
Services & Real Estate,2018-09-06,46.53,48.15,45.68,47.1,1482098.25,2018,09,06
Services & Real Estate,2018-09-09,47.03,48.43,46.1,46.83,1597525.0,2018,09,09
Services & Real Estate,2018-09-10,46.93,47.95,45.9,46.48,2538571.75,2018,09,10
Services & Real Estate,2018-09-11,46.78,47.13,45.55,45.78,907567.25,2018,09,11
Services & Real Estate,2018-09-12,45.88,46.33,45.03,45.35,959480.75,2018,09,12
Services & Real Estate,2018-09-13,45.7,46.88,44.98,46.18,1123245.0,2018,09,13
Services & Real Estate,2018-09-16,46.43,46.85,45.0,45.28,689978.75,2018,09,16
Services & Real Estate,2018-09-17,44.98,45.73,44.35,44.63,439370.75,2018,09,17
Services & Real Estate,2018-09-18,45.0,45.78,44.25,44.83,683258.5,2018,09,18
Services & Real Estate,2018-09-19,44.88,45.8,44.48,44.63,396943.0,2018,09,19
Services & Real Estate,2018-09-20,44.45,45.25,44.23,44.5,339605.0,2018,09,20
Services & Real Estate,2018-09-23,44.83,44.9,43.95,44.1,298421.0,2018,09,23
Services & Real Estate,2018-09-24,44.18,44.25,42.3,42.68,340453.25,2018,09,24
Services & Real Estate,2018-09-25,43.13,43.83,42.63,43.25,213548.5,2018,09,25
Services & Real Estate,2018-09-26,43.68,44.35,43.1,43.53,269270.0,2018,09,26
Services & Real Estate,2018-09-27,43.65,43.73,42.53,42.73,208407.75,2018,09,27
Services & Real Estate,2018-09-30,43.25,43.43,42.1,42.73,323998.0,2018,09,30
Services & Real Estate,2018-10-01,43.5,43.83,42.8,43.23,175155.5,2018,10,01
Services & Real Estate,2018-10-02,43.28,43.63,42.9,43.25,164542.0,2018,10,02
Services & Real Estate,2018-10-03,43.53,44.45,42.98,43.73,270076.5,2018,10,03
Services & Real Estate,2018-10-04,43.9,44.3,43.3,43.55,229711.25,2018,10,04
Services & Real Estate,2018-10-07,43.45,44.95,42.95,44.05,234934.75,2018,10,07
Services & Real Estate,2018-10-08,44.8,46.13,44.3,45.6,418355.25,2018,10,08
Services & Real Estate,2018-10-09,46.2,46.7,45.13,45.68,249583.0,2018,10,09
Services & Real Estate,2018-10-10,45.53,46.78,44.13,45.05,862567.75,2018,10,10
Services & Real Estate,2018-10-11,43.4,43.77,41.97,42.1,410032.0,2018,10,11
Services & Real Estate,2018-10-14,44.3,44.65,43.25,43.45,412139.5,2018,10,14
Services & Real Estate,2018-10-15,43.63,43.75,42.45,42.8,267554.75,2018,10,15
Services & Real Estate,2018-10-16,42.85,43.28,42.2,42.6,300669.25,2018,10,16
Services & Real Estate,2018-10-17,42.95,43.68,42.13,42.4,207920.0,2018,10,17
Services & Real Estate,2018-10-18,48.03,48.23,46.3,46.67,138345.67,2018,10,18
Services & Real Estate,2018-10-21,41.65,41.95,40.9,40.98,273886.25,2018,10,21
Services & Real Estate,2018-10-22,40.98,41.13,40.28,40.4,230592.5,2018,10,22
Services & Real Estate,2018-10-23,40.75,41.3,40.15,40.35,157059.0,2018,10,23
Services & Real Estate,2018-10-24,40.55,41.3,40.4,40.93,105180.5,2018,10,24
Services & Real Estate,2018-10-25,40.75,41.3,40.3,40.55,158208.75,2018,10,25
Services & Real Estate,2018-10-28,40.23,40.43,39.4,39.7,277555.25,2018,10,28
Services & Real Estate,2018-10-29,39.48,40.38,39.15,39.65,154564.75,2018,10,29
Services & Real Estate,2018-10-30,40.08,41.63,39.98,40.93,380404.0,2018,10,30
Services & Real Estate,2018-10-31,40.45,40.85,39.45,39.98,167017.75,2018,10,31
Services & Real Estate,2018-11-01,40.63,41.43,40.03,40.68,349112.75,2018,11,01
Services & Real Estate,2018-11-04,41.0,41.63,40.48,40.78,216066.0,2018,11,04
Services & Real Estate,2018-11-05,40.83,41.43,40.38,40.68,264719.75,2018,11,05
Services & Real Estate,2018-11-06,40.68,41.75,40.23,40.83,373541.0,2018,11,06
Services & Real Estate,2018-11-07,41.5,42.3,40.83,41.28,371476.5,2018,11,07
Services & Real Estate,2018-11-08,41.43,41.63,40.55,40.8,342180.5,2018,11,08
Services & Real Estate,2018-11-11,41.48,41.9,40.73,41.18,240858.0,2018,11,11
Services & Real Estate,2018-11-12,41.28,41.45,40.3,40.53,250414.75,2018,11,12
Services & Real Estate,2018-11-13,40.63,41.43,40.15,40.9,196015.25,2018,11,13
Services & Real Estate,2018-11-14,41.0,41.45,40.45,40.93,321535.75,2018,11,14
Services & Real Estate,2018-11-15,46.87,47.47,45.9,46.07,111323.33,2018,11,15
Services & Real Estate,2018-11-18,40.25,40.63,39.5,39.98,525105.5,2018,11,18
Services & Real Estate,2018-11-19,40.08,41.18,39.6,40.5,370475.0,2018,11,19
Services & Real Estate,2018-11-20,40.55,41.45,40.23,41.03,411807.5,2018,11,20
Services & Real Estate,2018-11-22,41.0,41.45,40.4,40.95,269629.25,2018,11,22
Services & Real Estate,2018-11-25,31.53,31.97,31.17,31.4,381194.67,2018,11,25
Services & Real Estate,2018-11-26,40.65,41.08,40.15,40.63,336722.0,2018,11,26
Services & Real Estate,2018-11-27,40.65,41.18,40.05,40.28,278523.0,2018,11,27
Services & Real Estate,2018-11-28,40.53,40.95,39.93,40.23,300915.5,2018,11,28
Services & Real Estate,2018-11-29,40.58,41.08,40.0,40.38,363440.75,2018,11,29
Services & Real Estate,2018-12-02,40.78,41.2,40.1,40.38,309521.75,2018,12,02
Services & Real Estate,2018-12-03,40.75,41.33,40.13,40.3,453318.25,2018,12,03
Services & Real Estate,2018-12-04,40.4,41.25,40.2,40.93,513118.0,2018,12,04
Services & Real Estate,2018-12-05,40.85,41.15,40.35,40.5,259098.0,2018,12,05
Services & Real Estate,2018-12-06,40.53,40.98,40.2,40.3,182985.0,2018,12,06
Services & Real Estate,2018-12-09,40.55,40.95,40.05,40.48,175595.5,2018,12,09
Services & Real Estate,2018-12-10,40.58,41.43,39.83,40.93,154427.75,2018,12,10
Services & Real Estate,2018-12-11,41.1,41.9,40.45,40.9,140282.25,2018,12,11
Services & Real Estate,2018-12-12,41.33,41.63,40.43,40.58,103922.0,2018,12,12
Services & Real Estate,2018-12-13,40.38,40.88,39.95,40.1,119271.75,2018,12,13
Services & Real Estate,2018-12-17,40.58,40.7,39.38,39.53,97549.5,2018,12,17
Services & Real Estate,2018-12-18,40.03,40.08,39.28,39.53,135415.25,2018,12,18
Services & Real Estate,2018-12-19,40.0,40.08,39.55,39.7,105346.25,2018,12,19
Services & Real Estate,2018-12-20,40.08,40.28,39.5,39.73,112115.5,2018,12,20
Services & Real Estate,2018-12-23,39.75,40.5,39.65,40.2,237442.25,2018,12,23
Services & Real Estate,2018-12-24,40.23,40.45,39.8,40.0,180262.5,2018,12,24
Services & Real Estate,2018-12-26,40.1,40.98,39.85,40.45,102601.5,2018,12,26
Services & Real Estate,2018-12-27,40.75,41.23,40.0,40.78,247239.25,2018,12,27
Telecommunication,2018-01-01,287.6,288.95,285.6,288.1,50077.5,2018,01,01
Telecommunication,2018-01-02,287.85,292.65,287.75,292.05,136241.5,2018,01,02
Telecommunication,2018-01-03,292.9,297.2,292.45,296.45,283405.0,2018,01,03
Telecommunication,2018-01-04,297.4,297.8,291.65,292.9,207883.0,2018,01,04
Telecommunication,2018-01-07,292.15,295.95,292.05,295.1,219016.5,2018,01,07
Telecommunication,2018-01-08,295.45,295.45,290.05,291.95,260405.5,2018,01,08
Telecommunication,2018-01-09,291.65,291.65,289.0,290.15,120441.5,2018,01,09
Telecommunication,2018-01-10,291.0,291.55,288.55,289.85,103532.5,2018,01,10
Telecommunication,2018-01-11,288.7,292.8,288.6,291.95,95190.0,2018,01,11
Telecommunication,2018-01-14,291.5,292.75,289.5,291.65,67258.5,2018,01,14
Telecommunication,2018-01-15,292.35,294.85,289.2,290.05,460072.5,2018,01,15
Telecommunication,2018-01-16,290.5,293.8,289.1,293.3,105312.0,2018,01,16
Telecommunication,2018-01-17,291.6,295.1,291.1,293.3,162538.5,2018,01,17
Telecommunication,2018-01-18,293.5,294.55,291.8,293.6,135296.0,2018,01,18
Telecommunication,2018-01-21,294.9,297.9,294.2,296.45,148014.5,2018,01,21
Telecommunication,2018-01-22,489.7,496.0,485.6,494.4,483353.0,2018,01,22
Telecommunication,2018-01-23,300.15,305.55,299.65,304.7,386886.5,2018,01,23
Telecommunication,2018-01-24,305.05,308.2,302.15,305.25,291553.0,2018,01,24
Telecommunication,2018-01-25,305.85,308.95,303.6,307.7,286348.5,2018,01,25
Telecommunication,2018-01-28,307.3,308.45,302.3,304.45,143242.5,2018,01,28
Telecommunication,2018-01-29,304.15,308.05,299.95,304.75,311826.0,2018,01,29
Telecommunication,2018-01-30,305.25,306.0,300.8,301.45,320164.0,2018,01,30
Telecommunication,2018-01-31,302.25,302.8,295.0,298.8,229242.5,2018,01,31
Telecommunication,2018-02-01,300.0,301.6,296.85,297.75,220887.5,2018,02,01
Telecommunication,2018-02-04,298.1,298.1,293.55,294.4,85293.5,2018,02,04
Telecommunication,2018-02-05,294.3,297.45,288.6,294.75,210462.0,2018,02,05
Telecommunication,2018-02-06,294.05,297.75,294.0,294.75,94032.0,2018,02,06
Telecommunication,2018-02-07,294.5,297.4,292.25,294.55,99105.0,2018,02,07
Telecommunication,2018-02-08,295.45,297.85,293.65,296.45,175135.0,2018,02,08
Telecommunication,2018-02-11,296.75,303.35,296.25,302.55,147468.5,2018,02,11
Telecommunication,2018-02-12,303.15,308.0,300.05,304.45,320963.5,2018,02,12
Telecommunication,2018-02-13,306.4,307.5,303.05,306.6,215100.0,2018,02,13
Telecommunication,2018-02-14,307.4,309.1,303.55,304.2,150225.5,2018,02,14
Telecommunication,2018-02-15,304.7,305.0,300.95,301.5,223945.0,2018,02,15
Telecommunication,2018-02-18,303.35,304.4,301.6,302.9,127334.0,2018,02,18
Telecommunication,2018-02-19,100.0,101.2,98.0,98.5,65254.0,2018,02,19
Telecommunication,2018-02-20,302.0,302.35,294.25,295.3,223261.0,2018,02,20
Telecommunication,2018-02-22,296.45,297.35,289.25,290.15,104802.0,2018,02,22
Telecommunication,2018-02-25,292.4,292.4,284.35,287.8,78360.5,2018,02,25
Telecommunication,2018-02-26,286.1,288.05,281.5,285.1,116062.0,2018,02,26
Telecommunication,2018-02-27,285.25,289.45,284.15,286.2,145973.5,2018,02,27
Telecommunication,2018-02-28,287.75,289.95,286.45,288.2,80400.5,2018,02,28
Telecommunication,2018-03-01,288.1,291.4,287.0,290.3,65936.5,2018,03,01
Telecommunication,2018-03-04,291.6,294.0,290.3,291.0,67092.5,2018,03,04
Telecommunication,2018-03-05,291.45,291.65,289.1,289.4,50446.5,2018,03,05
Telecommunication,2018-03-06,289.5,293.4,288.7,292.85,103389.5,2018,03,06
Telecommunication,2018-03-07,293.0,295.1,292.05,293.1,105961.0,2018,03,07
Telecommunication,2018-03-08,293.4,294.7,291.15,292.85,108451.5,2018,03,08
Telecommunication,2018-03-11,291.75,293.1,289.25,290.6,37355.5,2018,03,11
Telecommunication,2018-03-12,290.45,291.25,286.95,288.1,96340.5,2018,03,12
Telecommunication,2018-03-13,288.65,288.65,283.9,285.0,90412.0,2018,03,13
Telecommunication,2018-03-14,287.45,287.95,284.65,286.5,85461.0,2018,03,14
Telecommunication,2018-03-15,287.35,290.0,285.5,288.9,73670.0,2018,03,15
Telecommunication,2018-03-18,288.85,290.25,287.0,289.75,55993.5,2018,03,18
Telecommunication,2018-03-19,289.05,290.2,285.7,287.1,45259.0,2018,03,19
Telecommunication,2018-03-20,91.4,93.6,91.3,93.1,17719.0,2018,03,20
Telecommunication,2018-03-21,286.05,287.05,283.05,283.95,123928.0,2018,03,21
Telecommunication,2018-03-22,284.05,285.15,280.55,281.8,67488.5,2018,03,22
Telecommunication,2018-03-25,283.45,283.45,279.35,279.9,62855.0,2018,03,25
Telecommunication,2018-03-27,279.8,280.75,278.25,278.95,355548.0,2018,03,27
Telecommunication,2018-03-28,279.1,279.5,275.15,276.05,88457.5,2018,03,28
Telecommunication,2018-03-29,276.15,278.35,275.3,276.9,87628.5,2018,03,29
Telecommunication,2018-04-01,278.65,284.9,278.65,282.7,70600.5,2018,04,01
Telecommunication,2018-04-02,284.1,289.2,283.1,287.0,121897.5,2018,04,02
Telecommunication,2018-04-03,286.35,291.4,285.35,286.6,95796.5,2018,04,03
Telecommunication,2018-04-04,287.3,289.0,286.05,286.9,71724.0,2018,04,04
Telecommunication,2018-04-05,287.25,288.2,286.7,287.3,73816.0,2018,04,05
Telecommunication,2018-04-08,288.75,289.85,285.2,286.7,78904.0,2018,04,08
Telecommunication,2018-04-09,287.95,287.95,284.45,285.35,77792.0,2018,04,09
Telecommunication,2018-04-10,285.6,291.4,284.35,287.7,171649.5,2018,04,10
Telecommunication,2018-04-11,289.1,291.95,286.7,290.0,111100.0,2018,04,11
Telecommunication,2018-04-12,289.15,292.25,288.45,289.55,102783.0,2018,04,12
Telecommunication,2018-04-15,290.25,291.15,287.15,288.6,43107.5,2018,04,15
Telecommunication,2018-04-16,289.1,292.45,286.75,290.65,116177.5,2018,04,16
Telecommunication,2018-04-17,291.3,292.95,289.8,291.9,62006.5,2018,04,17
Telecommunication,2018-04-18,291.85,296.4,290.6,293.05,104218.0,2018,04,18
Telecommunication,2018-04-19,294.2,297.5,293.1,296.3,105826.0,2018,04,19
Telecommunication,2018-04-22,292.05,292.65,287.55,288.8,234639.5,2018,04,22
Telecommunication,2018-04-23,288.4,289.25,286.55,287.7,162001.5,2018,04,23
Telecommunication,2018-04-24,289.45,289.45,282.6,283.4,289078.5,2018,04,24
Telecommunication,2018-04-25,283.5,285.65,280.75,283.0,345640.5,2018,04,25
Telecommunication,2018-04-26,285.15,285.65,282.65,283.15,221738.0,2018,04,26
Telecommunication,2018-04-30,283.75,285.2,280.9,281.7,131099.5,2018,04,30
Telecommunication,2018-05-03,281.8,281.8,277.45,278.5,118890.0,2018,05,03
Telecommunication,2018-05-06,281.0,281.0,277.65,278.35,81785.0,2018,05,06
Telecommunication,2018-05-07,278.6,279.7,277.1,277.85,153579.0,2018,05,07
Telecommunication,2018-05-08,277.85,278.05,272.55,274.85,199189.5,2018,05,08
Telecommunication,2018-05-09,275.8,277.15,274.5,275.8,91039.0,2018,05,09
Telecommunication,2018-05-10,276.3,279.55,274.75,278.05,62164.0,2018,05,10
Telecommunication,2018-05-13,279.05,280.0,277.05,278.55,53370.5,2018,05,13
Telecommunication,2018-05-14,278.75,280.15,277.9,278.45,68594.5,2018,05,14
Telecommunication,2018-05-15,278.5,279.95,276.4,276.8,42276.0,2018,05,15
Telecommunication,2018-05-16,276.6,277.7,270.6,271.65,133318.5,2018,05,16
Telecommunication,2018-05-17,271.65,273.1,266.6,267.45,127733.0,2018,05,17
Telecommunication,2018-05-20,268.5,268.6,261.15,262.1,84540.5,2018,05,20
Telecommunication,2018-05-21,261.6,267.35,258.5,260.6,251586.5,2018,05,21
Telecommunication,2018-05-22,261.55,262.55,256.05,256.75,140306.5,2018,05,22
Telecommunication,2018-05-23,256.95,260.75,251.85,257.7,132229.0,2018,05,23
Telecommunication,2018-05-24,258.4,258.7,255.3,257.6,62771.5,2018,05,24
Telecommunication,2018-05-27,257.5,265.4,257.45,261.4,66261.0,2018,05,27
Telecommunication,2018-05-28,261.25,264.7,258.75,259.0,148167.0,2018,05,28
Telecommunication,2018-05-29,259.0,259.65,255.9,256.8,134005.5,2018,05,29
Telecommunication,2018-05-30,257.25,257.85,254.8,256.35,82540.5,2018,05,30
Telecommunication,2018-05-31,257.05,257.7,248.85,250.8,141067.0,2018,05,31
Telecommunication,2018-06-03,250.6,251.1,242.95,244.55,115796.5,2018,06,03
Telecommunication,2018-06-04,243.3,249.45,243.25,246.65,124105.5,2018,06,04
Telecommunication,2018-06-05,247.25,248.25,245.0,245.85,157637.5,2018,06,05
Telecommunication,2018-06-06,246.45,247.5,244.25,245.4,151930.0,2018,06,06
Telecommunication,2018-06-07,246.05,247.3,238.7,240.8,135939.0,2018,06,07
Telecommunication,2018-06-10,240.5,245.7,236.75,241.2,122671.0,2018,06,10
Telecommunication,2018-06-11,242.4,243.75,233.35,234.4,240486.5,2018,06,11
Telecommunication,2018-06-12,236.4,239.7,232.35,235.55,246861.5,2018,06,12
Telecommunication,2018-06-18,234.25,239.5,234.25,237.4,413348.5,2018,06,18
Telecommunication,2018-06-19,240.25,241.0,237.35,238.1,264848.5,2018,06,19
Telecommunication,2018-06-20,239.25,242.9,238.05,241.15,237878.0,2018,06,20
Telecommunication,2018-06-21,242.5,254.3,242.35,253.25,708914.0,2018,06,21
Telecommunication,2018-06-24,254.5,261.5,253.3,256.2,362641.0,2018,06,24
Telecommunication,2018-06-25,256.35,257.75,250.3,251.4,312118.0,2018,06,25
Telecommunication,2018-06-26,251.85,252.45,245.05,247.5,311871.5,2018,06,26
Telecommunication,2018-06-27,250.5,253.45,245.85,247.85,229051.0,2018,06,27
Telecommunication,2018-06-28,249.45,251.0,242.15,245.9,287032.0,2018,06,28
Telecommunication,2018-07-02,247.05,247.05,239.25,239.9,131996.5,2018,07,02
Telecommunication,2018-07-03,240.0,243.5,237.0,238.15,149447.5,2018,07,03
Telecommunication,2018-07-04,238.3,241.4,236.35,237.0,88545.5,2018,07,04
Telecommunication,2018-07-05,238.05,245.0,237.75,240.9,88615.0,2018,07,05
Telecommunication,2018-07-08,243.0,248.55,240.35,243.6,87349.5,2018,07,08
Telecommunication,2018-07-09,243.1,247.4,241.7,242.85,77950.0,2018,07,09
Telecommunication,2018-07-10,245.7,245.85,238.75,239.25,127503.0,2018,07,10
Telecommunication,2018-07-11,239.0,242.5,238.7,239.25,68101.5,2018,07,11
Telecommunication,2018-07-12,241.05,243.6,239.6,242.4,162302.0,2018,07,12
Telecommunication,2018-07-15,243.05,243.5,237.35,239.15,135849.5,2018,07,15
Telecommunication,2018-07-16,242.5,249.5,240.65,242.1,383198.0,2018,07,16
Telecommunication,2018-07-17,242.9,249.0,240.45,246.25,263811.5,2018,07,17
Telecommunication,2018-07-18,248.2,248.5,244.35,246.9,169790.5,2018,07,18
Telecommunication,2018-07-19,245.8,249.5,245.1,247.8,150213.0,2018,07,19
Telecommunication,2018-07-22,248.85,252.3,244.35,245.85,164614.0,2018,07,22
Telecommunication,2018-07-23,245.8,246.55,243.0,244.7,123935.0,2018,07,23
Telecommunication,2018-07-24,244.75,245.55,242.3,243.0,91538.0,2018,07,24
Telecommunication,2018-07-25,244.25,245.3,240.5,240.9,96051.5,2018,07,25
Telecommunication,2018-07-26,240.75,242.4,237.95,238.6,103955.0,2018,07,26
Telecommunication,2018-07-29,238.35,242.9,237.85,240.35,91276.0,2018,07,29
Telecommunication,2018-07-30,240.75,242.75,238.35,239.4,61604.0,2018,07,30
Telecommunication,2018-07-31,238.95,242.3,238.6,240.3,79231.5,2018,07,31
Telecommunication,2018-08-01,241.85,242.6,240.05,241.4,80868.0,2018,08,01
Telecommunication,2018-08-02,240.15,242.0,238.15,239.85,92873.0,2018,08,02
Telecommunication,2018-08-05,90.0,90.9,89.2,89.6,21369.0,2018,08,05
Telecommunication,2018-08-06,234.95,235.45,231.25,233.1,100357.0,2018,08,06
Telecommunication,2018-08-07,232.75,236.5,232.35,235.5,75280.0,2018,08,07
Telecommunication,2018-08-08,235.5,235.8,230.2,230.95,169517.5,2018,08,08
Telecommunication,2018-08-09,230.95,231.25,223.4,225.95,208212.0,2018,08,09
Telecommunication,2018-08-12,225.7,227.0,218.3,220.45,207552.0,2018,08,12
Telecommunication,2018-08-13,220.45,223.65,218.8,221.75,79905.5,2018,08,13
Telecommunication,2018-08-14,222.55,227.8,222.4,226.6,95795.5,2018,08,14
Telecommunication,2018-08-16,228.2,233.25,227.45,231.85,90689.0,2018,08,16
Telecommunication,2018-08-19,231.85,234.5,229.8,229.95,60510.5,2018,08,19
Telecommunication,2018-08-20,230.05,232.8,227.85,231.7,50291.5,2018,08,20
Telecommunication,2018-08-26,231.5,233.6,231.25,232.85,35741.5,2018,08,26
Telecommunication,2018-08-27,234.95,237.45,232.6,236.15,78737.5,2018,08,27
Telecommunication,2018-08-28,236.4,242.75,236.05,241.3,127697.0,2018,08,28
Telecommunication,2018-08-29,241.5,243.0,238.4,239.65,97529.0,2018,08,29
Telecommunication,2018-08-30,237.55,240.15,237.45,238.2,89773.0,2018,08,30
Telecommunication,2018-09-03,238.6,243.35,237.75,242.8,381092.0,2018,09,03
Telecommunication,2018-09-04,244.3,249.65,244.25,248.15,774289.0,2018,09,04
Telecommunication,2018-09-05,250.1,252.65,246.9,251.05,706734.0,2018,09,05
Telecommunication,2018-09-06,251.25,252.3,243.75,246.45,551691.0,2018,09,06
Telecommunication,2018-09-09,244.95,247.35,238.8,240.9,383212.0,2018,09,09
Telecommunication,2018-09-10,241.0,243.45,236.7,237.55,347614.5,2018,09,10
Telecommunication,2018-09-11,238.75,242.0,238.0,239.65,223867.0,2018,09,11
Telecommunication,2018-09-12,240.6,241.7,235.5,237.15,218788.5,2018,09,12
Telecommunication,2018-09-13,237.55,238.75,232.95,233.6,246592.0,2018,09,13
Telecommunication,2018-09-16,234.85,239.6,231.6,236.85,316150.0,2018,09,16
Telecommunication,2018-09-17,235.55,239.25,232.7,233.65,162718.0,2018,09,17
Telecommunication,2018-09-18,233.35,235.8,227.95,228.8,257816.5,2018,09,18
Telecommunication,2018-09-19,229.25,231.15,226.45,227.3,207714.5,2018,09,19
Telecommunication,2018-09-20,227.0,229.25,222.3,224.75,296988.0,2018,09,20
Telecommunication,2018-09-23,226.05,233.35,223.25,227.1,178902.5,2018,09,23
Telecommunication,2018-09-24,230.25,230.25,223.8,225.45,143067.0,2018,09,24
Telecommunication,2018-09-25,225.55,228.4,223.05,226.8,147319.5,2018,09,25
Telecommunication,2018-09-26,228.0,229.95,226.45,228.0,98269.5,2018,09,26
Telecommunication,2018-09-27,226.8,228.4,225.4,226.25,109861.5,2018,09,27
Telecommunication,2018-09-30,225.55,228.5,221.0,224.3,219008.0,2018,09,30
Telecommunication,2018-10-01,225.3,229.4,221.25,224.15,210604.0,2018,10,01
Telecommunication,2018-10-02,224.05,227.45,223.3,225.05,145217.5,2018,10,02
Telecommunication,2018-10-03,223.75,225.45,222.6,223.9,119120.5,2018,10,03
Telecommunication,2018-10-04,225.9,226.15,219.5,220.35,172037.0,2018,10,04
Telecommunication,2018-10-07,220.15,223.35,217.55,218.7,132821.5,2018,10,07
Telecommunication,2018-10-08,220.35,221.25,216.8,217.85,272732.0,2018,10,08
Telecommunication,2018-10-09,218.3,223.8,217.85,220.25,130650.5,2018,10,09
Telecommunication,2018-10-10,220.4,222.8,218.5,220.35,142070.0,2018,10,10
Telecommunication,2018-10-11,220.15,222.5,218.95,221.1,163494.0,2018,10,11
Telecommunication,2018-10-14,221.75,221.85,219.75,220.65,60996.0,2018,10,14
Telecommunication,2018-10-15,221.0,223.55,220.0,221.6,186605.5,2018,10,15
Telecommunication,2018-10-16,222.0,222.85,220.4,221.25,77244.0,2018,10,16
Telecommunication,2018-10-17,221.45,222.3,220.5,221.3,125494.0,2018,10,17
Telecommunication,2018-10-18,364.0,364.1,362.2,363.2,58848.0,2018,10,18
Telecommunication,2018-10-21,220.7,222.6,218.95,219.85,62682.0,2018,10,21
Telecommunication,2018-10-22,219.95,222.2,217.0,219.3,94654.5,2018,10,22
Telecommunication,2018-10-23,220.0,224.95,219.35,222.45,146960.0,2018,10,23
Telecommunication,2018-10-24,224.0,228.25,223.4,227.4,154676.5,2018,10,24
Telecommunication,2018-10-25,228.5,232.65,224.85,231.45,185429.5,2018,10,25
Telecommunication,2018-10-28,231.95,234.15,228.35,230.4,119480.0,2018,10,28
Telecommunication,2018-10-29,230.35,231.65,228.4,230.35,130297.5,2018,10,29
Telecommunication,2018-10-30,231.5,233.25,228.75,229.55,134620.5,2018,10,30
Telecommunication,2018-10-31,229.8,233.15,229.05,231.8,189713.5,2018,10,31
Telecommunication,2018-11-01,231.45,234.4,231.4,233.2,131665.0,2018,11,01
Telecommunication,2018-11-04,233.5,235.9,231.0,233.35,94912.0,2018,11,04
Telecommunication,2018-11-05,234.25,235.25,230.5,232.1,97967.5,2018,11,05
Telecommunication,2018-11-06,231.65,232.6,229.9,231.65,99253.5,2018,11,06
Telecommunication,2018-11-07,231.95,242.0,231.15,234.85,225066.5,2018,11,07
Telecommunication,2018-11-08,234.95,236.25,232.7,235.3,104297.0,2018,11,08
Telecommunication,2018-11-11,235.2,237.25,231.9,234.2,98575.0,2018,11,11
Telecommunication,2018-11-12,233.9,236.5,231.9,233.4,188454.5,2018,11,12
Telecommunication,2018-11-13,234.75,236.5,233.6,235.55,129700.5,2018,11,13
Telecommunication,2018-11-14,235.6,237.25,229.95,230.95,271626.0,2018,11,14
Telecommunication,2018-11-15,230.85,231.6,229.25,229.85,100839.5,2018,11,15
Telecommunication,2018-11-18,230.5,231.5,227.35,228.4,115532.5,2018,11,18
Telecommunication,2018-11-19,228.3,228.8,223.55,225.2,213502.0,2018,11,19
Telecommunication,2018-11-20,225.9,225.9,220.95,223.6,212401.0,2018,11,20
Telecommunication,2018-11-22,224.1,227.8,221.3,226.5,117622.0,2018,11,22
Telecommunication,2018-11-25,226.0,226.0,222.0,223.05,97400.0,2018,11,25
Telecommunication,2018-11-26,222.8,227.15,221.3,225.05,140606.0,2018,11,26
Telecommunication,2018-11-27,225.65,229.95,224.5,227.15,86875.5,2018,11,27
Telecommunication,2018-11-28,227.1,229.55,225.95,227.75,65069.5,2018,11,28
Telecommunication,2018-11-29,227.85,229.35,223.7,225.1,94028.0,2018,11,29
Telecommunication,2018-12-02,226.6,227.05,222.75,224.2,51939.0,2018,12,02
Telecommunication,2018-12-03,225.1,226.85,223.3,223.75,55417.0,2018,12,03
Telecommunication,2018-12-04,225.0,227.4,222.25,224.95,60549.0,2018,12,04
Telecommunication,2018-12-05,224.95,226.25,223.4,224.15,106499.0,2018,12,05
Telecommunication,2018-12-06,225.85,226.7,223.5,225.2,67787.5,2018,12,06
Telecommunication,2018-12-09,225.8,225.8,223.25,224.35,36205.5,2018,12,09
Telecommunication,2018-12-10,223.85,224.55,222.15,222.6,87855.0,2018,12,10
Telecommunication,2018-12-11,224.35,224.75,220.35,221.55,155223.5,2018,12,11
Telecommunication,2018-12-12,221.7,222.95,220.7,221.4,48847.5,2018,12,12
Telecommunication,2018-12-13,221.9,224.4,220.65,222.35,83242.0,2018,12,13
Telecommunication,2018-12-17,221.9,223.65,221.6,222.95,117421.5,2018,12,17
Telecommunication,2018-12-18,223.6,224.3,222.25,223.25,85634.5,2018,12,18
Telecommunication,2018-12-19,223.9,224.25,221.6,222.15,41862.5,2018,12,19
Telecommunication,2018-12-20,222.25,224.85,222.15,222.7,49309.0,2018,12,20
Telecommunication,2018-12-23,222.55,225.95,222.5,225.5,74270.0,2018,12,23
Telecommunication,2018-12-24,225.9,228.1,225.05,227.1,213259.0,2018,12,24
Telecommunication,2018-12-26,227.2,228.1,227.0,227.45,118047.5,2018,12,26
Telecommunication,2018-12-27,227.45,238.1,226.0,230.4,180934.0,2018,12,27
Engineering,2020-08-03,98.24,100.26,96.07,98.69,641762.46,2020,08,03
Engineering,2020-08-04,98.82,100.35,97.16,98.91,602410.21,2020,08,04
Engineering,2020-08-05,99.44,101.69,97.8,98.67,565404.59,2020,08,05
Engineering,2020-08-06,97.14,102.35,96.69,101.16,731191.56,2020,08,06
Engineering,2020-08-09,102.03,105.89,101.52,104.71,1249887.08,2020,08,09
Engineering,2020-08-10,105.21,109.11,103.52,106.76,1052724.18,2020,08,10
Engineering,2020-08-12,107.57,111.52,106.24,109.54,1152823.0,2020,08,12
Engineering,2020-08-13,109.64,112.62,107.44,109.37,905931.15,2020,08,13
Engineering,2020-08-16,110.95,114.06,109.56,112.02,1031699.79,2020,08,16
Engineering,2020-08-17,113.95,116.21,109.84,111.34,837824.15,2020,08,17
Engineering,2020-08-18,112.61,113.79,107.79,109.41,821945.0,2020,08,18
Engineering,2020-08-19,109.45,111.72,106.74,107.41,621308.26,2020,08,19
Engineering,2020-08-20,109.21,110.95,107.34,109.37,521825.87,2020,08,20
Engineering,2020-08-23,111.01,114.15,110.1,112.6,566698.15,2020,08,23
Engineering,2020-08-24,114.28,116.67,112.73,115.09,451148.08,2020,08,24
Engineering,2020-08-25,117.79,119.29,114.29,115.47,358799.49,2020,08,25
Engineering,2020-08-26,115.47,120.98,114.23,118.43,412840.62,2020,08,26
Engineering,2020-08-27,118.91,122.56,115.51,119.19,453812.44,2020,08,27
Engineering,2020-08-31,121.26,124.01,117.96,120.68,495882.05,2020,08,31
Fuel & Power,2020-08-03,178.74,181.34,177.17,179.01,634624.79,2020,08,03
Fuel & Power,2020-08-04,179.5,181.68,178.48,179.97,527893.95,2020,08,04
Fuel & Power,2020-08-05,180.32,181.24,178.75,179.48,405589.74,2020,08,05
Fuel & Power,2020-08-06,179.52,181.98,178.7,180.72,500209.0,2020,08,06
Fuel & Power,2020-08-09,181.4,187.41,180.67,185.71,805086.89,2020,08,09
Fuel & Power,2020-08-10,185.83,188.72,183.36,185.71,735240.05,2020,08,10
Fuel & Power,2020-08-12,186.63,189.04,184.22,186.96,765210.89,2020,08,12
Fuel & Power,2020-08-13,187.49,189.37,185.84,187.54,1074128.16,2020,08,13
Fuel & Power,2020-08-16,188.38,194.96,187.06,192.83,1278265.16,2020,08,16
Fuel & Power,2020-08-17,194.3,197.84,191.24,193.14,1087658.21,2020,08,17
Fuel & Power,2020-08-18,193.37,196.12,190.26,191.59,904894.21,2020,08,18
Fuel & Power,2020-08-19,192.46,196.18,189.79,191.81,1038828.26,2020,08,19
Fuel & Power,2020-08-20,192.06,193.77,188.41,190.95,824645.05,2020,08,20
Fuel & Power,2020-08-23,191.93,195.49,190.33,192.67,937702.89,2020,08,23
Fuel & Power,2020-08-24,194.08,198.0,192.16,195.36,660130.84,2020,08,24
Fuel & Power,2020-08-25,196.46,200.48,194.84,198.63,509020.11,2020,08,25
Fuel & Power,2020-08-26,199.3,205.16,198.58,204.18,537789.0,2020,08,26
Fuel & Power,2020-08-27,206.04,210.73,204.67,208.04,628563.47,2020,08,27
Fuel & Power,2020-08-31,219.43,223.93,216.67,218.29,650061.17,2020,08,31
IT Sector,2020-08-03,34.66,36.35,34.41,35.65,775957.9,2020,08,03
IT Sector,2020-08-04,36.15,36.72,34.83,35.55,832425.6,2020,08,04
IT Sector,2020-08-05,35.87,36.38,34.47,35.13,753605.3,2020,08,05
IT Sector,2020-08-06,35.33,35.86,34.28,35.1,571266.1,2020,08,06
IT Sector,2020-08-09,35.59,36.34,34.98,35.55,676929.2,2020,08,09
IT Sector,2020-08-10,35.85,36.25,34.85,35.14,561766.3,2020,08,10
IT Sector,2020-08-12,35.29,36.52,34.98,35.82,704010.6,2020,08,12
IT Sector,2020-08-13,36.34,36.53,35.05,35.32,476286.5,2020,08,13
IT Sector,2020-08-16,35.64,36.84,35.37,36.13,543300.0,2020,08,16
IT Sector,2020-08-17,36.65,37.37,35.55,35.84,663006.4,2020,08,17
IT Sector,2020-08-18,36.06,36.84,34.88,35.57,487235.9,2020,08,18
IT Sector,2020-08-19,36.22,37.19,35.25,35.94,549498.6,2020,08,19
IT Sector,2020-08-20,36.42,38.06,36.16,37.41,729415.9,2020,08,20
IT Sector,2020-08-23,38.02,38.72,36.65,37.33,667504.4,2020,08,23
IT Sector,2020-08-24,37.25,37.8,36.14,36.65,337589.5,2020,08,24
IT Sector,2020-08-25,36.94,37.54,36.39,36.81,339567.7,2020,08,25
IT Sector,2020-08-26,37.13,37.72,36.4,36.95,435635.7,2020,08,26
IT Sector,2020-08-27,37.08,37.86,36.4,37.13,480475.4,2020,08,27
IT Sector,2020-08-31,37.53,39.29,37.06,37.93,698768.4,2020,08,31
Services & Real Estate,2020-08-03,35.2,36.13,34.65,35.4,875543.5,2020,08,03
Services & Real Estate,2020-08-04,35.53,36.1,34.83,35.63,512238.0,2020,08,04
Services & Real Estate,2020-08-05,35.4,36.08,34.35,34.98,635689.75,2020,08,05
Services & Real Estate,2020-08-06,34.95,36.2,34.45,35.23,710962.5,2020,08,06
Services & Real Estate,2020-08-09,35.78,37.13,35.58,36.45,693495.25,2020,08,09
Services & Real Estate,2020-08-10,36.8,37.3,35.78,36.15,547534.5,2020,08,10
Services & Real Estate,2020-08-12,36.08,36.78,35.75,36.38,542012.75,2020,08,12
Services & Real Estate,2020-08-13,36.7,36.9,35.43,35.68,709779.5,2020,08,13
Services & Real Estate,2020-08-16,36.3,37.03,35.75,36.43,861653.75,2020,08,16
Services & Real Estate,2020-08-17,36.95,38.03,35.88,36.48,734031.5,2020,08,17
Services & Real Estate,2020-08-18,37.0,37.3,35.7,35.88,490587.75,2020,08,18
Services & Real Estate,2020-08-19,36.45,36.78,35.58,35.83,563650.5,2020,08,19
Services & Real Estate,2020-08-20,35.95,36.53,35.65,36.0,407946.0,2020,08,20
Services & Real Estate,2020-08-23,36.33,36.6,35.6,36.0,547937.75,2020,08,23
Services & Real Estate,2020-08-24,36.03,36.4,35.53,35.73,276468.5,2020,08,24
Services & Real Estate,2020-08-25,35.85,36.08,35.4,35.6,335423.5,2020,08,25
Services & Real Estate,2020-08-26,35.9,36.45,35.63,36.1,290814.25,2020,08,26
Services & Real Estate,2020-08-27,36.28,36.88,35.55,36.28,325453.75,2020,08,27
Services & Real Estate,2020-08-31,36.35,36.7,35.83,36.13,409424.25,2020,08,31
Telecommunication,2020-08-03,181.55,187.2,181.35,184.5,825764.0,2020,08,03
Telecommunication,2020-08-04,185.1,187.45,183.0,183.75,752489.0,2020,08,04
Telecommunication,2020-08-05,104.3,114.4,104.3,114.4,2146350.0,2020,08,05
Telecommunication,2020-08-06,186.2,191.9,183.7,190.0,1666316.5,2020,08,06
Telecommunication,2020-08-09,191.5,205.5,188.85,201.25,1204802.5,2020,08,09
Telecommunication,2020-08-10,202.65,208.0,194.05,202.25,1204669.0,2020,08,10
Telecommunication,2020-08-12,202.6,211.05,201.8,209.25,866345.5,2020,08,12
Telecommunication,2020-08-13,211.0,215.7,207.8,209.5,970171.5,2020,08,13
Telecommunication,2020-08-16,213.0,216.5,207.55,214.1,905910.0,2020,08,16
Telecommunication,2020-08-17,214.7,216.7,207.85,208.9,726781.0,2020,08,17
Telecommunication,2020-08-18,209.3,210.75,202.6,205.9,693174.5,2020,08,18
Telecommunication,2020-08-19,208.35,213.95,207.2,209.25,610687.0,2020,08,19
Telecommunication,2020-08-20,209.95,217.25,208.55,213.35,972244.0,2020,08,20
Telecommunication,2020-08-23,214.95,221.5,210.35,215.45,759552.0,2020,08,23
Telecommunication,2020-08-24,215.95,220.65,211.8,217.25,659203.0,2020,08,24
Telecommunication,2020-08-25,218.6,227.45,217.25,225.95,1014844.5,2020,08,25
Telecommunication,2020-08-26,227.55,230.3,224.0,225.75,521768.0,2020,08,26
Telecommunication,2020-08-27,226.4,229.05,222.7,223.8,744153.0,2020,08,27
Telecommunication,2020-08-31,223.85,227.8,220.1,223.5,754923.5,2020,08,31
Engineering,2020-12-01,114.83,116.4,114.0,115.65,389161.7,2020,12,01
Engineering,2020-12-02,113.39,115.84,112.86,115.24,534387.46,2020,12,02
Engineering,2020-12-03,117.72,118.88,116.46,117.48,671777.95,2020,12,03
Engineering,2020-12-06,118.52,119.83,117.53,118.71,713260.48,2020,12,06
Engineering,2020-12-07,118.86,119.87,117.43,118.23,505584.15,2020,12,07
Engineering,2020-12-08,116.1,117.0,114.86,115.46,707300.78,2020,12,08
Engineering,2020-12-09,115.58,117.02,115.02,116.19,791219.83,2020,12,09
Engineering,2020-12-10,116.63,118.46,116.0,117.81,668973.15,2020,12,10
Engineering,2020-12-13,118.79,121.33,118.27,119.7,713664.8,2020,12,13
Engineering,2020-12-14,123.07,125.03,120.92,123.29,989994.93,2020,12,14
Engineering,2020-12-15,126.46,129.96,125.18,128.53,674495.82,2020,12,15
Engineering,2020-12-17,126.96,128.78,123.87,126.3,719035.53,2020,12,17
Engineering,2020-12-20,126.34,129.8,124.33,126.9,619422.18,2020,12,20
Engineering,2020-12-21,124.43,125.77,121.23,122.5,664598.07,2020,12,21
Engineering,2020-12-22,125.6,126.81,122.93,123.74,525945.73,2020,12,22
Engineering,2020-12-23,121.53,122.19,118.3,119.02,526036.76,2020,12,23
Engineering,2020-12-24,119.95,121.42,118.44,120.31,719862.63,2020,12,24
Engineering,2020-12-27,121.04,124.76,120.27,123.46,1086294.98,2020,12,27
Engineering,2020-12-28,124.24,126.86,122.36,124.68,846425.46,2020,12,28
Engineering,2020-12-29,125.02,127.16,122.88,124.3,1045280.71,2020,12,29
Engineering,2020-12-30,125.6,127.87,122.92,125.02,915291.95,2020,12,30
Fuel & Power,2020-12-01,182.03,184.13,181.45,183.03,252063.65,2020,12,01
Fuel & Power,2020-12-02,183.41,186.02,182.83,184.9,467020.5,2020,12,02
Fuel & Power,2020-12-03,191.61,193.1,190.21,191.89,496038.84,2020,12,03
Fuel & Power,2020-12-06,195.6,197.63,194.51,196.17,339343.89,2020,12,06
Fuel & Power,2020-12-07,187.03,188.65,186.41,187.52,388185.25,2020,12,07
Fuel & Power,2020-12-08,187.02,187.78,185.08,186.59,261817.95,2020,12,08
Fuel & Power,2020-12-09,188.33,189.51,185.76,186.67,323132.1,2020,12,09
Fuel & Power,2020-12-10,187.19,189.81,186.27,188.19,355086.65,2020,12,10
Fuel & Power,2020-12-13,188.42,195.05,187.65,192.73,310399.35,2020,12,13
Fuel & Power,2020-12-14,197.64,198.43,192.07,194.79,256303.95,2020,12,14
Fuel & Power,2020-12-15,195.81,200.01,192.97,194.88,230198.45,2020,12,15
Fuel & Power,2020-12-17,195.32,197.0,190.57,193.39,208437.6,2020,12,17
Fuel & Power,2020-12-20,193.18,193.91,188.03,188.68,246893.4,2020,12,20
Fuel & Power,2020-12-21,188.73,193.21,186.09,189.11,321182.65,2020,12,21
Fuel & Power,2020-12-22,189.04,191.07,185.51,186.62,306079.8,2020,12,22
Fuel & Power,2020-12-23,187.33,188.94,185.42,186.93,301216.45,2020,12,23
Fuel & Power,2020-12-24,188.13,191.51,186.63,190.06,338188.75,2020,12,24
Fuel & Power,2020-12-27,190.18,196.25,188.8,192.53,938348.3,2020,12,27
Fuel & Power,2020-12-28,193.2,197.49,191.45,193.79,525627.4,2020,12,28
Fuel & Power,2020-12-29,189.4,195.08,184.8,188.91,1007473.8,2020,12,29
Fuel & Power,2020-12-30,190.86,192.28,186.82,189.2,510051.8,2020,12,30
IT Sector,2020-12-01,39.62,42.18,39.49,41.33,1057290.0,2020,12,01
IT Sector,2020-12-02,41.65,42.84,40.46,41.65,881593.6,2020,12,02
IT Sector,2020-12-03,41.68,43.16,41.02,42.26,611265.6,2020,12,03
IT Sector,2020-12-06,42.39,44.72,41.51,43.72,983898.9,2020,12,06
IT Sector,2020-12-07,44.11,44.82,42.63,43.12,692089.1,2020,12,07
IT Sector,2020-12-08,43.16,43.47,41.75,42.42,560965.7,2020,12,08
IT Sector,2020-12-09,42.49,43.7,41.24,43.17,641255.1,2020,12,09
IT Sector,2020-12-10,43.3,43.59,42.11,42.53,456539.5,2020,12,10
IT Sector,2020-12-13,42.7,42.95,41.19,41.73,463858.8,2020,12,13
IT Sector,2020-12-14,41.93,42.75,41.07,41.83,529533.2,2020,12,14
IT Sector,2020-12-15,42.04,42.61,40.87,41.17,441295.5,2020,12,15
IT Sector,2020-12-17,41.49,41.81,40.51,40.87,294550.5,2020,12,17
IT Sector,2020-12-20,41.09,41.61,39.87,40.23,257193.2,2020,12,20
IT Sector,2020-12-21,42.57,43.72,41.88,42.66,440629.44,2020,12,21
IT Sector,2020-12-22,40.46,41.13,39.22,39.92,392944.9,2020,12,22
IT Sector,2020-12-23,39.98,40.59,38.82,39.69,419994.3,2020,12,23
IT Sector,2020-12-24,40.12,41.17,39.22,40.2,445410.3,2020,12,24
IT Sector,2020-12-27,40.73,42.37,40.12,41.23,807923.2,2020,12,27
IT Sector,2020-12-28,41.92,42.42,40.4,40.99,644115.2,2020,12,28
IT Sector,2020-12-29,41.4,41.9,40.21,40.86,594893.6,2020,12,29
IT Sector,2020-12-30,40.96,42.58,40.36,41.62,949072.1,2020,12,30
Services & Real Estate,2020-12-01,35.1,35.6,34.93,35.25,816971.25,2020,12,01
Services & Real Estate,2020-12-02,32.75,34.55,32.5,34.45,2028899.0,2020,12,02
Services & Real Estate,2020-12-03,35.98,36.43,35.53,35.85,1033517.25,2020,12,03
Services & Real Estate,2020-12-06,35.9,36.23,35.6,35.85,644436.25,2020,12,06
Services & Real Estate,2020-12-07,36.1,36.53,35.9,36.35,914548.5,2020,12,07
Services & Real Estate,2020-12-08,36.45,36.58,35.68,35.9,910858.75,2020,12,08
Services & Real Estate,2020-12-09,36.13,36.78,35.65,36.25,1924357.5,2020,12,09
Services & Real Estate,2020-12-10,36.8,37.05,36.2,36.35,1531834.5,2020,12,10
Services & Real Estate,2020-12-13,36.48,36.8,35.88,36.18,1383708.25,2020,12,13
Services & Real Estate,2020-12-14,36.18,36.73,35.45,35.75,1109955.5,2020,12,14
Services & Real Estate,2020-12-15,36.03,36.3,35.53,35.63,619449.75,2020,12,15
Services & Real Estate,2020-12-17,35.75,36.2,35.48,35.83,389609.75,2020,12,17
Services & Real Estate,2020-12-20,35.83,36.13,35.35,35.6,539828.0,2020,12,20
Services & Real Estate,2020-12-21,35.7,36.18,35.18,35.58,494842.25,2020,12,21
Services & Real Estate,2020-12-22,35.8,35.98,35.45,35.7,489273.75,2020,12,22
Services & Real Estate,2020-12-23,35.83,36.03,35.48,35.68,507968.25,2020,12,23
Services & Real Estate,2020-12-24,35.6,36.83,35.53,36.7,2083767.75,2020,12,24
Services & Real Estate,2020-12-27,37.15,38.28,36.88,37.55,2323582.75,2020,12,27
Services & Real Estate,2020-12-28,37.8,37.93,37.03,37.35,1391769.0,2020,12,28
Services & Real Estate,2020-12-29,37.43,38.13,37.05,37.55,2644456.5,2020,12,29
Services & Real Estate,2020-12-30,37.83,38.25,37.53,37.73,2539544.0,2020,12,30
Telecommunication,2020-12-01,227.5,230.05,226.6,229.35,635991.0,2020,12,01
Telecommunication,2020-12-02,232.05,234.55,228.55,229.75,1101990.0,2020,12,02
Telecommunication,2020-12-03,230.9,231.9,228.55,230.6,461437.0,2020,12,03
Telecommunication,2020-12-06,232.05,235.95,229.8,233.25,374646.0,2020,12,06
Telecommunication,2020-12-07,232.85,235.9,230.0,232.25,409231.0,2020,12,07
Telecommunication,2020-12-08,231.8,236.8,231.35,234.9,356376.5,2020,12,08
Telecommunication,2020-12-09,235.95,236.55,232.3,234.1,391461.5,2020,12,09
Telecommunication,2020-12-10,235.35,238.9,234.15,238.35,427100.5,2020,12,10
Telecommunication,2020-12-13,239.35,244.05,238.75,241.6,501770.5,2020,12,13
Telecommunication,2020-12-14,241.15,245.35,239.7,243.75,641416.5,2020,12,14
Telecommunication,2020-12-15,244.5,251.45,243.5,249.85,1096886.5,2020,12,15
Telecommunication,2020-12-17,250.6,251.15,241.8,243.25,535734.0,2020,12,17
Telecommunication,2020-12-20,245.1,245.1,237.6,239.05,333136.5,2020,12,20
Telecommunication,2020-12-21,240.05,244.9,237.2,242.8,849708.0,2020,12,21
Telecommunication,2020-12-22,243.45,245.15,239.95,241.1,876587.5,2020,12,22
Telecommunication,2020-12-23,240.45,246.9,238.15,244.55,984572.5,2020,12,23
Telecommunication,2020-12-24,168.83,175.3,168.4,173.43,841215.0,2020,12,24
Telecommunication,2020-12-27,177.57,185.0,175.57,181.13,2619588.33,2020,12,27
Telecommunication,2020-12-28,182.03,184.6,178.7,181.43,1358576.67,2020,12,28
Telecommunication,2020-12-29,183.37,183.87,178.8,179.97,505112.33,2020,12,29
Telecommunication,2020-12-30,180.63,182.23,178.23,181.0,1067516.33,2020,12,30
Engineering,2020-02-02,99.56,101.22,97.04,99.23,576003.21,2020,02,02
Engineering,2020-02-03,100.0,101.96,98.54,100.91,618894.44,2020,02,03
Engineering,2020-02-04,101.35,103.79,99.65,101.79,574359.05,2020,02,04
Engineering,2020-02-05,103.15,105.59,101.19,102.93,550859.15,2020,02,05
Engineering,2020-02-06,103.22,105.24,101.25,103.87,438228.74,2020,02,06
Engineering,2020-02-09,105.48,106.57,100.27,102.01,428106.49,2020,02,09
Engineering,2020-02-10,103.1,104.37,100.46,101.62,514668.56,2020,02,10
Engineering,2020-02-11,102.92,105.08,101.59,102.8,626213.41,2020,02,11
Engineering,2020-02-12,80.13,81.26,77.82,78.81,760768.39,2020,02,12
Engineering,2020-02-13,102.83,105.03,99.91,101.79,1062293.79,2020,02,13
Engineering,2020-02-16,102.63,104.77,101.6,103.28,1219299.38,2020,02,16
Engineering,2020-02-17,103.58,105.84,101.4,102.9,1169751.67,2020,02,17
Engineering,2020-02-18,104.56,107.67,102.45,104.44,1061325.31,2020,02,18
Engineering,2020-02-19,105.07,106.77,102.99,104.36,972763.18,2020,02,19
Engineering,2020-02-20,104.63,108.04,102.51,104.87,998351.18,2020,02,20
Engineering,2020-02-23,103.98,104.81,101.32,102.01,602130.15,2020,02,23
Engineering,2020-02-24,102.37,103.67,100.39,101.27,707344.15,2020,02,24
Engineering,2020-02-25,102.28,104.21,101.42,103.08,570370.1,2020,02,25
Engineering,2020-02-26,103.62,106.11,102.13,103.48,825783.18,2020,02,26
Engineering,2020-02-27,102.62,103.75,100.32,101.33,689223.95,2020,02,27
Fuel & Power,2020-02-02,185.58,188.57,183.39,186.6,710672.63,2020,02,02
Fuel & Power,2020-02-03,187.58,190.06,186.42,188.19,935757.53,2020,02,03
Fuel & Power,2020-02-04,188.45,192.13,186.53,188.25,537939.47,2020,02,04
Fuel & Power,2020-02-05,190.05,192.56,187.05,189.56,308295.47,2020,02,05
Fuel & Power,2020-02-06,189.75,190.79,187.06,188.91,268659.21,2020,02,06
Fuel & Power,2020-02-09,187.72,188.28,184.29,185.56,252243.95,2020,02,09
Fuel & Power,2020-02-10,185.79,187.05,182.16,183.33,317731.11,2020,02,10
Fuel & Power,2020-02-11,186.58,188.27,183.31,184.41,511647.11,2020,02,11
Fuel & Power,2020-02-12,185.21,186.34,180.86,182.66,586804.42,2020,02,12
Fuel & Power,2020-02-13,183.15,187.26,181.69,185.21,1012876.53,2020,02,13
Fuel & Power,2020-02-16,186.96,192.26,185.53,190.41,867853.68,2020,02,16
Fuel & Power,2020-02-17,191.15,193.23,187.63,190.06,956951.68,2020,02,17
Fuel & Power,2020-02-18,190.91,193.59,188.17,190.41,1176036.21,2020,02,18
Fuel & Power,2020-02-19,190.59,197.18,189.01,194.45,1094026.37,2020,02,19
Fuel & Power,2020-02-20,194.66,196.87,190.58,192.77,631925.63,2020,02,20
Fuel & Power,2020-02-23,194.98,197.31,189.82,191.1,568704.32,2020,02,23
Fuel & Power,2020-02-24,199.32,201.12,196.63,198.45,293206.44,2020,02,24
Fuel & Power,2020-02-25,191.05,194.06,189.38,192.36,572637.74,2020,02,25
Fuel & Power,2020-02-26,192.44,194.96,189.28,191.1,525090.26,2020,02,26
Fuel & Power,2020-02-27,192.01,193.06,186.33,187.8,542883.0,2020,02,27
IT Sector,2020-02-02,34.82,35.11,33.88,34.13,546782.0,2020,02,02
IT Sector,2020-02-03,33.98,34.52,33.31,33.82,413927.2,2020,02,03
IT Sector,2020-02-04,34.11,34.68,33.4,33.76,432678.8,2020,02,04
IT Sector,2020-02-05,33.7,34.22,33.12,33.61,316885.0,2020,02,05
IT Sector,2020-02-06,33.76,34.41,33.27,33.89,446518.7,2020,02,06
IT Sector,2020-02-09,33.98,34.28,32.61,32.99,343685.9,2020,02,09
IT Sector,2020-02-10,33.44,34.2,32.9,33.67,318047.5,2020,02,10
IT Sector,2020-02-11,34.4,35.09,33.73,34.37,472663.6,2020,02,11
IT Sector,2020-02-12,34.5,34.96,33.48,33.8,564652.0,2020,02,12
IT Sector,2020-02-13,34.12,35.18,33.68,34.6,581021.9,2020,02,13
IT Sector,2020-02-16,34.99,36.38,34.68,35.86,670715.4,2020,02,16
IT Sector,2020-02-17,36.13,37.4,35.32,36.66,884492.0,2020,02,17
IT Sector,2020-02-18,36.88,37.42,35.55,35.92,809269.2,2020,02,18
IT Sector,2020-02-19,35.95,36.81,35.33,36.03,517748.9,2020,02,19
IT Sector,2020-02-20,36.17,37.13,35.5,36.28,498062.1,2020,02,20
IT Sector,2020-02-23,36.79,37.06,35.04,35.44,438759.9,2020,02,23
IT Sector,2020-02-24,35.64,36.49,34.94,35.9,446630.9,2020,02,24
IT Sector,2020-02-25,35.89,36.99,35.41,36.21,450630.3,2020,02,25
IT Sector,2020-02-26,36.57,37.31,35.44,35.78,543281.8,2020,02,26
IT Sector,2020-02-27,36.04,36.76,35.31,35.9,329755.6,2020,02,27
Services & Real Estate,2020-02-02,33.58,33.9,33.0,33.4,278121.25,2020,02,02
Services & Real Estate,2020-02-03,33.73,34.48,33.35,34.03,423558.25,2020,02,03
Services & Real Estate,2020-02-04,34.08,34.95,33.58,34.13,377237.0,2020,02,04
Services & Real Estate,2020-02-05,33.98,34.85,33.55,34.08,340266.25,2020,02,05
Services & Real Estate,2020-02-06,33.95,34.6,33.73,34.13,431805.25,2020,02,06
Services & Real Estate,2020-02-09,33.83,34.4,33.15,33.28,219951.0,2020,02,09
Services & Real Estate,2020-02-10,33.6,34.1,33.28,33.63,378641.0,2020,02,10
Services & Real Estate,2020-02-11,34.3,35.0,34.05,34.55,437773.75,2020,02,11
Services & Real Estate,2020-02-12,34.83,36.48,34.68,35.43,1508835.0,2020,02,12
Services & Real Estate,2020-02-13,35.73,37.28,35.65,37.03,810284.25,2020,02,13
Services & Real Estate,2020-02-16,37.35,38.5,36.78,37.83,1066111.25,2020,02,16
Services & Real Estate,2020-02-17,37.53,39.08,36.53,37.93,1167112.25,2020,02,17
Services & Real Estate,2020-02-18,38.28,39.13,37.45,37.85,965841.0,2020,02,18
Services & Real Estate,2020-02-19,38.05,38.85,37.55,38.4,643929.75,2020,02,19
Services & Real Estate,2020-02-20,38.53,39.35,37.38,37.7,700375.75,2020,02,20
Services & Real Estate,2020-02-23,37.73,38.15,36.93,37.4,457596.0,2020,02,23
Services & Real Estate,2020-02-24,37.58,38.38,37.18,37.8,332549.75,2020,02,24
Services & Real Estate,2020-02-25,38.1,38.78,37.75,38.18,373458.0,2020,02,25
Services & Real Estate,2020-02-26,38.45,39.35,37.63,38.35,694927.75,2020,02,26
Services & Real Estate,2020-02-27,38.93,39.35,37.83,38.15,402422.75,2020,02,27
Telecommunication,2020-02-02,180.5,182.95,179.2,180.45,382242.5,2020,02,02
Telecommunication,2020-02-03,181.3,191.05,181.0,189.75,639464.0,2020,02,03
Telecommunication,2020-02-04,190.0,193.0,185.55,186.6,479569.5,2020,02,04
Telecommunication,2020-02-05,185.15,186.7,182.25,183.15,331677.5,2020,02,05
Telecommunication,2020-02-06,183.5,184.0,178.95,181.55,516751.0,2020,02,06
Telecommunication,2020-02-09,181.6,183.45,176.25,177.3,341215.5,2020,02,09
Telecommunication,2020-02-10,179.45,181.15,176.0,177.4,262194.5,2020,02,10
Telecommunication,2020-02-11,180.55,184.15,180.15,182.15,391054.5,2020,02,11
Telecommunication,2020-02-12,182.7,183.75,178.5,179.4,802085.0,2020,02,12
Telecommunication,2020-02-13,180.45,181.8,179.0,180.05,388706.5,2020,02,13
Telecommunication,2020-02-16,181.7,185.5,179.5,184.8,1036387.0,2020,02,16
Telecommunication,2020-02-17,107.7,109.7,105.6,106.8,968786.0,2020,02,17
Telecommunication,2020-02-18,184.0,191.25,182.1,184.55,792548.0,2020,02,18
Telecommunication,2020-02-19,186.15,197.25,184.55,194.65,673288.5,2020,02,19
Telecommunication,2020-02-20,192.5,206.8,186.4,199.35,953967.5,2020,02,20
Telecommunication,2020-02-23,212.1,213.15,204.85,210.1,900067.0,2020,02,23
Telecommunication,2020-02-24,210.4,213.25,198.0,199.45,558706.5,2020,02,24
Telecommunication,2020-02-25,196.2,201.15,191.55,196.65,462645.5,2020,02,25
Telecommunication,2020-02-26,196.75,199.95,191.45,194.3,500389.0,2020,02,26
Telecommunication,2020-02-27,194.55,194.95,184.0,185.85,436204.5,2020,02,27
Engineering,2020-01-01,100.56,102.26,97.93,99.62,413924.51,2020,01,01
Engineering,2020-01-02,101.59,104.07,99.38,102.26,521313.51,2020,01,02
Engineering,2020-01-05,102.52,104.2,100.5,101.24,380343.23,2020,01,05
Engineering,2020-01-06,100.54,101.65,98.12,99.12,404184.82,2020,01,06
Engineering,2020-01-07,100.08,100.81,96.68,97.61,345348.26,2020,01,07
Engineering,2020-01-08,98.31,99.21,95.12,96.41,321574.85,2020,01,08
Engineering,2020-01-09,95.9,98.13,93.32,94.88,294123.49,2020,01,09
Engineering,2020-01-12,97.18,99.18,96.13,97.33,382134.33,2020,01,12
Engineering,2020-01-13,97.31,97.74,93.26,94.36,437429.79,2020,01,13
Engineering,2020-01-14,95.01,95.64,91.35,92.67,281616.67,2020,01,14
Engineering,2020-01-15,94.43,95.87,92.09,92.97,248482.51,2020,01,15
Engineering,2020-01-16,93.35,94.45,89.72,91.57,271402.95,2020,01,16
Engineering,2020-01-19,93.9,98.33,93.23,96.67,499562.1,2020,01,19
Engineering,2020-01-20,97.92,100.2,95.88,96.98,782205.31,2020,01,20
Engineering,2020-01-21,96.25,98.48,94.57,96.34,468960.44,2020,01,21
Engineering,2020-01-22,96.97,98.91,95.17,97.35,597742.46,2020,01,22
Engineering,2020-01-23,97.87,101.56,97.27,100.29,667372.69,2020,01,23
Engineering,2020-01-26,101.49,102.94,99.2,100.53,751048.92,2020,01,26
Engineering,2020-01-27,100.94,102.27,97.96,99.67,487338.79,2020,01,27
Engineering,2020-01-28,100.75,102.27,98.39,99.73,660824.51,2020,01,28
Engineering,2020-01-29,100.1,101.8,97.67,98.72,590529.46,2020,01,29
Engineering,2020-01-30,98.02,100.47,96.1,98.67,487515.33,2020,01,30
Fuel & Power,2020-01-01,186.9,190.02,185.31,187.81,274799.26,2020,01,01
Fuel & Power,2020-01-02,187.65,190.07,186.5,187.95,330539.95,2020,01,02
Fuel & Power,2020-01-05,188.05,190.74,185.33,187.41,289102.37,2020,01,05
Fuel & Power,2020-01-06,188.61,190.01,186.06,186.83,287030.42,2020,01,06
Fuel & Power,2020-01-07,187.86,188.67,185.05,186.16,189133.95,2020,01,07
Fuel & Power,2020-01-08,185.57,186.35,183.14,183.93,211055.95,2020,01,08
Fuel & Power,2020-01-09,184.99,186.53,181.27,183.09,281828.21,2020,01,09
Fuel & Power,2020-01-12,182.94,185.83,181.31,183.19,245210.89,2020,01,12
Fuel & Power,2020-01-13,182.33,182.66,175.84,177.81,169162.58,2020,01,13
Fuel & Power,2020-01-14,176.22,177.05,169.09,171.21,172373.0,2020,01,14
Fuel & Power,2020-01-15,173.59,174.97,169.11,170.97,131434.42,2020,01,15
Fuel & Power,2020-01-16,171.53,172.91,168.24,170.03,123237.42,2020,01,16
Fuel & Power,2020-01-19,174.88,180.71,174.49,179.43,321627.63,2020,01,19
Fuel & Power,2020-01-20,182.61,185.26,177.76,180.04,267485.58,2020,01,20
Fuel & Power,2020-01-21,179.56,180.94,176.18,177.43,256261.47,2020,01,21
Fuel & Power,2020-01-22,179.81,181.82,175.48,179.37,313862.16,2020,01,22
Fuel & Power,2020-01-23,179.74,185.39,178.75,184.19,398097.05,2020,01,23
Fuel & Power,2020-01-26,185.08,188.69,182.04,186.73,321611.26,2020,01,26
Fuel & Power,2020-01-27,185.21,187.13,182.81,184.64,175236.53,2020,01,27
Fuel & Power,2020-01-28,185.31,190.33,183.98,188.61,310524.47,2020,01,28
Fuel & Power,2020-01-29,190.26,192.11,184.26,185.55,353429.68,2020,01,29
Fuel & Power,2020-01-30,186.38,187.33,182.72,184.65,316511.11,2020,01,30
IT Sector,2020-01-01,35.51,36.71,35.11,35.94,431888.33,2020,01,01
IT Sector,2020-01-02,36.24,36.62,34.92,35.6,355028.67,2020,01,02
IT Sector,2020-01-05,35.81,36.11,34.5,34.88,266132.11,2020,01,05
IT Sector,2020-01-06,35.53,35.95,34.34,34.99,772653.2,2020,01,06
IT Sector,2020-01-07,35.57,36.47,33.41,34.0,853707.8,2020,01,07
IT Sector,2020-01-08,34.23,35.12,33.16,34.07,465919.8,2020,01,08
IT Sector,2020-01-09,34.09,35.27,33.23,34.14,497921.3,2020,01,09
IT Sector,2020-01-12,34.56,35.38,33.64,34.3,479650.4,2020,01,12
IT Sector,2020-01-13,34.84,34.97,33.13,33.83,453689.2,2020,01,13
IT Sector,2020-01-14,33.94,34.42,32.26,33.38,481907.0,2020,01,14
IT Sector,2020-01-15,33.93,34.39,32.31,32.85,429148.1,2020,01,15
IT Sector,2020-01-16,32.83,33.45,31.64,32.27,510008.5,2020,01,16
IT Sector,2020-01-19,32.71,34.23,32.55,33.85,500853.3,2020,01,19
IT Sector,2020-01-20,33.73,34.87,32.97,33.85,438915.8,2020,01,20
IT Sector,2020-01-21,33.56,34.23,32.95,33.5,473572.4,2020,01,21
IT Sector,2020-01-22,33.68,34.65,32.89,33.59,541076.5,2020,01,22
IT Sector,2020-01-23,33.79,35.16,33.52,34.81,511695.5,2020,01,23
IT Sector,2020-01-26,34.95,35.8,34.02,34.58,617617.3,2020,01,26
IT Sector,2020-01-27,34.71,35.02,33.73,34.15,403181.3,2020,01,27
IT Sector,2020-01-28,34.39,35.24,33.9,34.95,538303.4,2020,01,28
IT Sector,2020-01-29,35.08,35.45,34.23,34.68,429118.2,2020,01,29
IT Sector,2020-01-30,34.94,35.58,34.26,34.93,616221.9,2020,01,30
Services & Real Estate,2020-01-01,34.1,34.6,33.35,34.0,194256.25,2020,01,01
Services & Real Estate,2020-01-02,34.15,34.9,33.78,34.5,420384.0,2020,01,02
Services & Real Estate,2020-01-05,34.4,34.55,33.58,33.85,195002.25,2020,01,05
Services & Real Estate,2020-01-06,33.58,34.03,33.28,33.35,99063.25,2020,01,06
Services & Real Estate,2020-01-07,33.28,33.7,32.28,32.5,160943.75,2020,01,07
Services & Real Estate,2020-01-08,32.93,33.43,31.58,32.15,77428.75,2020,01,08
Services & Real Estate,2020-01-09,32.25,32.68,31.93,32.2,84024.0,2020,01,09
Services & Real Estate,2020-01-12,32.35,32.85,32.23,32.3,133118.0,2020,01,12
Services & Real Estate,2020-01-13,32.35,32.38,30.9,31.35,135645.25,2020,01,13
Services & Real Estate,2020-01-14,31.38,31.65,30.05,30.35,113256.75,2020,01,14
Services & Real Estate,2020-01-15,31.28,31.7,30.05,30.33,103245.75,2020,01,15
Services & Real Estate,2020-01-16,30.85,31.15,30.48,30.98,63616.5,2020,01,16
Services & Real Estate,2020-01-19,31.9,33.3,31.6,33.0,230208.25,2020,01,19
Services & Real Estate,2020-01-20,33.55,33.65,32.33,32.75,186905.0,2020,01,20
Services & Real Estate,2020-01-21,32.68,33.0,31.78,32.05,125445.5,2020,01,21
Services & Real Estate,2020-01-22,32.38,32.78,31.7,32.18,174689.25,2020,01,22
Services & Real Estate,2020-01-23,32.5,34.6,32.25,34.18,683924.5,2020,01,23
Services & Real Estate,2020-01-26,33.98,34.55,33.3,33.75,804425.25,2020,01,26
Services & Real Estate,2020-01-27,33.85,34.05,32.3,32.73,687075.75,2020,01,27
Services & Real Estate,2020-01-28,33.08,34.38,32.58,34.08,783872.75,2020,01,28
Services & Real Estate,2020-01-29,34.03,34.4,33.33,33.63,373272.75,2020,01,29
Services & Real Estate,2020-01-30,33.5,34.03,32.95,33.58,750988.25,2020,01,30
Telecommunication,2020-01-01,187.35,190.95,185.95,187.05,202233.5,2020,01,01
Telecommunication,2020-01-02,187.65,192.0,186.85,187.85,223425.5,2020,01,02
Telecommunication,2020-01-05,188.25,189.25,186.15,186.7,116767.0,2020,01,05
Telecommunication,2020-01-06,188.4,188.8,179.35,181.6,196541.0,2020,01,06
Telecommunication,2020-01-07,182.4,183.9,179.35,180.05,119341.5,2020,01,07
Telecommunication,2020-01-08,181.55,182.15,170.65,173.1,180610.5,2020,01,08
Telecommunication,2020-01-09,170.35,174.7,167.1,167.6,279983.5,2020,01,09
Telecommunication,2020-01-12,167.85,171.1,167.85,169.8,123409.5,2020,01,12
Telecommunication,2020-01-13,170.0,170.1,161.6,162.55,213466.0,2020,01,13
Telecommunication,2020-01-14,162.1,162.75,155.7,158.0,196912.0,2020,01,14
Telecommunication,2020-01-15,159.05,163.0,154.1,155.8,153842.5,2020,01,15
Telecommunication,2020-01-16,155.4,165.25,154.0,161.25,319834.5,2020,01,16
Telecommunication,2020-01-19,162.85,175.15,162.85,174.95,363946.0,2020,01,19
Telecommunication,2020-01-20,176.1,190.7,175.6,186.9,917819.5,2020,01,20
Telecommunication,2020-01-21,187.55,187.85,178.1,182.9,597862.0,2020,01,21
Telecommunication,2020-01-22,183.4,188.85,179.3,183.7,460837.0,2020,01,22
Telecommunication,2020-01-23,185.15,190.15,181.9,188.65,763465.5,2020,01,23
Telecommunication,2020-01-26,189.7,192.9,183.2,185.7,622992.5,2020,01,26
Telecommunication,2020-01-27,189.0,194.45,186.75,189.35,691201.5,2020,01,27
Telecommunication,2020-01-28,190.2,190.4,182.1,185.6,707403.5,2020,01,28
Telecommunication,2020-01-29,188.0,188.65,181.5,182.95,590335.0,2020,01,29
Telecommunication,2020-01-30,183.85,184.2,179.05,180.2,445738.0,2020,01,30
Engineering,2020-07-02,113.39,113.46,113.39,113.4,17498.23,2020,07,02
Engineering,2020-07-05,106.13,106.16,106.13,106.13,4239.64,2020,07,05
Engineering,2020-07-06,81.34,81.34,81.34,81.34,7556.52,2020,07,06
Engineering,2020-07-07,98.95,98.95,98.95,98.95,9175.12,2020,07,07
Engineering,2020-07-08,95.14,95.21,95.14,95.2,26117.92,2020,07,08
Engineering,2020-07-09,72.18,72.87,72.18,72.32,146916.32,2020,07,09
Engineering,2020-07-12,93.69,95.1,93.54,94.51,173579.03,2020,07,12
Engineering,2020-07-13,94.61,95.48,93.73,93.95,366057.67,2020,07,13
Engineering,2020-07-14,72.82,73.27,72.4,72.53,119231.45,2020,07,14
Engineering,2020-07-15,100.11,100.28,99.83,100.08,82582.94,2020,07,15
Engineering,2020-07-16,102.78,102.83,102.45,102.55,56813.54,2020,07,16
Engineering,2020-07-19,95.45,95.55,95.24,95.28,66978.43,2020,07,19
Engineering,2020-07-20,95.69,95.95,95.68,95.83,56672.32,2020,07,20
Engineering,2020-07-21,96.21,96.65,95.78,96.07,66292.34,2020,07,21
Engineering,2020-07-22,100.63,101.06,100.23,100.45,152437.06,2020,07,22
Engineering,2020-07-23,95.39,96.09,95.27,95.72,136666.38,2020,07,23
Engineering,2020-07-26,94.41,95.07,94.05,94.37,114139.1,2020,07,26
Engineering,2020-07-27,94.36,95.25,93.99,94.24,116649.13,2020,07,27
Engineering,2020-07-28,94.33,94.79,94.02,94.35,120357.26,2020,07,28
Engineering,2020-07-29,94.52,96.61,94.05,95.28,116453.64,2020,07,29
Engineering,2020-07-30,95.29,97.8,95.03,97.18,419603.38,2020,07,30
Fuel & Power,2020-07-02,181.34,182.45,180.64,181.11,61734.16,2020,07,02
Fuel & Power,2020-07-05,187.37,188.72,186.19,186.38,43069.94,2020,07,05
Fuel & Power,2020-07-06,188.79,189.82,186.68,188.63,62051.67,2020,07,06
Fuel & Power,2020-07-07,179.66,181.33,177.95,178.44,57419.16,2020,07,07
Fuel & Power,2020-07-08,182.02,183.03,180.94,182.09,206706.56,2020,07,08
Fuel & Power,2020-07-09,178.44,182.47,178.14,181.11,215333.32,2020,07,09
Fuel & Power,2020-07-12,181.95,183.77,179.44,181.31,215522.32,2020,07,12
Fuel & Power,2020-07-13,180.93,182.41,178.98,179.91,380343.53,2020,07,13
Fuel & Power,2020-07-14,179.64,181.01,177.58,178.41,333231.89,2020,07,14
Fuel & Power,2020-07-15,178.44,179.51,176.76,177.54,166387.0,2020,07,15
Fuel & Power,2020-07-16,177.93,178.38,176.28,176.78,124718.05,2020,07,16
Fuel & Power,2020-07-19,176.64,177.37,175.11,175.99,79075.16,2020,07,19
Fuel & Power,2020-07-20,175.59,177.38,175.09,176.2,113356.26,2020,07,20
Fuel & Power,2020-07-21,177.13,178.87,175.4,177.81,135941.32,2020,07,21
Fuel & Power,2020-07-22,178.15,179.78,176.87,178.37,98219.89,2020,07,22
Fuel & Power,2020-07-23,178.77,179.62,176.46,177.22,234202.37,2020,07,23
Fuel & Power,2020-07-26,177.83,180.72,176.63,179.64,262800.16,2020,07,26
Fuel & Power,2020-07-27,179.81,181.44,178.99,180.54,550825.89,2020,07,27
Fuel & Power,2020-07-28,180.95,182.15,179.0,180.52,601452.58,2020,07,28
Fuel & Power,2020-07-29,181.59,182.27,178.77,179.9,327583.42,2020,07,29
Fuel & Power,2020-07-30,178.84,180.73,177.56,178.59,377152.63,2020,07,30
IT Sector,2020-07-02,29.59,29.59,29.59,29.59,7879.57,2020,07,02
IT Sector,2020-07-05,29.6,29.6,29.6,29.6,1939.43,2020,07,05
IT Sector,2020-07-06,25.19,25.26,25.19,25.2,72821.38,2020,07,06
IT Sector,2020-07-07,28.33,28.44,28.32,28.32,66609.67,2020,07,07
IT Sector,2020-07-08,30.96,31.37,30.96,31.14,103242.5,2020,07,08
IT Sector,2020-07-09,31.18,31.53,31.0,31.22,88281.1,2020,07,09
IT Sector,2020-07-12,31.27,31.79,31.15,31.5,198336.2,2020,07,12
IT Sector,2020-07-13,31.51,32.16,31.12,31.44,241039.0,2020,07,13
IT Sector,2020-07-14,28.93,29.16,28.47,28.53,143500.0,2020,07,14
IT Sector,2020-07-15,31.31,31.51,30.96,31.19,226257.4,2020,07,15
IT Sector,2020-07-16,31.26,31.63,31.18,31.48,295963.6,2020,07,16
IT Sector,2020-07-19,28.98,29.02,28.51,28.62,124126.44,2020,07,19
IT Sector,2020-07-20,29.79,30.26,29.75,30.06,112062.75,2020,07,20
IT Sector,2020-07-21,28.96,29.62,28.82,29.22,286946.33,2020,07,21
IT Sector,2020-07-22,31.8,32.52,31.63,32.03,333477.5,2020,07,22
IT Sector,2020-07-23,29.64,30.43,29.39,30.16,374159.11,2020,07,23
IT Sector,2020-07-26,32.58,33.43,32.21,33.15,481519.2,2020,07,26
IT Sector,2020-07-27,30.97,31.36,30.3,30.62,470853.67,2020,07,27
IT Sector,2020-07-28,32.95,34.53,32.64,34.12,583484.8,2020,07,28
IT Sector,2020-07-29,34.05,35.08,33.42,34.34,727030.1,2020,07,29
IT Sector,2020-07-30,34.17,35.18,33.45,34.4,717796.6,2020,07,30
Services & Real Estate,2020-07-02,32.23,32.23,32.23,32.23,3188.75,2020,07,02
Services & Real Estate,2020-07-05,32.23,32.23,32.23,32.23,5129.75,2020,07,05
Services & Real Estate,2020-07-06,32.23,32.23,32.23,32.23,3742.0,2020,07,06
Services & Real Estate,2020-07-07,22.77,22.77,22.77,22.77,7496.0,2020,07,07
Services & Real Estate,2020-07-08,32.23,32.23,32.23,32.23,14527.75,2020,07,08
Services & Real Estate,2020-07-09,32.23,32.65,32.23,32.3,170769.0,2020,07,09
Services & Real Estate,2020-07-12,32.33,33.7,32.23,33.28,125922.75,2020,07,12
Services & Real Estate,2020-07-13,33.23,33.5,32.55,32.73,877301.5,2020,07,13
Services & Real Estate,2020-07-14,32.75,33.45,32.5,33.0,301090.5,2020,07,14
Services & Real Estate,2020-07-15,33.05,33.83,32.75,33.6,115989.5,2020,07,15
Services & Real Estate,2020-07-16,33.08,33.4,32.73,32.85,33004.75,2020,07,16
Services & Real Estate,2020-07-19,32.58,32.75,32.23,32.48,31482.25,2020,07,19
Services & Real Estate,2020-07-20,32.6,33.03,32.5,32.73,7639.5,2020,07,20
Services & Real Estate,2020-07-21,32.58,33.58,32.58,33.28,91128.5,2020,07,21
Services & Real Estate,2020-07-22,33.23,34.03,32.88,33.65,82014.5,2020,07,22
Services & Real Estate,2020-07-23,33.75,34.58,33.6,34.25,93197.5,2020,07,23
Services & Real Estate,2020-07-26,34.3,35.0,33.65,34.33,63173.0,2020,07,26
Services & Real Estate,2020-07-27,34.38,34.55,33.68,34.18,137457.5,2020,07,27
Services & Real Estate,2020-07-28,34.05,35.3,34.03,34.7,1217833.75,2020,07,28
Services & Real Estate,2020-07-29,34.45,35.65,34.15,35.23,507150.5,2020,07,29
Services & Real Estate,2020-07-30,35.5,35.85,34.75,35.25,742954.75,2020,07,30
Telecommunication,2020-07-02,162.85,162.95,161.45,161.75,429588.5,2020,07,02
Telecommunication,2020-07-05,161.65,161.65,160.1,160.35,266540.5,2020,07,05
Telecommunication,2020-07-06,160.35,160.75,159.45,160.25,292087.5,2020,07,06
Telecommunication,2020-07-07,160.4,161.4,160.4,161.25,212443.0,2020,07,07
Telecommunication,2020-07-08,161.25,161.85,161.1,161.6,288009.5,2020,07,08
Telecommunication,2020-07-09,161.6,166.25,161.6,163.8,1148540.5,2020,07,09
Telecommunication,2020-07-12,164.4,169.0,163.55,168.35,856502.0,2020,07,12
Telecommunication,2020-07-13,168.5,169.6,165.35,165.85,756323.0,2020,07,13
Telecommunication,2020-07-14,166.2,168.25,165.35,167.15,598547.0,2020,07,14
Telecommunication,2020-07-15,169.15,171.3,167.45,168.7,638656.0,2020,07,15
Telecommunication,2020-07-16,171.75,171.75,166.65,167.15,455881.5,2020,07,16
Telecommunication,2020-07-19,167.55,168.55,164.0,165.65,493661.5,2020,07,19
Telecommunication,2020-07-20,166.0,170.0,165.5,168.85,508774.0,2020,07,20
Telecommunication,2020-07-21,168.95,171.15,168.4,169.6,448562.5,2020,07,21
Telecommunication,2020-07-22,169.8,170.85,169.0,169.85,504067.5,2020,07,22
Telecommunication,2020-07-23,169.8,173.1,168.5,171.15,583406.5,2020,07,23
Telecommunication,2020-07-26,171.4,176.05,171.0,175.45,562754.5,2020,07,26
Telecommunication,2020-07-27,176.35,179.6,172.55,175.85,824431.0,2020,07,27
Telecommunication,2020-07-28,176.0,177.5,174.05,174.9,663999.5,2020,07,28
Telecommunication,2020-07-29,175.5,176.65,173.85,175.5,418984.0,2020,07,29
Telecommunication,2020-07-30,176.3,182.35,176.0,181.3,1012318.5,2020,07,30
Engineering,2020-06-01,78.22,78.33,77.93,78.01,74144.78,2020,06,01
Engineering,2020-06-02,79.92,79.93,79.92,79.92,11765.39,2020,06,02
Engineering,2020-06-03,78.74,78.74,78.74,78.74,2552.61,2020,06,03
Engineering,2020-06-04,96.84,96.84,96.84,96.84,1409.46,2020,06,04
Engineering,2020-06-07,80.17,80.17,80.17,80.17,2896.94,2020,06,07
Engineering,2020-06-08,82.39,82.39,82.39,82.39,10556.0,2020,06,08
Engineering,2020-06-09,59.01,59.01,59.01,59.01,4064.39,2020,06,09
Engineering,2020-06-10,81.19,81.19,81.19,81.19,6736.2,2020,06,10
Engineering,2020-06-11,101.22,101.22,101.22,101.22,2935.28,2020,06,11
Engineering,2020-06-14,110.0,110.01,110.0,110.0,9624.22,2020,06,14
Engineering,2020-06-15,113.5,113.5,113.5,113.5,5327.39,2020,06,15
Engineering,2020-06-16,126.73,126.73,126.73,126.73,3428.83,2020,06,16
Engineering,2020-06-17,87.09,87.09,87.09,87.09,6806.5,2020,06,17
Engineering,2020-06-18,126.4,126.4,126.4,126.4,8473.95,2020,06,18
Engineering,2020-06-21,130.81,130.81,130.81,130.81,1969.26,2020,06,21
Engineering,2020-06-22,108.62,108.62,108.62,108.62,11271.68,2020,06,22
Engineering,2020-06-23,106.36,106.85,106.36,106.37,35641.06,2020,06,23
Engineering,2020-06-24,92.49,92.5,92.49,92.5,42461.48,2020,06,24
Engineering,2020-06-25,82.05,82.06,82.05,82.06,31699.34,2020,06,25
Engineering,2020-06-28,98.39,98.39,98.39,98.39,21369.28,2020,06,28
Engineering,2020-06-29,116.64,116.64,116.63,116.64,26693.46,2020,06,29
Engineering,2020-06-30,95.53,95.53,95.52,95.52,22169.88,2020,06,30
Fuel & Power,2020-06-01,165.99,167.75,165.62,166.38,108854.26,2020,06,01
Fuel & Power,2020-06-02,137.12,137.3,136.23,136.57,75894.78,2020,06,02
Fuel & Power,2020-06-03,178.02,178.45,177.86,178.23,49367.33,2020,06,03
Fuel & Power,2020-06-04,171.87,174.33,171.58,173.47,26661.74,2020,06,04
Fuel & Power,2020-06-07,176.83,178.03,176.82,177.68,66151.78,2020,06,07
Fuel & Power,2020-06-08,183.44,183.52,182.76,183.07,56647.89,2020,06,08
Fuel & Power,2020-06-09,180.63,180.72,180.11,180.29,41940.28,2020,06,09
Fuel & Power,2020-06-10,190.2,190.67,189.42,190.16,56257.59,2020,06,10
Fuel & Power,2020-06-11,173.44,174.78,173.31,174.14,36018.11,2020,06,11
Fuel & Power,2020-06-14,177.43,178.07,176.97,177.67,28307.5,2020,06,14
Fuel & Power,2020-06-15,186.08,188.04,185.93,187.25,49411.65,2020,06,15
Fuel & Power,2020-06-16,194.59,194.99,193.84,194.19,30133.12,2020,06,16
Fuel & Power,2020-06-17,204.38,209.33,204.38,208.76,19337.44,2020,06,17
Fuel & Power,2020-06-18,209.06,211.67,206.55,210.75,14839.27,2020,06,18
Fuel & Power,2020-06-21,196.58,201.15,195.4,199.76,15547.56,2020,06,21
Fuel & Power,2020-06-22,201.09,203.44,198.08,199.02,30199.71,2020,06,22
Fuel & Power,2020-06-23,199.01,200.7,197.76,198.32,21780.0,2020,06,23
Fuel & Power,2020-06-24,195.55,197.61,193.74,196.62,21027.12,2020,06,24
Fuel & Power,2020-06-25,187.43,188.37,185.37,185.89,55800.11,2020,06,25
Fuel & Power,2020-06-28,182.31,183.46,181.19,182.31,27218.79,2020,06,28
Fuel & Power,2020-06-29,182.45,183.47,181.37,181.87,18751.05,2020,06,29
Fuel & Power,2020-06-30,182.56,183.01,180.55,181.84,20754.84,2020,06,30
IT Sector,2020-06-01,28.49,28.49,28.47,28.47,8467.0,2020,06,01
IT Sector,2020-06-02,31.07,31.07,31.0,31.07,5074.9,2020,06,02
IT Sector,2020-06-03,25.19,25.19,25.19,25.19,15703.63,2020,06,03
IT Sector,2020-06-04,28.47,28.47,28.47,28.47,3570.56,2020,06,04
IT Sector,2020-06-07,34.58,34.58,34.58,34.58,2592.88,2020,06,07
IT Sector,2020-06-08,28.47,28.58,28.47,28.5,4358.78,2020,06,08
IT Sector,2020-06-09,28.35,28.35,28.35,28.35,25310.25,2020,06,09
IT Sector,2020-06-10,23.86,23.86,23.86,23.86,578.0,2020,06,10
IT Sector,2020-06-11,25.19,25.19,25.19,25.19,2907.13,2020,06,11
IT Sector,2020-06-14,29.58,29.58,29.58,29.58,5917.0,2020,06,14
IT Sector,2020-06-15,23.86,23.86,23.86,23.86,1762.0,2020,06,15
IT Sector,2020-06-16,25.42,25.42,25.42,25.42,1473.5,2020,06,16
IT Sector,2020-06-17,27.39,27.39,27.39,27.39,16414.29,2020,06,17
IT Sector,2020-06-18,21.65,21.65,21.65,21.65,7469.0,2020,06,18
IT Sector,2020-06-21,28.0,28.0,28.0,28.0,4463.67,2020,06,21
IT Sector,2020-06-22,20.95,20.95,20.95,20.95,281.25,2020,06,22
IT Sector,2020-06-23,28.57,28.57,28.57,28.57,4759.0,2020,06,23
IT Sector,2020-06-24,31.84,31.84,31.84,31.84,5803.0,2020,06,24
IT Sector,2020-06-25,30.1,30.1,30.1,30.1,5472.14,2020,06,25
IT Sector,2020-06-28,29.58,29.58,29.58,29.58,11021.13,2020,06,28
IT Sector,2020-06-29,28.47,28.47,28.47,28.47,1833.22,2020,06,29
IT Sector,2020-06-30,24.4,24.4,24.4,24.4,9365.67,2020,06,30
Services & Real Estate,2020-06-01,32.23,32.23,32.23,32.23,10016.5,2020,06,01
Services & Real Estate,2020-06-02,32.23,32.23,32.23,32.23,4642.5,2020,06,02
Services & Real Estate,2020-06-03,32.23,32.23,32.23,32.23,3145.5,2020,06,03
Services & Real Estate,2020-06-04,22.77,22.77,22.77,22.77,16051.67,2020,06,04
Services & Real Estate,2020-06-07,25.85,25.85,25.85,25.85,5276.5,2020,06,07
Services & Real Estate,2020-06-08,32.23,32.23,32.23,32.23,2750.25,2020,06,08
Services & Real Estate,2020-06-09,22.77,22.77,22.77,22.77,5126.33,2020,06,09
Services & Real Estate,2020-06-10,22.77,22.77,22.77,22.77,7697.33,2020,06,10
Services & Real Estate,2020-06-11,32.23,32.23,32.23,32.23,33988.25,2020,06,11
Services & Real Estate,2020-06-14,32.23,32.23,32.23,32.23,4245.25,2020,06,14
Services & Real Estate,2020-06-15,22.77,22.77,22.77,22.77,848.0,2020,06,15
Services & Real Estate,2020-06-16,32.23,32.23,32.23,32.23,5642.75,2020,06,16
Services & Real Estate,2020-06-17,22.77,22.77,22.77,22.77,7991.33,2020,06,17
Services & Real Estate,2020-06-18,32.23,32.23,32.23,32.23,13125.5,2020,06,18
Services & Real Estate,2020-06-21,32.23,32.23,32.23,32.23,2817.5,2020,06,21
Services & Real Estate,2020-06-22,32.23,32.23,32.23,32.23,3482.5,2020,06,22
Services & Real Estate,2020-06-23,32.23,32.23,32.23,32.23,3022.75,2020,06,23
Services & Real Estate,2020-06-24,37.43,37.43,37.43,37.43,4734.0,2020,06,24
Services & Real Estate,2020-06-25,32.23,32.23,32.23,32.23,2301.25,2020,06,25
Services & Real Estate,2020-06-28,32.23,32.23,32.23,32.23,5966.25,2020,06,28
Services & Real Estate,2020-06-29,32.23,32.23,32.23,32.23,11181.5,2020,06,29
Services & Real Estate,2020-06-30,37.43,37.43,37.43,37.43,5055.0,2020,06,30
Telecommunication,2020-06-01,169.25,173.25,161.15,162.35,393312.5,2020,06,01
Telecommunication,2020-06-02,163.0,164.95,158.3,159.25,312415.5,2020,06,02
Telecommunication,2020-06-03,159.25,160.65,158.2,158.4,221214.5,2020,06,03
Telecommunication,2020-06-04,158.3,159.85,158.15,158.7,165782.5,2020,06,04
Telecommunication,2020-06-07,158.7,159.65,158.15,158.25,253754.0,2020,06,07
Telecommunication,2020-06-08,158.2,159.0,158.15,158.15,184364.0,2020,06,08
Telecommunication,2020-06-09,158.15,158.4,158.15,158.2,117188.0,2020,06,09
Telecommunication,2020-06-10,158.2,158.35,158.15,158.2,129446.0,2020,06,10
Telecommunication,2020-06-11,158.2,158.75,158.15,158.45,103960.0,2020,06,11
Telecommunication,2020-06-14,158.45,159.4,158.45,159.2,250885.5,2020,06,14
Telecommunication,2020-06-15,159.15,159.6,158.7,158.8,167419.5,2020,06,15
Telecommunication,2020-06-16,158.55,158.75,158.3,158.55,73929.5,2020,06,16
Telecommunication,2020-06-17,158.55,158.9,158.35,158.45,81391.5,2020,06,17
Telecommunication,2020-06-18,158.35,158.7,158.25,158.35,91133.5,2020,06,18
Telecommunication,2020-06-21,158.35,158.7,158.2,158.6,121236.5,2020,06,21
Telecommunication,2020-06-22,158.65,158.65,158.3,158.4,106007.5,2020,06,22
Telecommunication,2020-06-23,158.4,158.9,158.4,158.6,265523.5,2020,06,23
Telecommunication,2020-06-24,158.85,159.25,158.65,159.1,165932.5,2020,06,24
Telecommunication,2020-06-25,159.15,159.25,158.85,159.15,198917.5,2020,06,25
Telecommunication,2020-06-28,159.4,160.05,159.25,159.95,317839.5,2020,06,28
Telecommunication,2020-06-29,159.95,161.4,159.95,161.2,446102.0,2020,06,29
Telecommunication,2020-06-30,161.25,163.15,161.25,162.75,544953.5,2020,06,30
Engineering,2020-03-01,102.38,102.65,97.85,99.06,619425.36,2020,03,01
Engineering,2020-03-02,99.63,101.36,97.73,99.66,605759.97,2020,03,02
Engineering,2020-03-03,100.33,102.13,97.45,98.49,760660.33,2020,03,03
Engineering,2020-03-04,100.5,102.35,98.71,99.41,612775.69,2020,03,04
Engineering,2020-03-05,99.21,103.44,98.2,101.71,481355.15,2020,03,05
Engineering,2020-03-08,102.71,104.89,98.26,99.28,481941.46,2020,03,08
Engineering,2020-03-09,96.98,98.28,89.11,90.17,593118.79,2020,03,09
Engineering,2020-03-10,93.83,97.38,90.88,96.07,393346.9,2020,03,10
Engineering,2020-03-11,98.1,101.18,96.61,99.97,499751.21,2020,03,11
Engineering,2020-03-12,100.05,101.59,95.95,97.86,416735.44,2020,03,12
Engineering,2020-03-15,96.56,98.15,89.98,94.85,430978.31,2020,03,15
Engineering,2020-03-16,94.11,95.79,88.63,89.63,433792.92,2020,03,16
Engineering,2020-03-18,91.68,93.21,83.08,84.41,427327.59,2020,03,18
Engineering,2020-03-19,94.57,94.61,94.51,94.55,12855.64,2020,03,19
Engineering,2020-03-22,94.46,95.16,93.49,94.2,58562.82,2020,03,22
Engineering,2020-03-23,94.17,95.08,93.69,93.93,163619.23,2020,03,23
Engineering,2020-03-24,93.83,93.96,93.42,93.55,31927.79,2020,03,24
Engineering,2020-03-25,93.55,93.84,93.47,93.67,32515.87,2020,03,25
Fuel & Power,2020-03-01,187.75,188.93,182.42,184.75,438038.0,2020,03,01
Fuel & Power,2020-03-02,185.69,188.51,183.97,186.09,530845.89,2020,03,02
Fuel & Power,2020-03-03,187.51,191.72,185.56,187.78,481573.47,2020,03,03
Fuel & Power,2020-03-04,189.4,190.84,185.47,186.53,500028.11,2020,03,04
Fuel & Power,2020-03-05,196.03,198.52,194.58,196.63,322487.72,2020,03,05
Fuel & Power,2020-03-08,188.11,188.89,183.65,184.88,368922.68,2020,03,08
Fuel & Power,2020-03-09,184.47,185.38,173.06,174.87,497371.68,2020,03,09
Fuel & Power,2020-03-10,177.88,182.03,174.18,178.97,267426.68,2020,03,10
Fuel & Power,2020-03-11,181.46,183.24,177.82,180.38,359032.95,2020,03,11
Fuel & Power,2020-03-12,120.59,122.83,116.9,118.66,360957.89,2020,03,12
Fuel & Power,2020-03-15,174.07,175.96,166.32,170.73,372321.89,2020,03,15
Fuel & Power,2020-03-16,173.53,174.85,165.41,167.21,391225.84,2020,03,16
Fuel & Power,2020-03-18,169.95,171.73,157.8,158.76,297925.32,2020,03,18
Fuel & Power,2020-03-19,171.27,171.34,171.05,171.25,16721.68,2020,03,19
Fuel & Power,2020-03-22,172.06,172.13,171.16,171.17,43737.84,2020,03,22
Fuel & Power,2020-03-23,171.18,174.67,171.18,173.17,163860.21,2020,03,23
Fuel & Power,2020-03-24,171.36,173.14,171.29,171.36,87208.0,2020,03,24
Fuel & Power,2020-03-25,171.77,173.37,171.28,172.88,65706.21,2020,03,25
IT Sector,2020-03-01,36.03,36.63,34.85,35.6,410520.6,2020,03,01
IT Sector,2020-03-02,35.44,36.93,35.21,36.42,325550.8,2020,03,02
IT Sector,2020-03-03,36.7,37.44,36.0,36.59,553035.6,2020,03,03
IT Sector,2020-03-04,36.96,37.56,35.89,36.3,492114.1,2020,03,04
IT Sector,2020-03-05,36.19,36.82,35.65,36.2,308195.5,2020,03,05
IT Sector,2020-03-08,36.0,36.58,33.97,34.65,428946.9,2020,03,08
IT Sector,2020-03-09,34.03,34.41,31.58,32.35,339489.7,2020,03,09
IT Sector,2020-03-10,32.62,34.06,31.69,33.5,252160.3,2020,03,10
IT Sector,2020-03-11,33.82,34.75,33.08,34.11,229711.5,2020,03,11
IT Sector,2020-03-12,33.93,34.46,32.4,32.86,226586.1,2020,03,12
IT Sector,2020-03-15,32.34,32.51,29.93,30.94,239924.9,2020,03,15
IT Sector,2020-03-16,31.35,32.02,28.75,29.25,287212.3,2020,03,16
IT Sector,2020-03-18,30.1,30.55,27.0,27.71,295726.2,2020,03,18
IT Sector,2020-03-19,31.74,31.74,31.74,31.74,12685.2,2020,03,19
IT Sector,2020-03-22,31.44,31.77,30.96,31.22,86802.6,2020,03,22
IT Sector,2020-03-23,31.15,31.44,31.1,31.23,94574.6,2020,03,23
IT Sector,2020-03-24,31.27,31.29,31.05,31.08,24854.9,2020,03,24
IT Sector,2020-03-25,31.09,31.42,31.07,31.13,64132.2,2020,03,25
Services & Real Estate,2020-03-01,37.58,37.8,35.85,36.43,365999.25,2020,03,01
Services & Real Estate,2020-03-02,36.65,37.48,35.98,36.68,325128.25,2020,03,02
Services & Real Estate,2020-03-03,37.28,37.63,36.45,36.73,391738.25,2020,03,03
Services & Real Estate,2020-03-04,37.3,37.93,36.15,36.63,340782.25,2020,03,04
Services & Real Estate,2020-03-05,36.85,37.08,35.7,36.0,202184.75,2020,03,05
Services & Real Estate,2020-03-08,36.38,36.45,34.93,35.38,250795.75,2020,03,08
Services & Real Estate,2020-03-09,34.88,35.68,32.18,32.48,314454.25,2020,03,09
Services & Real Estate,2020-03-10,33.73,34.88,32.75,34.53,177351.75,2020,03,10
Services & Real Estate,2020-03-11,34.85,35.95,34.08,35.38,224670.75,2020,03,11
Services & Real Estate,2020-03-12,34.93,35.6,33.63,34.33,173346.75,2020,03,12
Services & Real Estate,2020-03-15,33.6,33.6,31.63,32.05,385687.0,2020,03,15
Services & Real Estate,2020-03-16,32.83,32.88,30.38,30.73,265567.5,2020,03,16
Services & Real Estate,2020-03-18,31.7,32.05,28.48,28.65,382222.5,2020,03,18
Services & Real Estate,2020-03-19,32.63,32.63,32.63,32.63,50784.5,2020,03,19
Services & Real Estate,2020-03-22,32.3,32.38,32.23,32.25,50495.0,2020,03,22
Services & Real Estate,2020-03-23,32.25,32.9,32.25,32.5,49037.75,2020,03,23
Services & Real Estate,2020-03-24,32.35,32.53,32.23,32.25,16897.5,2020,03,24
Services & Real Estate,2020-03-25,32.25,32.4,32.25,32.38,33819.5,2020,03,25
Telecommunication,2020-03-01,187.2,187.7,180.1,181.55,230263.5,2020,03,01
Telecommunication,2020-03-02,182.75,185.2,181.25,183.1,336602.0,2020,03,02
Telecommunication,2020-03-03,184.45,186.65,181.5,182.25,312402.0,2020,03,03
Telecommunication,2020-03-04,184.2,185.9,180.5,181.55,233150.0,2020,03,04
Telecommunication,2020-03-05,181.8,182.35,177.55,178.5,170067.0,2020,03,05
Telecommunication,2020-03-08,178.35,181.55,173.55,177.65,210097.0,2020,03,08
Telecommunication,2020-03-09,175.8,175.8,164.9,165.75,441471.0,2020,03,09
Telecommunication,2020-03-10,166.7,173.05,166.7,169.4,251562.5,2020,03,10
Telecommunication,2020-03-11,170.5,173.15,168.5,171.4,301945.5,2020,03,11
Telecommunication,2020-03-12,173.1,174.05,164.5,165.6,351468.0,2020,03,12
Telecommunication,2020-03-15,165.6,166.6,151.5,159.75,356986.5,2020,03,15
Telecommunication,2020-03-16,161.3,162.0,150.0,150.85,340512.0,2020,03,16
Telecommunication,2020-03-18,153.1,156.85,138.3,143.1,592853.0,2020,03,18
Telecommunication,2020-03-19,157.0,157.0,157.0,157.0,22399.5,2020,03,19
Telecommunication,2020-03-22,158.75,158.75,158.15,158.15,64386.0,2020,03,22
Telecommunication,2020-03-23,158.15,159.7,158.15,158.9,349850.0,2020,03,23
Telecommunication,2020-03-24,158.9,158.9,158.15,158.4,104363.5,2020,03,24
Telecommunication,2020-03-25,158.3,159.65,158.2,159.2,147906.0,2020,03,25
Engineering,2020-05-31,77.81,78.04,77.59,77.71,17749.85,2020,05,31
Fuel & Power,2020-05-31,175.76,176.46,171.29,171.93,107474.11,2020,05,31
IT Sector,2020-05-31,28.48,28.59,28.47,28.48,15064.0,2020,05,31
Services & Real Estate,2020-05-31,32.38,32.4,32.23,32.23,20452.5,2020,05,31
Telecommunication,2020-05-31,159.35,171.1,158.15,167.15,306969.0,2020,05,31
Engineering,2020-11-01,118.14,121.3,115.95,119.73,437963.08,2020,11,01
Engineering,2020-11-02,119.66,121.7,117.59,118.39,657600.13,2020,11,02
Engineering,2020-11-03,116.7,118.7,114.27,115.15,377873.53,2020,11,03
Engineering,2020-11-04,117.98,119.6,115.49,116.49,366617.49,2020,11,04
Engineering,2020-11-05,115.92,117.75,113.98,115.29,510855.95,2020,11,05
Engineering,2020-11-08,115.57,117.56,114.07,116.11,456685.53,2020,11,08
Engineering,2020-11-09,116.28,118.28,115.08,116.08,775662.53,2020,11,09
Engineering,2020-11-10,116.12,117.48,114.77,116.3,575664.83,2020,11,10
Engineering,2020-11-11,116.86,117.52,114.97,115.49,482859.53,2020,11,11
Engineering,2020-11-12,118.94,119.87,117.4,119.06,537015.37,2020,11,12
Engineering,2020-11-15,125.61,126.84,123.26,123.9,526729.0,2020,11,15
Engineering,2020-11-16,122.41,124.36,121.54,122.81,480574.62,2020,11,16
Engineering,2020-11-17,93.39,94.98,91.95,93.31,465787.0,2020,11,17
Engineering,2020-11-18,123.34,124.8,121.81,123.1,326099.11,2020,11,18
Engineering,2020-11-19,86.17,88.97,85.68,87.33,391290.58,2020,11,19
Engineering,2020-11-22,124.42,125.71,121.79,122.17,359599.0,2020,11,22
Engineering,2020-11-23,117.53,118.39,114.99,116.24,265753.72,2020,11,23
Engineering,2020-11-24,119.46,121.26,118.84,120.24,325822.68,2020,11,24
Engineering,2020-11-25,100.42,101.53,99.24,99.8,345452.82,2020,11,25
Engineering,2020-11-26,115.93,116.37,114.72,115.22,263300.84,2020,11,26
Engineering,2020-11-29,115.01,115.48,113.93,114.16,193046.25,2020,11,29
Engineering,2020-11-30,116.92,117.9,116.07,116.98,298289.95,2020,11,30
Fuel & Power,2020-11-01,187.36,189.45,185.72,187.92,321897.85,2020,11,01
Fuel & Power,2020-11-02,189.33,190.22,187.0,188.12,383404.1,2020,11,02
Fuel & Power,2020-11-03,188.51,189.92,186.46,187.89,291569.2,2020,11,03
Fuel & Power,2020-11-04,190.63,191.25,187.24,189.07,484874.2,2020,11,04
Fuel & Power,2020-11-05,186.91,190.58,185.94,187.67,403836.8,2020,11,05
Fuel & Power,2020-11-08,187.99,190.74,187.22,189.34,425315.4,2020,11,08
Fuel & Power,2020-11-09,193.01,194.22,191.2,192.16,465736.89,2020,11,09
Fuel & Power,2020-11-10,188.41,189.63,186.53,186.94,478556.75,2020,11,10
Fuel & Power,2020-11-11,186.85,188.72,185.14,186.05,352658.8,2020,11,11
Fuel & Power,2020-11-12,186.34,187.54,184.59,185.76,384516.65,2020,11,12
Fuel & Power,2020-11-15,193.98,196.09,191.05,193.24,384240.68,2020,11,15
Fuel & Power,2020-11-16,185.98,187.39,184.18,185.16,328921.75,2020,11,16
Fuel & Power,2020-11-17,191.72,195.31,190.42,194.12,349815.16,2020,11,17
Fuel & Power,2020-11-18,204.97,205.9,201.81,203.09,210321.83,2020,11,18
Fuel & Power,2020-11-19,194.75,197.55,192.59,195.38,255851.37,2020,11,19
Fuel & Power,2020-11-22,187.01,189.29,185.71,187.82,185316.25,2020,11,22
Fuel & Power,2020-11-23,186.6,187.91,185.26,186.64,191029.15,2020,11,23
Fuel & Power,2020-11-24,194.58,196.41,192.35,193.79,143811.63,2020,11,24
Fuel & Power,2020-11-25,191.87,193.67,190.95,192.36,218723.89,2020,11,25
Fuel & Power,2020-11-26,217.16,218.93,214.92,215.68,360673.25,2020,11,26
Fuel & Power,2020-11-29,184.47,185.35,183.28,184.07,233590.9,2020,11,29
Fuel & Power,2020-11-30,178.15,179.5,177.15,178.29,241070.89,2020,11,30
IT Sector,2020-11-01,38.66,40.51,37.36,40.08,818994.8,2020,11,01
IT Sector,2020-11-02,40.45,41.51,39.31,40.37,795568.8,2020,11,02
IT Sector,2020-11-03,40.51,41.59,39.6,40.7,959529.1,2020,11,03
IT Sector,2020-11-04,40.69,41.38,39.6,40.48,621459.2,2020,11,04
IT Sector,2020-11-05,40.67,41.32,39.64,40.05,766250.6,2020,11,05
IT Sector,2020-11-08,40.22,41.01,39.13,39.87,733630.0,2020,11,08
IT Sector,2020-11-09,40.49,42.46,39.41,41.34,1304165.7,2020,11,09
IT Sector,2020-11-10,41.92,42.3,39.87,40.25,783131.7,2020,11,10
IT Sector,2020-11-11,40.48,40.9,38.61,39.19,695581.3,2020,11,11
IT Sector,2020-11-12,39.03,40.34,38.07,38.88,715575.7,2020,11,12
IT Sector,2020-11-15,39.33,40.22,37.65,38.44,684588.6,2020,11,15
IT Sector,2020-11-16,38.9,39.99,38.01,39.26,619288.9,2020,11,16
IT Sector,2020-11-17,37.22,38.01,36.2,36.87,490227.67,2020,11,17
IT Sector,2020-11-18,39.0,39.39,37.77,38.41,383581.7,2020,11,18
IT Sector,2020-11-19,39.84,40.74,38.96,39.66,178504.14,2020,11,19
IT Sector,2020-11-22,39.84,40.3,38.43,39.11,463955.88,2020,11,22
IT Sector,2020-11-23,37.46,38.16,36.4,37.53,380014.8,2020,11,23
IT Sector,2020-11-24,38.24,39.41,37.49,38.78,479335.1,2020,11,24
IT Sector,2020-11-25,38.87,40.14,38.18,39.13,646497.33,2020,11,25
IT Sector,2020-11-26,39.62,40.3,38.62,39.35,487437.5,2020,11,26
IT Sector,2020-11-29,36.64,37.62,35.97,36.68,532406.0,2020,11,29
IT Sector,2020-11-30,40.05,40.99,38.4,39.57,614388.3,2020,11,30
Services & Real Estate,2020-11-01,34.98,35.4,34.03,35.13,574942.25,2020,11,01
Services & Real Estate,2020-11-02,35.6,36.28,35.1,35.55,311793.75,2020,11,02
Services & Real Estate,2020-11-03,35.78,36.38,34.95,35.5,582012.75,2020,11,03
Services & Real Estate,2020-11-04,35.78,36.33,34.73,35.48,866619.75,2020,11,04
Services & Real Estate,2020-11-05,35.55,36.98,35.18,36.3,1292764.0,2020,11,05
Services & Real Estate,2020-11-08,36.48,37.3,35.83,36.75,1736740.5,2020,11,08
Services & Real Estate,2020-11-09,36.7,37.2,35.95,36.28,1105713.5,2020,11,09
Services & Real Estate,2020-11-10,36.08,36.45,35.68,35.88,1137924.25,2020,11,10
Services & Real Estate,2020-11-11,36.03,36.48,35.2,35.68,1243990.25,2020,11,11
Services & Real Estate,2020-11-12,35.6,36.25,35.25,35.88,1189808.75,2020,11,12
Services & Real Estate,2020-11-15,36.5,37.78,35.53,35.75,1286433.25,2020,11,15
Services & Real Estate,2020-11-16,36.13,36.35,35.38,35.73,784337.0,2020,11,16
Services & Real Estate,2020-11-17,35.83,36.43,35.38,35.65,626394.0,2020,11,17
Services & Real Estate,2020-11-18,35.7,36.03,35.38,35.68,535515.75,2020,11,18
Services & Real Estate,2020-11-19,38.07,38.4,37.8,37.97,245731.67,2020,11,19
Services & Real Estate,2020-11-22,35.5,35.63,34.58,34.7,656537.5,2020,11,22
Services & Real Estate,2020-11-23,34.83,35.1,34.35,34.48,350886.0,2020,11,23
Services & Real Estate,2020-11-24,34.63,35.28,34.58,34.93,368535.75,2020,11,24
Services & Real Estate,2020-11-25,34.98,35.08,34.68,34.78,244870.75,2020,11,25
Services & Real Estate,2020-11-26,34.88,35.0,34.55,34.63,338024.25,2020,11,26
Services & Real Estate,2020-11-29,34.7,34.9,34.4,34.5,342854.0,2020,11,29
Services & Real Estate,2020-11-30,34.53,35.23,34.35,35.05,615714.5,2020,11,30
Telecommunication,2020-11-01,232.2,235.45,229.6,233.85,294920.5,2020,11,01
Telecommunication,2020-11-02,234.4,236.05,231.1,232.3,206484.5,2020,11,02
Telecommunication,2020-11-03,233.45,235.0,230.7,231.4,269291.0,2020,11,03
Telecommunication,2020-11-04,232.5,233.5,229.6,230.95,247134.5,2020,11,04
Telecommunication,2020-11-05,232.6,238.1,231.65,235.8,439117.0,2020,11,05
Telecommunication,2020-11-08,237.1,239.7,235.2,236.9,393184.5,2020,11,08
Telecommunication,2020-11-09,237.5,237.95,233.05,235.75,287197.5,2020,11,09
Telecommunication,2020-11-10,234.5,235.6,232.35,233.9,245697.5,2020,11,10
Telecommunication,2020-11-11,233.15,235.85,231.1,233.7,234942.0,2020,11,11
Telecommunication,2020-11-12,232.55,236.75,230.6,234.85,404394.5,2020,11,12
Telecommunication,2020-11-15,236.6,237.5,231.1,232.15,331056.0,2020,11,15
Telecommunication,2020-11-16,232.55,234.45,231.3,232.75,315938.5,2020,11,16
Telecommunication,2020-11-17,329.0,331.0,327.9,329.7,146015.0,2020,11,17
Telecommunication,2020-11-18,230.85,233.45,229.75,230.95,289445.0,2020,11,18
Telecommunication,2020-11-19,230.55,233.15,229.1,230.4,427678.5,2020,11,19
Telecommunication,2020-11-22,230.95,230.95,227.25,228.1,262247.5,2020,11,22
Telecommunication,2020-11-23,227.05,228.0,222.15,224.8,233786.5,2020,11,23
Telecommunication,2020-11-24,226.25,227.2,223.05,223.65,249983.0,2020,11,24
Telecommunication,2020-11-25,228.55,228.55,223.75,224.8,137852.5,2020,11,25
Telecommunication,2020-11-26,223.95,227.9,221.6,224.15,280808.0,2020,11,26
Telecommunication,2020-11-29,225.1,230.4,224.5,229.15,521332.0,2020,11,29
Telecommunication,2020-11-30,227.8,230.5,225.3,226.0,295872.5,2020,11,30
Engineering,2020-10-01,135.81,137.27,134.93,136.11,445097.13,2020,10,01
Engineering,2020-10-04,137.28,138.76,135.74,136.85,482190.73,2020,10,04
Engineering,2020-10-05,138.6,139.77,134.15,136.99,399988.33,2020,10,05
Engineering,2020-10-06,138.64,139.52,134.01,136.69,387956.55,2020,10,06
Engineering,2020-10-07,137.65,139.77,134.34,136.38,323628.3,2020,10,07
Engineering,2020-10-08,137.06,138.95,132.53,135.05,315359.63,2020,10,08
Engineering,2020-10-11,135.15,137.73,129.12,132.56,311924.78,2020,10,11
Engineering,2020-10-12,134.33,135.32,128.9,130.9,401827.45,2020,10,12
Engineering,2020-10-13,129.45,132.72,127.93,130.18,249683.4,2020,10,13
Engineering,2020-10-14,131.64,134.98,128.74,131.19,465363.6,2020,10,14
Engineering,2020-10-15,132.12,134.34,129.81,131.52,362784.58,2020,10,15
Engineering,2020-10-18,131.4,134.85,129.64,130.92,349124.08,2020,10,18
Engineering,2020-10-19,130.94,132.19,128.01,129.24,576666.9,2020,10,19
Engineering,2020-10-20,129.64,133.47,128.09,129.56,725577.15,2020,10,20
Engineering,2020-10-21,130.79,133.0,128.14,129.04,567827.43,2020,10,21
Engineering,2020-10-22,128.27,129.5,123.84,125.05,489599.03,2020,10,22
Engineering,2020-10-25,126.53,129.52,123.14,125.11,683246.23,2020,10,25
Engineering,2020-10-27,125.12,125.99,120.8,121.41,613056.68,2020,10,27
Engineering,2020-10-28,115.66,116.31,110.12,111.72,571055.3,2020,10,28
Engineering,2020-10-29,113.68,118.02,112.19,116.89,597490.64,2020,10,29
Fuel & Power,2020-10-01,204.92,206.38,202.86,204.04,250846.68,2020,10,01
Fuel & Power,2020-10-04,204.4,205.75,200.53,201.69,176901.37,2020,10,04
Fuel & Power,2020-10-05,201.81,202.42,200.27,201.01,249793.21,2020,10,05
Fuel & Power,2020-10-06,194.24,197.01,192.64,193.78,318799.89,2020,10,06
Fuel & Power,2020-10-07,199.77,201.92,198.16,199.62,308931.0,2020,10,07
Fuel & Power,2020-10-08,199.22,203.62,198.06,199.23,261477.95,2020,10,08
Fuel & Power,2020-10-11,199.27,199.78,196.55,197.26,196049.89,2020,10,11
Fuel & Power,2020-10-12,197.95,200.75,195.85,198.39,193231.79,2020,10,12
Fuel & Power,2020-10-13,198.43,200.78,197.27,198.93,190222.58,2020,10,13
Fuel & Power,2020-10-14,200.6,203.9,196.6,200.37,235408.95,2020,10,14
Fuel & Power,2020-10-15,200.86,202.68,199.11,200.78,154944.79,2020,10,15
Fuel & Power,2020-10-18,201.35,202.61,198.75,199.23,185642.42,2020,10,18
Fuel & Power,2020-10-19,199.51,201.73,197.06,198.86,197743.0,2020,10,19
Fuel & Power,2020-10-20,198.98,201.53,197.86,199.05,169125.47,2020,10,20
Fuel & Power,2020-10-21,199.83,200.64,197.28,198.44,190233.58,2020,10,21
Fuel & Power,2020-10-22,208.3,209.07,205.53,206.59,156292.83,2020,10,22
Fuel & Power,2020-10-25,189.45,191.23,185.72,186.74,212029.1,2020,10,25
Fuel & Power,2020-10-27,187.4,189.1,186.57,187.02,242351.7,2020,10,27
Fuel & Power,2020-10-28,186.54,187.55,182.52,183.52,196792.05,2020,10,28
Fuel & Power,2020-10-29,183.98,188.68,183.19,186.17,372943.15,2020,10,29
IT Sector,2020-10-01,40.82,42.03,40.49,41.42,397207.5,2020,10,01
IT Sector,2020-10-04,41.75,42.79,40.97,41.37,531673.1,2020,10,04
IT Sector,2020-10-05,41.74,42.03,39.94,40.33,389548.2,2020,10,05
IT Sector,2020-10-06,40.68,41.25,39.43,40.3,467636.2,2020,10,06
IT Sector,2020-10-07,40.72,41.53,39.84,40.5,426890.6,2020,10,07
IT Sector,2020-10-08,40.79,41.23,39.66,40.09,363866.5,2020,10,08
IT Sector,2020-10-11,40.03,40.43,38.29,38.71,354220.2,2020,10,11
IT Sector,2020-10-12,38.93,39.38,37.35,38.36,243189.7,2020,10,12
IT Sector,2020-10-13,38.73,39.7,37.82,38.89,230540.6,2020,10,13
IT Sector,2020-10-14,39.17,40.37,38.56,39.36,362039.0,2020,10,14
IT Sector,2020-10-15,39.64,39.93,38.68,39.05,235245.7,2020,10,15
IT Sector,2020-10-18,39.65,40.16,38.43,39.01,289337.1,2020,10,18
IT Sector,2020-10-19,38.98,39.71,37.88,38.77,342067.7,2020,10,19
IT Sector,2020-10-20,39.19,39.76,38.26,38.84,320516.7,2020,10,20
IT Sector,2020-10-21,39.33,40.56,38.33,39.64,674403.0,2020,10,21
IT Sector,2020-10-22,39.6,40.19,37.86,38.63,442184.2,2020,10,22
IT Sector,2020-10-25,38.94,39.61,37.86,38.73,380991.7,2020,10,25
IT Sector,2020-10-27,38.86,39.88,37.73,38.69,444554.1,2020,10,27
IT Sector,2020-10-28,38.89,39.8,36.99,37.91,732933.5,2020,10,28
IT Sector,2020-10-29,37.48,39.16,36.69,38.05,506197.4,2020,10,29
Services & Real Estate,2020-10-01,38.95,39.53,38.5,39.08,241419.75,2020,10,01
Services & Real Estate,2020-10-04,39.23,39.83,38.73,39.25,354227.0,2020,10,04
Services & Real Estate,2020-10-05,39.45,40.48,38.63,39.2,309028.75,2020,10,05
Services & Real Estate,2020-10-06,39.33,39.63,38.25,38.6,253524.0,2020,10,06
Services & Real Estate,2020-10-07,38.98,39.38,38.15,38.6,316339.25,2020,10,07
Services & Real Estate,2020-10-08,37.17,37.3,36.1,36.4,242443.67,2020,10,08
Services & Real Estate,2020-10-11,38.23,38.63,36.78,37.1,181635.25,2020,10,11
Services & Real Estate,2020-10-12,37.63,37.65,35.6,36.05,188121.5,2020,10,12
Services & Real Estate,2020-10-13,36.15,36.68,35.48,36.0,134025.5,2020,10,13
Services & Real Estate,2020-10-14,36.8,37.73,35.98,36.45,232062.5,2020,10,14
Services & Real Estate,2020-10-15,36.43,36.95,36.03,36.38,164974.75,2020,10,15
Services & Real Estate,2020-10-18,37.03,37.45,35.88,36.13,174656.5,2020,10,18
Services & Real Estate,2020-10-19,36.48,36.75,35.68,35.9,194834.25,2020,10,19
Services & Real Estate,2020-10-20,36.3,36.8,35.8,36.28,323372.25,2020,10,20
Services & Real Estate,2020-10-21,36.58,36.78,35.43,35.73,191323.0,2020,10,21
Services & Real Estate,2020-10-22,35.73,36.5,34.9,35.1,278601.5,2020,10,22
Services & Real Estate,2020-10-25,35.05,35.88,34.7,35.0,173553.5,2020,10,25
Services & Real Estate,2020-10-27,34.88,35.2,33.75,34.23,270893.75,2020,10,27
Services & Real Estate,2020-10-28,34.85,35.08,33.45,33.9,326505.75,2020,10,28
Services & Real Estate,2020-10-29,33.68,34.68,33.5,34.2,221762.5,2020,10,29
Telecommunication,2020-10-01,230.2,232.7,228.55,230.6,198175.0,2020,10,01
Telecommunication,2020-10-04,231.7,232.9,228.05,229.5,273173.5,2020,10,04
Telecommunication,2020-10-05,229.55,231.15,227.7,228.1,201883.0,2020,10,05
Telecommunication,2020-10-06,228.1,229.85,225.85,226.9,224809.0,2020,10,06
Telecommunication,2020-10-07,228.65,229.05,225.85,226.8,151663.5,2020,10,07
Telecommunication,2020-10-08,226.4,229.75,224.95,226.85,210484.5,2020,10,08
Telecommunication,2020-10-11,226.4,228.0,223.8,225.8,207926.0,2020,10,11
Telecommunication,2020-10-12,226.75,227.65,222.3,225.75,234601.5,2020,10,12
Telecommunication,2020-10-13,226.5,231.45,225.1,229.3,193240.0,2020,10,13
Telecommunication,2020-10-14,229.5,237.05,228.55,236.0,814031.0,2020,10,14
Telecommunication,2020-10-15,237.1,243.1,233.4,238.95,647206.0,2020,10,15
Telecommunication,2020-10-18,239.5,244.5,233.3,239.1,901487.0,2020,10,18
Telecommunication,2020-10-19,240.5,247.0,238.9,240.3,873392.0,2020,10,19
Telecommunication,2020-10-20,240.5,242.75,233.8,235.3,706809.5,2020,10,20
Telecommunication,2020-10-21,235.4,236.85,231.7,232.55,473957.0,2020,10,21
Telecommunication,2020-10-22,232.75,235.65,230.95,233.9,376818.0,2020,10,22
Telecommunication,2020-10-25,233.45,236.65,229.45,233.8,499777.5,2020,10,25
Telecommunication,2020-10-27,233.9,234.6,230.75,231.8,438229.0,2020,10,27
Telecommunication,2020-10-28,230.85,231.3,227.55,228.7,523588.0,2020,10,28
Telecommunication,2020-10-29,228.3,233.65,227.05,231.55,238321.5,2020,10,29
Engineering,2020-09-01,121.28,123.55,118.34,121.61,367120.33,2020,09,01
Engineering,2020-09-02,124.44,126.26,121.41,123.82,516121.21,2020,09,02
Engineering,2020-09-03,128.0,131.27,124.93,127.84,924294.26,2020,09,03
Engineering,2020-09-06,125.67,127.88,120.78,122.41,819384.97,2020,09,06
Engineering,2020-09-07,121.68,124.65,119.32,122.85,1107351.31,2020,09,07
Engineering,2020-09-08,123.44,126.46,121.53,123.68,1105169.44,2020,09,08
Engineering,2020-09-09,124.51,125.33,119.9,121.25,874124.72,2020,09,09
Engineering,2020-09-10,121.71,124.48,119.34,122.67,815423.18,2020,09,10
Engineering,2020-09-13,123.44,125.61,120.25,121.56,1299811.33,2020,09,13
Engineering,2020-09-14,122.64,125.17,121.17,122.51,968113.69,2020,09,14
Engineering,2020-09-15,123.18,126.48,121.3,124.7,962122.1,2020,09,15
Engineering,2020-09-16,125.26,127.87,122.47,123.52,963936.26,2020,09,16
Engineering,2020-09-17,123.83,125.91,121.48,123.18,660305.13,2020,09,17
Engineering,2020-09-20,124.26,125.17,119.2,120.33,745880.0,2020,09,20
Engineering,2020-09-21,120.38,121.99,117.73,118.65,602778.79,2020,09,21
Engineering,2020-09-22,120.32,121.86,116.56,118.05,468926.59,2020,09,22
Engineering,2020-09-23,125.57,127.66,123.76,125.0,458580.68,2020,09,23
Engineering,2020-09-24,130.04,131.88,127.23,128.81,431032.3,2020,09,24
Engineering,2020-09-27,130.22,132.5,127.23,129.51,497639.08,2020,09,27
Engineering,2020-09-28,129.99,133.85,128.94,132.36,433659.58,2020,09,28
Engineering,2020-09-29,134.55,135.54,131.33,132.57,408041.28,2020,09,29
Engineering,2020-09-30,134.66,135.83,132.26,134.02,380143.98,2020,09,30
Fuel & Power,2020-09-01,208.73,212.71,205.2,207.43,488241.79,2020,09,01
Fuel & Power,2020-09-02,207.72,209.81,204.37,205.94,433900.11,2020,09,02
Fuel & Power,2020-09-03,207.1,209.49,203.47,205.25,737127.0,2020,09,03
Fuel & Power,2020-09-06,205.58,207.84,202.51,203.88,630107.63,2020,09,06
Fuel & Power,2020-09-07,204.75,208.41,203.33,205.71,429276.37,2020,09,07
Fuel & Power,2020-09-08,206.54,208.92,203.61,205.48,774947.84,2020,09,08
Fuel & Power,2020-09-09,206.36,207.81,203.54,205.0,573605.63,2020,09,09
Fuel & Power,2020-09-10,205.67,208.06,204.21,206.33,554936.63,2020,09,10
Fuel & Power,2020-09-13,207.22,210.22,204.27,207.15,832463.53,2020,09,13
Fuel & Power,2020-09-14,207.79,210.34,205.83,207.81,931064.37,2020,09,14
Fuel & Power,2020-09-15,208.21,212.85,206.81,211.22,462989.32,2020,09,15
Fuel & Power,2020-09-16,212.02,214.53,208.45,210.14,598418.58,2020,09,16
Fuel & Power,2020-09-17,209.88,210.45,206.78,207.57,464369.74,2020,09,17
Fuel & Power,2020-09-20,207.82,209.42,205.59,207.26,400141.16,2020,09,20
Fuel & Power,2020-09-21,206.85,208.26,204.65,205.52,337362.11,2020,09,21
Fuel & Power,2020-09-22,205.27,206.37,202.19,203.89,327611.11,2020,09,22
Fuel & Power,2020-09-23,204.74,205.93,201.15,202.26,306711.05,2020,09,23
Fuel & Power,2020-09-24,203.01,204.66,200.3,202.24,224098.05,2020,09,24
Fuel & Power,2020-09-27,203.21,204.14,197.37,200.24,254633.74,2020,09,27
Fuel & Power,2020-09-28,201.43,205.61,200.42,204.04,221411.74,2020,09,28
Fuel & Power,2020-09-29,206.66,208.97,203.85,204.79,259941.16,2020,09,29
Fuel & Power,2020-09-30,205.05,206.96,203.08,204.78,242140.68,2020,09,30
IT Sector,2020-09-01,38.35,39.95,37.55,38.98,1155857.1,2020,09,01
IT Sector,2020-09-02,39.58,40.15,38.42,38.94,596007.8,2020,09,02
IT Sector,2020-09-03,38.98,40.65,38.58,39.72,918167.7,2020,09,03
IT Sector,2020-09-06,40.05,40.88,39.38,40.22,565060.6,2020,09,06
IT Sector,2020-09-07,40.55,42.1,39.95,41.38,877092.0,2020,09,07
IT Sector,2020-09-08,41.77,44.62,41.09,43.52,1880620.0,2020,09,08
IT Sector,2020-09-09,44.2,45.18,42.39,43.43,1097398.1,2020,09,09
IT Sector,2020-09-10,43.76,45.92,42.49,45.08,1284095.4,2020,09,10
IT Sector,2020-09-13,45.88,46.84,43.44,44.27,1427771.3,2020,09,13
IT Sector,2020-09-14,44.37,44.98,42.75,43.47,1029940.9,2020,09,14
IT Sector,2020-09-15,43.46,44.44,42.26,42.93,809523.8,2020,09,15
IT Sector,2020-09-16,43.44,44.89,42.86,43.79,810454.2,2020,09,16
IT Sector,2020-09-17,43.72,44.33,42.47,42.93,557433.9,2020,09,17
IT Sector,2020-09-20,43.06,43.32,40.94,41.61,620814.5,2020,09,20
IT Sector,2020-09-21,41.95,43.15,40.94,41.74,531472.4,2020,09,21
IT Sector,2020-09-22,42.07,42.46,40.51,40.92,337793.6,2020,09,22
IT Sector,2020-09-23,41.34,42.18,40.39,40.94,383108.6,2020,09,23
IT Sector,2020-09-24,41.35,42.22,40.33,41.15,380265.4,2020,09,24
IT Sector,2020-09-27,41.56,42.07,40.33,40.95,401173.6,2020,09,27
IT Sector,2020-09-28,41.08,41.93,40.05,41.17,346521.5,2020,09,28
IT Sector,2020-09-29,41.34,42.01,40.39,40.73,343569.6,2020,09,29
IT Sector,2020-09-30,40.84,41.27,39.77,40.22,376535.9,2020,09,30
Services & Real Estate,2020-09-01,36.1,36.95,35.75,36.2,308443.75,2020,09,01
Services & Real Estate,2020-09-02,36.58,37.4,35.95,36.8,477572.25,2020,09,02
Services & Real Estate,2020-09-03,37.2,39.63,37.15,39.38,912116.25,2020,09,03
Services & Real Estate,2020-09-06,40.4,42.53,39.65,40.8,966290.75,2020,09,06
Services & Real Estate,2020-09-07,41.05,42.23,39.63,41.38,936759.5,2020,09,07
Services & Real Estate,2020-09-08,41.7,43.28,41.08,41.98,1182720.0,2020,09,08
Services & Real Estate,2020-09-09,42.38,42.63,40.43,40.95,1080379.75,2020,09,09
Services & Real Estate,2020-09-10,41.73,42.53,40.85,41.63,1173352.5,2020,09,10
Services & Real Estate,2020-09-13,42.78,43.63,40.8,41.93,1878180.5,2020,09,13
Services & Real Estate,2020-09-14,42.6,43.15,40.8,41.33,862866.5,2020,09,14
Services & Real Estate,2020-09-15,41.85,42.1,40.48,40.85,678925.0,2020,09,15
Services & Real Estate,2020-09-16,41.3,41.93,40.33,40.63,548183.0,2020,09,16
Services & Real Estate,2020-09-17,41.03,41.15,39.63,39.93,499049.25,2020,09,17
Services & Real Estate,2020-09-20,40.23,40.45,38.5,39.08,557520.25,2020,09,20
Services & Real Estate,2020-09-21,39.48,40.05,38.63,38.9,390397.75,2020,09,21
Services & Real Estate,2020-09-22,39.13,39.25,37.75,38.25,328074.0,2020,09,22
Services & Real Estate,2020-09-23,38.75,39.05,37.48,37.75,246892.25,2020,09,23
Services & Real Estate,2020-09-24,38.58,38.83,37.58,37.95,360301.75,2020,09,24
Services & Real Estate,2020-09-27,38.83,39.08,37.38,37.6,260834.5,2020,09,27
Services & Real Estate,2020-09-28,38.13,39.8,37.7,39.3,319902.75,2020,09,28
Services & Real Estate,2020-09-29,40.03,40.2,38.7,38.93,218315.0,2020,09,29
Services & Real Estate,2020-09-30,39.33,39.68,38.15,38.55,352790.5,2020,09,30
Telecommunication,2020-09-01,225.25,228.3,221.85,224.7,572898.0,2020,09,01
Telecommunication,2020-09-02,226.5,227.2,221.1,224.75,585138.5,2020,09,02
Telecommunication,2020-09-03,225.25,228.95,223.0,227.6,622191.0,2020,09,03
Telecommunication,2020-09-06,227.95,229.3,225.4,226.4,479654.5,2020,09,06
Telecommunication,2020-09-07,226.55,230.25,224.35,227.2,480018.5,2020,09,07
Telecommunication,2020-09-08,227.95,237.5,226.9,231.85,625707.5,2020,09,08
Telecommunication,2020-09-09,233.4,237.75,231.1,234.55,623519.0,2020,09,09
Telecommunication,2020-09-10,235.4,239.35,232.45,238.25,427375.5,2020,09,10
Telecommunication,2020-09-13,238.25,242.5,237.6,240.35,370741.5,2020,09,13
Telecommunication,2020-09-14,241.25,241.75,235.65,238.0,444323.0,2020,09,14
Telecommunication,2020-09-15,238.8,242.55,235.25,239.55,658359.0,2020,09,15
Telecommunication,2020-09-16,239.1,242.2,236.0,237.25,596504.0,2020,09,16
Telecommunication,2020-09-17,237.8,240.4,236.0,237.55,660197.0,2020,09,17
Telecommunication,2020-09-20,238.0,241.45,235.1,239.05,1086859.5,2020,09,20
Telecommunication,2020-09-21,239.35,241.6,232.0,234.45,674879.0,2020,09,21
Telecommunication,2020-09-22,235.0,235.0,229.5,231.4,528008.5,2020,09,22
Telecommunication,2020-09-23,231.5,236.65,229.65,234.95,336654.5,2020,09,23
Telecommunication,2020-09-24,235.8,235.85,231.05,233.1,363456.0,2020,09,24
Telecommunication,2020-09-27,233.5,234.85,228.75,229.7,302963.5,2020,09,27
Telecommunication,2020-09-28,229.8,233.7,229.1,231.7,183130.0,2020,09,28
Telecommunication,2020-09-29,231.6,233.45,229.65,231.25,177582.0,2020,09,29
Telecommunication,2020-09-30,231.25,232.8,229.4,230.1,175740.0,2020,09,30
Engineering,2021-04-01,111.27,112.86,110.17,112.13,185995.74,2021,04,01
Engineering,2021-04-04,125.66,127.18,124.75,125.06,215535.5,2021,04,04
Engineering,2021-04-05,84.91,86.55,84.24,85.82,88158.63,2021,04,05
Engineering,2021-04-06,104.73,106.49,104.47,105.93,156991.84,2021,04,06
Engineering,2021-04-07,104.2,105.05,103.54,104.2,160441.92,2021,04,07
Engineering,2021-04-08,76.46,77.5,75.93,76.61,199286.22,2021,04,08
Engineering,2021-04-11,97.25,98.14,96.08,96.51,100031.35,2021,04,11
Engineering,2021-04-12,78.32,79.68,77.89,78.43,103010.03,2021,04,12
Engineering,2021-04-13,98.38,100.59,98.15,100.2,138898.41,2021,04,13
Engineering,2021-04-15,79.67,80.18,78.87,79.81,160804.62,2021,04,15
Engineering,2021-04-18,82.69,83.51,82.07,82.78,190463.21,2021,04,18
Engineering,2021-04-19,118.45,118.92,117.57,118.3,190799.47,2021,04,19
Engineering,2021-04-20,82.11,83.67,81.56,83.21,268966.27,2021,04,20
Engineering,2021-04-21,101.13,101.99,99.9,100.52,287993.79,2021,04,21
Engineering,2021-04-22,122.81,123.51,121.9,122.55,273211.62,2021,04,22
Engineering,2021-04-25,104.25,105.67,103.92,105.12,396637.32,2021,04,25
Engineering,2021-04-26,103.68,104.54,102.79,103.86,363904.74,2021,04,26
Engineering,2021-04-27,82.59,82.83,81.19,81.65,305837.75,2021,04,27
Engineering,2021-04-28,101.59,102.45,101.15,101.85,257805.77,2021,04,28
Engineering,2021-04-29,101.42,102.27,100.48,100.98,349009.86,2021,04,29
Engineering,2021-08-02,134.78,138.39,133.51,137.0,2941822.88,2021,08,02
Engineering,2021-08-03,138.14,142.21,136.24,139.17,2499390.71,2021,08,03
Engineering,2021-08-05,140.0,143.25,137.09,139.88,3040362.0,2021,08,05
Engineering,2021-08-09,140.22,144.37,138.24,142.51,3136855.62,2021,08,09
Engineering,2021-08-10,142.66,146.69,139.8,142.37,2710541.55,2021,08,10
Engineering,2021-08-11,142.39,143.89,137.65,140.07,2010334.9,2021,08,11
Engineering,2021-08-12,140.93,143.55,139.14,140.81,2102065.14,2021,08,12
Engineering,2021-08-16,140.69,143.6,138.53,140.29,2221207.79,2021,08,16
Engineering,2021-08-17,141.24,142.78,138.59,140.34,2043819.0,2021,08,17
Engineering,2021-08-18,141.48,144.13,139.44,141.76,1398949.45,2021,08,18
Engineering,2021-08-19,143.47,145.05,140.07,142.77,1152511.36,2021,08,19
Engineering,2021-08-22,143.72,147.57,143.09,145.98,1583260.55,2021,08,22
Engineering,2021-08-23,147.45,148.99,144.43,146.2,1549415.79,2021,08,23
Engineering,2021-08-24,146.78,149.51,145.4,147.55,1631161.76,2021,08,24
Engineering,2021-08-25,148.21,151.45,146.77,149.94,1621124.52,2021,08,25
Engineering,2021-08-26,151.03,152.94,147.09,148.78,1280082.26,2021,08,26
Engineering,2021-08-29,150.77,152.92,148.42,150.27,1103928.55,2021,08,29
Engineering,2021-08-31,152.71,155.1,149.09,151.87,1091566.19,2021,08,31
Engineering,2021-12-01,129.36,131.14,127.06,128.48,203800.38,2021,12,01
Engineering,2021-12-02,127.2,130.94,125.57,129.5,416691.05,2021,12,02
Engineering,2021-12-05,128.5,131.81,127.12,130.13,298116.12,2021,12,05
Engineering,2021-12-06,134.8,136.5,131.97,134.32,380060.68,2021,12,06
Engineering,2021-12-07,133.03,135.09,131.1,133.15,702236.76,2021,12,07
Engineering,2021-12-08,139.26,142.53,136.36,138.36,922054.88,2021,12,08
Engineering,2021-12-09,135.96,138.99,133.6,137.45,498366.05,2021,12,09
Engineering,2021-12-12,139.33,141.6,135.49,138.08,443044.98,2021,12,12
Engineering,2021-12-13,138.0,139.3,133.26,135.18,278195.79,2021,12,13
Engineering,2021-12-14,134.58,138.56,132.54,134.45,343436.74,2021,12,14
Engineering,2021-12-15,138.31,141.15,135.99,138.72,187606.46,2021,12,15
Engineering,2021-12-19,138.01,138.99,134.15,135.98,327847.86,2021,12,19
Engineering,2021-12-20,136.4,139.55,133.02,135.76,249578.15,2021,12,20
Engineering,2021-12-21,136.3,139.6,134.59,137.76,200339.0,2021,12,21
Engineering,2021-12-22,137.99,140.01,135.3,136.83,209186.33,2021,12,22
Engineering,2021-12-23,136.65,137.04,132.66,133.12,193475.21,2021,12,23
Engineering,2021-12-26,133.5,134.23,128.32,129.1,284001.62,2021,12,26
Engineering,2021-12-27,129.42,132.36,127.41,129.35,240916.93,2021,12,27
Engineering,2021-12-28,129.53,132.45,128.63,130.17,257385.67,2021,12,28
Engineering,2021-12-29,131.64,134.27,129.25,130.88,290216.43,2021,12,29
Engineering,2021-12-30,131.9,134.61,130.26,132.83,250180.9,2021,12,30
Engineering,2021-02-01,122.5,123.33,121.82,122.22,404746.9,2021,02,01
Engineering,2021-02-02,118.22,120.03,117.58,119.04,271404.02,2021,02,02
Engineering,2021-02-03,124.63,125.3,122.38,123.12,367716.17,2021,02,03
Engineering,2021-02-04,122.87,123.69,121.8,122.23,268386.02,2021,02,04
Engineering,2021-02-07,101.21,103.39,100.44,101.07,371481.45,2021,02,07
Engineering,2021-02-08,121.83,122.56,119.51,120.27,333714.64,2021,02,08
Engineering,2021-02-09,80.08,81.85,79.44,81.45,312658.79,2021,02,09
Engineering,2021-02-10,124.56,125.41,123.42,124.09,392888.93,2021,02,10
Engineering,2021-02-11,82.25,82.87,80.24,81.24,454134.68,2021,02,11
Engineering,2021-02-14,121.77,123.16,121.15,122.14,360560.79,2021,02,14
Engineering,2021-02-15,100.43,103.26,100.16,102.78,397416.72,2021,02,15
Engineering,2021-02-16,103.84,105.17,102.51,103.37,410412.95,2021,02,16
Engineering,2021-02-17,125.55,125.98,124.15,124.65,287242.64,2021,02,17
Engineering,2021-02-18,104.26,106.28,103.83,105.12,206690.63,2021,02,18
Engineering,2021-02-22,104.79,106.29,104.06,105.46,183018.0,2021,02,22
Engineering,2021-02-23,103.81,104.43,102.07,102.69,217093.46,2021,02,23
Engineering,2021-02-24,86.29,88.62,85.5,87.78,217036.61,2021,02,24
Engineering,2021-02-25,107.94,109.21,107.43,108.23,263521.95,2021,02,25
Engineering,2021-02-28,130.06,131.08,128.68,129.43,217802.03,2021,02,28
Engineering,2021-01-03,125.42,128.77,124.11,127.17,1216461.93,2021,01,03
Engineering,2021-01-04,127.75,128.92,124.77,125.82,1179041.02,2021,01,04
Engineering,2021-01-05,126.65,128.23,122.73,123.71,1208259.8,2021,01,05
Engineering,2021-01-06,124.22,125.39,122.14,123.27,878958.44,2021,01,06
Engineering,2021-01-07,125.4,127.35,123.97,124.63,1278651.85,2021,01,07
Engineering,2021-01-10,123.47,124.62,121.59,122.57,1260635.93,2021,01,10
Engineering,2021-01-11,122.99,125.18,122.04,123.16,1142924.0,2021,01,11
Engineering,2021-01-12,123.86,126.89,122.97,125.62,1539674.88,2021,01,12
Engineering,2021-01-13,125.54,127.47,123.52,125.31,1064152.12,2021,01,13
Engineering,2021-01-14,126.36,127.63,123.89,124.94,1250426.27,2021,01,14
Engineering,2021-01-17,125.89,126.65,121.54,122.14,824359.34,2021,01,17
Engineering,2021-01-18,121.97,122.79,119.91,120.67,512498.75,2021,01,18
Engineering,2021-01-19,119.58,120.64,118.32,119.13,514341.4,2021,01,19
Engineering,2021-01-20,119.85,120.66,118.32,118.96,584807.25,2021,01,20
Engineering,2021-01-21,121.73,123.51,120.78,122.57,559640.59,2021,01,21
Engineering,2021-01-24,120.74,121.33,119.12,119.77,455802.13,2021,01,24
Engineering,2021-01-25,122.08,123.01,121.13,121.54,505933.17,2021,01,25
Engineering,2021-01-26,119.43,120.22,117.81,118.43,529211.8,2021,01,26
Engineering,2021-01-27,101.23,102.16,100.51,101.09,310301.13,2021,01,27
Engineering,2021-01-28,123.45,124.67,122.44,123.09,369433.83,2021,01,28
Engineering,2021-01-31,103.85,104.95,102.77,103.47,418573.79,2021,01,31
Engineering,2021-07-05,125.44,127.03,123.64,125.2,1032460.02,2021,07,05
Engineering,2021-07-06,126.3,127.61,123.62,125.43,2294449.33,2021,07,06
Engineering,2021-07-07,127.53,128.67,124.72,126.89,1122437.26,2021,07,07
Engineering,2021-07-08,128.01,132.34,126.5,130.85,1284706.55,2021,07,08
Engineering,2021-07-12,132.59,134.45,128.71,130.87,1324479.38,2021,07,12
Engineering,2021-07-13,131.79,133.82,129.6,131.27,1478069.19,2021,07,13
Engineering,2021-07-14,131.45,133.18,129.87,131.02,977115.74,2021,07,14
Engineering,2021-07-15,131.8,134.61,130.52,132.98,1548303.62,2021,07,15
Engineering,2021-07-18,133.41,137.52,130.66,134.64,1817950.1,2021,07,18
Engineering,2021-07-19,136.3,138.09,133.76,135.94,1012816.57,2021,07,19
Engineering,2021-07-25,136.43,138.11,133.47,135.25,1048396.12,2021,07,25
Engineering,2021-07-26,136.01,137.15,132.99,134.43,1307598.38,2021,07,26
Engineering,2021-07-27,135.14,136.6,132.48,133.72,1074594.95,2021,07,27
Engineering,2021-07-28,134.76,135.69,132.78,133.79,899750.95,2021,07,28
Engineering,2021-07-29,134.63,135.96,132.84,134.41,1343914.36,2021,07,29
Engineering,2021-06-27,122.02,123.15,118.04,119.09,1105175.26,2021,06,27
Engineering,2021-06-15,94.95,96.85,94.14,95.51,1563280.2,2021,06,15
Engineering,2021-06-10,130.23,132.17,126.97,128.38,2181150.02,2021,06,10
Engineering,2021-06-29,122.29,124.83,119.84,121.9,770784.12,2021,06,29
Engineering,2021-06-06,127.11,129.7,126.46,128.64,2112540.98,2021,06,06
Engineering,2021-06-23,124.35,126.55,122.25,123.67,1963626.1,2021,06,23
Engineering,2021-06-24,123.69,124.93,120.88,122.79,975094.79,2021,06,24
Engineering,2021-06-20,122.24,127.11,121.13,124.28,937241.57,2021,06,20
Engineering,2021-06-08,127.3,129.76,126.63,128.65,1090358.05,2021,06,08
Engineering,2021-06-22,125.15,126.57,122.25,124.13,1541746.07,2021,06,22
Engineering,2021-06-01,125.6,126.56,124.89,125.35,815110.79,2021,06,01
Engineering,2021-06-07,127.79,130.85,126.91,128.88,1277515.67,2021,06,07
Engineering,2021-06-02,123.68,124.44,123.06,123.71,917696.73,2021,06,02
Engineering,2021-06-21,125.0,127.2,123.19,124.39,1268073.69,2021,06,21
Engineering,2021-06-14,126.49,127.87,124.17,125.21,1206725.29,2021,06,14
Engineering,2021-06-09,127.92,132.55,126.53,129.53,1975052.81,2021,06,09
Engineering,2021-06-30,122.53,125.14,121.44,123.84,1059899.79,2021,06,30
Engineering,2021-06-16,125.4,129.25,124.07,125.36,1948727.45,2021,06,16
Engineering,2021-06-17,125.34,127.43,123.06,124.43,984657.45,2021,06,17
Engineering,2021-06-13,128.1,129.75,125.84,127.19,1559031.5,2021,06,13
Engineering,2021-06-03,109.69,111.69,109.23,111.08,1159441.93,2021,06,03
Engineering,2021-06-28,119.23,122.36,118.44,120.81,723815.86,2021,06,28
Engineering,2021-03-01,106.26,107.74,105.62,106.82,285849.49,2021,03,01
Engineering,2021-03-02,106.57,108.34,106.04,107.17,488808.15,2021,03,02
Engineering,2021-03-03,105.42,105.96,103.52,104.04,432850.53,2021,03,03
Engineering,2021-03-04,103.76,104.88,103.25,103.86,346208.68,2021,03,04
Engineering,2021-03-07,125.8,127.43,125.37,126.61,335761.3,2021,03,07
Engineering,2021-03-08,87.39,88.42,86.59,87.59,339570.84,2021,03,08
Engineering,2021-03-09,105.51,106.85,104.84,106.1,372698.15,2021,03,09
Engineering,2021-03-10,124.54,126.15,123.79,125.38,437520.66,2021,03,10
Engineering,2021-03-11,129.16,130.01,127.89,128.44,399044.63,2021,03,11
Engineering,2021-03-14,113.17,114.13,111.73,112.23,250478.49,2021,03,14
Engineering,2021-03-15,110.73,111.64,110.21,111.07,223558.9,2021,03,15
Engineering,2021-03-16,125.63,127.26,124.98,125.83,254067.95,2021,03,16
Engineering,2021-03-18,131.67,132.12,129.27,129.94,346080.05,2021,03,18
Engineering,2021-03-21,127.23,127.47,124.36,124.86,263203.71,2021,03,21
Engineering,2021-03-22,129.57,131.64,127.69,130.9,260490.36,2021,03,22
Engineering,2021-03-23,107.26,107.71,105.08,105.72,210223.16,2021,03,23
Engineering,2021-03-24,128.01,129.02,126.53,127.12,267779.89,2021,03,24
Engineering,2021-03-25,123.86,124.86,123.29,124.05,144665.05,2021,03,25
Engineering,2021-03-28,104.85,105.75,104.39,105.27,161584.95,2021,03,28
Engineering,2021-03-29,100.89,102.01,100.49,101.05,216978.68,2021,03,29
Engineering,2021-03-31,129.37,129.48,127.19,127.57,173089.65,2021,03,31
Engineering,2021-05-02,85.2,85.92,84.34,84.98,445192.18,2021,05,02
Engineering,2021-05-03,84.45,85.17,83.76,84.13,378225.44,2021,05,03
Engineering,2021-05-04,80.89,81.45,80.22,80.59,281531.24,2021,05,04
Engineering,2021-05-05,83.92,84.74,83.37,83.87,504333.0,2021,05,05
Engineering,2021-05-06,100.63,102.21,100.25,101.44,812561.13,2021,05,06
Engineering,2021-05-09,102.82,104.27,102.41,103.75,892028.93,2021,05,09
Engineering,2021-05-11,123.34,124.4,122.82,123.5,689315.29,2021,05,11
Engineering,2021-05-12,123.35,124.53,122.88,123.92,1123208.17,2021,05,12
Engineering,2021-05-16,124.06,125.31,123.43,124.61,1244412.31,2021,05,16
Engineering,2021-05-17,124.95,126.38,123.88,125.44,952718.67,2021,05,17
Engineering,2021-05-18,104.01,104.63,102.62,103.42,735676.18,2021,05,18
Engineering,2021-05-19,108.59,109.39,107.2,107.58,656742.2,2021,05,19
Engineering,2021-05-20,122.44,122.85,121.3,121.93,461401.49,2021,05,20
Engineering,2021-05-23,124.22,125.1,123.53,124.14,460064.19,2021,05,23
Engineering,2021-05-24,122.4,123.92,121.75,123.12,804063.98,2021,05,24
Engineering,2021-05-25,106.9,108.28,106.26,106.93,829711.3,2021,05,25
Engineering,2021-05-27,125.76,126.95,124.66,125.75,889905.02,2021,05,27
Engineering,2021-05-30,123.47,124.85,122.81,123.55,1144850.41,2021,05,30
Engineering,2021-05-31,123.66,124.42,122.97,123.53,750990.66,2021,05,31
Engineering,2021-11-01,135.05,137.54,132.25,133.75,468036.38,2021,11,01
Engineering,2021-11-02,135.28,137.2,132.65,133.65,527382.29,2021,11,02
Engineering,2021-11-03,136.01,139.51,134.33,135.98,394011.49,2021,11,03
Engineering,2021-11-04,134.86,136.45,132.55,134.58,357192.86,2021,11,04
Engineering,2021-11-07,135.68,136.3,131.25,132.15,321934.55,2021,11,07
Engineering,2021-11-08,131.8,133.2,129.23,130.2,453854.48,2021,11,08
Engineering,2021-11-09,130.66,132.53,129.48,130.86,452634.26,2021,11,09
Engineering,2021-11-10,132.51,135.08,130.9,132.93,637752.58,2021,11,10
Engineering,2021-11-11,132.76,134.97,130.24,131.3,630243.76,2021,11,11
Engineering,2021-11-14,138.55,140.13,136.03,137.1,453272.67,2021,11,14
Engineering,2021-11-15,130.79,132.12,128.57,129.49,525604.57,2021,11,15
Engineering,2021-11-16,130.62,131.35,128.27,129.07,493035.64,2021,11,16
Engineering,2021-11-17,135.87,137.45,134.04,135.21,609886.31,2021,11,17
Engineering,2021-11-18,130.67,132.34,128.19,129.6,532953.24,2021,11,18
Engineering,2021-11-21,138.23,138.69,132.47,134.76,534178.0,2021,11,21
Engineering,2021-11-22,106.55,108.32,104.77,105.84,362128.67,2021,11,22
Engineering,2021-11-23,114.23,117.33,112.76,115.6,504417.98,2021,11,23
Engineering,2021-11-24,125.57,126.98,122.47,123.3,417179.64,2021,11,24
Engineering,2021-11-25,126.39,128.07,124.78,126.29,367289.41,2021,11,25
Engineering,2021-11-28,126.1,127.76,123.81,125.34,308892.8,2021,11,28
Engineering,2021-11-29,123.55,124.85,122.41,123.4,265349.93,2021,11,29
Engineering,2021-11-30,125.14,126.8,122.01,123.61,304923.81,2021,11,30
Engineering,2021-10-03,157.13,159.26,153.22,155.22,1278470.29,2021,10,03
Engineering,2021-10-04,155.71,157.6,149.87,151.75,1520915.52,2021,10,04
Engineering,2021-10-05,153.0,155.06,147.03,149.12,1242343.86,2021,10,05
Engineering,2021-10-06,148.49,152.95,144.6,146.81,1474526.19,2021,10,06
Engineering,2021-10-07,147.2,151.1,144.61,147.21,1525287.14,2021,10,07
Engineering,2021-10-10,148.44,152.21,145.93,148.52,886231.17,2021,10,10
Engineering,2021-10-11,149.7,152.71,147.45,149.15,854918.64,2021,10,11
Engineering,2021-10-12,149.31,151.13,145.71,147.18,764668.33,2021,10,12
Engineering,2021-10-13,148.02,150.12,144.17,145.82,729197.67,2021,10,13
Engineering,2021-10-14,147.15,149.29,143.17,145.37,532453.69,2021,10,14
Engineering,2021-10-17,146.32,148.07,142.01,143.12,559293.79,2021,10,17
Engineering,2021-10-18,143.6,145.19,138.54,140.17,706977.83,2021,10,18
Engineering,2021-10-19,141.74,143.54,136.7,137.99,611480.12,2021,10,19
Engineering,2021-10-21,139.85,141.26,135.73,137.51,494215.52,2021,10,21
Engineering,2021-10-24,138.65,139.75,134.0,134.87,601488.95,2021,10,24
Engineering,2021-10-25,133.05,136.16,128.93,131.97,604279.86,2021,10,25
Engineering,2021-10-26,134.98,139.02,132.23,137.49,616095.12,2021,10,26
Engineering,2021-10-27,138.77,141.02,135.64,138.03,644070.33,2021,10,27
Engineering,2021-10-28,139.49,143.8,133.94,139.77,522125.63,2021,10,28
Engineering,2021-10-31,137.69,138.48,132.1,133.72,673581.05,2021,10,31
Engineering,2021-09-01,154.23,155.99,150.63,153.2,1601584.71,2021,09,01
Engineering,2021-09-02,154.27,158.89,153.23,157.2,1714401.69,2021,09,02
Engineering,2021-09-05,127.91,132.48,126.75,129.53,1890888.15,2021,09,05
Engineering,2021-09-06,161.0,163.74,157.7,160.71,1845044.76,2021,09,06
Engineering,2021-09-07,161.56,166.02,157.74,163.2,2242333.36,2021,09,07
Engineering,2021-09-08,165.21,169.45,162.9,166.69,1693457.71,2021,09,08
Engineering,2021-09-09,166.94,172.23,164.01,168.26,1552701.5,2021,09,09
Engineering,2021-09-12,170.18,173.42,162.43,164.06,1384922.4,2021,09,12
Engineering,2021-09-13,162.06,166.09,159.63,162.6,1005536.93,2021,09,13
Engineering,2021-09-14,161.32,165.14,155.1,158.33,889323.67,2021,09,14
Engineering,2021-09-15,159.42,162.2,154.32,157.32,943792.9,2021,09,15
Engineering,2021-09-16,159.74,162.52,156.01,158.37,948275.19,2021,09,16
Engineering,2021-09-19,161.02,163.99,158.69,160.97,1105857.95,2021,09,19
Engineering,2021-09-20,163.99,165.47,158.13,160.41,908802.86,2021,09,20
Engineering,2021-09-21,160.66,163.52,156.9,159.18,864948.1,2021,09,21
Engineering,2021-09-22,160.76,163.16,157.69,159.32,961653.07,2021,09,22
Engineering,2021-09-23,160.92,163.35,158.71,160.93,1136177.31,2021,09,23
Engineering,2021-09-26,162.35,163.23,157.59,158.58,1298200.98,2021,09,26
Engineering,2021-09-27,159.23,161.36,156.96,158.23,1501675.19,2021,09,27
Engineering,2021-09-28,159.06,160.66,156.03,157.47,1280693.71,2021,09,28
Engineering,2021-09-29,157.54,159.57,153.73,155.43,1182517.45,2021,09,29
Engineering,2021-09-30,155.9,158.27,153.19,155.28,1283631.45,2021,09,30
Fuel & Power,2021-04-01,180.87,183.78,179.49,181.74,393579.85,2021,04,01
Fuel & Power,2021-04-04,173.0,174.19,169.73,170.95,439378.52,2021,04,04
Fuel & Power,2021-04-05,173.7,175.0,171.26,172.85,201010.19,2021,04,05
Fuel & Power,2021-04-06,171.1,174.22,170.31,173.41,463398.41,2021,04,06
Fuel & Power,2021-04-07,178.81,179.52,176.28,177.93,334417.57,2021,04,07
Fuel & Power,2021-04-08,175.4,177.07,173.57,175.68,321922.57,2021,04,08
Fuel & Power,2021-04-11,169.21,175.51,168.28,171.89,248718.76,2021,04,11
Fuel & Power,2021-04-12,172.57,174.2,170.72,172.54,530345.62,2021,04,12
Fuel & Power,2021-04-13,171.47,175.71,170.89,174.5,539362.14,2021,04,13
Fuel & Power,2021-04-15,171.5,172.97,170.42,172.02,365536.27,2021,04,15
Fuel & Power,2021-04-18,173.85,175.29,172.16,173.92,358464.95,2021,04,18
Fuel & Power,2021-04-19,171.29,172.2,170.4,171.39,383051.77,2021,04,19
Fuel & Power,2021-04-20,173.25,177.71,173.08,175.77,529557.48,2021,04,20
Fuel & Power,2021-04-21,177.34,178.44,175.9,176.77,573653.29,2021,04,21
Fuel & Power,2021-04-22,173.26,174.3,172.55,173.81,408762.86,2021,04,22
Fuel & Power,2021-04-25,176.92,181.2,176.72,179.92,766219.1,2021,04,25
Fuel & Power,2021-04-26,180.55,183.08,179.45,181.56,1079894.95,2021,04,26
Fuel & Power,2021-04-27,181.77,182.93,178.74,181.26,588152.33,2021,04,27
Fuel & Power,2021-04-28,180.65,183.03,179.98,181.57,548971.95,2021,04,28
Fuel & Power,2021-04-29,124.69,125.38,122.44,123.95,809848.6,2021,04,29
Fuel & Power,2021-08-02,192.58,194.55,190.68,192.72,1378419.09,2021,08,02
Fuel & Power,2021-08-03,193.37,198.73,191.85,197.66,1312965.57,2021,08,03
Fuel & Power,2021-08-05,197.7,201.12,196.33,199.86,1280383.74,2021,08,05
Fuel & Power,2021-08-09,200.61,204.0,197.83,201.8,2054748.26,2021,08,09
Fuel & Power,2021-08-10,203.04,205.12,200.17,201.1,1520645.91,2021,08,10
Fuel & Power,2021-08-11,201.89,202.91,198.72,200.43,1019367.13,2021,08,11
Fuel & Power,2021-08-12,200.52,205.52,199.2,201.54,968838.3,2021,08,12
Fuel & Power,2021-08-16,201.27,204.17,199.71,202.3,1511984.83,2021,08,16
Fuel & Power,2021-08-17,202.88,204.74,200.79,202.15,1367934.48,2021,08,17
Fuel & Power,2021-08-18,200.87,205.99,200.5,203.57,2057011.91,2021,08,18
Fuel & Power,2021-08-19,205.08,205.93,201.84,203.97,1345590.22,2021,08,19
Fuel & Power,2021-08-22,204.85,210.73,202.84,208.53,1985339.57,2021,08,22
Fuel & Power,2021-08-23,209.72,215.92,208.1,212.94,2968263.96,2021,08,23
Fuel & Power,2021-08-24,213.37,218.5,211.41,215.3,2307818.65,2021,08,24
Fuel & Power,2021-08-25,217.0,219.89,214.74,216.9,2040692.0,2021,08,25
Fuel & Power,2021-08-26,217.2,218.81,212.18,215.43,1501082.96,2021,08,26
Fuel & Power,2021-08-29,215.29,217.96,213.18,215.66,1094063.61,2021,08,29
Fuel & Power,2021-08-31,216.85,217.74,212.71,214.82,1211703.65,2021,08,31
Fuel & Power,2021-12-01,243.93,245.86,237.3,239.39,302067.39,2021,12,01
Fuel & Power,2021-12-02,245.99,249.4,241.43,245.52,881305.45,2021,12,02
Fuel & Power,2021-12-05,239.0,244.38,237.26,242.16,415968.43,2021,12,05
Fuel & Power,2021-12-06,250.95,255.02,249.2,253.27,283887.18,2021,12,06
Fuel & Power,2021-12-07,244.84,252.57,244.16,248.16,517876.78,2021,12,07
Fuel & Power,2021-12-08,248.15,254.27,244.63,249.23,407457.74,2021,12,08
Fuel & Power,2021-12-09,251.16,259.31,250.45,257.96,264374.65,2021,12,09
Fuel & Power,2021-12-12,268.41,269.12,266.03,266.97,321468.48,2021,12,12
Fuel & Power,2021-12-13,273.12,273.8,264.24,269.23,230381.35,2021,12,13
Fuel & Power,2021-12-14,269.15,280.74,266.92,278.89,286931.61,2021,12,14
Fuel & Power,2021-12-15,285.64,290.18,284.24,288.47,205405.35,2021,12,15
Fuel & Power,2021-12-19,295.71,297.06,292.33,293.43,182612.17,2021,12,19
Fuel & Power,2021-12-20,300.45,301.16,297.07,297.92,233932.57,2021,12,20
Fuel & Power,2021-12-21,305.71,308.0,298.87,306.8,170241.57,2021,12,21
Fuel & Power,2021-12-22,312.11,312.76,295.91,296.82,157503.39,2021,12,22
Fuel & Power,2021-12-23,289.68,292.41,286.33,287.07,178341.7,2021,12,23
Fuel & Power,2021-12-26,281.05,282.35,260.78,263.12,183403.09,2021,12,26
Fuel & Power,2021-12-27,257.16,269.16,256.2,259.93,156183.7,2021,12,27
Fuel & Power,2021-12-28,261.77,265.13,255.26,258.5,263479.61,2021,12,28
Fuel & Power,2021-12-29,259.34,266.22,256.65,264.1,257720.3,2021,12,29
Fuel & Power,2021-12-30,266.68,273.59,264.76,270.96,259891.43,2021,12,30
Fuel & Power,2021-02-01,186.89,188.79,183.49,184.06,561838.71,2021,02,01
Fuel & Power,2021-02-02,184.8,186.08,180.8,181.43,663211.29,2021,02,02
Fuel & Power,2021-02-03,183.61,184.01,180.05,180.96,756860.05,2021,02,03
Fuel & Power,2021-02-04,181.03,184.31,179.85,182.24,745108.62,2021,02,04
Fuel & Power,2021-02-07,183.12,184.93,179.76,180.34,605580.52,2021,02,07
Fuel & Power,2021-02-08,179.98,181.85,177.44,178.93,737283.62,2021,02,08
Fuel & Power,2021-02-09,178.62,183.09,177.62,182.07,617817.14,2021,02,09
Fuel & Power,2021-02-10,183.61,184.55,180.69,182.4,687081.29,2021,02,10
Fuel & Power,2021-02-11,182.46,184.03,179.77,180.88,667251.57,2021,02,11
Fuel & Power,2021-02-14,181.33,182.56,178.39,180.7,564967.19,2021,02,14
Fuel & Power,2021-02-15,180.92,183.14,179.38,182.07,622993.9,2021,02,15
Fuel & Power,2021-02-16,181.31,182.31,180.19,180.83,986389.9,2021,02,16
Fuel & Power,2021-02-17,181.74,183.37,179.33,180.95,513652.1,2021,02,17
Fuel & Power,2021-02-18,181.27,182.59,179.67,180.44,536134.57,2021,02,18
Fuel & Power,2021-02-22,179.76,180.59,177.83,178.84,344045.71,2021,02,22
Fuel & Power,2021-02-23,179.65,181.55,178.37,179.45,436799.33,2021,02,23
Fuel & Power,2021-02-24,179.63,181.61,179.23,180.18,457562.9,2021,02,24
Fuel & Power,2021-02-25,180.09,182.12,178.41,180.49,982820.52,2021,02,25
Fuel & Power,2021-02-28,180.83,181.69,179.56,180.21,959072.81,2021,02,28
Fuel & Power,2021-01-03,190.83,195.33,186.72,191.32,1070308.2,2021,01,03
Fuel & Power,2021-01-04,190.83,194.56,188.33,190.76,1869643.2,2021,01,04
Fuel & Power,2021-01-05,190.64,194.87,187.09,189.96,1942323.2,2021,01,05
Fuel & Power,2021-01-06,189.91,192.39,187.45,189.24,2243569.95,2021,01,06
Fuel & Power,2021-01-07,189.96,192.3,187.55,189.21,1220527.95,2021,01,07
Fuel & Power,2021-01-10,189.63,191.07,188.29,189.6,1137208.05,2021,01,10
Fuel & Power,2021-01-11,190.97,193.75,189.31,191.79,1565064.4,2021,01,11
Fuel & Power,2021-01-12,192.45,196.83,190.74,194.45,2168223.9,2021,01,12
Fuel & Power,2021-01-13,194.16,195.98,191.02,193.11,1449134.35,2021,01,13
Fuel & Power,2021-01-14,194.22,198.39,192.63,194.59,2563975.55,2021,01,14
Fuel & Power,2021-01-17,196.16,201.43,194.24,196.99,3807400.55,2021,01,17
Fuel & Power,2021-01-18,193.51,197.16,190.97,193.05,1619797.68,2021,01,18
Fuel & Power,2021-01-19,187.15,189.04,184.23,187.09,1701558.95,2021,01,19
Fuel & Power,2021-01-20,146.82,148.23,145.4,146.31,1649649.0,2021,01,20
Fuel & Power,2021-01-21,185.83,187.57,184.09,185.58,2571916.4,2021,01,21
Fuel & Power,2021-01-24,186.4,188.6,184.28,185.3,1760606.19,2021,01,24
Fuel & Power,2021-01-25,185.63,187.77,184.56,186.36,1781491.38,2021,01,25
Fuel & Power,2021-01-26,186.8,187.55,183.13,184.58,1578127.0,2021,01,26
Fuel & Power,2021-01-27,184.47,186.45,183.07,183.93,1004840.05,2021,01,27
Fuel & Power,2021-01-28,184.86,187.36,182.98,184.24,931643.9,2021,01,28
Fuel & Power,2021-01-31,185.32,188.85,182.67,184.88,963625.33,2021,01,31
Fuel & Power,2021-07-05,187.34,190.54,184.98,187.4,593838.5,2021,07,05
Fuel & Power,2021-07-06,189.23,189.91,186.82,187.65,622305.27,2021,07,06
Fuel & Power,2021-07-07,188.33,193.51,187.63,192.32,837932.18,2021,07,07
Fuel & Power,2021-07-08,196.64,197.65,193.78,196.95,836241.82,2021,07,08
Fuel & Power,2021-07-12,199.09,200.23,193.79,197.72,1293372.55,2021,07,12
Fuel & Power,2021-07-13,197.15,200.24,194.62,196.41,1013440.27,2021,07,13
Fuel & Power,2021-07-14,196.77,199.0,195.2,197.52,1059007.95,2021,07,14
Fuel & Power,2021-07-15,193.4,194.78,190.36,192.47,896238.17,2021,07,15
Fuel & Power,2021-07-18,192.77,197.83,190.31,194.97,993904.7,2021,07,18
Fuel & Power,2021-07-19,194.8,196.94,192.61,194.38,615633.48,2021,07,19
Fuel & Power,2021-07-25,195.74,197.3,194.0,194.78,717939.74,2021,07,25
Fuel & Power,2021-07-26,195.2,196.78,192.21,193.56,1383438.65,2021,07,26
Fuel & Power,2021-07-27,196.01,197.66,193.07,194.15,1076166.39,2021,07,27
Fuel & Power,2021-07-28,194.7,195.98,191.94,193.15,997772.52,2021,07,28
Fuel & Power,2021-07-29,193.13,193.96,190.27,191.79,816610.48,2021,07,29
Fuel & Power,2021-06-06,185.07,186.95,183.73,184.99,1133773.23,2021,06,06
Fuel & Power,2021-06-28,184.23,186.61,182.52,183.96,680629.0,2021,06,28
Fuel & Power,2021-06-27,184.55,185.55,182.02,182.92,759121.64,2021,06,27
Fuel & Power,2021-06-17,186.58,190.25,185.62,187.42,1588212.86,2021,06,17
Fuel & Power,2021-06-15,185.79,188.1,184.07,185.25,1299564.23,2021,06,15
Fuel & Power,2021-06-29,184.1,186.8,182.64,183.88,491323.95,2021,06,29
Fuel & Power,2021-06-20,186.93,188.76,185.01,187.4,1135217.41,2021,06,20
Fuel & Power,2021-06-24,185.04,187.45,183.95,185.46,655016.09,2021,06,24
Fuel & Power,2021-06-30,184.26,187.15,183.88,186.2,588963.36,2021,06,30
Fuel & Power,2021-06-03,185.44,187.33,183.83,184.88,638830.95,2021,06,03
Fuel & Power,2021-06-16,186.12,187.52,184.11,185.05,1150745.77,2021,06,16
Fuel & Power,2021-06-10,185.07,189.66,184.36,187.41,1448898.86,2021,06,10
Fuel & Power,2021-06-09,185.19,187.73,184.32,185.2,1274669.86,2021,06,09
Fuel & Power,2021-06-23,184.96,188.35,183.66,185.33,929184.77,2021,06,23
Fuel & Power,2021-06-08,184.33,186.45,182.91,185.17,1069802.41,2021,06,08
Fuel & Power,2021-06-22,186.48,187.08,183.93,184.96,887839.5,2021,06,22
Fuel & Power,2021-06-01,185.99,189.23,185.42,187.23,755940.09,2021,06,01
Fuel & Power,2021-06-21,187.64,189.23,184.75,186.02,1243746.91,2021,06,21
Fuel & Power,2021-06-07,184.89,187.66,183.64,185.55,1282431.18,2021,06,07
Fuel & Power,2021-06-13,188.24,191.26,185.55,186.73,960953.27,2021,06,13
Fuel & Power,2021-06-14,187.32,188.12,184.58,185.78,1171605.23,2021,06,14
Fuel & Power,2021-06-02,186.73,188.05,184.16,185.63,615234.36,2021,06,02
Fuel & Power,2021-03-01,180.37,181.43,179.16,180.25,964962.95,2021,03,01
Fuel & Power,2021-03-02,180.38,182.73,179.75,181.21,1035483.62,2021,03,02
Fuel & Power,2021-03-03,181.22,182.95,180.07,181.23,899308.1,2021,03,03
Fuel & Power,2021-03-04,182.22,182.96,180.24,180.94,917091.33,2021,03,04
Fuel & Power,2021-03-07,181.0,183.55,180.62,182.55,1489956.19,2021,03,07
Fuel & Power,2021-03-08,183.32,185.87,182.39,184.78,1208701.76,2021,03,08
Fuel & Power,2021-03-09,178.91,179.92,177.01,178.41,1462201.5,2021,03,09
Fuel & Power,2021-03-10,179.31,183.54,177.68,181.36,1667643.32,2021,03,10
Fuel & Power,2021-03-11,182.32,185.79,179.97,181.6,1370372.5,2021,03,11
Fuel & Power,2021-03-14,181.25,182.67,177.24,177.78,955923.45,2021,03,14
Fuel & Power,2021-03-15,177.72,179.99,176.22,177.95,1015564.91,2021,03,15
Fuel & Power,2021-03-16,178.8,180.95,176.72,178.57,940004.68,2021,03,16
Fuel & Power,2021-03-18,181.42,182.49,177.06,179.04,750119.95,2021,03,18
Fuel & Power,2021-03-21,178.31,178.44,174.51,176.24,676316.14,2021,03,21
Fuel & Power,2021-03-22,175.87,177.5,174.05,176.61,712249.5,2021,03,22
Fuel & Power,2021-03-23,177.95,178.48,174.67,175.07,562809.59,2021,03,23
Fuel & Power,2021-03-24,175.06,176.01,173.3,173.95,605261.55,2021,03,24
Fuel & Power,2021-03-25,174.92,175.73,172.91,174.4,356536.14,2021,03,25
Fuel & Power,2021-03-28,174.14,175.42,173.31,173.93,294141.77,2021,03,28
Fuel & Power,2021-03-29,174.39,176.03,173.86,174.69,447771.14,2021,03,29
Fuel & Power,2021-03-31,176.33,177.44,175.12,175.6,488945.48,2021,03,31
Fuel & Power,2021-05-02,180.92,182.22,179.67,180.79,733788.91,2021,05,02
Fuel & Power,2021-05-03,187.39,187.86,185.88,186.51,518590.0,2021,05,03
Fuel & Power,2021-05-04,190.21,191.01,186.82,189.97,475245.33,2021,05,04
Fuel & Power,2021-05-05,193.02,194.65,188.3,193.72,583349.14,2021,05,05
Fuel & Power,2021-05-06,193.84,195.64,189.22,191.64,1155134.33,2021,05,06
Fuel & Power,2021-05-09,187.8,189.19,183.68,185.73,902203.32,2021,05,09
Fuel & Power,2021-05-11,186.82,189.5,184.53,186.65,1039925.5,2021,05,11
Fuel & Power,2021-05-12,186.25,189.05,185.09,186.89,1323880.36,2021,05,12
Fuel & Power,2021-05-16,187.57,189.85,185.8,187.26,1163797.77,2021,05,16
Fuel & Power,2021-05-17,187.89,189.58,184.77,187.27,859902.5,2021,05,17
Fuel & Power,2021-05-18,187.45,192.17,185.83,189.98,959631.95,2021,05,18
Fuel & Power,2021-05-19,190.72,192.41,186.28,187.67,1235475.73,2021,05,19
Fuel & Power,2021-05-20,188.64,189.43,184.6,185.8,988365.18,2021,05,20
Fuel & Power,2021-05-23,188.72,191.22,187.38,188.73,821282.86,2021,05,23
Fuel & Power,2021-05-24,186.01,188.38,183.61,185.63,850552.09,2021,05,24
Fuel & Power,2021-05-25,186.08,187.92,183.75,184.85,862244.05,2021,05,25
Fuel & Power,2021-05-27,185.08,186.56,183.2,184.77,1181214.14,2021,05,27
Fuel & Power,2021-05-30,185.27,186.46,183.67,184.89,756644.82,2021,05,30
Fuel & Power,2021-05-31,184.98,187.36,184.3,186.34,694772.36,2021,05,31
Fuel & Power,2021-11-01,244.3,252.08,242.43,245.84,398953.35,2021,11,01
Fuel & Power,2021-11-02,247.5,252.73,245.26,250.32,360654.39,2021,11,02
Fuel & Power,2021-11-03,256.04,257.99,247.19,250.42,317562.91,2021,11,03
Fuel & Power,2021-11-04,254.1,254.32,244.45,246.32,357064.48,2021,11,04
Fuel & Power,2021-11-07,244.39,248.38,239.56,242.16,312802.96,2021,11,07
Fuel & Power,2021-11-08,241.35,243.7,238.36,239.41,296446.74,2021,11,08
Fuel & Power,2021-11-09,249.23,254.42,247.86,252.81,337325.27,2021,11,09
Fuel & Power,2021-11-10,245.75,247.41,242.6,244.56,392462.87,2021,11,10
Fuel & Power,2021-11-11,254.45,257.86,251.15,252.28,395122.09,2021,11,11
Fuel & Power,2021-11-14,242.05,246.22,239.92,242.25,325835.48,2021,11,14
Fuel & Power,2021-11-15,244.21,246.06,240.45,241.22,410814.35,2021,11,15
Fuel & Power,2021-11-16,251.43,254.53,248.54,249.76,514445.64,2021,11,16
Fuel & Power,2021-11-17,248.92,250.67,243.79,246.06,417555.95,2021,11,17
Fuel & Power,2021-11-18,258.73,264.1,255.61,258.3,426436.29,2021,11,18
Fuel & Power,2021-11-21,239.49,241.75,234.67,235.81,438260.09,2021,11,21
Fuel & Power,2021-11-22,256.85,258.32,253.75,254.77,265829.9,2021,11,22
Fuel & Power,2021-11-23,235.83,237.55,233.28,234.07,377410.65,2021,11,23
Fuel & Power,2021-11-24,252.86,255.59,250.56,251.39,189238.05,2021,11,24
Fuel & Power,2021-11-25,255.13,261.12,253.11,255.81,233158.95,2021,11,25
Fuel & Power,2021-11-28,235.46,237.72,229.58,232.93,196858.57,2021,11,28
Fuel & Power,2021-11-29,234.36,238.69,233.06,235.07,171804.39,2021,11,29
Fuel & Power,2021-11-30,235.33,241.49,232.91,238.51,213486.39,2021,11,30
Fuel & Power,2021-10-03,265.46,268.46,261.74,264.47,1846865.65,2021,10,03
Fuel & Power,2021-10-04,265.63,268.02,259.89,261.8,1856449.43,2021,10,04
Fuel & Power,2021-10-05,263.94,264.77,254.05,256.8,1327741.43,2021,10,05
Fuel & Power,2021-10-06,256.97,262.88,250.09,253.27,2560334.26,2021,10,06
Fuel & Power,2021-10-07,255.53,258.13,246.85,250.64,2879756.57,2021,10,07
Fuel & Power,2021-10-10,252.55,258.05,249.11,255.74,1721452.43,2021,10,10
Fuel & Power,2021-10-11,260.7,262.1,258.31,259.27,1351574.26,2021,10,11
Fuel & Power,2021-10-12,264.66,265.49,261.14,262.05,1304152.13,2021,10,12
Fuel & Power,2021-10-13,267.5,269.8,264.76,266.32,939192.7,2021,10,13
Fuel & Power,2021-10-14,270.29,272.68,260.53,264.4,754766.13,2021,10,14
Fuel & Power,2021-10-17,268.11,271.26,260.14,262.03,691184.0,2021,10,17
Fuel & Power,2021-10-18,263.46,265.1,252.08,254.68,734144.48,2021,10,18
Fuel & Power,2021-10-19,257.62,264.0,251.71,256.15,719912.61,2021,10,19
Fuel & Power,2021-10-21,262.37,264.1,252.93,255.14,599930.91,2021,10,21
Fuel & Power,2021-10-24,267.41,268.87,253.66,255.2,418017.23,2021,10,24
Fuel & Power,2021-10-25,242.94,246.3,237.37,240.13,684306.04,2021,10,25
Fuel & Power,2021-10-26,244.87,249.28,238.65,246.55,549967.35,2021,10,26
Fuel & Power,2021-10-27,248.42,253.07,243.98,247.66,635409.26,2021,10,27
Fuel & Power,2021-10-28,251.45,253.92,247.85,251.25,631797.87,2021,10,28
Fuel & Power,2021-10-31,252.43,255.42,244.12,246.24,667934.26,2021,10,31
Fuel & Power,2021-09-01,215.75,217.84,213.07,216.1,980103.35,2021,09,01
Fuel & Power,2021-09-02,216.66,223.37,216.01,222.12,1281302.83,2021,09,02
Fuel & Power,2021-09-05,227.05,229.9,226.25,228.61,1715708.0,2021,09,05
Fuel & Power,2021-09-06,234.5,238.22,231.44,235.98,2149545.43,2021,09,06
Fuel & Power,2021-09-07,243.06,246.61,237.25,243.64,2577600.7,2021,09,07
Fuel & Power,2021-09-08,248.96,250.7,246.35,248.51,2347998.87,2021,09,08
Fuel & Power,2021-09-09,253.35,258.09,250.43,255.66,1468843.96,2021,09,09
Fuel & Power,2021-09-12,261.8,267.6,258.63,263.65,1366842.57,2021,09,12
Fuel & Power,2021-09-13,273.3,274.68,270.66,273.24,933593.0,2021,09,13
Fuel & Power,2021-09-14,281.28,281.95,260.97,262.1,857663.22,2021,09,14
Fuel & Power,2021-09-15,270.52,280.89,265.9,278.17,811631.91,2021,09,15
Fuel & Power,2021-09-16,275.25,280.33,270.52,275.55,967438.35,2021,09,16
Fuel & Power,2021-09-19,281.37,287.8,275.02,279.11,902090.3,2021,09,19
Fuel & Power,2021-09-20,279.1,283.18,270.5,274.04,655379.96,2021,09,20
Fuel & Power,2021-09-21,274.61,276.89,265.61,266.98,917298.83,2021,09,21
Fuel & Power,2021-09-22,263.31,273.69,261.57,267.75,653038.52,2021,09,22
Fuel & Power,2021-09-23,270.4,272.97,262.8,265.32,570770.48,2021,09,23
Fuel & Power,2021-09-26,267.43,271.15,260.91,263.26,979931.13,2021,09,26
Fuel & Power,2021-09-27,263.25,265.99,257.46,259.61,927184.91,2021,09,27
Fuel & Power,2021-09-28,260.4,266.15,257.0,261.44,1286149.78,2021,09,28
Fuel & Power,2021-09-29,262.99,265.04,257.2,258.54,1118544.39,2021,09,29
Fuel & Power,2021-09-30,259.49,265.45,257.67,262.17,2014709.52,2021,09,30
IT Sector,2021-04-01,33.99,34.75,33.6,34.38,102752.27,2021,04,01
IT Sector,2021-04-04,31.07,31.94,30.4,30.56,149969.3,2021,04,04
IT Sector,2021-04-05,31.42,32.12,30.74,31.69,48560.8,2021,04,05
IT Sector,2021-04-06,31.81,32.93,31.6,32.53,135568.9,2021,04,06
IT Sector,2021-04-07,34.65,35.35,34.35,34.87,130572.64,2021,04,07
IT Sector,2021-04-08,32.32,32.92,31.59,32.09,109818.3,2021,04,08
IT Sector,2021-04-11,31.4,31.76,31.1,31.36,71107.5,2021,04,11
IT Sector,2021-04-12,33.62,34.05,33.4,33.55,65911.91,2021,04,12
IT Sector,2021-04-13,31.32,32.47,31.27,32.08,103279.7,2021,04,13
IT Sector,2021-04-15,34.37,35.0,34.05,34.72,113760.0,2021,04,15
IT Sector,2021-04-18,30.4,30.82,29.9,30.38,165382.44,2021,04,18
IT Sector,2021-04-19,30.57,30.77,30.11,30.33,109733.67,2021,04,19
IT Sector,2021-04-20,34.58,35.52,34.35,35.22,164615.27,2021,04,20
IT Sector,2021-04-21,35.42,36.08,34.91,35.25,142507.91,2021,04,21
IT Sector,2021-04-22,35.32,35.82,35.04,35.54,234607.64,2021,04,22
IT Sector,2021-04-25,34.23,35.07,33.81,34.69,330421.6,2021,04,25
IT Sector,2021-04-26,34.8,35.66,34.49,35.0,283438.6,2021,04,26
IT Sector,2021-04-27,35.08,35.19,34.0,34.3,202459.1,2021,04,27
IT Sector,2021-04-28,34.25,35.06,33.84,34.69,274144.5,2021,04,28
IT Sector,2021-04-29,32.99,33.77,32.29,32.84,464292.0,2021,04,29
IT Sector,2021-08-02,47.51,48.46,46.78,47.44,1336203.73,2021,08,02
IT Sector,2021-08-03,47.71,49.56,47.18,48.67,1433773.09,2021,08,03
IT Sector,2021-08-05,49.28,50.72,48.72,49.94,1327846.0,2021,08,05
IT Sector,2021-08-09,49.89,52.2,48.51,51.38,1772430.82,2021,08,09
IT Sector,2021-08-10,51.91,52.61,49.48,50.38,1153943.64,2021,08,10
IT Sector,2021-08-11,50.3,51.45,48.65,50.54,929587.64,2021,08,11
IT Sector,2021-08-12,51.13,52.41,50.16,51.48,941844.82,2021,08,12
IT Sector,2021-08-16,51.18,52.68,50.04,51.32,852963.45,2021,08,16
IT Sector,2021-08-17,51.27,52.35,50.35,51.36,695330.27,2021,08,17
IT Sector,2021-08-18,51.76,53.0,50.69,51.49,909804.36,2021,08,18
IT Sector,2021-08-19,51.45,52.46,50.76,51.59,657109.82,2021,08,19
IT Sector,2021-08-22,52.37,53.71,51.64,52.52,775505.27,2021,08,22
IT Sector,2021-08-23,52.41,53.69,51.43,52.77,801250.82,2021,08,23
IT Sector,2021-08-24,52.99,53.65,51.66,52.35,954293.73,2021,08,24
IT Sector,2021-08-25,52.34,53.1,51.22,51.7,603466.18,2021,08,25
IT Sector,2021-08-26,51.91,52.81,50.83,51.79,533053.64,2021,08,26
IT Sector,2021-08-29,51.93,52.69,50.9,51.42,350690.82,2021,08,29
IT Sector,2021-08-31,51.84,52.91,51.12,51.87,499160.73,2021,08,31
IT Sector,2021-12-01,49.75,50.76,48.78,49.36,322087.27,2021,12,01
IT Sector,2021-12-02,49.25,50.15,48.15,49.27,230010.82,2021,12,02
IT Sector,2021-12-05,49.77,51.39,48.99,50.53,433718.55,2021,12,05
IT Sector,2021-12-06,51.42,53.4,50.82,52.64,724623.55,2021,12,06
IT Sector,2021-12-07,53.2,54.06,51.97,53.05,748843.73,2021,12,07
IT Sector,2021-12-08,52.75,53.81,51.48,52.64,677945.45,2021,12,08
IT Sector,2021-12-09,53.08,54.34,51.99,52.71,557529.55,2021,12,09
IT Sector,2021-12-12,52.74,54.58,51.87,52.91,462153.36,2021,12,12
IT Sector,2021-12-13,53.42,53.54,51.69,52.3,324428.82,2021,12,13
IT Sector,2021-12-14,52.44,53.37,51.03,51.67,607396.64,2021,12,14
IT Sector,2021-12-15,51.99,53.07,50.92,51.96,339889.64,2021,12,15
IT Sector,2021-12-19,52.15,52.98,50.79,51.82,281115.0,2021,12,19
IT Sector,2021-12-20,51.57,52.77,50.15,50.76,352611.36,2021,12,20
IT Sector,2021-12-21,51.13,51.81,49.94,50.55,192275.91,2021,12,21
IT Sector,2021-12-22,50.55,51.75,49.78,50.34,203731.18,2021,12,22
IT Sector,2021-12-23,50.29,51.07,49.4,50.23,195114.64,2021,12,23
IT Sector,2021-12-26,50.05,50.65,48.63,49.37,132942.55,2021,12,26
IT Sector,2021-12-27,49.74,50.99,48.53,49.86,328247.27,2021,12,27
IT Sector,2021-12-28,50.11,51.2,49.06,50.23,191422.73,2021,12,28
IT Sector,2021-12-29,50.79,51.48,49.55,50.25,215602.0,2021,12,29
IT Sector,2021-12-30,50.4,51.3,49.65,50.35,391863.91,2021,12,30
IT Sector,2021-02-01,36.82,37.33,36.26,36.66,90775.3,2021,02,01
IT Sector,2021-02-02,37.01,37.58,36.29,36.72,156283.3,2021,02,02
IT Sector,2021-02-03,36.53,36.91,36.05,36.29,97546.3,2021,02,03
IT Sector,2021-02-04,36.57,37.03,35.98,36.48,165109.8,2021,02,04
IT Sector,2021-02-07,36.56,36.88,35.5,35.89,165845.4,2021,02,07
IT Sector,2021-02-08,35.82,36.56,34.74,35.15,155389.9,2021,02,08
IT Sector,2021-02-09,35.41,36.27,34.92,35.9,92865.7,2021,02,09
IT Sector,2021-02-10,35.93,36.72,35.72,36.2,227743.6,2021,02,10
IT Sector,2021-02-11,36.1,36.49,35.08,35.59,129411.4,2021,02,11
IT Sector,2021-02-14,35.67,36.01,34.88,35.16,110283.8,2021,02,14
IT Sector,2021-02-15,35.41,36.64,35.04,36.11,164009.9,2021,02,15
IT Sector,2021-02-16,36.02,36.64,35.35,35.9,113160.0,2021,02,16
IT Sector,2021-02-17,35.99,36.37,35.47,35.93,80008.6,2021,02,17
IT Sector,2021-02-18,36.07,36.29,35.49,35.67,78027.3,2021,02,18
IT Sector,2021-02-22,35.56,36.03,35.07,35.42,54714.4,2021,02,22
IT Sector,2021-02-23,33.65,33.9,33.21,33.44,47870.27,2021,02,23
IT Sector,2021-02-24,34.45,34.87,34.09,34.47,94402.09,2021,02,24
IT Sector,2021-02-25,34.68,35.35,34.45,34.92,125796.73,2021,02,25
IT Sector,2021-02-28,35.53,35.84,35.15,35.32,98644.5,2021,02,28
IT Sector,2021-01-03,41.59,42.77,40.78,41.57,729317.8,2021,01,03
IT Sector,2021-01-04,41.59,42.4,40.44,41.2,901916.6,2021,01,04
IT Sector,2021-01-05,41.43,41.8,39.43,39.94,842703.2,2021,01,05
IT Sector,2021-01-06,39.92,40.89,39.55,40.19,504830.5,2021,01,06
IT Sector,2021-01-07,40.4,41.66,39.97,40.86,977069.3,2021,01,07
IT Sector,2021-01-10,41.14,41.69,40.26,40.82,680499.3,2021,01,10
IT Sector,2021-01-11,41.01,41.46,39.99,40.63,729879.9,2021,01,11
IT Sector,2021-01-12,40.71,41.22,39.2,39.86,928414.2,2021,01,12
IT Sector,2021-01-13,39.81,40.88,39.06,39.47,584412.4,2021,01,13
IT Sector,2021-01-14,40.12,40.56,38.54,38.94,524425.6,2021,01,14
IT Sector,2021-01-17,39.02,39.46,37.31,37.54,464877.6,2021,01,17
IT Sector,2021-01-18,37.61,38.7,37.11,37.9,260918.6,2021,01,18
IT Sector,2021-01-19,38.21,39.3,37.82,38.79,304480.8,2021,01,19
IT Sector,2021-01-20,38.92,39.44,37.99,38.28,278447.7,2021,01,20
IT Sector,2021-01-21,38.48,39.27,37.96,38.57,284076.8,2021,01,21
IT Sector,2021-01-24,38.52,38.71,37.39,37.73,242449.6,2021,01,24
IT Sector,2021-01-25,38.12,38.38,36.96,37.24,236361.8,2021,01,25
IT Sector,2021-01-26,37.34,37.91,36.6,37.02,323285.9,2021,01,26
IT Sector,2021-01-27,37.15,37.53,36.3,36.77,154982.3,2021,01,27
IT Sector,2021-01-28,37.09,37.47,36.18,36.7,150372.5,2021,01,28
IT Sector,2021-01-31,36.74,37.19,35.83,36.31,140752.9,2021,01,31
IT Sector,2021-07-05,43.07,44.73,42.46,43.85,524428.45,2021,07,05
IT Sector,2021-07-06,43.95,44.79,43.05,43.65,625022.64,2021,07,06
IT Sector,2021-07-07,44.28,45.85,43.47,44.39,1139453.55,2021,07,07
IT Sector,2021-07-08,44.83,45.67,43.95,44.71,832068.45,2021,07,08
IT Sector,2021-07-12,44.9,45.12,43.39,43.97,506670.91,2021,07,12
IT Sector,2021-07-13,44.01,45.6,43.74,44.89,699342.82,2021,07,13
IT Sector,2021-07-14,45.21,45.84,44.31,45.1,711191.36,2021,07,14
IT Sector,2021-07-15,45.15,46.15,44.46,45.35,1095403.55,2021,07,15
IT Sector,2021-07-18,45.67,46.68,44.7,45.75,986230.55,2021,07,18
IT Sector,2021-07-19,46.03,46.78,45.14,45.75,937198.27,2021,07,19
IT Sector,2021-07-25,45.64,46.49,44.99,45.7,496989.82,2021,07,25
IT Sector,2021-07-26,45.77,46.75,44.94,45.74,1107738.82,2021,07,26
IT Sector,2021-07-27,46.02,47.26,45.35,46.52,825731.91,2021,07,27
IT Sector,2021-07-28,46.73,48.23,45.99,47.37,1453202.73,2021,07,28
IT Sector,2021-07-29,47.66,48.28,46.65,47.33,942180.45,2021,07,29
IT Sector,2021-06-22,42.31,43.11,41.57,42.41,494139.18,2021,06,22
IT Sector,2021-06-08,41.76,42.59,41.08,41.66,493241.0,2021,06,08
IT Sector,2021-06-01,42.14,42.87,41.5,42.11,547451.09,2021,06,01
IT Sector,2021-06-09,41.76,44.45,41.64,43.73,1125657.91,2021,06,09
IT Sector,2021-06-28,41.41,42.25,40.35,41.43,235135.09,2021,06,28
IT Sector,2021-06-17,43.71,43.95,42.18,42.55,464931.0,2021,06,17
IT Sector,2021-06-03,41.46,42.44,40.87,41.32,505171.91,2021,06,03
IT Sector,2021-06-20,42.42,43.55,41.38,42.25,451289.91,2021,06,20
IT Sector,2021-06-06,41.33,42.45,40.03,41.08,805733.36,2021,06,06
IT Sector,2021-06-15,42.99,44.38,42.33,43.41,671039.91,2021,06,15
IT Sector,2021-06-07,41.35,43.01,40.63,41.54,793814.82,2021,06,07
IT Sector,2021-06-14,43.38,43.84,42.05,42.65,540384.09,2021,06,14
IT Sector,2021-06-13,44.55,45.04,43.05,43.53,599995.91,2021,06,13
IT Sector,2021-06-30,41.96,43.57,41.35,42.61,385486.09,2021,06,30
IT Sector,2021-06-21,43.05,43.58,41.65,42.22,403786.91,2021,06,21
IT Sector,2021-06-29,41.42,43.11,40.69,41.74,405616.0,2021,06,29
IT Sector,2021-06-10,44.43,45.93,43.31,44.26,1068864.36,2021,06,10
IT Sector,2021-06-02,42.32,42.85,40.9,41.4,495520.18,2021,06,02
IT Sector,2021-06-27,42.03,42.45,40.56,41.04,373617.73,2021,06,27
IT Sector,2021-06-16,43.92,44.87,42.58,43.09,599658.82,2021,06,16
IT Sector,2021-06-24,43.06,43.28,42.12,42.64,299677.18,2021,06,24
IT Sector,2021-06-23,42.71,44.26,42.02,42.73,872861.36,2021,06,23
IT Sector,2021-03-01,35.25,35.65,34.95,35.31,76947.18,2021,03,01
IT Sector,2021-03-02,35.84,36.3,35.5,36.01,449574.0,2021,03,02
IT Sector,2021-03-03,36.38,37.49,36.12,36.97,288443.64,2021,03,03
IT Sector,2021-03-04,37.32,37.63,36.56,37.11,442192.55,2021,03,04
IT Sector,2021-03-07,37.28,37.72,36.2,36.51,392997.27,2021,03,07
IT Sector,2021-03-08,36.69,37.3,36.22,36.77,347405.0,2021,03,08
IT Sector,2021-03-09,36.93,37.28,36.34,36.54,338554.18,2021,03,09
IT Sector,2021-03-10,36.52,36.85,35.94,36.33,253689.09,2021,03,10
IT Sector,2021-03-11,36.36,37.1,35.98,36.59,275858.45,2021,03,11
IT Sector,2021-03-14,36.75,37.29,36.16,36.59,248828.27,2021,03,14
IT Sector,2021-03-15,36.59,36.95,36.05,36.52,202536.73,2021,03,15
IT Sector,2021-03-16,36.75,37.31,36.04,36.55,258296.73,2021,03,16
IT Sector,2021-03-18,36.62,36.89,35.65,35.83,191105.09,2021,03,18
IT Sector,2021-03-21,33.74,33.91,32.74,32.97,206163.3,2021,03,21
IT Sector,2021-03-22,35.19,35.95,34.55,35.57,178410.45,2021,03,22
IT Sector,2021-03-23,35.62,36.12,34.94,35.2,138500.18,2021,03,23
IT Sector,2021-03-24,33.13,33.44,32.28,32.45,202223.1,2021,03,24
IT Sector,2021-03-25,32.39,32.97,32.03,32.55,107524.7,2021,03,25
IT Sector,2021-03-28,34.78,35.01,34.3,34.55,86223.55,2021,03,28
IT Sector,2021-03-29,34.58,35.55,34.53,35.1,153013.64,2021,03,29
IT Sector,2021-03-31,34.96,35.11,34.03,34.31,139318.91,2021,03,31
IT Sector,2021-05-02,35.25,35.92,34.87,35.46,342484.0,2021,05,02
IT Sector,2021-05-03,37.19,37.46,36.4,36.73,321738.09,2021,05,03
IT Sector,2021-05-04,35.06,35.3,34.22,34.48,251734.6,2021,05,04
IT Sector,2021-05-05,34.36,35.11,34.09,34.71,217313.1,2021,05,05
IT Sector,2021-05-06,36.7,37.79,36.33,37.33,481202.73,2021,05,06
IT Sector,2021-05-09,37.59,38.49,37.36,38.01,338547.91,2021,05,09
IT Sector,2021-05-11,38.66,39.23,37.6,38.35,692803.73,2021,05,11
IT Sector,2021-05-12,38.43,39.1,37.81,38.47,422737.0,2021,05,12
IT Sector,2021-05-16,38.56,40.05,37.76,39.38,1016780.82,2021,05,16
IT Sector,2021-05-17,39.89,40.38,38.33,39.15,623697.45,2021,05,17
IT Sector,2021-05-18,39.23,40.34,38.34,39.44,751698.91,2021,05,18
IT Sector,2021-05-19,39.5,41.57,39.18,40.77,1009916.09,2021,05,19
IT Sector,2021-05-20,41.31,42.68,39.99,41.08,1059788.55,2021,05,20
IT Sector,2021-05-23,41.21,42.78,40.11,41.59,846560.27,2021,05,23
IT Sector,2021-05-24,41.85,43.31,41.29,42.42,878241.09,2021,05,24
IT Sector,2021-05-25,42.45,43.0,41.38,42.05,827040.64,2021,05,25
IT Sector,2021-05-27,41.89,43.43,41.02,42.67,920826.18,2021,05,27
IT Sector,2021-05-30,43.11,43.72,41.51,42.07,650104.09,2021,05,30
IT Sector,2021-05-31,42.09,42.85,41.17,41.82,504329.91,2021,05,31
IT Sector,2021-11-01,48.29,49.52,47.34,48.59,441491.64,2021,11,01
IT Sector,2021-11-02,48.49,49.5,47.15,48.38,310857.18,2021,11,02
IT Sector,2021-11-03,48.77,49.43,47.57,48.18,263505.91,2021,11,03
IT Sector,2021-11-04,48.8,49.55,47.7,48.84,321586.64,2021,11,04
IT Sector,2021-11-07,49.26,50.45,47.8,48.73,252785.64,2021,11,07
IT Sector,2021-11-08,49.26,50.63,48.08,49.25,585767.82,2021,11,08
IT Sector,2021-11-09,49.61,50.41,48.51,49.18,355737.45,2021,11,09
IT Sector,2021-11-10,49.83,51.05,48.89,50.07,328712.73,2021,11,10
IT Sector,2021-11-11,50.63,52.36,49.5,50.97,838737.18,2021,11,11
IT Sector,2021-11-14,51.38,52.54,49.65,51.19,355448.64,2021,11,14
IT Sector,2021-11-15,51.37,52.38,49.75,51.02,605487.36,2021,11,15
IT Sector,2021-11-16,51.7,54.23,50.59,52.62,543882.91,2021,11,16
IT Sector,2021-11-17,51.86,53.76,50.83,52.15,546646.9,2021,11,17
IT Sector,2021-11-18,41.29,42.3,40.66,41.61,432365.71,2021,11,18
IT Sector,2021-11-21,59.91,62.44,57.63,58.9,661861.43,2021,11,21
IT Sector,2021-11-22,52.42,53.31,49.76,51.43,318490.18,2021,11,22
IT Sector,2021-11-23,51.64,52.67,49.54,50.28,268556.82,2021,11,23
IT Sector,2021-11-24,51.07,51.32,48.9,49.65,386856.82,2021,11,24
IT Sector,2021-11-25,51.01,52.83,50.44,51.47,626678.4,2021,11,25
IT Sector,2021-11-28,50.23,50.55,48.2,49.17,268435.18,2021,11,28
IT Sector,2021-11-29,49.86,51.15,48.95,49.88,444656.0,2021,11,29
IT Sector,2021-11-30,50.47,50.77,47.85,48.65,351198.0,2021,11,30
IT Sector,2021-10-03,56.62,57.75,55.0,56.06,968981.27,2021,10,03
IT Sector,2021-10-04,56.48,57.21,54.4,54.89,1078766.91,2021,10,04
IT Sector,2021-10-05,55.15,55.84,53.26,54.25,790029.18,2021,10,05
IT Sector,2021-10-06,54.95,56.05,53.35,54.21,727659.0,2021,10,06
IT Sector,2021-10-07,54.74,55.94,53.22,54.27,739794.91,2021,10,07
IT Sector,2021-10-10,54.55,55.65,53.4,54.06,896969.09,2021,10,10
IT Sector,2021-10-11,54.47,55.47,53.26,53.85,608552.73,2021,10,11
IT Sector,2021-10-12,54.12,55.26,52.92,53.66,840216.91,2021,10,12
IT Sector,2021-10-13,54.16,55.82,52.81,53.85,967785.73,2021,10,13
IT Sector,2021-10-14,54.01,54.73,52.45,53.26,601629.18,2021,10,14
IT Sector,2021-10-17,53.84,54.65,51.82,52.49,837368.73,2021,10,17
IT Sector,2021-10-18,52.58,53.73,50.77,51.36,538013.27,2021,10,18
IT Sector,2021-10-19,52.11,53.03,49.66,50.33,505542.55,2021,10,19
IT Sector,2021-10-21,51.51,52.64,49.73,51.12,435370.27,2021,10,21
IT Sector,2021-10-24,51.85,52.23,49.25,49.88,581334.91,2021,10,24
IT Sector,2021-10-25,49.3,50.3,47.45,48.88,454899.09,2021,10,25
IT Sector,2021-10-26,48.96,51.82,48.45,50.88,544490.18,2021,10,26
IT Sector,2021-10-27,50.87,51.78,49.43,50.19,497745.73,2021,10,27
IT Sector,2021-10-28,50.05,51.23,48.98,50.33,413745.45,2021,10,28
IT Sector,2021-10-31,50.04,50.71,47.17,48.21,608296.82,2021,10,31
IT Sector,2021-09-01,52.27,53.12,50.89,51.93,588283.0,2021,09,01
IT Sector,2021-09-02,52.07,53.98,51.84,53.2,991286.36,2021,09,02
IT Sector,2021-09-05,53.91,55.66,53.01,54.9,1567245.55,2021,09,05
IT Sector,2021-09-06,56.18,57.48,54.85,55.75,2222987.09,2021,09,06
IT Sector,2021-09-07,56.15,57.31,54.72,55.83,1193437.45,2021,09,07
IT Sector,2021-09-08,56.04,56.85,54.61,55.37,1053831.73,2021,09,08
IT Sector,2021-09-09,55.23,56.07,54.07,54.79,792342.64,2021,09,09
IT Sector,2021-09-12,55.05,55.45,52.21,52.75,771485.45,2021,09,12
IT Sector,2021-09-13,53.02,54.6,52.38,53.37,558478.73,2021,09,13
IT Sector,2021-09-14,53.99,54.68,52.55,53.02,605031.18,2021,09,14
IT Sector,2021-09-15,53.61,54.48,52.36,53.22,629178.18,2021,09,15
IT Sector,2021-09-16,53.74,55.25,52.48,53.77,834714.27,2021,09,16
IT Sector,2021-09-19,54.2,55.94,53.07,54.49,1425905.18,2021,09,19
IT Sector,2021-09-20,54.85,56.29,53.47,54.21,773645.82,2021,09,20
IT Sector,2021-09-21,54.4,55.52,53.51,54.21,991365.73,2021,09,21
IT Sector,2021-09-22,54.64,55.15,53.15,53.54,704245.0,2021,09,22
IT Sector,2021-09-23,54.08,54.62,52.52,53.14,675035.09,2021,09,23
IT Sector,2021-09-26,53.44,55.97,52.87,54.86,1559603.73,2021,09,26
IT Sector,2021-09-27,55.52,56.7,54.31,55.07,1059494.64,2021,09,27
IT Sector,2021-09-28,54.98,56.56,53.93,55.31,941341.09,2021,09,28
IT Sector,2021-09-29,55.65,56.25,54.27,54.9,832335.09,2021,09,29
IT Sector,2021-09-30,55.17,56.93,54.55,55.87,1557982.18,2021,09,30
Services & Real Estate,2021-04-01,35.68,36.15,35.38,35.85,432897.5,2021,04,01
Services & Real Estate,2021-04-04,35.33,35.5,34.35,34.58,628903.5,2021,04,04
Services & Real Estate,2021-04-05,34.63,35.6,34.63,35.4,452362.5,2021,04,05
Services & Real Estate,2021-04-06,35.45,36.1,35.3,35.9,530325.25,2021,04,06
Services & Real Estate,2021-04-07,35.98,36.65,35.8,36.23,453673.75,2021,04,07
Services & Real Estate,2021-04-08,35.95,36.03,35.45,35.7,279214.0,2021,04,08
Services & Real Estate,2021-04-11,35.15,35.38,34.93,35.15,235725.0,2021,04,11
Services & Real Estate,2021-04-12,26.87,27.23,26.53,26.7,271452.33,2021,04,12
Services & Real Estate,2021-04-13,35.08,35.73,35.03,35.63,301842.75,2021,04,13
Services & Real Estate,2021-04-15,35.83,36.28,35.7,36.05,488748.25,2021,04,15
Services & Real Estate,2021-04-18,36.13,36.48,35.9,36.28,360944.75,2021,04,18
Services & Real Estate,2021-04-19,36.28,36.6,36.08,36.3,622457.25,2021,04,19
Services & Real Estate,2021-04-20,36.4,37.25,36.25,36.88,983083.5,2021,04,20
Services & Real Estate,2021-04-21,37.08,37.25,36.48,36.8,907742.5,2021,04,21
Services & Real Estate,2021-04-22,36.78,36.98,36.45,36.6,552618.0,2021,04,22
Services & Real Estate,2021-04-25,36.83,37.6,36.63,37.2,1227982.5,2021,04,25
Services & Real Estate,2021-04-26,37.48,37.8,36.83,37.03,801118.0,2021,04,26
Services & Real Estate,2021-04-27,36.93,37.38,36.43,36.68,683770.25,2021,04,27
Services & Real Estate,2021-04-28,36.85,37.2,36.23,36.5,619315.75,2021,04,28
Services & Real Estate,2021-04-29,36.9,37.05,36.33,36.55,569488.75,2021,04,29
Services & Real Estate,2021-08-02,47.28,48.55,46.85,47.78,5624318.25,2021,08,02
Services & Real Estate,2021-08-03,48.25,48.85,47.08,47.75,5490142.0,2021,08,03
Services & Real Estate,2021-08-05,47.9,49.1,47.4,48.35,4076546.25,2021,08,05
Services & Real Estate,2021-08-09,48.48,49.9,47.4,48.48,3671637.0,2021,08,09
Services & Real Estate,2021-08-10,48.88,49.88,48.13,48.9,2854096.75,2021,08,10
Services & Real Estate,2021-08-11,48.95,49.4,47.33,48.15,1988980.25,2021,08,11
Services & Real Estate,2021-08-12,48.53,49.45,47.68,48.38,2420589.5,2021,08,12
Services & Real Estate,2021-08-16,49.13,49.98,48.15,49.28,7042192.5,2021,08,16
Services & Real Estate,2021-08-17,49.63,49.85,48.0,48.45,2882132.75,2021,08,17
Services & Real Estate,2021-08-18,48.45,49.35,48.1,48.4,3295173.5,2021,08,18
Services & Real Estate,2021-08-19,48.63,48.9,47.88,48.25,2224668.0,2021,08,19
Services & Real Estate,2021-08-22,48.53,49.1,48.0,48.68,2678936.25,2021,08,22
Services & Real Estate,2021-08-23,48.93,49.35,47.78,48.13,2876115.0,2021,08,23
Services & Real Estate,2021-08-24,48.53,49.78,47.88,49.0,2486749.25,2021,08,24
Services & Real Estate,2021-08-25,49.45,49.55,48.05,48.45,2560367.0,2021,08,25
Services & Real Estate,2021-08-26,48.65,49.18,47.75,48.33,3934485.0,2021,08,26
Services & Real Estate,2021-08-29,49.0,49.43,47.98,48.35,4569499.0,2021,08,29
Services & Real Estate,2021-08-31,48.63,48.95,47.73,48.03,2812363.0,2021,08,31
Services & Real Estate,2021-12-01,51.63,51.9,50.15,50.75,759847.0,2021,12,01
Services & Real Estate,2021-12-02,50.03,51.65,49.93,51.03,782127.5,2021,12,02
Services & Real Estate,2021-12-05,51.48,52.18,50.65,51.08,489325.5,2021,12,05
Services & Real Estate,2021-12-06,51.08,52.43,50.78,52.13,461979.5,2021,12,06
Services & Real Estate,2021-12-07,52.58,53.05,51.68,52.03,891683.5,2021,12,07
Services & Real Estate,2021-12-08,51.73,53.28,51.1,51.83,867857.0,2021,12,08
Services & Real Estate,2021-12-09,52.48,53.85,51.78,53.13,1096638.75,2021,12,09
Services & Real Estate,2021-12-12,54.53,55.28,53.0,53.8,2861170.25,2021,12,12
Services & Real Estate,2021-12-13,53.78,54.33,52.45,53.6,1148375.75,2021,12,13
Services & Real Estate,2021-12-14,54.05,55.35,52.73,53.18,1318717.75,2021,12,14
Services & Real Estate,2021-12-15,53.6,54.68,52.45,52.98,846451.5,2021,12,15
Services & Real Estate,2021-12-19,53.08,53.45,51.1,51.7,752643.75,2021,12,19
Services & Real Estate,2021-12-20,51.68,51.9,49.85,50.75,572666.75,2021,12,20
Services & Real Estate,2021-12-21,51.08,52.28,50.5,51.2,815698.0,2021,12,21
Services & Real Estate,2021-12-22,51.28,52.28,50.83,51.0,354508.5,2021,12,22
Services & Real Estate,2021-12-23,50.63,51.25,49.63,50.6,836132.25,2021,12,23
Services & Real Estate,2021-12-26,50.18,50.55,48.78,49.18,664463.5,2021,12,26
Services & Real Estate,2021-12-27,50.15,50.45,48.5,48.78,508739.0,2021,12,27
Services & Real Estate,2021-12-28,48.68,50.83,48.53,50.28,432606.75,2021,12,28
Services & Real Estate,2021-12-29,50.2,51.35,49.6,50.43,728446.25,2021,12,29
Services & Real Estate,2021-12-30,50.83,51.5,49.85,50.35,447164.75,2021,12,30
Services & Real Estate,2021-02-01,37.95,38.3,37.33,37.68,536587.25,2021,02,01
Services & Real Estate,2021-02-02,37.9,38.43,37.5,37.83,708385.75,2021,02,02
Services & Real Estate,2021-02-03,37.93,38.2,37.05,37.23,514902.5,2021,02,03
Services & Real Estate,2021-02-04,37.3,38.05,37.05,37.35,528127.25,2021,02,04
Services & Real Estate,2021-02-07,37.45,37.55,36.3,36.45,656176.0,2021,02,07
Services & Real Estate,2021-02-08,36.55,36.8,35.38,35.83,734908.25,2021,02,08
Services & Real Estate,2021-02-09,36.08,37.4,35.78,37.1,729150.25,2021,02,09
Services & Real Estate,2021-02-10,37.15,37.63,36.55,36.6,1063430.75,2021,02,10
Services & Real Estate,2021-02-11,36.55,36.58,35.8,35.98,622255.0,2021,02,11
Services & Real Estate,2021-02-14,36.1,36.2,35.23,35.55,578094.75,2021,02,14
Services & Real Estate,2021-02-15,35.48,36.88,35.43,36.53,1097142.0,2021,02,15
Services & Real Estate,2021-02-16,36.58,36.93,36.23,36.38,766476.0,2021,02,16
Services & Real Estate,2021-02-17,36.33,36.45,35.95,36.05,410045.5,2021,02,17
Services & Real Estate,2021-02-18,36.13,36.33,35.85,36.0,381786.5,2021,02,18
Services & Real Estate,2021-02-22,35.98,36.03,35.43,35.63,259301.5,2021,02,22
Services & Real Estate,2021-02-23,35.68,36.08,35.4,35.6,231894.25,2021,02,23
Services & Real Estate,2021-02-24,35.78,36.18,35.68,35.95,439848.0,2021,02,24
Services & Real Estate,2021-02-25,36.15,36.95,35.83,36.6,1188290.25,2021,02,25
Services & Real Estate,2021-02-28,36.53,37.45,36.45,36.88,1067757.0,2021,02,28
Services & Real Estate,2021-01-03,38.2,39.88,37.78,39.33,3084680.5,2021,01,03
Services & Real Estate,2021-01-04,39.68,40.23,38.7,39.55,2947602.25,2021,01,04
Services & Real Estate,2021-01-05,39.6,40.85,38.7,39.5,2556737.75,2021,01,05
Services & Real Estate,2021-01-06,39.48,39.75,38.23,39.13,1647838.5,2021,01,06
Services & Real Estate,2021-01-07,39.53,40.38,38.95,39.63,3080899.75,2021,01,07
Services & Real Estate,2021-01-10,39.63,40.3,39.05,39.33,1461506.0,2021,01,10
Services & Real Estate,2021-01-11,39.48,40.45,39.33,39.9,2998108.5,2021,01,11
Services & Real Estate,2021-01-12,40.05,41.25,39.8,40.73,3832202.25,2021,01,12
Services & Real Estate,2021-01-13,40.88,41.0,39.38,39.88,2423236.75,2021,01,13
Services & Real Estate,2021-01-14,40.6,41.28,40.13,40.68,3827878.0,2021,01,14
Services & Real Estate,2021-01-17,41.03,41.98,40.38,40.98,3947637.0,2021,01,17
Services & Real Estate,2021-01-18,40.9,41.25,39.93,40.33,1444793.25,2021,01,18
Services & Real Estate,2021-01-19,40.4,41.08,39.63,40.58,1463134.75,2021,01,19
Services & Real Estate,2021-01-20,40.78,41.45,40.58,40.83,1916257.5,2021,01,20
Services & Real Estate,2021-01-21,40.88,41.25,40.28,40.4,1961659.25,2021,01,21
Services & Real Estate,2021-01-24,40.48,40.63,39.23,39.55,1571296.75,2021,01,24
Services & Real Estate,2021-01-25,39.85,39.98,38.88,39.08,1504949.25,2021,01,25
Services & Real Estate,2021-01-26,39.13,39.25,37.83,38.0,1026028.25,2021,01,26
Services & Real Estate,2021-01-27,38.15,38.7,37.88,38.18,724227.0,2021,01,27
Services & Real Estate,2021-01-28,38.93,39.88,38.25,38.78,2045306.25,2021,01,28
Services & Real Estate,2021-01-31,38.63,39.0,37.4,37.9,1404643.25,2021,01,31
Services & Real Estate,2021-07-05,43.63,44.78,42.48,44.05,2177939.0,2021,07,05
Services & Real Estate,2021-07-06,44.03,45.03,43.35,43.83,1643670.25,2021,07,06
Services & Real Estate,2021-07-07,43.83,44.3,42.9,43.18,939567.25,2021,07,07
Services & Real Estate,2021-07-08,43.33,44.4,42.9,43.6,914529.0,2021,07,08
Services & Real Estate,2021-07-12,43.83,44.15,42.73,43.13,937934.5,2021,07,12
Services & Real Estate,2021-07-13,43.4,44.9,43.18,44.23,1126978.0,2021,07,13
Services & Real Estate,2021-07-14,44.03,45.1,43.88,44.53,872548.25,2021,07,14
Services & Real Estate,2021-07-15,44.58,46.28,44.3,45.98,6318586.5,2021,07,15
Services & Real Estate,2021-07-18,46.55,48.48,45.68,47.1,3741496.75,2021,07,18
Services & Real Estate,2021-07-19,47.08,47.88,45.6,47.0,3062830.75,2021,07,19
Services & Real Estate,2021-07-25,47.15,47.83,45.85,46.55,6303040.75,2021,07,25
Services & Real Estate,2021-07-26,47.15,48.1,46.28,47.45,4934242.25,2021,07,26
Services & Real Estate,2021-07-27,47.48,48.3,46.4,47.48,6423037.0,2021,07,27
Services & Real Estate,2021-07-28,47.58,48.23,46.53,46.98,4266453.0,2021,07,28
Services & Real Estate,2021-07-29,47.0,47.98,45.98,46.93,3645688.5,2021,07,29
Services & Real Estate,2021-06-22,43.85,44.03,42.1,42.7,1522952.5,2021,06,22
Services & Real Estate,2021-06-23,42.98,43.7,42.03,42.45,1631107.25,2021,06,23
Services & Real Estate,2021-06-29,42.65,43.25,41.38,41.7,886582.25,2021,06,29
Services & Real Estate,2021-06-08,40.28,40.83,39.6,40.2,2349742.25,2021,06,08
Services & Real Estate,2021-06-02,39.75,40.38,38.88,39.38,3087248.25,2021,06,02
Services & Real Estate,2021-06-01,39.83,40.45,39.2,39.45,1583732.75,2021,06,01
Services & Real Estate,2021-06-13,43.38,44.08,41.55,42.05,1795904.5,2021,06,13
Services & Real Estate,2021-06-03,39.8,40.18,39.1,39.58,2159804.5,2021,06,03
Services & Real Estate,2021-06-15,41.23,42.43,40.38,41.55,2145283.5,2021,06,15
Services & Real Estate,2021-06-10,41.88,44.13,40.9,42.55,3622690.75,2021,06,10
Services & Real Estate,2021-06-21,43.35,44.43,42.33,43.2,2242052.25,2021,06,21
Services & Real Estate,2021-06-20,42.43,43.43,41.83,42.9,1530368.75,2021,06,20
Services & Real Estate,2021-06-16,41.78,44.05,41.53,43.2,3642426.25,2021,06,16
Services & Real Estate,2021-06-27,42.38,43.68,41.43,42.43,1923982.0,2021,06,27
Services & Real Estate,2021-06-17,43.9,44.75,42.6,43.1,2567158.25,2021,06,17
Services & Real Estate,2021-06-06,39.58,40.3,39.05,39.75,2723094.0,2021,06,06
Services & Real Estate,2021-06-14,41.75,42.15,40.55,41.1,1512007.5,2021,06,14
Services & Real Estate,2021-06-24,42.63,43.63,41.28,42.85,2902909.5,2021,06,24
Services & Real Estate,2021-06-30,42.3,43.18,41.68,42.75,1016516.75,2021,06,30
Services & Real Estate,2021-06-09,40.35,42.15,40.2,41.28,3329977.25,2021,06,09
Services & Real Estate,2021-06-07,39.88,41.25,39.53,40.33,4757495.75,2021,06,07
Services & Real Estate,2021-06-28,42.55,43.53,41.43,42.6,1046481.25,2021,06,28
Services & Real Estate,2021-03-01,36.83,37.43,36.45,37.05,1766337.25,2021,03,01
Services & Real Estate,2021-03-02,37.23,37.75,37.1,37.43,1553109.75,2021,03,02
Services & Real Estate,2021-03-03,37.4,37.78,36.95,37.23,1033978.75,2021,03,03
Services & Real Estate,2021-03-04,37.3,37.73,36.93,37.33,1106337.5,2021,03,04
Services & Real Estate,2021-03-07,37.88,38.63,37.53,38.28,2176869.25,2021,03,07
Services & Real Estate,2021-03-08,38.33,39.3,37.78,38.83,2033542.75,2021,03,08
Services & Real Estate,2021-03-09,38.83,39.45,38.35,39.03,1947877.0,2021,03,09
Services & Real Estate,2021-03-10,39.08,39.33,38.05,38.43,1352799.75,2021,03,10
Services & Real Estate,2021-03-11,38.28,39.85,38.13,39.13,1518715.25,2021,03,11
Services & Real Estate,2021-03-14,39.2,39.78,38.2,38.58,902597.5,2021,03,14
Services & Real Estate,2021-03-15,38.5,39.03,38.05,38.53,625710.0,2021,03,15
Services & Real Estate,2021-03-16,38.7,40.13,38.08,38.88,754012.75,2021,03,16
Services & Real Estate,2021-03-18,38.73,39.15,37.58,37.88,651806.0,2021,03,18
Services & Real Estate,2021-03-21,37.78,37.88,36.35,36.8,646502.75,2021,03,21
Services & Real Estate,2021-03-22,36.63,38.23,36.13,37.6,707878.25,2021,03,22
Services & Real Estate,2021-03-23,37.85,38.03,36.83,37.05,481230.25,2021,03,23
Services & Real Estate,2021-03-24,37.0,37.23,36.15,36.3,445973.25,2021,03,24
Services & Real Estate,2021-03-25,36.2,37.08,36.13,36.58,419685.75,2021,03,25
Services & Real Estate,2021-03-28,36.55,37.13,36.23,36.5,204918.75,2021,03,28
Services & Real Estate,2021-03-29,36.45,37.23,36.4,36.75,566514.25,2021,03,29
Services & Real Estate,2021-03-31,36.55,36.78,35.6,35.73,668735.5,2021,03,31
Services & Real Estate,2021-05-02,36.8,37.8,36.05,37.05,1268899.5,2021,05,02
Services & Real Estate,2021-05-03,37.48,37.68,36.5,36.83,640705.5,2021,05,03
Services & Real Estate,2021-05-04,36.95,37.15,36.45,36.85,512984.5,2021,05,04
Services & Real Estate,2021-05-05,36.83,37.93,36.83,37.65,1087919.0,2021,05,05
Services & Real Estate,2021-05-06,37.85,39.3,37.35,38.38,2559674.5,2021,05,06
Services & Real Estate,2021-05-09,38.18,38.95,37.65,38.2,845420.25,2021,05,09
Services & Real Estate,2021-05-11,38.63,39.4,38.18,38.9,893233.0,2021,05,11
Services & Real Estate,2021-05-12,38.98,40.18,38.13,39.2,3951621.75,2021,05,12
Services & Real Estate,2021-05-16,39.53,40.73,39.23,40.13,4611651.75,2021,05,16
Services & Real Estate,2021-05-17,40.35,40.85,39.28,40.0,5580127.25,2021,05,17
Services & Real Estate,2021-05-18,39.85,40.75,39.4,40.38,6667020.75,2021,05,18
Services & Real Estate,2021-05-19,40.48,41.33,39.45,39.73,4899564.75,2021,05,19
Services & Real Estate,2021-05-20,39.78,40.1,39.03,39.18,3780766.5,2021,05,20
Services & Real Estate,2021-05-23,39.08,39.9,38.38,39.4,3749079.5,2021,05,23
Services & Real Estate,2021-05-24,39.55,40.05,38.93,39.13,5221522.0,2021,05,24
Services & Real Estate,2021-05-25,39.5,39.8,38.78,39.13,3682311.75,2021,05,25
Services & Real Estate,2021-05-27,39.3,39.68,38.65,39.0,3172269.0,2021,05,27
Services & Real Estate,2021-05-30,39.43,40.65,38.93,39.85,2306247.75,2021,05,30
Services & Real Estate,2021-05-31,40.05,40.63,39.3,39.83,1723691.25,2021,05,31
Services & Real Estate,2021-11-01,53.85,54.2,51.78,52.28,2647345.25,2021,11,01
Services & Real Estate,2021-11-02,52.83,53.68,51.7,52.25,1960080.5,2021,11,02
Services & Real Estate,2021-11-03,52.83,55.53,51.8,52.83,1990498.5,2021,11,03
Services & Real Estate,2021-11-04,53.08,53.38,51.48,52.43,1643495.0,2021,11,04
Services & Real Estate,2021-11-07,51.38,53.13,49.98,50.93,1290343.0,2021,11,07
Services & Real Estate,2021-11-08,51.25,51.6,49.85,50.23,1398779.25,2021,11,08
Services & Real Estate,2021-11-09,51.03,52.4,49.98,51.25,1335730.25,2021,11,09
Services & Real Estate,2021-11-10,51.7,52.93,51.2,52.48,1323206.5,2021,11,10
Services & Real Estate,2021-11-11,52.3,54.28,51.7,52.9,2658763.5,2021,11,11
Services & Real Estate,2021-11-14,53.1,53.53,51.7,52.08,1475418.5,2021,11,14
Services & Real Estate,2021-11-15,51.58,52.73,50.5,51.43,1770082.75,2021,11,15
Services & Real Estate,2021-11-16,52.08,52.35,50.38,51.0,1185574.0,2021,11,16
Services & Real Estate,2021-11-17,51.28,51.78,50.08,50.83,1550444.0,2021,11,17
Services & Real Estate,2021-11-18,66.85,69.3,66.7,68.0,57881.0,2021,11,18
Services & Real Estate,2021-11-21,50.23,50.85,48.83,49.33,1297698.0,2021,11,21
Services & Real Estate,2021-11-22,49.68,50.45,49.28,49.95,1133562.75,2021,11,22
Services & Real Estate,2021-11-23,40.23,40.9,39.5,40.27,1880265.67,2021,11,23
Services & Real Estate,2021-11-24,50.73,51.18,49.78,50.18,1643772.0,2021,11,24
Services & Real Estate,2021-11-25,50.23,50.85,49.33,49.73,898568.5,2021,11,25
Services & Real Estate,2021-11-28,50.23,50.7,48.73,49.4,1040172.25,2021,11,28
Services & Real Estate,2021-11-29,49.45,50.5,49.05,49.85,677645.75,2021,11,29
Services & Real Estate,2021-11-30,50.35,51.53,49.03,50.05,777718.25,2021,11,30
Services & Real Estate,2021-10-03,58.33,59.88,57.68,58.65,3529229.5,2021,10,03
Services & Real Estate,2021-10-04,58.83,60.2,56.13,57.43,3042719.25,2021,10,04
Services & Real Estate,2021-10-05,57.3,59.58,56.48,57.5,3545245.25,2021,10,05
Services & Real Estate,2021-10-06,58.13,60.18,56.73,58.45,3918452.5,2021,10,06
Services & Real Estate,2021-10-07,58.43,58.67,55.27,56.0,3521315.33,2021,10,07
Services & Real Estate,2021-10-10,58.25,59.05,56.78,57.78,1833508.75,2021,10,10
Services & Real Estate,2021-10-11,57.83,59.13,57.05,57.65,1508809.5,2021,10,11
Services & Real Estate,2021-10-12,58.28,58.5,55.23,56.08,2756262.0,2021,10,12
Services & Real Estate,2021-10-13,57.18,57.55,54.7,55.1,1298817.25,2021,10,13
Services & Real Estate,2021-10-14,55.28,56.4,54.25,54.83,1371813.25,2021,10,14
Services & Real Estate,2021-10-17,55.0,55.9,52.45,53.4,1320795.5,2021,10,17
Services & Real Estate,2021-10-18,52.25,53.95,50.7,51.63,1628723.25,2021,10,18
Services & Real Estate,2021-10-19,52.83,53.65,50.15,50.93,1338192.25,2021,10,19
Services & Real Estate,2021-10-21,51.4,53.48,50.6,51.68,924117.75,2021,10,21
Services & Real Estate,2021-10-24,51.88,52.48,48.75,49.93,960801.5,2021,10,24
Services & Real Estate,2021-10-25,50.03,50.43,47.83,49.18,2023946.25,2021,10,25
Services & Real Estate,2021-10-26,49.73,52.4,48.85,52.0,1326937.75,2021,10,26
Services & Real Estate,2021-10-27,52.2,53.08,51.03,51.6,2253147.5,2021,10,27
Services & Real Estate,2021-10-28,51.78,53.38,50.88,52.78,3235589.75,2021,10,28
Services & Real Estate,2021-10-31,54.05,55.58,52.95,53.65,3110376.75,2021,10,31
Services & Real Estate,2021-09-01,48.65,48.93,47.98,48.28,1928985.0,2021,09,01
Services & Real Estate,2021-09-02,48.63,49.98,48.43,49.53,1935302.5,2021,09,02
Services & Real Estate,2021-09-05,50.18,51.63,49.95,51.05,3526215.75,2021,09,05
Services & Real Estate,2021-09-06,51.5,53.4,50.43,53.08,9474540.25,2021,09,06
Services & Real Estate,2021-09-07,53.73,54.93,52.48,53.43,6053999.25,2021,09,07
Services & Real Estate,2021-09-08,53.98,54.93,52.3,53.35,5754064.25,2021,09,08
Services & Real Estate,2021-09-09,53.15,54.98,52.45,54.28,4146819.25,2021,09,09
Services & Real Estate,2021-09-12,54.73,55.65,52.03,53.25,2669064.5,2021,09,12
Services & Real Estate,2021-09-13,53.63,54.68,52.33,54.0,2957661.25,2021,09,13
Services & Real Estate,2021-09-14,54.53,55.65,53.13,53.53,3060224.25,2021,09,14
Services & Real Estate,2021-09-15,53.88,54.9,53.4,54.43,3998337.75,2021,09,15
Services & Real Estate,2021-09-16,54.38,57.28,53.9,56.18,4562574.25,2021,09,16
Services & Real Estate,2021-09-19,57.33,58.35,54.98,56.43,3716338.25,2021,09,19
Services & Real Estate,2021-09-20,56.78,58.83,55.15,56.05,3373056.0,2021,09,20
Services & Real Estate,2021-09-21,56.33,57.48,55.55,56.2,3597182.5,2021,09,21
Services & Real Estate,2021-09-22,56.23,57.63,55.28,55.65,3084794.75,2021,09,22
Services & Real Estate,2021-09-23,56.55,57.15,55.15,55.8,2604946.75,2021,09,23
Services & Real Estate,2021-09-26,56.03,57.13,55.0,55.9,2986812.5,2021,09,26
Services & Real Estate,2021-09-27,56.15,58.55,55.73,57.18,4272878.5,2021,09,27
Services & Real Estate,2021-09-28,57.38,59.05,56.33,57.65,4638241.25,2021,09,28
Services & Real Estate,2021-09-29,58.3,58.8,56.68,57.4,2517499.25,2021,09,29
Services & Real Estate,2021-09-30,57.75,58.93,56.98,58.03,3356552.5,2021,09,30
Telecommunication,2021-04-01,179.3,179.7,174.63,176.87,1732546.67,2021,04,01
Telecommunication,2021-04-04,169.73,174.67,167.13,169.2,2670372.67,2021,04,04
Telecommunication,2021-04-05,170.6,174.2,169.57,172.33,1501269.33,2021,04,05
Telecommunication,2021-04-06,173.33,180.37,173.13,179.8,2864820.67,2021,04,06
Telecommunication,2021-04-07,181.8,183.9,180.3,182.27,2616326.33,2021,04,07
Telecommunication,2021-04-08,178.77,183.43,176.2,179.8,2259657.0,2021,04,08
Telecommunication,2021-04-11,177.9,178.57,174.2,175.37,1847505.67,2021,04,11
Telecommunication,2021-04-12,177.07,178.23,175.33,176.5,1730318.67,2021,04,12
Telecommunication,2021-04-13,175.07,181.5,174.13,180.37,1795757.0,2021,04,13
Telecommunication,2021-04-15,182.8,184.8,180.07,182.77,1752452.0,2021,04,15
Telecommunication,2021-04-18,186.27,186.37,180.77,183.57,1806959.67,2021,04,18
Telecommunication,2021-04-19,183.8,185.9,182.7,184.6,1866624.33,2021,04,19
Telecommunication,2021-04-20,183.07,186.73,181.77,185.23,2888393.67,2021,04,20
Telecommunication,2021-04-21,186.97,187.3,183.63,184.73,2340495.67,2021,04,21
Telecommunication,2021-04-22,184.73,186.1,183.37,183.83,2052987.0,2021,04,22
Telecommunication,2021-04-25,183.47,186.93,183.33,185.9,1991068.0,2021,04,25
Telecommunication,2021-04-26,186.07,187.27,184.7,185.73,1762754.67,2021,04,26
Telecommunication,2021-04-27,184.53,185.67,183.23,184.47,1721247.0,2021,04,27
Telecommunication,2021-04-28,184.43,186.13,182.6,184.73,1485195.33,2021,04,28
Telecommunication,2021-04-29,185.37,186.2,184.37,184.8,1665783.33,2021,04,29
Telecommunication,2021-08-02,200.53,202.03,196.93,198.17,1385109.33,2021,08,02
Telecommunication,2021-08-03,199.03,200.1,196.7,198.7,1651006.0,2021,08,03
Telecommunication,2021-08-05,199.1,200.83,197.97,199.67,1493415.67,2021,08,05
Telecommunication,2021-08-09,115.1,116.55,113.7,114.55,2763060.5,2021,08,09
Telecommunication,2021-08-10,197.1,198.77,196.13,196.53,1574546.67,2021,08,10
Telecommunication,2021-08-11,196.6,199.63,193.5,197.53,1768361.0,2021,08,11
Telecommunication,2021-08-12,197.63,197.9,194.9,196.1,1274551.33,2021,08,12
Telecommunication,2021-08-16,197.17,197.67,193.57,194.63,1735337.33,2021,08,16
Telecommunication,2021-08-17,196.23,197.33,193.83,195.43,1265360.33,2021,08,17
Telecommunication,2021-08-18,195.3,196.67,193.33,194.5,1115721.33,2021,08,18
Telecommunication,2021-08-19,194.3,196.97,193.6,194.63,950710.0,2021,08,19
Telecommunication,2021-08-22,196.3,197.37,193.17,195.47,1063982.67,2021,08,22
Telecommunication,2021-08-23,195.67,197.27,194.77,196.9,1157058.67,2021,08,23
Telecommunication,2021-08-24,196.83,199.27,195.47,197.9,1839672.0,2021,08,24
Telecommunication,2021-08-25,198.4,199.37,196.7,197.5,3472340.33,2021,08,25
Telecommunication,2021-08-26,196.6,198.53,195.43,196.0,1365702.33,2021,08,26
Telecommunication,2021-08-29,197.4,197.47,193.77,194.2,1072978.0,2021,08,29
Telecommunication,2021-08-31,194.23,196.43,193.4,194.63,1127984.67,2021,08,31
Telecommunication,2021-12-01,192.37,194.2,189.57,192.7,248979.0,2021,12,01
Telecommunication,2021-12-02,191.57,198.93,190.07,198.03,440354.67,2021,12,02
Telecommunication,2021-12-05,198.37,199.6,194.5,197.2,566559.33,2021,12,05
Telecommunication,2021-12-06,198.6,198.8,194.83,195.53,243820.0,2021,12,06
Telecommunication,2021-12-07,196.03,197.53,195.37,196.27,333679.67,2021,12,07
Telecommunication,2021-12-08,196.77,197.77,194.27,194.87,285301.33,2021,12,08
Telecommunication,2021-12-09,195.8,196.3,194.3,195.1,255529.67,2021,12,09
Telecommunication,2021-12-12,195.43,196.5,194.27,195.1,373347.33,2021,12,12
Telecommunication,2021-12-13,195.53,196.27,194.17,195.5,275803.33,2021,12,13
Telecommunication,2021-12-14,195.3,196.1,192.23,193.2,347211.67,2021,12,14
Telecommunication,2021-12-15,194.27,194.87,192.53,193.53,371362.67,2021,12,15
Telecommunication,2021-12-19,192.6,193.4,190.93,191.3,499033.0,2021,12,19
Telecommunication,2021-12-20,191.33,191.4,188.37,189.5,485011.67,2021,12,20
Telecommunication,2021-12-21,189.8,192.87,188.83,190.3,296395.0,2021,12,21
Telecommunication,2021-12-22,190.5,192.33,189.4,191.17,417067.67,2021,12,22
Telecommunication,2021-12-23,191.4,192.27,188.93,190.17,425257.0,2021,12,23
Telecommunication,2021-12-26,191.37,191.87,188.6,189.73,556359.0,2021,12,26
Telecommunication,2021-12-27,189.03,191.63,188.8,190.63,427452.67,2021,12,27
Telecommunication,2021-12-28,190.7,192.37,189.93,191.8,449539.33,2021,12,28
Telecommunication,2021-12-29,193.03,198.57,192.13,196.77,860724.33,2021,12,29
Telecommunication,2021-12-30,278.75,283.65,278.5,279.8,445585.0,2021,12,30
Telecommunication,2021-02-01,199.3,200.23,195.47,196.87,2720877.33,2021,02,01
Telecommunication,2021-02-02,197.13,198.7,195.07,196.2,3050966.33,2021,02,02
Telecommunication,2021-02-03,196.9,200.53,193.87,197.03,5167418.67,2021,02,03
Telecommunication,2021-02-04,198.1,201.23,196.3,199.17,4588602.67,2021,02,04
Telecommunication,2021-02-07,199.6,200.17,195.07,195.83,3927639.33,2021,02,07
Telecommunication,2021-02-08,195.2,196.8,188.37,190.07,4426873.0,2021,02,08
Telecommunication,2021-02-09,190.5,196.37,190.13,195.7,3372531.0,2021,02,09
Telecommunication,2021-02-10,197.87,200.67,194.13,196.17,5398178.33,2021,02,10
Telecommunication,2021-02-11,196.47,198.33,192.13,194.47,4104127.33,2021,02,11
Telecommunication,2021-02-14,195.27,195.53,191.2,192.77,2907878.33,2021,02,14
Telecommunication,2021-02-15,194.2,198.73,191.8,196.8,3754006.0,2021,02,15
Telecommunication,2021-02-16,196.47,198.9,192.87,194.67,7096783.0,2021,02,16
Telecommunication,2021-02-17,106.1,107.65,103.0,103.55,4768638.5,2021,02,17
Telecommunication,2021-02-18,189.07,190.97,185.9,186.7,3818595.67,2021,02,18
Telecommunication,2021-02-22,188.7,188.73,180.4,181.13,3293057.67,2021,02,22
Telecommunication,2021-02-23,183.17,184.6,177.3,179.47,2516137.33,2021,02,23
Telecommunication,2021-02-24,181.03,183.73,178.5,181.47,4029922.0,2021,02,24
Telecommunication,2021-02-25,183.2,185.47,180.13,182.27,4610387.0,2021,02,25
Telecommunication,2021-02-28,182.0,185.0,179.63,180.73,4394454.0,2021,02,28
Telecommunication,2021-01-03,183.07,193.47,181.57,191.27,882667.33,2021,01,03
Telecommunication,2021-01-04,193.93,200.1,190.0,194.23,948548.0,2021,01,04
Telecommunication,2021-01-05,196.17,202.97,189.37,193.87,22590681.33,2021,01,05
Telecommunication,2021-01-06,195.2,197.97,191.1,193.47,7261129.33,2021,01,06
Telecommunication,2021-01-07,197.57,198.3,192.77,193.4,4673945.0,2021,01,07
Telecommunication,2021-01-10,195.17,198.43,193.63,196.27,1566256.33,2021,01,10
Telecommunication,2021-01-11,198.7,202.57,195.93,200.23,1653939.67,2021,01,11
Telecommunication,2021-01-12,203.27,206.7,202.1,205.03,953333.67,2021,01,12
Telecommunication,2021-01-13,207.97,211.67,200.0,204.13,22894329.0,2021,01,13
Telecommunication,2021-01-14,208.13,212.6,206.67,209.03,5186060.33,2021,01,14
Telecommunication,2021-01-17,212.33,214.9,201.3,204.07,13996488.0,2021,01,17
Telecommunication,2021-01-18,204.43,210.53,200.63,204.6,13125995.33,2021,01,18
Telecommunication,2021-01-19,205.03,205.93,200.2,203.33,9028158.67,2021,01,19
Telecommunication,2021-01-20,203.93,207.17,200.67,204.13,7462025.33,2021,01,20
Telecommunication,2021-01-21,205.0,206.57,202.03,202.8,8292330.0,2021,01,21
Telecommunication,2021-01-24,203.13,204.57,199.33,202.13,6436039.33,2021,01,24
Telecommunication,2021-01-25,202.53,204.87,198.93,201.87,5895122.67,2021,01,25
Telecommunication,2021-01-26,202.5,202.73,195.73,197.17,6893149.67,2021,01,26
Telecommunication,2021-01-27,196.97,202.63,196.77,200.93,4421785.67,2021,01,27
Telecommunication,2021-01-28,207.13,207.67,199.6,201.27,4396416.67,2021,01,28
Telecommunication,2021-01-31,203.43,204.9,197.4,198.37,3671793.67,2021,01,31
Telecommunication,2021-07-05,189.17,189.6,187.0,188.57,930694.67,2021,07,05
Telecommunication,2021-07-06,188.37,189.1,187.07,187.77,929817.33,2021,07,06
Telecommunication,2021-07-07,188.0,189.93,187.27,189.0,993236.0,2021,07,07
Telecommunication,2021-07-08,189.0,191.1,188.63,190.07,737514.0,2021,07,08
Telecommunication,2021-07-12,192.03,192.47,189.7,190.63,765468.0,2021,07,12
Telecommunication,2021-07-13,191.93,193.6,190.63,191.73,917964.33,2021,07,13
Telecommunication,2021-07-14,191.5,193.5,189.67,191.3,770617.0,2021,07,14
Telecommunication,2021-07-15,192.77,193.4,191.3,192.33,748924.67,2021,07,15
Telecommunication,2021-07-18,192.97,195.3,191.57,194.33,1752470.67,2021,07,18
Telecommunication,2021-07-19,195.1,197.0,194.33,196.37,1464338.33,2021,07,19
Telecommunication,2021-07-25,196.23,198.37,194.63,196.7,929229.67,2021,07,25
Telecommunication,2021-07-26,197.5,199.3,196.07,197.97,748390.33,2021,07,26
Telecommunication,2021-07-27,199.03,199.77,196.73,198.37,782860.33,2021,07,27
Telecommunication,2021-07-28,196.23,200.63,195.97,199.77,1516224.33,2021,07,28
Telecommunication,2021-07-29,199.83,201.53,198.1,200.73,1102663.0,2021,07,29
Telecommunication,2021-06-16,187.47,188.63,185.17,185.63,1973488.0,2021,06,16
Telecommunication,2021-06-14,190.3,190.43,186.9,187.57,1174146.0,2021,06,14
Telecommunication,2021-06-07,190.13,190.73,187.83,188.23,1747836.67,2021,06,07
Telecommunication,2021-06-06,191.77,191.93,188.7,189.73,3396331.0,2021,06,06
Telecommunication,2021-06-03,190.07,193.8,189.37,192.17,1759497.67,2021,06,03
Telecommunication,2021-06-24,186.77,188.53,185.97,186.8,1035645.67,2021,06,24
Telecommunication,2021-06-28,186.83,187.8,185.67,186.47,717759.67,2021,06,28
Telecommunication,2021-06-13,190.5,191.5,187.43,189.23,1398862.67,2021,06,13
Telecommunication,2021-06-30,186.57,190.0,186.43,188.43,924502.67,2021,06,30
Telecommunication,2021-06-01,193.37,193.93,190.77,191.1,1723962.0,2021,06,01
Telecommunication,2021-06-23,187.8,189.1,186.27,187.07,1323334.67,2021,06,23
Telecommunication,2021-06-08,188.7,189.73,186.7,188.63,1457731.0,2021,06,08
Telecommunication,2021-06-20,188.17,188.97,186.4,187.43,1142809.0,2021,06,20
Telecommunication,2021-06-02,191.2,191.67,188.67,189.97,1885305.67,2021,06,02
Telecommunication,2021-06-27,185.93,187.53,185.17,186.33,1147570.67,2021,06,27
Telecommunication,2021-06-21,187.97,188.67,186.6,187.43,1202932.33,2021,06,21
Telecommunication,2021-06-15,188.27,188.93,185.8,186.37,1358031.33,2021,06,15
Telecommunication,2021-06-17,185.9,190.47,185.83,187.1,1117819.67,2021,06,17
Telecommunication,2021-06-29,186.7,187.7,185.73,186.8,1100725.67,2021,06,29
Telecommunication,2021-06-10,189.43,192.3,187.7,190.33,2073069.33,2021,06,10
Telecommunication,2021-06-22,187.8,189.47,186.83,187.97,1748064.67,2021,06,22
Telecommunication,2021-06-09,189.4,191.43,188.27,190.03,2850691.33,2021,06,09
Telecommunication,2021-03-01,182.87,183.83,179.9,181.2,3203484.33,2021,03,01
Telecommunication,2021-03-02,183.37,185.83,182.37,184.77,4057739.0,2021,03,02
Telecommunication,2021-03-03,185.23,187.43,183.77,185.67,4979478.33,2021,03,03
Telecommunication,2021-03-04,186.8,188.0,183.73,185.07,3753690.67,2021,03,04
Telecommunication,2021-03-07,185.1,187.43,184.2,186.63,4308308.0,2021,03,07
Telecommunication,2021-03-08,255.85,263.25,254.15,261.2,491032.0,2021,03,08
Telecommunication,2021-03-09,192.47,194.57,188.37,189.57,8428598.33,2021,03,09
Telecommunication,2021-03-10,189.6,191.03,186.4,187.47,3939356.33,2021,03,10
Telecommunication,2021-03-11,188.17,190.5,186.67,188.2,4565105.0,2021,03,11
Telecommunication,2021-03-14,188.4,190.2,187.17,188.17,2707856.67,2021,03,14
Telecommunication,2021-03-15,187.53,195.7,187.03,192.9,2884845.0,2021,03,15
Telecommunication,2021-03-16,193.67,195.53,188.73,191.13,2997125.33,2021,03,16
Telecommunication,2021-03-18,190.83,192.37,186.1,188.37,2928694.67,2021,03,18
Telecommunication,2021-03-21,186.9,188.43,184.2,185.33,2855908.33,2021,03,21
Telecommunication,2021-03-22,185.67,187.63,183.3,186.8,2829001.33,2021,03,22
Telecommunication,2021-03-23,187.53,188.77,185.43,186.5,2317050.67,2021,03,23
Telecommunication,2021-03-24,186.27,187.17,182.73,183.6,2396844.0,2021,03,24
Telecommunication,2021-03-25,183.73,185.57,181.57,183.17,2148785.33,2021,03,25
Telecommunication,2021-03-28,183.8,184.37,181.73,183.07,1011342.0,2021,03,28
Telecommunication,2021-03-29,184.27,185.53,182.57,183.7,2377103.0,2021,03,29
Telecommunication,2021-03-31,182.03,182.77,178.33,178.73,2443997.0,2021,03,31
Telecommunication,2021-05-02,256.6,257.65,253.3,255.15,105334.0,2021,05,02
Telecommunication,2021-05-03,186.07,186.6,184.27,184.9,3994039.67,2021,05,03
Telecommunication,2021-05-04,185.03,185.9,183.57,184.13,1971877.67,2021,05,04
Telecommunication,2021-05-05,184.33,186.03,182.93,183.3,2689034.67,2021,05,05
Telecommunication,2021-05-06,183.27,185.27,181.93,182.67,2160367.0,2021,05,06
Telecommunication,2021-05-09,183.8,186.0,181.83,184.83,4322424.33,2021,05,09
Telecommunication,2021-05-11,185.6,190.5,185.03,188.8,3164082.67,2021,05,11
Telecommunication,2021-05-12,188.7,190.7,187.33,189.4,2477515.33,2021,05,12
Telecommunication,2021-05-16,190.27,191.7,187.93,189.13,2377485.67,2021,05,16
Telecommunication,2021-05-17,189.8,190.4,187.03,188.57,4515593.33,2021,05,17
Telecommunication,2021-05-18,188.0,189.03,186.4,187.27,2387703.67,2021,05,18
Telecommunication,2021-05-19,187.53,188.37,185.8,186.63,3034288.67,2021,05,19
Telecommunication,2021-05-20,187.03,187.67,184.77,185.47,1714141.67,2021,05,20
Telecommunication,2021-05-23,187.3,191.77,185.23,189.7,2244185.33,2021,05,23
Telecommunication,2021-05-24,189.9,192.57,187.9,191.37,1930088.33,2021,05,24
Telecommunication,2021-05-25,191.53,194.03,188.87,191.23,2438028.67,2021,05,25
Telecommunication,2021-05-27,192.7,194.33,189.67,192.87,2709674.0,2021,05,27
Telecommunication,2021-05-30,193.7,194.13,190.37,191.43,2306127.33,2021,05,30
Telecommunication,2021-05-31,192.47,193.3,189.87,191.9,2004489.67,2021,05,31
Telecommunication,2021-11-01,203.07,203.43,197.6,199.4,574207.67,2021,11,01
Telecommunication,2021-11-02,202.97,203.37,198.53,199.97,624050.33,2021,11,02
Telecommunication,2021-11-03,199.73,200.47,197.53,198.03,364291.0,2021,11,03
Telecommunication,2021-11-04,198.67,201.2,194.23,195.63,459938.33,2021,11,04
Telecommunication,2021-11-07,196.6,196.87,193.63,194.13,355555.33,2021,11,07
Telecommunication,2021-11-08,194.8,195.67,191.73,193.13,440928.33,2021,11,08
Telecommunication,2021-11-09,193.9,196.4,192.37,195.23,334916.33,2021,11,09
Telecommunication,2021-11-10,195.67,197.37,193.63,196.07,263609.67,2021,11,10
Telecommunication,2021-11-11,197.0,201.25,197.0,199.4,606334.5,2021,11,11
Telecommunication,2021-11-14,198.5,199.13,194.57,195.2,341392.33,2021,11,14
Telecommunication,2021-11-15,196.4,197.3,193.07,193.67,406889.67,2021,11,15
Telecommunication,2021-11-16,195.6,196.53,192.87,194.83,428727.33,2021,11,16
Telecommunication,2021-11-17,195.47,196.13,193.1,194.37,325590.67,2021,11,17
Telecommunication,2021-11-18,195.83,196.27,192.1,193.2,435656.0,2021,11,18
Telecommunication,2021-11-21,193.17,195.07,192.07,192.8,317410.67,2021,11,21
Telecommunication,2021-11-22,192.8,194.1,192.2,192.9,316343.67,2021,11,22
Telecommunication,2021-11-23,192.63,194.23,192.03,193.27,292086.67,2021,11,23
Telecommunication,2021-11-24,193.0,193.93,191.27,191.93,345645.0,2021,11,24
Telecommunication,2021-11-25,191.67,193.47,190.9,192.27,250775.0,2021,11,25
Telecommunication,2021-11-28,192.27,193.97,190.93,193.23,238180.67,2021,11,28
Telecommunication,2021-11-29,193.0,193.7,192.27,192.67,136910.0,2021,11,29
Telecommunication,2021-11-30,194.03,194.03,186.93,188.3,425106.33,2021,11,30
Telecommunication,2021-10-03,214.8,216.7,212.87,214.0,786695.33,2021,10,03
Telecommunication,2021-10-04,214.73,216.57,212.37,213.5,1264288.0,2021,10,04
Telecommunication,2021-10-05,213.63,215.2,211.8,213.0,1284077.0,2021,10,05
Telecommunication,2021-10-06,215.8,216.6,211.0,212.03,965387.67,2021,10,06
Telecommunication,2021-10-07,213.3,218.63,210.53,214.6,3794345.33,2021,10,07
Telecommunication,2021-10-10,214.37,216.3,211.57,212.97,2137820.67,2021,10,10
Telecommunication,2021-10-11,212.47,214.4,211.07,212.1,1741958.67,2021,10,11
Telecommunication,2021-10-12,211.8,212.73,209.57,210.03,1141351.0,2021,10,12
Telecommunication,2021-10-13,211.0,211.77,207.3,207.6,825228.67,2021,10,13
Telecommunication,2021-10-14,208.3,209.97,207.0,208.47,624659.67,2021,10,14
Telecommunication,2021-10-17,208.87,210.37,203.3,205.53,777051.33,2021,10,17
Telecommunication,2021-10-18,206.97,207.6,200.2,202.47,874242.0,2021,10,18
Telecommunication,2021-10-19,201.3,206.3,200.63,201.9,542111.33,2021,10,19
Telecommunication,2021-10-21,203.77,207.07,200.63,205.9,547109.0,2021,10,21
Telecommunication,2021-10-24,206.2,206.97,201.03,203.23,630983.0,2021,10,24
Telecommunication,2021-10-25,203.43,203.77,199.4,201.5,877792.67,2021,10,25
Telecommunication,2021-10-26,202.0,203.63,198.1,200.73,655367.33,2021,10,26
Telecommunication,2021-10-27,203.5,203.53,198.63,200.63,490341.67,2021,10,27
Telecommunication,2021-10-28,200.07,203.27,199.77,201.0,475009.67,2021,10,28
Telecommunication,2021-10-31,203.1,204.23,201.13,202.27,613383.33,2021,10,31
Telecommunication,2021-09-01,195.5,196.37,193.87,194.47,956867.67,2021,09,01
Telecommunication,2021-09-02,194.73,198.23,194.5,196.83,1274403.33,2021,09,02
Telecommunication,2021-09-05,197.7,205.13,197.4,204.4,1872878.67,2021,09,05
Telecommunication,2021-09-06,205.43,208.6,202.27,206.7,1391088.33,2021,09,06
Telecommunication,2021-09-07,206.97,216.57,205.57,215.53,2881563.0,2021,09,07
Telecommunication,2021-09-08,216.2,220.63,213.1,216.33,1473979.67,2021,09,08
Telecommunication,2021-09-09,216.3,222.63,213.0,219.9,1509561.0,2021,09,09
Telecommunication,2021-09-12,219.53,224.53,214.5,216.07,1591629.33,2021,09,12
Telecommunication,2021-09-13,217.7,218.3,212.93,215.13,1065499.0,2021,09,13
Telecommunication,2021-09-14,216.03,216.83,210.33,210.87,1189316.0,2021,09,14
Telecommunication,2021-09-15,211.8,213.73,207.97,212.97,1136458.67,2021,09,15
Telecommunication,2021-09-16,213.67,215.8,210.83,213.7,986957.67,2021,09,16
Telecommunication,2021-09-19,213.87,214.23,211.07,211.73,949208.67,2021,09,19
Telecommunication,2021-09-20,211.13,213.1,209.47,210.97,682001.67,2021,09,20
Telecommunication,2021-09-21,210.83,217.17,209.8,214.7,1126255.0,2021,09,21
Telecommunication,2021-09-22,214.83,216.57,212.73,213.73,711384.33,2021,09,22
Telecommunication,2021-09-23,214.17,214.43,210.57,212.07,820540.33,2021,09,23
Telecommunication,2021-09-26,212.67,213.3,210.23,211.6,690763.67,2021,09,26
Telecommunication,2021-09-27,211.03,215.2,210.93,213.77,687372.67,2021,09,27
Telecommunication,2021-09-28,214.57,218.47,213.07,216.9,1139279.0,2021,09,28
Telecommunication,2021-09-29,217.4,218.6,213.8,215.03,816146.33,2021,09,29
Telecommunication,2021-09-30,214.77,216.73,212.67,213.3,1268945.0,2021,09,30
